school_id,state,timestamp,population
21,ABIA,04-01-2024,9
21,ADAMAWA,04-01-2024,0
21,AKWA IBOM,04-01-2024,4
21,BAUCHI,04-01-2024,0
21,BAYELSA,04-01-2024,1
21,BENUE,04-01-2024,4
21,BORNO,04-01-2024,0
21,CROSS RIVER,04-01-2024,2
21,DELTA,04-01-2024,3
21,EBONYI,04-01-2024,54
21,EDO,04-01-2024,0
21,EKITI,04-01-2024,1
21,ENUGU,04-01-2024,76
21,GOMBE,04-01-2024,0
21,IMO,04-01-2024,22
21,JIGAWA,04-01-2024,0
21,KADUNA,04-01-2024,0
21,KANO,04-01-2024,0
21,KATSINA,04-01-2024,0
21,KEBBI,04-01-2024,0
21,KOGI,04-01-2024,0
21,KWARA,04-01-2024,0
21,LAGOS,04-01-2024,0
21,NASARAWA,04-01-2024,1
21,NIGER,04-01-2024,0
21,OGUN,04-01-2024,0
21,ONDO,04-01-2024,1
21,OSUN,04-01-2024,0
21,OYO,04-01-2024,0
21,PLATEAU,04-01-2024,1
21,RIVERS,04-01-2024,0
21,SOKOTO,04-01-2024,0
21,TARABA,04-01-2024,0
21,YOBE,04-01-2024,0
21,ZAMFARA,04-01-2024,0
21,FCT,04-01-2024,0
21,FOREIGN,04-01-2024,0
14,ABIA,04-01-2024,24
14,ADAMAWA,04-01-2024,0
14,AKWA IBOM,04-01-2024,3
14,BAUCHI,04-01-2024,0
14,BAYELSA,04-01-2024,0
14,BENUE,04-01-2024,1
14,BORNO,04-01-2024,0
14,CROSS RIVER,04-01-2024,4
14,DELTA,04-01-2024,0
14,EBONYI,04-01-2024,94
14,EDO,04-01-2024,1
14,EKITI,04-01-2024,0
14,ENUGU,04-01-2024,85
14,GOMBE,04-01-2024,0
14,IMO,04-01-2024,20
14,JIGAWA,04-01-2024,0
14,KADUNA,04-01-2024,2
14,KANO,04-01-2024,0
14,KATSINA,04-01-2024,0
14,KEBBI,04-01-2024,0
14,KOGI,04-01-2024,0
14,KWARA,04-01-2024,0
14,LAGOS,04-01-2024,0
14,NASARAWA,04-01-2024,0
14,NIGER,04-01-2024,0
14,OGUN,04-01-2024,0
14,ONDO,04-01-2024,2
14,OSUN,04-01-2024,0
14,OYO,04-01-2024,0
14,PLATEAU,04-01-2024,0
14,RIVERS,04-01-2024,1
14,SOKOTO,04-01-2024,0
14,TARABA,04-01-2024,0
14,YOBE,04-01-2024,0
14,ZAMFARA,04-01-2024,0
14,FCT,04-01-2024,0
14,FOREIGN,04-01-2024,0
12,ABIA,04-01-2024,19
12,ADAMAWA,04-01-2024,3
12,AKWA IBOM,04-01-2024,3
12,BAUCHI,04-01-2024,0
12,BAYELSA,04-01-2024,0
12,BENUE,04-01-2024,12
12,BORNO,04-01-2024,0
12,CROSS RIVER,04-01-2024,3
12,DELTA,04-01-2024,1
12,EBONYI,04-01-2024,194
12,EDO,04-01-2024,0
12,EKITI,04-01-2024,0
12,ENUGU,04-01-2024,106
12,GOMBE,04-01-2024,0
12,IMO,04-01-2024,44
12,JIGAWA,04-01-2024,0
12,KADUNA,04-01-2024,0
12,KANO,04-01-2024,0
12,KATSINA,04-01-2024,0
12,KEBBI,04-01-2024,0
12,KOGI,04-01-2024,1
12,KWARA,04-01-2024,1
12,LAGOS,04-01-2024,0
12,NASARAWA,04-01-2024,0
12,NIGER,04-01-2024,0
12,OGUN,04-01-2024,1
12,ONDO,04-01-2024,0
12,OSUN,04-01-2024,2
12,OYO,04-01-2024,0
12,PLATEAU,04-01-2024,0
12,RIVERS,04-01-2024,1
12,SOKOTO,04-01-2024,0
12,TARABA,04-01-2024,0
12,YOBE,04-01-2024,0
12,ZAMFARA,04-01-2024,0
12,FCT,04-01-2024,0
12,FOREIGN,04-01-2024,0
1,ABIA,04-01-2024,3
1,ADAMAWA,04-01-2024,0
1,AKWA IBOM,04-01-2024,2
1,BAUCHI,04-01-2024,0
1,BAYELSA,04-01-2024,0
1,BENUE,04-01-2024,0
1,BORNO,04-01-2024,0
1,CROSS RIVER,04-01-2024,2
1,DELTA,04-01-2024,3
1,EBONYI,04-01-2024,12
1,EDO,04-01-2024,0
1,EKITI,04-01-2024,0
1,ENUGU,04-01-2024,12
1,GOMBE,04-01-2024,0
1,IMO,04-01-2024,2
1,JIGAWA,04-01-2024,0
1,KADUNA,04-01-2024,0
1,KANO,04-01-2024,0
1,KATSINA,04-01-2024,0
1,KEBBI,04-01-2024,0
1,KOGI,04-01-2024,1
1,KWARA,04-01-2024,0
1,LAGOS,04-01-2024,0
1,NASARAWA,04-01-2024,0
1,NIGER,04-01-2024,0
1,OGUN,04-01-2024,0
1,ONDO,04-01-2024,0
1,OSUN,04-01-2024,0
1,OYO,04-01-2024,1
1,PLATEAU,04-01-2024,0
1,RIVERS,04-01-2024,0
1,SOKOTO,04-01-2024,0
1,TARABA,04-01-2024,0
1,YOBE,04-01-2024,0
1,ZAMFARA,04-01-2024,0
1,FCT,04-01-2024,0
1,FOREIGN,04-01-2024,0
15,ABIA,04-01-2024,8
15,ADAMAWA,04-01-2024,0
15,AKWA IBOM,04-01-2024,6
15,BAUCHI,04-01-2024,0
15,BAYELSA,04-01-2024,0
15,BENUE,04-01-2024,0
15,BORNO,04-01-2024,0
15,CROSS RIVER,04-01-2024,1
15,DELTA,04-01-2024,0
15,EBONYI,04-01-2024,30
15,EDO,04-01-2024,0
15,EKITI,04-01-2024,0
15,ENUGU,04-01-2024,28
15,GOMBE,04-01-2024,0
15,IMO,04-01-2024,48
15,JIGAWA,04-01-2024,0
15,KADUNA,04-01-2024,0
15,KANO,04-01-2024,0
15,KATSINA,04-01-2024,0
15,KEBBI,04-01-2024,0
15,KOGI,04-01-2024,0
15,KWARA,04-01-2024,0
15,LAGOS,04-01-2024,0
15,NASARAWA,04-01-2024,1
15,NIGER,04-01-2024,0
15,OGUN,04-01-2024,1
15,ONDO,04-01-2024,0
15,OSUN,04-01-2024,1
15,OYO,04-01-2024,0
15,PLATEAU,04-01-2024,0
15,RIVERS,04-01-2024,0
15,SOKOTO,04-01-2024,0
15,TARABA,04-01-2024,0
15,YOBE,04-01-2024,0
15,ZAMFARA,04-01-2024,0
15,FCT,04-01-2024,0
15,FOREIGN,04-01-2024,0
19,ABIA,04-01-2024,8
19,ADAMAWA,04-01-2024,0
19,AKWA IBOM,04-01-2024,0
19,BAUCHI,04-01-2024,0
19,BAYELSA,04-01-2024,0
19,BENUE,04-01-2024,0
19,BORNO,04-01-2024,0
19,CROSS RIVER,04-01-2024,0
19,DELTA,04-01-2024,0
19,EBONYI,04-01-2024,27
19,EDO,04-01-2024,2
19,EKITI,04-01-2024,0
19,ENUGU,04-01-2024,17
19,GOMBE,04-01-2024,0
19,IMO,04-01-2024,20
19,JIGAWA,04-01-2024,0
19,KADUNA,04-01-2024,0
19,KANO,04-01-2024,0
19,KATSINA,04-01-2024,0
19,KEBBI,04-01-2024,0
19,KOGI,04-01-2024,0
19,KWARA,04-01-2024,0
19,LAGOS,04-01-2024,0
19,NASARAWA,04-01-2024,0
19,NIGER,04-01-2024,0
19,OGUN,04-01-2024,1
19,ONDO,04-01-2024,0
19,OSUN,04-01-2024,0
19,OYO,04-01-2024,1
19,PLATEAU,04-01-2024,0
19,RIVERS,04-01-2024,0
19,SOKOTO,04-01-2024,0
19,TARABA,04-01-2024,0
19,YOBE,04-01-2024,0
19,ZAMFARA,04-01-2024,0
19,FCT,04-01-2024,0
19,FOREIGN,04-01-2024,1
11,ABIA,04-01-2024,10
11,ADAMAWA,04-01-2024,1
11,AKWA IBOM,04-01-2024,8
11,BAUCHI,04-01-2024,0
11,BAYELSA,04-01-2024,0
11,BENUE,04-01-2024,1
11,BORNO,04-01-2024,0
11,CROSS RIVER,04-01-2024,2
11,DELTA,04-01-2024,0
11,EBONYI,04-01-2024,11
11,EDO,04-01-2024,0
11,EKITI,04-01-2024,0
11,ENUGU,04-01-2024,13
11,GOMBE,04-01-2024,0
11,IMO,04-01-2024,9
11,JIGAWA,04-01-2024,0
11,KADUNA,04-01-2024,0
11,KANO,04-01-2024,0
11,KATSINA,04-01-2024,0
11,KEBBI,04-01-2024,0
11,KOGI,04-01-2024,0
11,KWARA,04-01-2024,0
11,LAGOS,04-01-2024,0
11,NASARAWA,04-01-2024,0
11,NIGER,04-01-2024,0
11,OGUN,04-01-2024,0
11,ONDO,04-01-2024,0
11,OSUN,04-01-2024,0
11,OYO,04-01-2024,0
11,PLATEAU,04-01-2024,0
11,RIVERS,04-01-2024,0
11,SOKOTO,04-01-2024,0
11,TARABA,04-01-2024,0
11,YOBE,04-01-2024,0
11,ZAMFARA,04-01-2024,0
11,FCT,04-01-2024,0
11,FOREIGN,04-01-2024,0
17,ABIA,04-01-2024,3
17,ADAMAWA,04-01-2024,0
17,AKWA IBOM,04-01-2024,2
17,BAUCHI,04-01-2024,0
17,BAYELSA,04-01-2024,0
17,BENUE,04-01-2024,0
17,BORNO,04-01-2024,0
17,CROSS RIVER,04-01-2024,0
17,DELTA,04-01-2024,0
17,EBONYI,04-01-2024,13
17,EDO,04-01-2024,0
17,EKITI,04-01-2024,0
17,ENUGU,04-01-2024,14
17,GOMBE,04-01-2024,0
17,IMO,04-01-2024,8
17,JIGAWA,04-01-2024,0
17,KADUNA,04-01-2024,0
17,KANO,04-01-2024,0
17,KATSINA,04-01-2024,0
17,KEBBI,04-01-2024,0
17,KOGI,04-01-2024,1
17,KWARA,04-01-2024,0
17,LAGOS,04-01-2024,0
17,NASARAWA,04-01-2024,0
17,NIGER,04-01-2024,0
17,OGUN,04-01-2024,0
17,ONDO,04-01-2024,0
17,OSUN,04-01-2024,1
17,OYO,04-01-2024,0
17,PLATEAU,04-01-2024,0
17,RIVERS,04-01-2024,0
17,SOKOTO,04-01-2024,0
17,TARABA,04-01-2024,0
17,YOBE,04-01-2024,0
17,ZAMFARA,04-01-2024,0
17,FCT,04-01-2024,0
17,FOREIGN,04-01-2024,0
8,ABIA,04-01-2024,3
8,ADAMAWA,04-01-2024,0
8,AKWA IBOM,04-01-2024,0
8,BAUCHI,04-01-2024,0
8,BAYELSA,04-01-2024,0
8,BENUE,04-01-2024,0
8,BORNO,04-01-2024,0
8,CROSS RIVER,04-01-2024,0
8,DELTA,04-01-2024,1
8,EBONYI,04-01-2024,11
8,EDO,04-01-2024,0
8,EKITI,04-01-2024,0
8,ENUGU,04-01-2024,7
8,GOMBE,04-01-2024,0
8,IMO,04-01-2024,12
8,JIGAWA,04-01-2024,0
8,KADUNA,04-01-2024,0
8,KANO,04-01-2024,0
8,KATSINA,04-01-2024,0
8,KEBBI,04-01-2024,0
8,KOGI,04-01-2024,0
8,KWARA,04-01-2024,0
8,LAGOS,04-01-2024,0
8,NASARAWA,04-01-2024,0
8,NIGER,04-01-2024,0
8,OGUN,04-01-2024,1
8,ONDO,04-01-2024,0
8,OSUN,04-01-2024,0
8,OYO,04-01-2024,0
8,PLATEAU,04-01-2024,0
8,RIVERS,04-01-2024,0
8,SOKOTO,04-01-2024,0
8,TARABA,04-01-2024,0
8,YOBE,04-01-2024,0
8,ZAMFARA,04-01-2024,0
8,FCT,04-01-2024,0
8,FOREIGN,04-01-2024,2
20,ABIA,04-01-2024,2
20,ADAMAWA,04-01-2024,0
20,AKWA IBOM,04-01-2024,0
20,BAUCHI,04-01-2024,0
20,BAYELSA,04-01-2024,0
20,BENUE,04-01-2024,0
20,BORNO,04-01-2024,0
20,CROSS RIVER,04-01-2024,1
20,DELTA,04-01-2024,0
20,EBONYI,04-01-2024,4
20,EDO,04-01-2024,0
20,EKITI,04-01-2024,0
20,ENUGU,04-01-2024,3
20,GOMBE,04-01-2024,0
20,IMO,04-01-2024,8
20,JIGAWA,04-01-2024,0
20,KADUNA,04-01-2024,0
20,KANO,04-01-2024,0
20,KATSINA,04-01-2024,0
20,KEBBI,04-01-2024,0
20,KOGI,04-01-2024,0
20,KWARA,04-01-2024,0
20,LAGOS,04-01-2024,0
20,NASARAWA,04-01-2024,0
20,NIGER,04-01-2024,0
20,OGUN,04-01-2024,0
20,ONDO,04-01-2024,0
20,OSUN,04-01-2024,0
20,OYO,04-01-2024,0
20,PLATEAU,04-01-2024,1
20,RIVERS,04-01-2024,1
20,SOKOTO,04-01-2024,0
20,TARABA,04-01-2024,0
20,YOBE,04-01-2024,0
20,ZAMFARA,04-01-2024,0
20,FCT,04-01-2024,0
20,FOREIGN,04-01-2024,0
16,ABIA,04-01-2024,31
16,ADAMAWA,04-01-2024,0
16,AKWA IBOM,04-01-2024,0
16,BAUCHI,04-01-2024,0
16,BAYELSA,04-01-2024,0
16,BENUE,04-01-2024,0
16,BORNO,04-01-2024,0
16,CROSS RIVER,04-01-2024,0
16,DELTA,04-01-2024,0
16,EBONYI,04-01-2024,20
16,EDO,04-01-2024,0
16,EKITI,04-01-2024,0
16,ENUGU,04-01-2024,27
16,GOMBE,04-01-2024,0
16,IMO,04-01-2024,40
16,JIGAWA,04-01-2024,0
16,KADUNA,04-01-2024,0
16,KANO,04-01-2024,0
16,KATSINA,04-01-2024,0
16,KEBBI,04-01-2024,0
16,KOGI,04-01-2024,6
16,KWARA,04-01-2024,0
16,LAGOS,04-01-2024,0
16,NASARAWA,04-01-2024,0
16,NIGER,04-01-2024,0
16,OGUN,04-01-2024,0
16,ONDO,04-01-2024,2
16,OSUN,04-01-2024,0
16,OYO,04-01-2024,0
16,PLATEAU,04-01-2024,0
16,RIVERS,04-01-2024,0
16,SOKOTO,04-01-2024,0
16,TARABA,04-01-2024,0
16,YOBE,04-01-2024,0
16,ZAMFARA,04-01-2024,0
16,FCT,04-01-2024,0
16,FOREIGN,04-01-2024,0
18,ABIA,04-01-2024,4
18,ADAMAWA,04-01-2024,0
18,AKWA IBOM,04-01-2024,0
18,BAUCHI,04-01-2024,0
18,BAYELSA,04-01-2024,0
18,BENUE,04-01-2024,1
18,BORNO,04-01-2024,0
18,CROSS RIVER,04-01-2024,1
18,DELTA,04-01-2024,0
18,EBONYI,04-01-2024,15
18,EDO,04-01-2024,0
18,EKITI,04-01-2024,1
18,ENUGU,04-01-2024,32
18,GOMBE,04-01-2024,0
18,IMO,04-01-2024,25
18,JIGAWA,04-01-2024,0
18,KADUNA,04-01-2024,0
18,KANO,04-01-2024,0
18,KATSINA,04-01-2024,0
18,KEBBI,04-01-2024,0
18,KOGI,04-01-2024,0
18,KWARA,04-01-2024,0
18,LAGOS,04-01-2024,0
18,NASARAWA,04-01-2024,0
18,NIGER,04-01-2024,0
18,OGUN,04-01-2024,0
18,ONDO,04-01-2024,0
18,OSUN,04-01-2024,0
18,OYO,04-01-2024,0
18,PLATEAU,04-01-2024,1
18,RIVERS,04-01-2024,0
18,SOKOTO,04-01-2024,0
18,TARABA,04-01-2024,0
18,YOBE,04-01-2024,0
18,ZAMFARA,04-01-2024,0
18,FCT,04-01-2024,0
18,FOREIGN,04-01-2024,0
9,ABIA,04-01-2024,2
9,ADAMAWA,04-01-2024,0
9,AKWA IBOM,04-01-2024,3
9,BAUCHI,04-01-2024,0
9,BAYELSA,04-01-2024,0
9,BENUE,04-01-2024,0
9,BORNO,04-01-2024,0
9,CROSS RIVER,04-01-2024,1
9,DELTA,04-01-2024,0
9,EBONYI,04-01-2024,9
9,EDO,04-01-2024,0
9,EKITI,04-01-2024,0
9,ENUGU,04-01-2024,10
9,GOMBE,04-01-2024,0
9,IMO,04-01-2024,6
9,JIGAWA,04-01-2024,0
9,KADUNA,04-01-2024,0
9,KANO,04-01-2024,0
9,KATSINA,04-01-2024,0
9,KEBBI,04-01-2024,0
9,KOGI,04-01-2024,0
9,KWARA,04-01-2024,0
9,LAGOS,04-01-2024,0
9,NASARAWA,04-01-2024,0
9,NIGER,04-01-2024,0
9,OGUN,04-01-2024,0
9,ONDO,04-01-2024,0
9,OSUN,04-01-2024,0
9,OYO,04-01-2024,0
9,PLATEAU,04-01-2024,0
9,RIVERS,04-01-2024,0
9,SOKOTO,04-01-2024,0
9,TARABA,04-01-2024,0
9,YOBE,04-01-2024,0
9,ZAMFARA,04-01-2024,0
9,FCT,04-01-2024,0
9,FOREIGN,04-01-2024,0
10,ABIA,04-01-2024,0
10,ADAMAWA,04-01-2024,0
10,AKWA IBOM,04-01-2024,0
10,BAUCHI,04-01-2024,0
10,BAYELSA,04-01-2024,0
10,BENUE,04-01-2024,0
10,BORNO,04-01-2024,0
10,CROSS RIVER,04-01-2024,0
10,DELTA,04-01-2024,1
10,EBONYI,04-01-2024,5
10,EDO,04-01-2024,0
10,EKITI,04-01-2024,0
10,ENUGU,04-01-2024,11
10,GOMBE,04-01-2024,0
10,IMO,04-01-2024,9
10,JIGAWA,04-01-2024,0
10,KADUNA,04-01-2024,0
10,KANO,04-01-2024,0
10,KATSINA,04-01-2024,0
10,KEBBI,04-01-2024,0
10,KOGI,04-01-2024,0
10,KWARA,04-01-2024,0
10,LAGOS,04-01-2024,0
10,NASARAWA,04-01-2024,0
10,NIGER,04-01-2024,0
10,OGUN,04-01-2024,0
10,ONDO,04-01-2024,0
10,OSUN,04-01-2024,0
10,OYO,04-01-2024,0
10,PLATEAU,04-01-2024,0
10,RIVERS,04-01-2024,0
10,SOKOTO,04-01-2024,0
10,TARABA,04-01-2024,0
10,YOBE,04-01-2024,0
10,ZAMFARA,04-01-2024,0
10,FCT,04-01-2024,0
10,FOREIGN,04-01-2024,0
7,ABIA,04-01-2024,5
7,ADAMAWA,04-01-2024,0
7,AKWA IBOM,04-01-2024,1
7,BAUCHI,04-01-2024,0
7,BAYELSA,04-01-2024,0
7,BENUE,04-01-2024,0
7,BORNO,04-01-2024,0
7,CROSS RIVER,04-01-2024,0
7,DELTA,04-01-2024,0
7,EBONYI,04-01-2024,20
7,EDO,04-01-2024,0
7,EKITI,04-01-2024,0
7,ENUGU,04-01-2024,15
7,GOMBE,04-01-2024,0
7,IMO,04-01-2024,7
7,JIGAWA,04-01-2024,0
7,KADUNA,04-01-2024,0
7,KANO,04-01-2024,0
7,KATSINA,04-01-2024,0
7,KEBBI,04-01-2024,0
7,KOGI,04-01-2024,0
7,KWARA,04-01-2024,0
7,LAGOS,04-01-2024,0
7,NASARAWA,04-01-2024,0
7,NIGER,04-01-2024,0
7,OGUN,04-01-2024,0
7,ONDO,04-01-2024,0
7,OSUN,04-01-2024,0
7,OYO,04-01-2024,0
7,PLATEAU,04-01-2024,1
7,RIVERS,04-01-2024,0
7,SOKOTO,04-01-2024,0
7,TARABA,04-01-2024,0
7,YOBE,04-01-2024,0
7,ZAMFARA,04-01-2024,0
7,FCT,04-01-2024,0
7,FOREIGN,04-01-2024,0
5,ABIA,04-01-2024,4
5,ADAMAWA,04-01-2024,0
5,AKWA IBOM,04-01-2024,1
5,BAUCHI,04-01-2024,0
5,BAYELSA,04-01-2024,0
5,BENUE,04-01-2024,0
5,BORNO,04-01-2024,0
5,CROSS RIVER,04-01-2024,0
5,DELTA,04-01-2024,0
5,EBONYI,04-01-2024,25
5,EDO,04-01-2024,0
5,EKITI,04-01-2024,0
5,ENUGU,04-01-2024,12
5,GOMBE,04-01-2024,0
5,IMO,04-01-2024,6
5,JIGAWA,04-01-2024,0
5,KADUNA,04-01-2024,1
5,KANO,04-01-2024,0
5,KATSINA,04-01-2024,0
5,KEBBI,04-01-2024,0
5,KOGI,04-01-2024,0
5,KWARA,04-01-2024,0
5,LAGOS,04-01-2024,0
5,NASARAWA,04-01-2024,0
5,NIGER,04-01-2024,0
5,OGUN,04-01-2024,0
5,ONDO,04-01-2024,0
5,OSUN,04-01-2024,0
5,OYO,04-01-2024,0
5,PLATEAU,04-01-2024,0
5,RIVERS,04-01-2024,0
5,SOKOTO,04-01-2024,0
5,TARABA,04-01-2024,0
5,YOBE,04-01-2024,0
5,ZAMFARA,04-01-2024,0
5,FCT,04-01-2024,0
5,FOREIGN,04-01-2024,0
6,ABIA,04-01-2024,0
6,ADAMAWA,04-01-2024,0
6,AKWA IBOM,04-01-2024,0
6,BAUCHI,04-01-2024,0
6,BAYELSA,04-01-2024,0
6,BENUE,04-01-2024,1
6,BORNO,04-01-2024,0
6,CROSS RIVER,04-01-2024,0
6,DELTA,04-01-2024,0
6,EBONYI,04-01-2024,3
6,EDO,04-01-2024,0
6,EKITI,04-01-2024,0
6,ENUGU,04-01-2024,9
6,GOMBE,04-01-2024,0
6,IMO,04-01-2024,2
6,JIGAWA,04-01-2024,0
6,KADUNA,04-01-2024,0
6,KANO,04-01-2024,0
6,KATSINA,04-01-2024,0
6,KEBBI,04-01-2024,0
6,KOGI,04-01-2024,0
6,KWARA,04-01-2024,0
6,LAGOS,04-01-2024,0
6,NASARAWA,04-01-2024,0
6,NIGER,04-01-2024,0
6,OGUN,04-01-2024,0
6,ONDO,04-01-2024,0
6,OSUN,04-01-2024,0
6,OYO,04-01-2024,0
6,PLATEAU,04-01-2024,1
6,RIVERS,04-01-2024,0
6,SOKOTO,04-01-2024,0
6,TARABA,04-01-2024,0
6,YOBE,04-01-2024,0
6,ZAMFARA,04-01-2024,0
6,FCT,04-01-2024,0
6,FOREIGN,04-01-2024,0
2,ABIA,04-01-2024,0
2,ADAMAWA,04-01-2024,1
2,AKWA IBOM,04-01-2024,6
2,BAUCHI,04-01-2024,0
2,BAYELSA,04-01-2024,0
2,BENUE,04-01-2024,3
2,BORNO,04-01-2024,0
2,CROSS RIVER,04-01-2024,0
2,DELTA,04-01-2024,0
2,EBONYI,04-01-2024,21
2,EDO,04-01-2024,0
2,EKITI,04-01-2024,0
2,ENUGU,04-01-2024,2
2,GOMBE,04-01-2024,0
2,IMO,04-01-2024,30
2,JIGAWA,04-01-2024,0
2,KADUNA,04-01-2024,0
2,KANO,04-01-2024,0
2,KATSINA,04-01-2024,0
2,KEBBI,04-01-2024,0
2,KOGI,04-01-2024,0
2,KWARA,04-01-2024,0
2,LAGOS,04-01-2024,0
2,NASARAWA,04-01-2024,0
2,NIGER,04-01-2024,0
2,OGUN,04-01-2024,0
2,ONDO,04-01-2024,0
2,OSUN,04-01-2024,0
2,OYO,04-01-2024,0
2,PLATEAU,04-01-2024,0
2,RIVERS,04-01-2024,0
2,SOKOTO,04-01-2024,0
2,TARABA,04-01-2024,0
2,YOBE,04-01-2024,0
2,ZAMFARA,04-01-2024,0
2,FCT,04-01-2024,0
2,FOREIGN,04-01-2024,0
4,ABIA,04-01-2024,6
4,ADAMAWA,04-01-2024,0
4,AKWA IBOM,04-01-2024,0
4,BAUCHI,04-01-2024,0
4,BAYELSA,04-01-2024,0
4,BENUE,04-01-2024,1
4,BORNO,04-01-2024,0
4,CROSS RIVER,04-01-2024,0
4,DELTA,04-01-2024,3
4,EBONYI,04-01-2024,33
4,EDO,04-01-2024,0
4,EKITI,04-01-2024,0
4,ENUGU,04-01-2024,33
4,GOMBE,04-01-2024,0
4,IMO,04-01-2024,14
4,JIGAWA,04-01-2024,0
4,KADUNA,04-01-2024,0
4,KANO,04-01-2024,0
4,KATSINA,04-01-2024,0
4,KEBBI,04-01-2024,0
4,KOGI,04-01-2024,1
4,KWARA,04-01-2024,0
4,LAGOS,04-01-2024,0
4,NASARAWA,04-01-2024,0
4,NIGER,04-01-2024,0
4,OGUN,04-01-2024,0
4,ONDO,04-01-2024,0
4,OSUN,04-01-2024,0
4,OYO,04-01-2024,0
4,PLATEAU,04-01-2024,2
4,RIVERS,04-01-2024,0
4,SOKOTO,04-01-2024,0
4,TARABA,04-01-2024,0
4,YOBE,04-01-2024,0
4,ZAMFARA,04-01-2024,0
4,FCT,04-01-2024,0
4,FOREIGN,04-01-2024,0
3,ABIA,04-01-2024,0
3,ADAMAWA,04-01-2024,0
3,AKWA IBOM,04-01-2024,0
3,BAUCHI,04-01-2024,0
3,BAYELSA,04-01-2024,0
3,BENUE,04-01-2024,0
3,BORNO,04-01-2024,0
3,CROSS RIVER,04-01-2024,1
3,DELTA,04-01-2024,0
3,EBONYI,04-01-2024,3
3,EDO,04-01-2024,0
3,EKITI,04-01-2024,0
3,ENUGU,04-01-2024,4
3,GOMBE,04-01-2024,0
3,IMO,04-01-2024,2
3,JIGAWA,04-01-2024,0
3,KADUNA,04-01-2024,0
3,KANO,04-01-2024,0
3,KATSINA,04-01-2024,0
3,KEBBI,04-01-2024,0
3,KOGI,04-01-2024,0
3,KWARA,04-01-2024,0
3,LAGOS,04-01-2024,0
3,NASARAWA,04-01-2024,0
3,NIGER,04-01-2024,0
3,OGUN,04-01-2024,0
3,ONDO,04-01-2024,0
3,OSUN,04-01-2024,0
3,OYO,04-01-2024,0
3,PLATEAU,04-01-2024,0
3,RIVERS,04-01-2024,0
3,SOKOTO,04-01-2024,0
3,TARABA,04-01-2024,0
3,YOBE,04-01-2024,0
3,ZAMFARA,04-01-2024,0
3,FCT,04-01-2024,0
3,FOREIGN,04-01-2024,0
13,ABIA,04-01-2024,0
13,ADAMAWA,04-01-2024,0
13,AKWA IBOM,04-01-2024,0
13,BAUCHI,04-01-2024,0
13,BAYELSA,04-01-2024,0
13,BENUE,04-01-2024,1
13,BORNO,04-01-2024,0
13,CROSS RIVER,04-01-2024,0
13,DELTA,04-01-2024,0
13,EBONYI,04-01-2024,13
13,EDO,04-01-2024,0
13,EKITI,04-01-2024,0
13,ENUGU,04-01-2024,3
13,GOMBE,04-01-2024,0
13,IMO,04-01-2024,5
13,JIGAWA,04-01-2024,0
13,KADUNA,04-01-2024,0
13,KANO,04-01-2024,0
13,KATSINA,04-01-2024,0
13,KEBBI,04-01-2024,0
13,KOGI,04-01-2024,0
13,KWARA,04-01-2024,0
13,LAGOS,04-01-2024,0
13,NASARAWA,04-01-2024,0
13,NIGER,04-01-2024,0
13,OGUN,04-01-2024,0
13,ONDO,04-01-2024,0
13,OSUN,04-01-2024,0
13,OYO,04-01-2024,0
13,PLATEAU,04-01-2024,0
13,RIVERS,04-01-2024,0
13,SOKOTO,04-01-2024,0
13,TARABA,04-01-2024,0
13,YOBE,04-01-2024,0
13,ZAMFARA,04-01-2024,0
13,FCT,04-01-2024,0
13,FOREIGN,04-01-2024,0
920,ABIA,04-01-2024,5
920,ADAMAWA,04-01-2024,0
920,AKWA IBOM,04-01-2024,3
920,BAUCHI,04-01-2024,0
920,BAYELSA,04-01-2024,0
920,BENUE,04-01-2024,5
920,BORNO,04-01-2024,0
920,CROSS RIVER,04-01-2024,4
920,DELTA,04-01-2024,0
920,EBONYI,04-01-2024,29
920,EDO,04-01-2024,0
920,EKITI,04-01-2024,0
920,ENUGU,04-01-2024,37
920,GOMBE,04-01-2024,0
920,IMO,04-01-2024,8
920,JIGAWA,04-01-2024,0
920,KADUNA,04-01-2024,0
920,KANO,04-01-2024,0
920,KATSINA,04-01-2024,0
920,KEBBI,04-01-2024,0
920,KOGI,04-01-2024,0
920,KWARA,04-01-2024,0
920,LAGOS,04-01-2024,0
920,NASARAWA,04-01-2024,0
920,NIGER,04-01-2024,0
920,OGUN,04-01-2024,0
920,ONDO,04-01-2024,0
920,OSUN,04-01-2024,0
920,OYO,04-01-2024,0
920,PLATEAU,04-01-2024,0
920,RIVERS,04-01-2024,0
920,SOKOTO,04-01-2024,0
920,TARABA,04-01-2024,0
920,YOBE,04-01-2024,0
920,ZAMFARA,04-01-2024,0
920,FCT,04-01-2024,0
920,FOREIGN,04-01-2024,0
924,ABIA,04-01-2024,11
924,ADAMAWA,04-01-2024,0
924,AKWA IBOM,04-01-2024,3
924,BAUCHI,04-01-2024,0
924,BAYELSA,04-01-2024,0
924,BENUE,04-01-2024,4
924,BORNO,04-01-2024,0
924,CROSS RIVER,04-01-2024,0
924,DELTA,04-01-2024,0
924,EBONYI,04-01-2024,17
924,EDO,04-01-2024,0
924,EKITI,04-01-2024,0
924,ENUGU,04-01-2024,9
924,GOMBE,04-01-2024,0
924,IMO,04-01-2024,5
924,JIGAWA,04-01-2024,0
924,KADUNA,04-01-2024,0
924,KANO,04-01-2024,0
924,KATSINA,04-01-2024,0
924,KEBBI,04-01-2024,0
924,KOGI,04-01-2024,1
924,KWARA,04-01-2024,1
924,LAGOS,04-01-2024,0
924,NASARAWA,04-01-2024,0
924,NIGER,04-01-2024,0
924,OGUN,04-01-2024,0
924,ONDO,04-01-2024,0
924,OSUN,04-01-2024,0
924,OYO,04-01-2024,0
924,PLATEAU,04-01-2024,0
924,RIVERS,04-01-2024,0
924,SOKOTO,04-01-2024,0
924,TARABA,04-01-2024,0
924,YOBE,04-01-2024,0
924,ZAMFARA,04-01-2024,0
924,FCT,04-01-2024,0
924,FOREIGN,04-01-2024,2
926,ABIA,04-01-2024,11
926,ADAMAWA,04-01-2024,0
926,AKWA IBOM,04-01-2024,0
926,BAUCHI,04-01-2024,0
926,BAYELSA,04-01-2024,0
926,BENUE,04-01-2024,0
926,BORNO,04-01-2024,0
926,CROSS RIVER,04-01-2024,0
926,DELTA,04-01-2024,0
926,EBONYI,04-01-2024,82
926,EDO,04-01-2024,0
926,EKITI,04-01-2024,0
926,ENUGU,04-01-2024,85
926,GOMBE,04-01-2024,0
926,IMO,04-01-2024,25
926,JIGAWA,04-01-2024,0
926,KADUNA,04-01-2024,0
926,KANO,04-01-2024,0
926,KATSINA,04-01-2024,0
926,KEBBI,04-01-2024,0
926,KOGI,04-01-2024,0
926,KWARA,04-01-2024,0
926,LAGOS,04-01-2024,0
926,NASARAWA,04-01-2024,0
926,NIGER,04-01-2024,0
926,OGUN,04-01-2024,0
926,ONDO,04-01-2024,0
926,OSUN,04-01-2024,0
926,OYO,04-01-2024,0
926,PLATEAU,04-01-2024,0
926,RIVERS,04-01-2024,1
926,SOKOTO,04-01-2024,0
926,TARABA,04-01-2024,1
926,YOBE,04-01-2024,0
926,ZAMFARA,04-01-2024,0
926,FCT,04-01-2024,0
926,FOREIGN,04-01-2024,1
925,ABIA,04-01-2024,1
925,ADAMAWA,04-01-2024,0
925,AKWA IBOM,04-01-2024,0
925,BAUCHI,04-01-2024,0
925,BAYELSA,04-01-2024,0
925,BENUE,04-01-2024,0
925,BORNO,04-01-2024,0
925,CROSS RIVER,04-01-2024,0
925,DELTA,04-01-2024,0
925,EBONYI,04-01-2024,11
925,EDO,04-01-2024,0
925,EKITI,04-01-2024,0
925,ENUGU,04-01-2024,5
925,GOMBE,04-01-2024,0
925,IMO,04-01-2024,0
925,JIGAWA,04-01-2024,0
925,KADUNA,04-01-2024,0
925,KANO,04-01-2024,0
925,KATSINA,04-01-2024,0
925,KEBBI,04-01-2024,0
925,KOGI,04-01-2024,1
925,KWARA,04-01-2024,0
925,LAGOS,04-01-2024,0
925,NASARAWA,04-01-2024,0
925,NIGER,04-01-2024,0
925,OGUN,04-01-2024,0
925,ONDO,04-01-2024,0
925,OSUN,04-01-2024,0
925,OYO,04-01-2024,0
925,PLATEAU,04-01-2024,0
925,RIVERS,04-01-2024,0
925,SOKOTO,04-01-2024,0
925,TARABA,04-01-2024,0
925,YOBE,04-01-2024,0
925,ZAMFARA,04-01-2024,0
925,FCT,04-01-2024,0
925,FOREIGN,04-01-2024,0
918,ABIA,04-01-2024,8
918,ADAMAWA,04-01-2024,2
918,AKWA IBOM,04-01-2024,2
918,BAUCHI,04-01-2024,0
918,BAYELSA,04-01-2024,0
918,BENUE,04-01-2024,3
918,BORNO,04-01-2024,0
918,CROSS RIVER,04-01-2024,2
918,DELTA,04-01-2024,3
918,EBONYI,04-01-2024,36
918,EDO,04-01-2024,2
918,EKITI,04-01-2024,0
918,ENUGU,04-01-2024,31
918,GOMBE,04-01-2024,0
918,IMO,04-01-2024,6
918,JIGAWA,04-01-2024,0
918,KADUNA,04-01-2024,0
918,KANO,04-01-2024,0
918,KATSINA,04-01-2024,0
918,KEBBI,04-01-2024,0
918,KOGI,04-01-2024,0
918,KWARA,04-01-2024,0
918,LAGOS,04-01-2024,0
918,NASARAWA,04-01-2024,0
918,NIGER,04-01-2024,0
918,OGUN,04-01-2024,0
918,ONDO,04-01-2024,0
918,OSUN,04-01-2024,2
918,OYO,04-01-2024,0
918,PLATEAU,04-01-2024,1
918,RIVERS,04-01-2024,0
918,SOKOTO,04-01-2024,0
918,TARABA,04-01-2024,0
918,YOBE,04-01-2024,0
918,ZAMFARA,04-01-2024,0
918,FCT,04-01-2024,0
918,FOREIGN,04-01-2024,0
927,ABIA,04-01-2024,1
927,ADAMAWA,04-01-2024,0
927,AKWA IBOM,04-01-2024,1
927,BAUCHI,04-01-2024,0
927,BAYELSA,04-01-2024,1
927,BENUE,04-01-2024,1
927,BORNO,04-01-2024,0
927,CROSS RIVER,04-01-2024,0
927,DELTA,04-01-2024,0
927,EBONYI,04-01-2024,21
927,EDO,04-01-2024,0
927,EKITI,04-01-2024,0
927,ENUGU,04-01-2024,6
927,GOMBE,04-01-2024,0
927,IMO,04-01-2024,3
927,JIGAWA,04-01-2024,0
927,KADUNA,04-01-2024,0
927,KANO,04-01-2024,0
927,KATSINA,04-01-2024,0
927,KEBBI,04-01-2024,0
927,KOGI,04-01-2024,0
927,KWARA,04-01-2024,0
927,LAGOS,04-01-2024,0
927,NASARAWA,04-01-2024,0
927,NIGER,04-01-2024,0
927,OGUN,04-01-2024,0
927,ONDO,04-01-2024,0
927,OSUN,04-01-2024,0
927,OYO,04-01-2024,0
927,PLATEAU,04-01-2024,0
927,RIVERS,04-01-2024,1
927,SOKOTO,04-01-2024,0
927,TARABA,04-01-2024,0
927,YOBE,04-01-2024,0
927,ZAMFARA,04-01-2024,0
927,FCT,04-01-2024,0
927,FOREIGN,04-01-2024,0
923,ABIA,04-01-2024,5
923,ADAMAWA,04-01-2024,0
923,AKWA IBOM,04-01-2024,0
923,BAUCHI,04-01-2024,0
923,BAYELSA,04-01-2024,0
923,BENUE,04-01-2024,0
923,BORNO,04-01-2024,0
923,CROSS RIVER,04-01-2024,0
923,DELTA,04-01-2024,0
923,EBONYI,04-01-2024,27
923,EDO,04-01-2024,0
923,EKITI,04-01-2024,0
923,ENUGU,04-01-2024,15
923,GOMBE,04-01-2024,0
923,IMO,04-01-2024,9
923,JIGAWA,04-01-2024,0
923,KADUNA,04-01-2024,1
923,KANO,04-01-2024,0
923,KATSINA,04-01-2024,0
923,KEBBI,04-01-2024,0
923,KOGI,04-01-2024,0
923,KWARA,04-01-2024,0
923,LAGOS,04-01-2024,0
923,NASARAWA,04-01-2024,0
923,NIGER,04-01-2024,0
923,OGUN,04-01-2024,0
923,ONDO,04-01-2024,0
923,OSUN,04-01-2024,0
923,OYO,04-01-2024,0
923,PLATEAU,04-01-2024,0
923,RIVERS,04-01-2024,0
923,SOKOTO,04-01-2024,0
923,TARABA,04-01-2024,0
923,YOBE,04-01-2024,0
923,ZAMFARA,04-01-2024,0
923,FCT,04-01-2024,0
923,FOREIGN,04-01-2024,0
929,ABIA,04-01-2024,1
929,ADAMAWA,04-01-2024,0
929,AKWA IBOM,04-01-2024,0
929,BAUCHI,04-01-2024,0
929,BAYELSA,04-01-2024,0
929,BENUE,04-01-2024,1
929,BORNO,04-01-2024,0
929,CROSS RIVER,04-01-2024,0
929,DELTA,04-01-2024,0
929,EBONYI,04-01-2024,2
929,EDO,04-01-2024,0
929,EKITI,04-01-2024,0
929,ENUGU,04-01-2024,1
929,GOMBE,04-01-2024,0
929,IMO,04-01-2024,0
929,JIGAWA,04-01-2024,0
929,KADUNA,04-01-2024,0
929,KANO,04-01-2024,0
929,KATSINA,04-01-2024,0
929,KEBBI,04-01-2024,0
929,KOGI,04-01-2024,0
929,KWARA,04-01-2024,0
929,LAGOS,04-01-2024,0
929,NASARAWA,04-01-2024,0
929,NIGER,04-01-2024,0
929,OGUN,04-01-2024,0
929,ONDO,04-01-2024,0
929,OSUN,04-01-2024,0
929,OYO,04-01-2024,0
929,PLATEAU,04-01-2024,0
929,RIVERS,04-01-2024,0
929,SOKOTO,04-01-2024,0
929,TARABA,04-01-2024,0
929,YOBE,04-01-2024,0
929,ZAMFARA,04-01-2024,0
929,FCT,04-01-2024,0
929,FOREIGN,04-01-2024,0
921,ABIA,04-01-2024,4
921,ADAMAWA,04-01-2024,0
921,AKWA IBOM,04-01-2024,2
921,BAUCHI,04-01-2024,0
921,BAYELSA,04-01-2024,0
921,BENUE,04-01-2024,4
921,BORNO,04-01-2024,0
921,CROSS RIVER,04-01-2024,0
921,DELTA,04-01-2024,0
921,EBONYI,04-01-2024,19
921,EDO,04-01-2024,0
921,EKITI,04-01-2024,0
921,ENUGU,04-01-2024,7
921,GOMBE,04-01-2024,0
921,IMO,04-01-2024,2
921,JIGAWA,04-01-2024,0
921,KADUNA,04-01-2024,0
921,KANO,04-01-2024,0
921,KATSINA,04-01-2024,0
921,KEBBI,04-01-2024,0
921,KOGI,04-01-2024,0
921,KWARA,04-01-2024,0
921,LAGOS,04-01-2024,0
921,NASARAWA,04-01-2024,0
921,NIGER,04-01-2024,0
921,OGUN,04-01-2024,0
921,ONDO,04-01-2024,0
921,OSUN,04-01-2024,0
921,OYO,04-01-2024,0
921,PLATEAU,04-01-2024,0
921,RIVERS,04-01-2024,0
921,SOKOTO,04-01-2024,0
921,TARABA,04-01-2024,0
921,YOBE,04-01-2024,0
921,ZAMFARA,04-01-2024,0
921,FCT,04-01-2024,0
921,FOREIGN,04-01-2024,0
916,ABIA,04-01-2024,0
916,ADAMAWA,04-01-2024,0
916,AKWA IBOM,04-01-2024,0
916,BAUCHI,04-01-2024,0
916,BAYELSA,04-01-2024,0
916,BENUE,04-01-2024,0
916,BORNO,04-01-2024,0
916,CROSS RIVER,04-01-2024,0
916,DELTA,04-01-2024,0
916,EBONYI,04-01-2024,0
916,EDO,04-01-2024,0
916,EKITI,04-01-2024,0
916,ENUGU,04-01-2024,7
916,GOMBE,04-01-2024,0
916,IMO,04-01-2024,0
916,JIGAWA,04-01-2024,0
916,KADUNA,04-01-2024,0
916,KANO,04-01-2024,0
916,KATSINA,04-01-2024,0
916,KEBBI,04-01-2024,0
916,KOGI,04-01-2024,0
916,KWARA,04-01-2024,0
916,LAGOS,04-01-2024,0
916,NASARAWA,04-01-2024,0
916,NIGER,04-01-2024,0
916,OGUN,04-01-2024,0
916,ONDO,04-01-2024,0
916,OSUN,04-01-2024,0
916,OYO,04-01-2024,0
916,PLATEAU,04-01-2024,0
916,RIVERS,04-01-2024,0
916,SOKOTO,04-01-2024,0
916,TARABA,04-01-2024,0
916,YOBE,04-01-2024,0
916,ZAMFARA,04-01-2024,0
916,FCT,04-01-2024,0
916,FOREIGN,04-01-2024,0
919,ABIA,04-01-2024,0
919,ADAMAWA,04-01-2024,0
919,AKWA IBOM,04-01-2024,0
919,BAUCHI,04-01-2024,0
919,BAYELSA,04-01-2024,0
919,BENUE,04-01-2024,1
919,BORNO,04-01-2024,0
919,CROSS RIVER,04-01-2024,0
919,DELTA,04-01-2024,1
919,EBONYI,04-01-2024,23
919,EDO,04-01-2024,1
919,EKITI,04-01-2024,0
919,ENUGU,04-01-2024,17
919,GOMBE,04-01-2024,0
919,IMO,04-01-2024,7
919,JIGAWA,04-01-2024,0
919,KADUNA,04-01-2024,1
919,KANO,04-01-2024,0
919,KATSINA,04-01-2024,0
919,KEBBI,04-01-2024,0
919,KOGI,04-01-2024,1
919,KWARA,04-01-2024,0
919,LAGOS,04-01-2024,0
919,NASARAWA,04-01-2024,0
919,NIGER,04-01-2024,0
919,OGUN,04-01-2024,1
919,ONDO,04-01-2024,0
919,OSUN,04-01-2024,0
919,OYO,04-01-2024,0
919,PLATEAU,04-01-2024,0
919,RIVERS,04-01-2024,0
919,SOKOTO,04-01-2024,0
919,TARABA,04-01-2024,0
919,YOBE,04-01-2024,0
919,ZAMFARA,04-01-2024,0
919,FCT,04-01-2024,0
919,FOREIGN,04-01-2024,1
928,ABIA,04-01-2024,0
928,ADAMAWA,04-01-2024,0
928,AKWA IBOM,04-01-2024,0
928,BAUCHI,04-01-2024,0
928,BAYELSA,04-01-2024,0
928,BENUE,04-01-2024,0
928,BORNO,04-01-2024,0
928,CROSS RIVER,04-01-2024,0
928,DELTA,04-01-2024,0
928,EBONYI,04-01-2024,38
928,EDO,04-01-2024,0
928,EKITI,04-01-2024,0
928,ENUGU,04-01-2024,10
928,GOMBE,04-01-2024,0
928,IMO,04-01-2024,7
928,JIGAWA,04-01-2024,0
928,KADUNA,04-01-2024,1
928,KANO,04-01-2024,0
928,KATSINA,04-01-2024,0
928,KEBBI,04-01-2024,0
928,KOGI,04-01-2024,0
928,KWARA,04-01-2024,0
928,LAGOS,04-01-2024,0
928,NASARAWA,04-01-2024,0
928,NIGER,04-01-2024,0
928,OGUN,04-01-2024,0
928,ONDO,04-01-2024,0
928,OSUN,04-01-2024,0
928,OYO,04-01-2024,0
928,PLATEAU,04-01-2024,0
928,RIVERS,04-01-2024,0
928,SOKOTO,04-01-2024,0
928,TARABA,04-01-2024,0
928,YOBE,04-01-2024,0
928,ZAMFARA,04-01-2024,0
928,FCT,04-01-2024,0
928,FOREIGN,04-01-2024,0
922,ABIA,04-01-2024,1
922,ADAMAWA,04-01-2024,0
922,AKWA IBOM,04-01-2024,0
922,BAUCHI,04-01-2024,0
922,BAYELSA,04-01-2024,0
922,BENUE,04-01-2024,0
922,BORNO,04-01-2024,0
922,CROSS RIVER,04-01-2024,0
922,DELTA,04-01-2024,0
922,EBONYI,04-01-2024,41
922,EDO,04-01-2024,0
922,EKITI,04-01-2024,0
922,ENUGU,04-01-2024,7
922,GOMBE,04-01-2024,0
922,IMO,04-01-2024,0
922,JIGAWA,04-01-2024,0
922,KADUNA,04-01-2024,0
922,KANO,04-01-2024,0
922,KATSINA,04-01-2024,0
922,KEBBI,04-01-2024,0
922,KOGI,04-01-2024,0
922,KWARA,04-01-2024,0
922,LAGOS,04-01-2024,0
922,NASARAWA,04-01-2024,0
922,NIGER,04-01-2024,0
922,OGUN,04-01-2024,0
922,ONDO,04-01-2024,0
922,OSUN,04-01-2024,0
922,OYO,04-01-2024,0
922,PLATEAU,04-01-2024,0
922,RIVERS,04-01-2024,0
922,SOKOTO,04-01-2024,0
922,TARABA,04-01-2024,0
922,YOBE,04-01-2024,0
922,ZAMFARA,04-01-2024,0
922,FCT,04-01-2024,0
922,FOREIGN,04-01-2024,0
917,ABIA,04-01-2024,0
917,ADAMAWA,04-01-2024,0
917,AKWA IBOM,04-01-2024,0
917,BAUCHI,04-01-2024,0
917,BAYELSA,04-01-2024,0
917,BENUE,04-01-2024,4
917,BORNO,04-01-2024,0
917,CROSS RIVER,04-01-2024,0
917,DELTA,04-01-2024,0
917,EBONYI,04-01-2024,4
917,EDO,04-01-2024,0
917,EKITI,04-01-2024,0
917,ENUGU,04-01-2024,6
917,GOMBE,04-01-2024,0
917,IMO,04-01-2024,0
917,JIGAWA,04-01-2024,0
917,KADUNA,04-01-2024,0
917,KANO,04-01-2024,0
917,KATSINA,04-01-2024,0
917,KEBBI,04-01-2024,0
917,KOGI,04-01-2024,0
917,KWARA,04-01-2024,0
917,LAGOS,04-01-2024,0
917,NASARAWA,04-01-2024,0
917,NIGER,04-01-2024,0
917,OGUN,04-01-2024,0
917,ONDO,04-01-2024,0
917,OSUN,04-01-2024,0
917,OYO,04-01-2024,0
917,PLATEAU,04-01-2024,0
917,RIVERS,04-01-2024,0
917,SOKOTO,04-01-2024,0
917,TARABA,04-01-2024,0
917,YOBE,04-01-2024,0
917,ZAMFARA,04-01-2024,0
917,FCT,04-01-2024,0
917,FOREIGN,04-01-2024,0
930,ABIA,04-01-2024,0
930,ADAMAWA,04-01-2024,0
930,AKWA IBOM,04-01-2024,0
930,BAUCHI,04-01-2024,0
930,BAYELSA,04-01-2024,0
930,BENUE,04-01-2024,0
930,BORNO,04-01-2024,0
930,CROSS RIVER,04-01-2024,0
930,DELTA,04-01-2024,0
930,EBONYI,04-01-2024,4
930,EDO,04-01-2024,0
930,EKITI,04-01-2024,0
930,ENUGU,04-01-2024,0
930,GOMBE,04-01-2024,0
930,IMO,04-01-2024,4
930,JIGAWA,04-01-2024,0
930,KADUNA,04-01-2024,0
930,KANO,04-01-2024,0
930,KATSINA,04-01-2024,0
930,KEBBI,04-01-2024,0
930,KOGI,04-01-2024,0
930,KWARA,04-01-2024,0
930,LAGOS,04-01-2024,0
930,NASARAWA,04-01-2024,0
930,NIGER,04-01-2024,0
930,OGUN,04-01-2024,0
930,ONDO,04-01-2024,0
930,OSUN,04-01-2024,0
930,OYO,04-01-2024,0
930,PLATEAU,04-01-2024,0
930,RIVERS,04-01-2024,0
930,SOKOTO,04-01-2024,0
930,TARABA,04-01-2024,0
930,YOBE,04-01-2024,0
930,ZAMFARA,04-01-2024,0
930,FCT,04-01-2024,0
930,FOREIGN,04-01-2024,0
931,ABIA,04-01-2024,0
931,ADAMAWA,04-01-2024,0
931,AKWA IBOM,04-01-2024,0
931,BAUCHI,04-01-2024,0
931,BAYELSA,04-01-2024,0
931,BENUE,04-01-2024,0
931,BORNO,04-01-2024,0
931,CROSS RIVER,04-01-2024,0
931,DELTA,04-01-2024,0
931,EBONYI,04-01-2024,1
931,EDO,04-01-2024,0
931,EKITI,04-01-2024,0
931,ENUGU,04-01-2024,0
931,GOMBE,04-01-2024,0
931,IMO,04-01-2024,0
931,JIGAWA,04-01-2024,0
931,KADUNA,04-01-2024,0
931,KANO,04-01-2024,0
931,KATSINA,04-01-2024,0
931,KEBBI,04-01-2024,0
931,KOGI,04-01-2024,0
931,KWARA,04-01-2024,0
931,LAGOS,04-01-2024,0
931,NASARAWA,04-01-2024,0
931,NIGER,04-01-2024,0
931,OGUN,04-01-2024,0
931,ONDO,04-01-2024,0
931,OSUN,04-01-2024,0
931,OYO,04-01-2024,0
931,PLATEAU,04-01-2024,0
931,RIVERS,04-01-2024,0
931,SOKOTO,04-01-2024,0
931,TARABA,04-01-2024,0
931,YOBE,04-01-2024,0
931,ZAMFARA,04-01-2024,0
931,FCT,04-01-2024,0
931,FOREIGN,04-01-2024,0
947,ABIA,04-01-2024,21
947,ADAMAWA,04-01-2024,0
947,AKWA IBOM,04-01-2024,0
947,BAUCHI,04-01-2024,0
947,BAYELSA,04-01-2024,0
947,BENUE,04-01-2024,0
947,BORNO,04-01-2024,0
947,CROSS RIVER,04-01-2024,0
947,DELTA,04-01-2024,0
947,EBONYI,04-01-2024,19
947,EDO,04-01-2024,0
947,EKITI,04-01-2024,0
947,ENUGU,04-01-2024,12
947,GOMBE,04-01-2024,0
947,IMO,04-01-2024,28
947,JIGAWA,04-01-2024,0
947,KADUNA,04-01-2024,0
947,KANO,04-01-2024,0
947,KATSINA,04-01-2024,0
947,KEBBI,04-01-2024,0
947,KOGI,04-01-2024,0
947,KWARA,04-01-2024,0
947,LAGOS,04-01-2024,0
947,NASARAWA,04-01-2024,0
947,NIGER,04-01-2024,0
947,OGUN,04-01-2024,0
947,ONDO,04-01-2024,0
947,OSUN,04-01-2024,0
947,OYO,04-01-2024,0
947,PLATEAU,04-01-2024,0
947,RIVERS,04-01-2024,1
947,SOKOTO,04-01-2024,0
947,TARABA,04-01-2024,0
947,YOBE,04-01-2024,0
947,ZAMFARA,04-01-2024,0
947,FCT,04-01-2024,0
947,FOREIGN,04-01-2024,0
950,ABIA,04-01-2024,10
950,ADAMAWA,04-01-2024,0
950,AKWA IBOM,04-01-2024,0
950,BAUCHI,04-01-2024,0
950,BAYELSA,04-01-2024,0
950,BENUE,04-01-2024,1
950,BORNO,04-01-2024,0
950,CROSS RIVER,04-01-2024,1
950,DELTA,04-01-2024,0
950,EBONYI,04-01-2024,21
950,EDO,04-01-2024,1
950,EKITI,04-01-2024,0
950,ENUGU,04-01-2024,17
950,GOMBE,04-01-2024,0
950,IMO,04-01-2024,22
950,JIGAWA,04-01-2024,0
950,KADUNA,04-01-2024,1
950,KANO,04-01-2024,0
950,KATSINA,04-01-2024,0
950,KEBBI,04-01-2024,0
950,KOGI,04-01-2024,0
950,KWARA,04-01-2024,0
950,LAGOS,04-01-2024,0
950,NASARAWA,04-01-2024,0
950,NIGER,04-01-2024,0
950,OGUN,04-01-2024,0
950,ONDO,04-01-2024,0
950,OSUN,04-01-2024,0
950,OYO,04-01-2024,0
950,PLATEAU,04-01-2024,0
950,RIVERS,04-01-2024,0
950,SOKOTO,04-01-2024,0
950,TARABA,04-01-2024,0
950,YOBE,04-01-2024,0
950,ZAMFARA,04-01-2024,0
950,FCT,04-01-2024,0
950,FOREIGN,04-01-2024,0
955,ABIA,04-01-2024,31
955,ADAMAWA,04-01-2024,0
955,AKWA IBOM,04-01-2024,0
955,BAUCHI,04-01-2024,0
955,BAYELSA,04-01-2024,0
955,BENUE,04-01-2024,0
955,BORNO,04-01-2024,0
955,CROSS RIVER,04-01-2024,0
955,DELTA,04-01-2024,0
955,EBONYI,04-01-2024,21
955,EDO,04-01-2024,0
955,EKITI,04-01-2024,0
955,ENUGU,04-01-2024,26
955,GOMBE,04-01-2024,0
955,IMO,04-01-2024,40
955,JIGAWA,04-01-2024,0
955,KADUNA,04-01-2024,0
955,KANO,04-01-2024,0
955,KATSINA,04-01-2024,0
955,KEBBI,04-01-2024,0
955,KOGI,04-01-2024,6
955,KWARA,04-01-2024,0
955,LAGOS,04-01-2024,0
955,NASARAWA,04-01-2024,0
955,NIGER,04-01-2024,0
955,OGUN,04-01-2024,0
955,ONDO,04-01-2024,2
955,OSUN,04-01-2024,0
955,OYO,04-01-2024,0
955,PLATEAU,04-01-2024,0
955,RIVERS,04-01-2024,0
955,SOKOTO,04-01-2024,0
955,TARABA,04-01-2024,0
955,YOBE,04-01-2024,0
955,ZAMFARA,04-01-2024,0
955,FCT,04-01-2024,0
955,FOREIGN,04-01-2024,0
952,ABIA,04-01-2024,10
952,ADAMAWA,04-01-2024,0
952,AKWA IBOM,04-01-2024,0
952,BAUCHI,04-01-2024,0
952,BAYELSA,04-01-2024,0
952,BENUE,04-01-2024,0
952,BORNO,04-01-2024,0
952,CROSS RIVER,04-01-2024,0
952,DELTA,04-01-2024,0
952,EBONYI,04-01-2024,13
952,EDO,04-01-2024,0
952,EKITI,04-01-2024,0
952,ENUGU,04-01-2024,2
952,GOMBE,04-01-2024,0
952,IMO,04-01-2024,105
952,JIGAWA,04-01-2024,0
952,KADUNA,04-01-2024,0
952,KANO,04-01-2024,0
952,KATSINA,04-01-2024,0
952,KEBBI,04-01-2024,0
952,KOGI,04-01-2024,1
952,KWARA,04-01-2024,0
952,LAGOS,04-01-2024,0
952,NASARAWA,04-01-2024,0
952,NIGER,04-01-2024,0
952,OGUN,04-01-2024,0
952,ONDO,04-01-2024,0
952,OSUN,04-01-2024,0
952,OYO,04-01-2024,0
952,PLATEAU,04-01-2024,0
952,RIVERS,04-01-2024,0
952,SOKOTO,04-01-2024,0
952,TARABA,04-01-2024,0
952,YOBE,04-01-2024,0
952,ZAMFARA,04-01-2024,0
952,FCT,04-01-2024,0
952,FOREIGN,04-01-2024,0
949,ABIA,04-01-2024,6
949,ADAMAWA,04-01-2024,0
949,AKWA IBOM,04-01-2024,1
949,BAUCHI,04-01-2024,0
949,BAYELSA,04-01-2024,0
949,BENUE,04-01-2024,1
949,BORNO,04-01-2024,0
949,CROSS RIVER,04-01-2024,0
949,DELTA,04-01-2024,0
949,EBONYI,04-01-2024,10
949,EDO,04-01-2024,0
949,EKITI,04-01-2024,0
949,ENUGU,04-01-2024,6
949,GOMBE,04-01-2024,0
949,IMO,04-01-2024,2
949,JIGAWA,04-01-2024,0
949,KADUNA,04-01-2024,0
949,KANO,04-01-2024,0
949,KATSINA,04-01-2024,0
949,KEBBI,04-01-2024,0
949,KOGI,04-01-2024,0
949,KWARA,04-01-2024,0
949,LAGOS,04-01-2024,0
949,NASARAWA,04-01-2024,0
949,NIGER,04-01-2024,0
949,OGUN,04-01-2024,0
949,ONDO,04-01-2024,0
949,OSUN,04-01-2024,0
949,OYO,04-01-2024,0
949,PLATEAU,04-01-2024,0
949,RIVERS,04-01-2024,0
949,SOKOTO,04-01-2024,0
949,TARABA,04-01-2024,0
949,YOBE,04-01-2024,0
949,ZAMFARA,04-01-2024,0
949,FCT,04-01-2024,0
949,FOREIGN,04-01-2024,0
956,ABIA,04-01-2024,8
956,ADAMAWA,04-01-2024,0
956,AKWA IBOM,04-01-2024,0
956,BAUCHI,04-01-2024,0
956,BAYELSA,04-01-2024,0
956,BENUE,04-01-2024,1
956,BORNO,04-01-2024,0
956,CROSS RIVER,04-01-2024,1
956,DELTA,04-01-2024,1
956,EBONYI,04-01-2024,14
956,EDO,04-01-2024,0
956,EKITI,04-01-2024,0
956,ENUGU,04-01-2024,5
956,GOMBE,04-01-2024,0
956,IMO,04-01-2024,4
956,JIGAWA,04-01-2024,0
956,KADUNA,04-01-2024,0
956,KANO,04-01-2024,0
956,KATSINA,04-01-2024,0
956,KEBBI,04-01-2024,0
956,KOGI,04-01-2024,0
956,KWARA,04-01-2024,0
956,LAGOS,04-01-2024,0
956,NASARAWA,04-01-2024,0
956,NIGER,04-01-2024,0
956,OGUN,04-01-2024,0
956,ONDO,04-01-2024,0
956,OSUN,04-01-2024,0
956,OYO,04-01-2024,0
956,PLATEAU,04-01-2024,0
956,RIVERS,04-01-2024,0
956,SOKOTO,04-01-2024,0
956,TARABA,04-01-2024,0
956,YOBE,04-01-2024,0
956,ZAMFARA,04-01-2024,0
956,FCT,04-01-2024,0
956,FOREIGN,04-01-2024,0
960,ABIA,04-01-2024,1
960,ADAMAWA,04-01-2024,0
960,AKWA IBOM,04-01-2024,0
960,BAUCHI,04-01-2024,0
960,BAYELSA,04-01-2024,0
960,BENUE,04-01-2024,0
960,BORNO,04-01-2024,0
960,CROSS RIVER,04-01-2024,0
960,DELTA,04-01-2024,0
960,EBONYI,04-01-2024,6
960,EDO,04-01-2024,0
960,EKITI,04-01-2024,0
960,ENUGU,04-01-2024,2
960,GOMBE,04-01-2024,0
960,IMO,04-01-2024,1
960,JIGAWA,04-01-2024,0
960,KADUNA,04-01-2024,0
960,KANO,04-01-2024,0
960,KATSINA,04-01-2024,0
960,KEBBI,04-01-2024,0
960,KOGI,04-01-2024,0
960,KWARA,04-01-2024,0
960,LAGOS,04-01-2024,0
960,NASARAWA,04-01-2024,0
960,NIGER,04-01-2024,0
960,OGUN,04-01-2024,0
960,ONDO,04-01-2024,0
960,OSUN,04-01-2024,0
960,OYO,04-01-2024,0
960,PLATEAU,04-01-2024,0
960,RIVERS,04-01-2024,0
960,SOKOTO,04-01-2024,0
960,TARABA,04-01-2024,0
960,YOBE,04-01-2024,0
960,ZAMFARA,04-01-2024,0
960,FCT,04-01-2024,0
960,FOREIGN,04-01-2024,0
957,ABIA,04-01-2024,6
957,ADAMAWA,04-01-2024,0
957,AKWA IBOM,04-01-2024,0
957,BAUCHI,04-01-2024,0
957,BAYELSA,04-01-2024,0
957,BENUE,04-01-2024,0
957,BORNO,04-01-2024,0
957,CROSS RIVER,04-01-2024,0
957,DELTA,04-01-2024,0
957,EBONYI,04-01-2024,7
957,EDO,04-01-2024,0
957,EKITI,04-01-2024,0
957,ENUGU,04-01-2024,5
957,GOMBE,04-01-2024,0
957,IMO,04-01-2024,3
957,JIGAWA,04-01-2024,0
957,KADUNA,04-01-2024,0
957,KANO,04-01-2024,0
957,KATSINA,04-01-2024,0
957,KEBBI,04-01-2024,0
957,KOGI,04-01-2024,0
957,KWARA,04-01-2024,0
957,LAGOS,04-01-2024,0
957,NASARAWA,04-01-2024,0
957,NIGER,04-01-2024,0
957,OGUN,04-01-2024,0
957,ONDO,04-01-2024,0
957,OSUN,04-01-2024,0
957,OYO,04-01-2024,0
957,PLATEAU,04-01-2024,0
957,RIVERS,04-01-2024,0
957,SOKOTO,04-01-2024,0
957,TARABA,04-01-2024,0
957,YOBE,04-01-2024,0
957,ZAMFARA,04-01-2024,0
957,FCT,04-01-2024,0
957,FOREIGN,04-01-2024,0
954,ABIA,04-01-2024,0
954,ADAMAWA,04-01-2024,0
954,AKWA IBOM,04-01-2024,0
954,BAUCHI,04-01-2024,0
954,BAYELSA,04-01-2024,0
954,BENUE,04-01-2024,1
954,BORNO,04-01-2024,0
954,CROSS RIVER,04-01-2024,0
954,DELTA,04-01-2024,0
954,EBONYI,04-01-2024,0
954,EDO,04-01-2024,0
954,EKITI,04-01-2024,0
954,ENUGU,04-01-2024,0
954,GOMBE,04-01-2024,0
954,IMO,04-01-2024,1
954,JIGAWA,04-01-2024,0
954,KADUNA,04-01-2024,0
954,KANO,04-01-2024,0
954,KATSINA,04-01-2024,0
954,KEBBI,04-01-2024,0
954,KOGI,04-01-2024,0
954,KWARA,04-01-2024,0
954,LAGOS,04-01-2024,0
954,NASARAWA,04-01-2024,0
954,NIGER,04-01-2024,0
954,OGUN,04-01-2024,0
954,ONDO,04-01-2024,1
954,OSUN,04-01-2024,0
954,OYO,04-01-2024,0
954,PLATEAU,04-01-2024,0
954,RIVERS,04-01-2024,0
954,SOKOTO,04-01-2024,0
954,TARABA,04-01-2024,0
954,YOBE,04-01-2024,0
954,ZAMFARA,04-01-2024,0
954,FCT,04-01-2024,0
954,FOREIGN,04-01-2024,0
958,ABIA,04-01-2024,0
958,ADAMAWA,04-01-2024,0
958,AKWA IBOM,04-01-2024,0
958,BAUCHI,04-01-2024,0
958,BAYELSA,04-01-2024,0
958,BENUE,04-01-2024,1
958,BORNO,04-01-2024,0
958,CROSS RIVER,04-01-2024,0
958,DELTA,04-01-2024,0
958,EBONYI,04-01-2024,0
958,EDO,04-01-2024,0
958,EKITI,04-01-2024,0
958,ENUGU,04-01-2024,0
958,GOMBE,04-01-2024,0
958,IMO,04-01-2024,1
958,JIGAWA,04-01-2024,0
958,KADUNA,04-01-2024,0
958,KANO,04-01-2024,0
958,KATSINA,04-01-2024,0
958,KEBBI,04-01-2024,0
958,KOGI,04-01-2024,0
958,KWARA,04-01-2024,0
958,LAGOS,04-01-2024,0
958,NASARAWA,04-01-2024,0
958,NIGER,04-01-2024,0
958,OGUN,04-01-2024,0
958,ONDO,04-01-2024,1
958,OSUN,04-01-2024,0
958,OYO,04-01-2024,0
958,PLATEAU,04-01-2024,0
958,RIVERS,04-01-2024,0
958,SOKOTO,04-01-2024,0
958,TARABA,04-01-2024,0
958,YOBE,04-01-2024,0
958,ZAMFARA,04-01-2024,0
958,FCT,04-01-2024,0
958,FOREIGN,04-01-2024,0
953,ABIA,04-01-2024,14
953,ADAMAWA,04-01-2024,0
953,AKWA IBOM,04-01-2024,0
953,BAUCHI,04-01-2024,0
953,BAYELSA,04-01-2024,0
953,BENUE,04-01-2024,0
953,BORNO,04-01-2024,0
953,CROSS RIVER,04-01-2024,0
953,DELTA,04-01-2024,2
953,EBONYI,04-01-2024,2
953,EDO,04-01-2024,1
953,EKITI,04-01-2024,0
953,ENUGU,04-01-2024,7
953,GOMBE,04-01-2024,0
953,IMO,04-01-2024,4
953,JIGAWA,04-01-2024,0
953,KADUNA,04-01-2024,0
953,KANO,04-01-2024,0
953,KATSINA,04-01-2024,0
953,KEBBI,04-01-2024,0
953,KOGI,04-01-2024,1
953,KWARA,04-01-2024,0
953,LAGOS,04-01-2024,0
953,NASARAWA,04-01-2024,0
953,NIGER,04-01-2024,0
953,OGUN,04-01-2024,0
953,ONDO,04-01-2024,0
953,OSUN,04-01-2024,0
953,OYO,04-01-2024,0
953,PLATEAU,04-01-2024,0
953,RIVERS,04-01-2024,0
953,SOKOTO,04-01-2024,0
953,TARABA,04-01-2024,0
953,YOBE,04-01-2024,0
953,ZAMFARA,04-01-2024,0
953,FCT,04-01-2024,0
953,FOREIGN,04-01-2024,0
951,ABIA,04-01-2024,1
951,ADAMAWA,04-01-2024,0
951,AKWA IBOM,04-01-2024,1
951,BAUCHI,04-01-2024,0
951,BAYELSA,04-01-2024,0
951,BENUE,04-01-2024,1
951,BORNO,04-01-2024,0
951,CROSS RIVER,04-01-2024,0
951,DELTA,04-01-2024,1
951,EBONYI,04-01-2024,47
951,EDO,04-01-2024,0
951,EKITI,04-01-2024,0
951,ENUGU,04-01-2024,2
951,GOMBE,04-01-2024,0
951,IMO,04-01-2024,3
951,JIGAWA,04-01-2024,0
951,KADUNA,04-01-2024,0
951,KANO,04-01-2024,0
951,KATSINA,04-01-2024,0
951,KEBBI,04-01-2024,0
951,KOGI,04-01-2024,0
951,KWARA,04-01-2024,0
951,LAGOS,04-01-2024,0
951,NASARAWA,04-01-2024,0
951,NIGER,04-01-2024,0
951,OGUN,04-01-2024,0
951,ONDO,04-01-2024,0
951,OSUN,04-01-2024,0
951,OYO,04-01-2024,0
951,PLATEAU,04-01-2024,0
951,RIVERS,04-01-2024,0
951,SOKOTO,04-01-2024,0
951,TARABA,04-01-2024,0
951,YOBE,04-01-2024,0
951,ZAMFARA,04-01-2024,0
951,FCT,04-01-2024,0
951,FOREIGN,04-01-2024,0
959,ABIA,04-01-2024,7
959,ADAMAWA,04-01-2024,0
959,AKWA IBOM,04-01-2024,0
959,BAUCHI,04-01-2024,0
959,BAYELSA,04-01-2024,0
959,BENUE,04-01-2024,0
959,BORNO,04-01-2024,0
959,CROSS RIVER,04-01-2024,0
959,DELTA,04-01-2024,0
959,EBONYI,04-01-2024,6
959,EDO,04-01-2024,0
959,EKITI,04-01-2024,0
959,ENUGU,04-01-2024,3
959,GOMBE,04-01-2024,0
959,IMO,04-01-2024,3
959,JIGAWA,04-01-2024,0
959,KADUNA,04-01-2024,0
959,KANO,04-01-2024,0
959,KATSINA,04-01-2024,0
959,KEBBI,04-01-2024,0
959,KOGI,04-01-2024,0
959,KWARA,04-01-2024,0
959,LAGOS,04-01-2024,0
959,NASARAWA,04-01-2024,0
959,NIGER,04-01-2024,0
959,OGUN,04-01-2024,0
959,ONDO,04-01-2024,0
959,OSUN,04-01-2024,0
959,OYO,04-01-2024,0
959,PLATEAU,04-01-2024,0
959,RIVERS,04-01-2024,0
959,SOKOTO,04-01-2024,0
959,TARABA,04-01-2024,0
959,YOBE,04-01-2024,0
959,ZAMFARA,04-01-2024,0
959,FCT,04-01-2024,0
959,FOREIGN,04-01-2024,0
948,ABIA,04-01-2024,2
948,ADAMAWA,04-01-2024,0
948,AKWA IBOM,04-01-2024,1
948,BAUCHI,04-01-2024,0
948,BAYELSA,04-01-2024,0
948,BENUE,04-01-2024,0
948,BORNO,04-01-2024,0
948,CROSS RIVER,04-01-2024,0
948,DELTA,04-01-2024,1
948,EBONYI,04-01-2024,2
948,EDO,04-01-2024,0
948,EKITI,04-01-2024,0
948,ENUGU,04-01-2024,4
948,GOMBE,04-01-2024,0
948,IMO,04-01-2024,10
948,JIGAWA,04-01-2024,0
948,KADUNA,04-01-2024,0
948,KANO,04-01-2024,0
948,KATSINA,04-01-2024,0
948,KEBBI,04-01-2024,0
948,KOGI,04-01-2024,0
948,KWARA,04-01-2024,0
948,LAGOS,04-01-2024,0
948,NASARAWA,04-01-2024,0
948,NIGER,04-01-2024,0
948,OGUN,04-01-2024,0
948,ONDO,04-01-2024,0
948,OSUN,04-01-2024,0
948,OYO,04-01-2024,0
948,PLATEAU,04-01-2024,0
948,RIVERS,04-01-2024,0
948,SOKOTO,04-01-2024,0
948,TARABA,04-01-2024,0
948,YOBE,04-01-2024,0
948,ZAMFARA,04-01-2024,0
948,FCT,04-01-2024,0
948,FOREIGN,04-01-2024,0
1034,ABIA,04-01-2024,2
1034,ADAMAWA,04-01-2024,1
1034,AKWA IBOM,04-01-2024,0
1034,BAUCHI,04-01-2024,0
1034,BAYELSA,04-01-2024,0
1034,BENUE,04-01-2024,1
1034,BORNO,04-01-2024,0
1034,CROSS RIVER,04-01-2024,0
1034,DELTA,04-01-2024,0
1034,EBONYI,04-01-2024,5
1034,EDO,04-01-2024,0
1034,EKITI,04-01-2024,0
1034,ENUGU,04-01-2024,3
1034,GOMBE,04-01-2024,0
1034,IMO,04-01-2024,1
1034,JIGAWA,04-01-2024,0
1034,KADUNA,04-01-2024,0
1034,KANO,04-01-2024,0
1034,KATSINA,04-01-2024,0
1034,KEBBI,04-01-2024,0
1034,KOGI,04-01-2024,0
1034,KWARA,04-01-2024,0
1034,LAGOS,04-01-2024,0
1034,NASARAWA,04-01-2024,0
1034,NIGER,04-01-2024,0
1034,OGUN,04-01-2024,0
1034,ONDO,04-01-2024,0
1034,OSUN,04-01-2024,0
1034,OYO,04-01-2024,0
1034,PLATEAU,04-01-2024,0
1034,RIVERS,04-01-2024,1
1034,SOKOTO,04-01-2024,0
1034,TARABA,04-01-2024,0
1034,YOBE,04-01-2024,0
1034,ZAMFARA,04-01-2024,0
1034,FCT,04-01-2024,0
1034,FOREIGN,04-01-2024,0
129,ABIA,04-01-2024,4
129,ADAMAWA,04-01-2024,0
129,AKWA IBOM,04-01-2024,0
129,BAUCHI,04-01-2024,0
129,BAYELSA,04-01-2024,0
129,BENUE,04-01-2024,0
129,BORNO,04-01-2024,0
129,CROSS RIVER,04-01-2024,0
129,DELTA,04-01-2024,0
129,EBONYI,04-01-2024,10
129,EDO,04-01-2024,0
129,EKITI,04-01-2024,0
129,ENUGU,04-01-2024,45
129,GOMBE,04-01-2024,0
129,IMO,04-01-2024,16
129,JIGAWA,04-01-2024,0
129,KADUNA,04-01-2024,0
129,KANO,04-01-2024,0
129,KATSINA,04-01-2024,0
129,KEBBI,04-01-2024,0
129,KOGI,04-01-2024,0
129,KWARA,04-01-2024,0
129,LAGOS,04-01-2024,0
129,NASARAWA,04-01-2024,0
129,NIGER,04-01-2024,0
129,OGUN,04-01-2024,0
129,ONDO,04-01-2024,0
129,OSUN,04-01-2024,0
129,OYO,04-01-2024,1
129,PLATEAU,04-01-2024,0
129,RIVERS,04-01-2024,1
129,SOKOTO,04-01-2024,0
129,TARABA,04-01-2024,0
129,YOBE,04-01-2024,0
129,ZAMFARA,04-01-2024,0
129,FCT,04-01-2024,0
129,FOREIGN,04-01-2024,0
124,ABIA,04-01-2024,19
124,ADAMAWA,04-01-2024,3
124,AKWA IBOM,04-01-2024,1
124,BAUCHI,04-01-2024,0
124,BAYELSA,04-01-2024,1
124,BENUE,04-01-2024,0
124,BORNO,04-01-2024,0
124,CROSS RIVER,04-01-2024,18
124,DELTA,04-01-2024,0
124,EBONYI,04-01-2024,103
124,EDO,04-01-2024,2
124,EKITI,04-01-2024,0
124,ENUGU,04-01-2024,88
124,GOMBE,04-01-2024,0
124,IMO,04-01-2024,12
124,JIGAWA,04-01-2024,0
124,KADUNA,04-01-2024,0
124,KANO,04-01-2024,0
124,KATSINA,04-01-2024,0
124,KEBBI,04-01-2024,0
124,KOGI,04-01-2024,5
124,KWARA,04-01-2024,1
124,LAGOS,04-01-2024,1
124,NASARAWA,04-01-2024,3
124,NIGER,04-01-2024,0
124,OGUN,04-01-2024,0
124,ONDO,04-01-2024,0
124,OSUN,04-01-2024,0
124,OYO,04-01-2024,0
124,PLATEAU,04-01-2024,0
124,RIVERS,04-01-2024,1
124,SOKOTO,04-01-2024,0
124,TARABA,04-01-2024,0
124,YOBE,04-01-2024,0
124,ZAMFARA,04-01-2024,0
124,FCT,04-01-2024,0
124,FOREIGN,04-01-2024,0
126,ABIA,04-01-2024,7
126,ADAMAWA,04-01-2024,0
126,AKWA IBOM,04-01-2024,1
126,BAUCHI,04-01-2024,0
126,BAYELSA,04-01-2024,0
126,BENUE,04-01-2024,0
126,BORNO,04-01-2024,0
126,CROSS RIVER,04-01-2024,0
126,DELTA,04-01-2024,3
126,EBONYI,04-01-2024,12
126,EDO,04-01-2024,1
126,EKITI,04-01-2024,0
126,ENUGU,04-01-2024,66
126,GOMBE,04-01-2024,0
126,IMO,04-01-2024,49
126,JIGAWA,04-01-2024,0
126,KADUNA,04-01-2024,0
126,KANO,04-01-2024,0
126,KATSINA,04-01-2024,0
126,KEBBI,04-01-2024,0
126,KOGI,04-01-2024,1
126,KWARA,04-01-2024,0
126,LAGOS,04-01-2024,1
126,NASARAWA,04-01-2024,0
126,NIGER,04-01-2024,0
126,OGUN,04-01-2024,0
126,ONDO,04-01-2024,0
126,OSUN,04-01-2024,0
126,OYO,04-01-2024,0
126,PLATEAU,04-01-2024,0
126,RIVERS,04-01-2024,0
126,SOKOTO,04-01-2024,0
126,TARABA,04-01-2024,0
126,YOBE,04-01-2024,0
126,ZAMFARA,04-01-2024,0
126,FCT,04-01-2024,0
126,FOREIGN,04-01-2024,0
123,ABIA,04-01-2024,14
123,ADAMAWA,04-01-2024,5
123,AKWA IBOM,04-01-2024,5
123,BAUCHI,04-01-2024,0
123,BAYELSA,04-01-2024,4
123,BENUE,04-01-2024,6
123,BORNO,04-01-2024,0
123,CROSS RIVER,04-01-2024,34
123,DELTA,04-01-2024,5
123,EBONYI,04-01-2024,120
123,EDO,04-01-2024,0
123,EKITI,04-01-2024,0
123,ENUGU,04-01-2024,90
123,GOMBE,04-01-2024,0
123,IMO,04-01-2024,19
123,JIGAWA,04-01-2024,0
123,KADUNA,04-01-2024,0
123,KANO,04-01-2024,0
123,KATSINA,04-01-2024,0
123,KEBBI,04-01-2024,0
123,KOGI,04-01-2024,1
123,KWARA,04-01-2024,0
123,LAGOS,04-01-2024,0
123,NASARAWA,04-01-2024,0
123,NIGER,04-01-2024,0
123,OGUN,04-01-2024,0
123,ONDO,04-01-2024,0
123,OSUN,04-01-2024,0
123,OYO,04-01-2024,0
123,PLATEAU,04-01-2024,2
123,RIVERS,04-01-2024,0
123,SOKOTO,04-01-2024,0
123,TARABA,04-01-2024,3
123,YOBE,04-01-2024,0
123,ZAMFARA,04-01-2024,0
123,FCT,04-01-2024,0
123,FOREIGN,04-01-2024,1
122,ABIA,04-01-2024,15
122,ADAMAWA,04-01-2024,0
122,AKWA IBOM,04-01-2024,3
122,BAUCHI,04-01-2024,0
122,BAYELSA,04-01-2024,0
122,BENUE,04-01-2024,2
122,BORNO,04-01-2024,3
122,CROSS RIVER,04-01-2024,2
122,DELTA,04-01-2024,0
122,EBONYI,04-01-2024,126
122,EDO,04-01-2024,0
122,EKITI,04-01-2024,0
122,ENUGU,04-01-2024,66
122,GOMBE,04-01-2024,0
122,IMO,04-01-2024,14
122,JIGAWA,04-01-2024,0
122,KADUNA,04-01-2024,0
122,KANO,04-01-2024,0
122,KATSINA,04-01-2024,0
122,KEBBI,04-01-2024,0
122,KOGI,04-01-2024,1
122,KWARA,04-01-2024,0
122,LAGOS,04-01-2024,0
122,NASARAWA,04-01-2024,0
122,NIGER,04-01-2024,0
122,OGUN,04-01-2024,0
122,ONDO,04-01-2024,0
122,OSUN,04-01-2024,0
122,OYO,04-01-2024,1
122,PLATEAU,04-01-2024,0
122,RIVERS,04-01-2024,0
122,SOKOTO,04-01-2024,0
122,TARABA,04-01-2024,0
122,YOBE,04-01-2024,0
122,ZAMFARA,04-01-2024,0
122,FCT,04-01-2024,0
122,FOREIGN,04-01-2024,0
119,ABIA,04-01-2024,7
119,ADAMAWA,04-01-2024,2
119,AKWA IBOM,04-01-2024,2
119,BAUCHI,04-01-2024,0
119,BAYELSA,04-01-2024,0
119,BENUE,04-01-2024,0
119,BORNO,04-01-2024,0
119,CROSS RIVER,04-01-2024,0
119,DELTA,04-01-2024,3
119,EBONYI,04-01-2024,49
119,EDO,04-01-2024,1
119,EKITI,04-01-2024,0
119,ENUGU,04-01-2024,31
119,GOMBE,04-01-2024,0
119,IMO,04-01-2024,18
119,JIGAWA,04-01-2024,0
119,KADUNA,04-01-2024,0
119,KANO,04-01-2024,0
119,KATSINA,04-01-2024,0
119,KEBBI,04-01-2024,0
119,KOGI,04-01-2024,0
119,KWARA,04-01-2024,0
119,LAGOS,04-01-2024,0
119,NASARAWA,04-01-2024,0
119,NIGER,04-01-2024,0
119,OGUN,04-01-2024,0
119,ONDO,04-01-2024,0
119,OSUN,04-01-2024,0
119,OYO,04-01-2024,0
119,PLATEAU,04-01-2024,0
119,RIVERS,04-01-2024,0
119,SOKOTO,04-01-2024,0
119,TARABA,04-01-2024,0
119,YOBE,04-01-2024,0
119,ZAMFARA,04-01-2024,0
119,FCT,04-01-2024,0
119,FOREIGN,04-01-2024,0
116,ABIA,04-01-2024,16
116,ADAMAWA,04-01-2024,0
116,AKWA IBOM,04-01-2024,4
116,BAUCHI,04-01-2024,0
116,BAYELSA,04-01-2024,0
116,BENUE,04-01-2024,0
116,BORNO,04-01-2024,0
116,CROSS RIVER,04-01-2024,2
116,DELTA,04-01-2024,4
116,EBONYI,04-01-2024,20
116,EDO,04-01-2024,2
116,EKITI,04-01-2024,0
116,ENUGU,04-01-2024,98
116,GOMBE,04-01-2024,0
116,IMO,04-01-2024,56
116,JIGAWA,04-01-2024,0
116,KADUNA,04-01-2024,0
116,KANO,04-01-2024,0
116,KATSINA,04-01-2024,0
116,KEBBI,04-01-2024,1
116,KOGI,04-01-2024,0
116,KWARA,04-01-2024,0
116,LAGOS,04-01-2024,0
116,NASARAWA,04-01-2024,0
116,NIGER,04-01-2024,0
116,OGUN,04-01-2024,0
116,ONDO,04-01-2024,0
116,OSUN,04-01-2024,0
116,OYO,04-01-2024,0
116,PLATEAU,04-01-2024,0
116,RIVERS,04-01-2024,0
116,SOKOTO,04-01-2024,0
116,TARABA,04-01-2024,0
116,YOBE,04-01-2024,0
116,ZAMFARA,04-01-2024,0
116,FCT,04-01-2024,0
116,FOREIGN,04-01-2024,1
121,ABIA,04-01-2024,3
121,ADAMAWA,04-01-2024,0
121,AKWA IBOM,04-01-2024,0
121,BAUCHI,04-01-2024,0
121,BAYELSA,04-01-2024,0
121,BENUE,04-01-2024,13
121,BORNO,04-01-2024,0
121,CROSS RIVER,04-01-2024,0
121,DELTA,04-01-2024,0
121,EBONYI,04-01-2024,1
121,EDO,04-01-2024,0
121,EKITI,04-01-2024,0
121,ENUGU,04-01-2024,1
121,GOMBE,04-01-2024,0
121,IMO,04-01-2024,0
121,JIGAWA,04-01-2024,0
121,KADUNA,04-01-2024,0
121,KANO,04-01-2024,0
121,KATSINA,04-01-2024,0
121,KEBBI,04-01-2024,0
121,KOGI,04-01-2024,0
121,KWARA,04-01-2024,0
121,LAGOS,04-01-2024,0
121,NASARAWA,04-01-2024,0
121,NIGER,04-01-2024,0
121,OGUN,04-01-2024,0
121,ONDO,04-01-2024,0
121,OSUN,04-01-2024,0
121,OYO,04-01-2024,0
121,PLATEAU,04-01-2024,0
121,RIVERS,04-01-2024,0
121,SOKOTO,04-01-2024,0
121,TARABA,04-01-2024,0
121,YOBE,04-01-2024,0
121,ZAMFARA,04-01-2024,0
121,FCT,04-01-2024,0
121,FOREIGN,04-01-2024,0
127,ABIA,04-01-2024,4
127,ADAMAWA,04-01-2024,2
127,AKWA IBOM,04-01-2024,1
127,BAUCHI,04-01-2024,2
127,BAYELSA,04-01-2024,0
127,BENUE,04-01-2024,0
127,BORNO,04-01-2024,0
127,CROSS RIVER,04-01-2024,1
127,DELTA,04-01-2024,1
127,EBONYI,04-01-2024,75
127,EDO,04-01-2024,0
127,EKITI,04-01-2024,0
127,ENUGU,04-01-2024,45
127,GOMBE,04-01-2024,0
127,IMO,04-01-2024,10
127,JIGAWA,04-01-2024,0
127,KADUNA,04-01-2024,0
127,KANO,04-01-2024,0
127,KATSINA,04-01-2024,0
127,KEBBI,04-01-2024,0
127,KOGI,04-01-2024,0
127,KWARA,04-01-2024,0
127,LAGOS,04-01-2024,0
127,NASARAWA,04-01-2024,1
127,NIGER,04-01-2024,0
127,OGUN,04-01-2024,0
127,ONDO,04-01-2024,0
127,OSUN,04-01-2024,0
127,OYO,04-01-2024,0
127,PLATEAU,04-01-2024,0
127,RIVERS,04-01-2024,1
127,SOKOTO,04-01-2024,0
127,TARABA,04-01-2024,1
127,YOBE,04-01-2024,0
127,ZAMFARA,04-01-2024,0
127,FCT,04-01-2024,0
127,FOREIGN,04-01-2024,0
130,ABIA,04-01-2024,0
130,ADAMAWA,04-01-2024,4
130,AKWA IBOM,04-01-2024,0
130,BAUCHI,04-01-2024,0
130,BAYELSA,04-01-2024,0
130,BENUE,04-01-2024,0
130,BORNO,04-01-2024,0
130,CROSS RIVER,04-01-2024,0
130,DELTA,04-01-2024,3
130,EBONYI,04-01-2024,1
130,EDO,04-01-2024,0
130,EKITI,04-01-2024,0
130,ENUGU,04-01-2024,2
130,GOMBE,04-01-2024,0
130,IMO,04-01-2024,1
130,JIGAWA,04-01-2024,0
130,KADUNA,04-01-2024,0
130,KANO,04-01-2024,0
130,KATSINA,04-01-2024,0
130,KEBBI,04-01-2024,0
130,KOGI,04-01-2024,0
130,KWARA,04-01-2024,0
130,LAGOS,04-01-2024,1
130,NASARAWA,04-01-2024,0
130,NIGER,04-01-2024,0
130,OGUN,04-01-2024,0
130,ONDO,04-01-2024,1
130,OSUN,04-01-2024,1
130,OYO,04-01-2024,1
130,PLATEAU,04-01-2024,0
130,RIVERS,04-01-2024,0
130,SOKOTO,04-01-2024,0
130,TARABA,04-01-2024,0
130,YOBE,04-01-2024,0
130,ZAMFARA,04-01-2024,0
130,FCT,04-01-2024,0
130,FOREIGN,04-01-2024,0
118,ABIA,04-01-2024,0
118,ADAMAWA,04-01-2024,0
118,AKWA IBOM,04-01-2024,2
118,BAUCHI,04-01-2024,0
118,BAYELSA,04-01-2024,0
118,BENUE,04-01-2024,0
118,BORNO,04-01-2024,0
118,CROSS RIVER,04-01-2024,1
118,DELTA,04-01-2024,1
118,EBONYI,04-01-2024,17
118,EDO,04-01-2024,0
118,EKITI,04-01-2024,0
118,ENUGU,04-01-2024,6
118,GOMBE,04-01-2024,0
118,IMO,04-01-2024,6
118,JIGAWA,04-01-2024,0
118,KADUNA,04-01-2024,0
118,KANO,04-01-2024,0
118,KATSINA,04-01-2024,0
118,KEBBI,04-01-2024,0
118,KOGI,04-01-2024,0
118,KWARA,04-01-2024,0
118,LAGOS,04-01-2024,0
118,NASARAWA,04-01-2024,0
118,NIGER,04-01-2024,0
118,OGUN,04-01-2024,0
118,ONDO,04-01-2024,0
118,OSUN,04-01-2024,0
118,OYO,04-01-2024,0
118,PLATEAU,04-01-2024,0
118,RIVERS,04-01-2024,0
118,SOKOTO,04-01-2024,0
118,TARABA,04-01-2024,0
118,YOBE,04-01-2024,0
118,ZAMFARA,04-01-2024,0
118,FCT,04-01-2024,0
118,FOREIGN,04-01-2024,0
117,ABIA,04-01-2024,5
117,ADAMAWA,04-01-2024,7
117,AKWA IBOM,04-01-2024,0
117,BAUCHI,04-01-2024,0
117,BAYELSA,04-01-2024,0
117,BENUE,04-01-2024,0
117,BORNO,04-01-2024,0
117,CROSS RIVER,04-01-2024,19
117,DELTA,04-01-2024,2
117,EBONYI,04-01-2024,51
117,EDO,04-01-2024,0
117,EKITI,04-01-2024,0
117,ENUGU,04-01-2024,43
117,GOMBE,04-01-2024,0
117,IMO,04-01-2024,3
117,JIGAWA,04-01-2024,0
117,KADUNA,04-01-2024,0
117,KANO,04-01-2024,0
117,KATSINA,04-01-2024,0
117,KEBBI,04-01-2024,0
117,KOGI,04-01-2024,1
117,KWARA,04-01-2024,0
117,LAGOS,04-01-2024,0
117,NASARAWA,04-01-2024,0
117,NIGER,04-01-2024,0
117,OGUN,04-01-2024,0
117,ONDO,04-01-2024,1
117,OSUN,04-01-2024,0
117,OYO,04-01-2024,0
117,PLATEAU,04-01-2024,1
117,RIVERS,04-01-2024,0
117,SOKOTO,04-01-2024,0
117,TARABA,04-01-2024,1
117,YOBE,04-01-2024,0
117,ZAMFARA,04-01-2024,0
117,FCT,04-01-2024,0
117,FOREIGN,04-01-2024,0
115,ABIA,04-01-2024,0
115,ADAMAWA,04-01-2024,0
115,AKWA IBOM,04-01-2024,0
115,BAUCHI,04-01-2024,0
115,BAYELSA,04-01-2024,0
115,BENUE,04-01-2024,0
115,BORNO,04-01-2024,0
115,CROSS RIVER,04-01-2024,0
115,DELTA,04-01-2024,0
115,EBONYI,04-01-2024,0
115,EDO,04-01-2024,0
115,EKITI,04-01-2024,0
115,ENUGU,04-01-2024,7
115,GOMBE,04-01-2024,0
115,IMO,04-01-2024,0
115,JIGAWA,04-01-2024,0
115,KADUNA,04-01-2024,0
115,KANO,04-01-2024,0
115,KATSINA,04-01-2024,0
115,KEBBI,04-01-2024,0
115,KOGI,04-01-2024,0
115,KWARA,04-01-2024,0
115,LAGOS,04-01-2024,0
115,NASARAWA,04-01-2024,0
115,NIGER,04-01-2024,0
115,OGUN,04-01-2024,0
115,ONDO,04-01-2024,0
115,OSUN,04-01-2024,0
115,OYO,04-01-2024,0
115,PLATEAU,04-01-2024,0
115,RIVERS,04-01-2024,0
115,SOKOTO,04-01-2024,0
115,TARABA,04-01-2024,0
115,YOBE,04-01-2024,0
115,ZAMFARA,04-01-2024,0
115,FCT,04-01-2024,0
115,FOREIGN,04-01-2024,0
125,ABIA,04-01-2024,3
125,ADAMAWA,04-01-2024,0
125,AKWA IBOM,04-01-2024,0
125,BAUCHI,04-01-2024,0
125,BAYELSA,04-01-2024,1
125,BENUE,04-01-2024,2
125,BORNO,04-01-2024,0
125,CROSS RIVER,04-01-2024,1
125,DELTA,04-01-2024,2
125,EBONYI,04-01-2024,49
125,EDO,04-01-2024,0
125,EKITI,04-01-2024,0
125,ENUGU,04-01-2024,21
125,GOMBE,04-01-2024,0
125,IMO,04-01-2024,6
125,JIGAWA,04-01-2024,0
125,KADUNA,04-01-2024,1
125,KANO,04-01-2024,0
125,KATSINA,04-01-2024,0
125,KEBBI,04-01-2024,0
125,KOGI,04-01-2024,0
125,KWARA,04-01-2024,0
125,LAGOS,04-01-2024,0
125,NASARAWA,04-01-2024,0
125,NIGER,04-01-2024,0
125,OGUN,04-01-2024,0
125,ONDO,04-01-2024,0
125,OSUN,04-01-2024,1
125,OYO,04-01-2024,0
125,PLATEAU,04-01-2024,0
125,RIVERS,04-01-2024,0
125,SOKOTO,04-01-2024,0
125,TARABA,04-01-2024,0
125,YOBE,04-01-2024,0
125,ZAMFARA,04-01-2024,0
125,FCT,04-01-2024,0
125,FOREIGN,04-01-2024,2
120,ABIA,04-01-2024,2
120,ADAMAWA,04-01-2024,0
120,AKWA IBOM,04-01-2024,0
120,BAUCHI,04-01-2024,0
120,BAYELSA,04-01-2024,0
120,BENUE,04-01-2024,1
120,BORNO,04-01-2024,0
120,CROSS RIVER,04-01-2024,5
120,DELTA,04-01-2024,0
120,EBONYI,04-01-2024,4
120,EDO,04-01-2024,0
120,EKITI,04-01-2024,0
120,ENUGU,04-01-2024,31
120,GOMBE,04-01-2024,0
120,IMO,04-01-2024,2
120,JIGAWA,04-01-2024,0
120,KADUNA,04-01-2024,0
120,KANO,04-01-2024,0
120,KATSINA,04-01-2024,0
120,KEBBI,04-01-2024,0
120,KOGI,04-01-2024,0
120,KWARA,04-01-2024,0
120,LAGOS,04-01-2024,0
120,NASARAWA,04-01-2024,0
120,NIGER,04-01-2024,0
120,OGUN,04-01-2024,0
120,ONDO,04-01-2024,0
120,OSUN,04-01-2024,0
120,OYO,04-01-2024,0
120,PLATEAU,04-01-2024,0
120,RIVERS,04-01-2024,0
120,SOKOTO,04-01-2024,0
120,TARABA,04-01-2024,0
120,YOBE,04-01-2024,0
120,ZAMFARA,04-01-2024,0
120,FCT,04-01-2024,0
120,FOREIGN,04-01-2024,0
128,ABIA,04-01-2024,8
128,ADAMAWA,04-01-2024,4
128,AKWA IBOM,04-01-2024,2
128,BAUCHI,04-01-2024,0
128,BAYELSA,04-01-2024,0
128,BENUE,04-01-2024,1
128,BORNO,04-01-2024,0
128,CROSS RIVER,04-01-2024,0
128,DELTA,04-01-2024,3
128,EBONYI,04-01-2024,20
128,EDO,04-01-2024,0
128,EKITI,04-01-2024,0
128,ENUGU,04-01-2024,27
128,GOMBE,04-01-2024,0
128,IMO,04-01-2024,4
128,JIGAWA,04-01-2024,0
128,KADUNA,04-01-2024,0
128,KANO,04-01-2024,0
128,KATSINA,04-01-2024,0
128,KEBBI,04-01-2024,0
128,KOGI,04-01-2024,0
128,KWARA,04-01-2024,0
128,LAGOS,04-01-2024,0
128,NASARAWA,04-01-2024,0
128,NIGER,04-01-2024,0
128,OGUN,04-01-2024,0
128,ONDO,04-01-2024,0
128,OSUN,04-01-2024,0
128,OYO,04-01-2024,0
128,PLATEAU,04-01-2024,0
128,RIVERS,04-01-2024,0
128,SOKOTO,04-01-2024,0
128,TARABA,04-01-2024,0
128,YOBE,04-01-2024,0
128,ZAMFARA,04-01-2024,0
128,FCT,04-01-2024,0
128,FOREIGN,04-01-2024,0
142,ABIA,04-01-2024,14
142,ADAMAWA,04-01-2024,1
142,AKWA IBOM,04-01-2024,4
142,BAUCHI,04-01-2024,0
142,BAYELSA,04-01-2024,5
142,BENUE,04-01-2024,11
142,BORNO,04-01-2024,2
142,CROSS RIVER,04-01-2024,7
142,DELTA,04-01-2024,3
142,EBONYI,04-01-2024,68
142,EDO,04-01-2024,7
142,EKITI,04-01-2024,0
142,ENUGU,04-01-2024,170
142,GOMBE,04-01-2024,0
142,IMO,04-01-2024,24
142,JIGAWA,04-01-2024,0
142,KADUNA,04-01-2024,4
142,KANO,04-01-2024,0
142,KATSINA,04-01-2024,0
142,KEBBI,04-01-2024,0
142,KOGI,04-01-2024,5
142,KWARA,04-01-2024,2
142,LAGOS,04-01-2024,0
142,NASARAWA,04-01-2024,3
142,NIGER,04-01-2024,0
142,OGUN,04-01-2024,0
142,ONDO,04-01-2024,1
142,OSUN,04-01-2024,0
142,OYO,04-01-2024,0
142,PLATEAU,04-01-2024,1
142,RIVERS,04-01-2024,4
142,SOKOTO,04-01-2024,0
142,TARABA,04-01-2024,1
142,YOBE,04-01-2024,0
142,ZAMFARA,04-01-2024,0
142,FCT,04-01-2024,0
142,FOREIGN,04-01-2024,0
146,ABIA,04-01-2024,15
146,ADAMAWA,04-01-2024,0
146,AKWA IBOM,04-01-2024,0
146,BAUCHI,04-01-2024,1
146,BAYELSA,04-01-2024,0
146,BENUE,04-01-2024,0
146,BORNO,04-01-2024,0
146,CROSS RIVER,04-01-2024,2
146,DELTA,04-01-2024,1
146,EBONYI,04-01-2024,61
146,EDO,04-01-2024,0
146,EKITI,04-01-2024,0
146,ENUGU,04-01-2024,69
146,GOMBE,04-01-2024,0
146,IMO,04-01-2024,20
146,JIGAWA,04-01-2024,0
146,KADUNA,04-01-2024,0
146,KANO,04-01-2024,0
146,KATSINA,04-01-2024,0
146,KEBBI,04-01-2024,0
146,KOGI,04-01-2024,2
146,KWARA,04-01-2024,1
146,LAGOS,04-01-2024,0
146,NASARAWA,04-01-2024,0
146,NIGER,04-01-2024,0
146,OGUN,04-01-2024,0
146,ONDO,04-01-2024,0
146,OSUN,04-01-2024,1
146,OYO,04-01-2024,0
146,PLATEAU,04-01-2024,0
146,RIVERS,04-01-2024,0
146,SOKOTO,04-01-2024,0
146,TARABA,04-01-2024,0
146,YOBE,04-01-2024,0
146,ZAMFARA,04-01-2024,0
146,FCT,04-01-2024,0
146,FOREIGN,04-01-2024,0
145,ABIA,04-01-2024,0
145,ADAMAWA,04-01-2024,0
145,AKWA IBOM,04-01-2024,1
145,BAUCHI,04-01-2024,0
145,BAYELSA,04-01-2024,0
145,BENUE,04-01-2024,0
145,BORNO,04-01-2024,0
145,CROSS RIVER,04-01-2024,0
145,DELTA,04-01-2024,0
145,EBONYI,04-01-2024,8
145,EDO,04-01-2024,0
145,EKITI,04-01-2024,0
145,ENUGU,04-01-2024,4
145,GOMBE,04-01-2024,0
145,IMO,04-01-2024,1
145,JIGAWA,04-01-2024,0
145,KADUNA,04-01-2024,0
145,KANO,04-01-2024,0
145,KATSINA,04-01-2024,0
145,KEBBI,04-01-2024,0
145,KOGI,04-01-2024,0
145,KWARA,04-01-2024,0
145,LAGOS,04-01-2024,0
145,NASARAWA,04-01-2024,0
145,NIGER,04-01-2024,0
145,OGUN,04-01-2024,0
145,ONDO,04-01-2024,0
145,OSUN,04-01-2024,0
145,OYO,04-01-2024,0
145,PLATEAU,04-01-2024,1
145,RIVERS,04-01-2024,0
145,SOKOTO,04-01-2024,0
145,TARABA,04-01-2024,0
145,YOBE,04-01-2024,0
145,ZAMFARA,04-01-2024,0
145,FCT,04-01-2024,0
145,FOREIGN,04-01-2024,0
147,ABIA,04-01-2024,0
147,ADAMAWA,04-01-2024,0
147,AKWA IBOM,04-01-2024,0
147,BAUCHI,04-01-2024,0
147,BAYELSA,04-01-2024,0
147,BENUE,04-01-2024,0
147,BORNO,04-01-2024,0
147,CROSS RIVER,04-01-2024,1
147,DELTA,04-01-2024,0
147,EBONYI,04-01-2024,5
147,EDO,04-01-2024,1
147,EKITI,04-01-2024,0
147,ENUGU,04-01-2024,11
147,GOMBE,04-01-2024,0
147,IMO,04-01-2024,4
147,JIGAWA,04-01-2024,0
147,KADUNA,04-01-2024,0
147,KANO,04-01-2024,0
147,KATSINA,04-01-2024,0
147,KEBBI,04-01-2024,0
147,KOGI,04-01-2024,0
147,KWARA,04-01-2024,0
147,LAGOS,04-01-2024,0
147,NASARAWA,04-01-2024,0
147,NIGER,04-01-2024,0
147,OGUN,04-01-2024,0
147,ONDO,04-01-2024,0
147,OSUN,04-01-2024,0
147,OYO,04-01-2024,0
147,PLATEAU,04-01-2024,0
147,RIVERS,04-01-2024,0
147,SOKOTO,04-01-2024,0
147,TARABA,04-01-2024,0
147,YOBE,04-01-2024,0
147,ZAMFARA,04-01-2024,0
147,FCT,04-01-2024,0
147,FOREIGN,04-01-2024,0
141,ABIA,04-01-2024,0
141,ADAMAWA,04-01-2024,0
141,AKWA IBOM,04-01-2024,0
141,BAUCHI,04-01-2024,0
141,BAYELSA,04-01-2024,0
141,BENUE,04-01-2024,0
141,BORNO,04-01-2024,0
141,CROSS RIVER,04-01-2024,0
141,DELTA,04-01-2024,0
141,EBONYI,04-01-2024,14
141,EDO,04-01-2024,0
141,EKITI,04-01-2024,0
141,ENUGU,04-01-2024,5
141,GOMBE,04-01-2024,0
141,IMO,04-01-2024,3
141,JIGAWA,04-01-2024,0
141,KADUNA,04-01-2024,0
141,KANO,04-01-2024,0
141,KATSINA,04-01-2024,0
141,KEBBI,04-01-2024,0
141,KOGI,04-01-2024,0
141,KWARA,04-01-2024,0
141,LAGOS,04-01-2024,0
141,NASARAWA,04-01-2024,0
141,NIGER,04-01-2024,0
141,OGUN,04-01-2024,0
141,ONDO,04-01-2024,0
141,OSUN,04-01-2024,0
141,OYO,04-01-2024,0
141,PLATEAU,04-01-2024,0
141,RIVERS,04-01-2024,0
141,SOKOTO,04-01-2024,0
141,TARABA,04-01-2024,0
141,YOBE,04-01-2024,0
141,ZAMFARA,04-01-2024,0
141,FCT,04-01-2024,0
141,FOREIGN,04-01-2024,0
143,ABIA,04-01-2024,1
143,ADAMAWA,04-01-2024,0
143,AKWA IBOM,04-01-2024,1
143,BAUCHI,04-01-2024,0
143,BAYELSA,04-01-2024,0
143,BENUE,04-01-2024,0
143,BORNO,04-01-2024,0
143,CROSS RIVER,04-01-2024,0
143,DELTA,04-01-2024,0
143,EBONYI,04-01-2024,16
143,EDO,04-01-2024,0
143,EKITI,04-01-2024,0
143,ENUGU,04-01-2024,10
143,GOMBE,04-01-2024,0
143,IMO,04-01-2024,3
143,JIGAWA,04-01-2024,0
143,KADUNA,04-01-2024,0
143,KANO,04-01-2024,0
143,KATSINA,04-01-2024,0
143,KEBBI,04-01-2024,0
143,KOGI,04-01-2024,1
143,KWARA,04-01-2024,0
143,LAGOS,04-01-2024,0
143,NASARAWA,04-01-2024,0
143,NIGER,04-01-2024,0
143,OGUN,04-01-2024,0
143,ONDO,04-01-2024,0
143,OSUN,04-01-2024,0
143,OYO,04-01-2024,0
143,PLATEAU,04-01-2024,0
143,RIVERS,04-01-2024,0
143,SOKOTO,04-01-2024,0
143,TARABA,04-01-2024,0
143,YOBE,04-01-2024,0
143,ZAMFARA,04-01-2024,0
143,FCT,04-01-2024,0
143,FOREIGN,04-01-2024,0
148,ABIA,04-01-2024,0
148,ADAMAWA,04-01-2024,0
148,AKWA IBOM,04-01-2024,0
148,BAUCHI,04-01-2024,0
148,BAYELSA,04-01-2024,0
148,BENUE,04-01-2024,0
148,BORNO,04-01-2024,0
148,CROSS RIVER,04-01-2024,0
148,DELTA,04-01-2024,0
148,EBONYI,04-01-2024,1
148,EDO,04-01-2024,0
148,EKITI,04-01-2024,0
148,ENUGU,04-01-2024,3
148,GOMBE,04-01-2024,0
148,IMO,04-01-2024,0
148,JIGAWA,04-01-2024,0
148,KADUNA,04-01-2024,0
148,KANO,04-01-2024,0
148,KATSINA,04-01-2024,0
148,KEBBI,04-01-2024,0
148,KOGI,04-01-2024,0
148,KWARA,04-01-2024,0
148,LAGOS,04-01-2024,0
148,NASARAWA,04-01-2024,0
148,NIGER,04-01-2024,0
148,OGUN,04-01-2024,0
148,ONDO,04-01-2024,0
148,OSUN,04-01-2024,0
148,OYO,04-01-2024,0
148,PLATEAU,04-01-2024,0
148,RIVERS,04-01-2024,0
148,SOKOTO,04-01-2024,0
148,TARABA,04-01-2024,0
148,YOBE,04-01-2024,0
148,ZAMFARA,04-01-2024,0
148,FCT,04-01-2024,0
148,FOREIGN,04-01-2024,0
1035,ABIA,04-01-2024,0
1035,ADAMAWA,04-01-2024,0
1035,AKWA IBOM,04-01-2024,0
1035,BAUCHI,04-01-2024,0
1035,BAYELSA,04-01-2024,0
1035,BENUE,04-01-2024,0
1035,BORNO,04-01-2024,0
1035,CROSS RIVER,04-01-2024,0
1035,DELTA,04-01-2024,0
1035,EBONYI,04-01-2024,3
1035,EDO,04-01-2024,0
1035,EKITI,04-01-2024,0
1035,ENUGU,04-01-2024,0
1035,GOMBE,04-01-2024,0
1035,IMO,04-01-2024,0
1035,JIGAWA,04-01-2024,0
1035,KADUNA,04-01-2024,0
1035,KANO,04-01-2024,0
1035,KATSINA,04-01-2024,0
1035,KEBBI,04-01-2024,0
1035,KOGI,04-01-2024,0
1035,KWARA,04-01-2024,0
1035,LAGOS,04-01-2024,0
1035,NASARAWA,04-01-2024,0
1035,NIGER,04-01-2024,0
1035,OGUN,04-01-2024,0
1035,ONDO,04-01-2024,0
1035,OSUN,04-01-2024,0
1035,OYO,04-01-2024,0
1035,PLATEAU,04-01-2024,0
1035,RIVERS,04-01-2024,0
1035,SOKOTO,04-01-2024,0
1035,TARABA,04-01-2024,0
1035,YOBE,04-01-2024,0
1035,ZAMFARA,04-01-2024,0
1035,FCT,04-01-2024,0
1035,FOREIGN,04-01-2024,0
1036,ABIA,04-01-2024,0
1036,ADAMAWA,04-01-2024,0
1036,AKWA IBOM,04-01-2024,0
1036,BAUCHI,04-01-2024,0
1036,BAYELSA,04-01-2024,0
1036,BENUE,04-01-2024,0
1036,BORNO,04-01-2024,0
1036,CROSS RIVER,04-01-2024,0
1036,DELTA,04-01-2024,0
1036,EBONYI,04-01-2024,0
1036,EDO,04-01-2024,0
1036,EKITI,04-01-2024,0
1036,ENUGU,04-01-2024,2
1036,GOMBE,04-01-2024,0
1036,IMO,04-01-2024,0
1036,JIGAWA,04-01-2024,0
1036,KADUNA,04-01-2024,0
1036,KANO,04-01-2024,0
1036,KATSINA,04-01-2024,0
1036,KEBBI,04-01-2024,0
1036,KOGI,04-01-2024,0
1036,KWARA,04-01-2024,0
1036,LAGOS,04-01-2024,0
1036,NASARAWA,04-01-2024,0
1036,NIGER,04-01-2024,0
1036,OGUN,04-01-2024,0
1036,ONDO,04-01-2024,0
1036,OSUN,04-01-2024,0
1036,OYO,04-01-2024,0
1036,PLATEAU,04-01-2024,1
1036,RIVERS,04-01-2024,0
1036,SOKOTO,04-01-2024,0
1036,TARABA,04-01-2024,0
1036,YOBE,04-01-2024,0
1036,ZAMFARA,04-01-2024,0
1036,FCT,04-01-2024,0
1036,FOREIGN,04-01-2024,0
144,ABIA,04-01-2024,0
144,ADAMAWA,04-01-2024,2
144,AKWA IBOM,04-01-2024,0
144,BAUCHI,04-01-2024,0
144,BAYELSA,04-01-2024,0
144,BENUE,04-01-2024,0
144,BORNO,04-01-2024,0
144,CROSS RIVER,04-01-2024,1
144,DELTA,04-01-2024,0
144,EBONYI,04-01-2024,3
144,EDO,04-01-2024,0
144,EKITI,04-01-2024,0
144,ENUGU,04-01-2024,0
144,GOMBE,04-01-2024,0
144,IMO,04-01-2024,0
144,JIGAWA,04-01-2024,0
144,KADUNA,04-01-2024,0
144,KANO,04-01-2024,0
144,KATSINA,04-01-2024,0
144,KEBBI,04-01-2024,0
144,KOGI,04-01-2024,0
144,KWARA,04-01-2024,0
144,LAGOS,04-01-2024,0
144,NASARAWA,04-01-2024,0
144,NIGER,04-01-2024,0
144,OGUN,04-01-2024,0
144,ONDO,04-01-2024,0
144,OSUN,04-01-2024,0
144,OYO,04-01-2024,0
144,PLATEAU,04-01-2024,0
144,RIVERS,04-01-2024,0
144,SOKOTO,04-01-2024,0
144,TARABA,04-01-2024,0
144,YOBE,04-01-2024,0
144,ZAMFARA,04-01-2024,0
144,FCT,04-01-2024,0
144,FOREIGN,04-01-2024,0
178,ABIA,04-01-2024,16
178,ADAMAWA,04-01-2024,0
178,AKWA IBOM,04-01-2024,5
178,BAUCHI,04-01-2024,0
178,BAYELSA,04-01-2024,1
178,BENUE,04-01-2024,9
178,BORNO,04-01-2024,0
178,CROSS RIVER,04-01-2024,5
178,DELTA,04-01-2024,10
178,EBONYI,04-01-2024,65
178,EDO,04-01-2024,1
178,EKITI,04-01-2024,2
178,ENUGU,04-01-2024,203
178,GOMBE,04-01-2024,0
178,IMO,04-01-2024,50
178,JIGAWA,04-01-2024,0
178,KADUNA,04-01-2024,2
178,KANO,04-01-2024,0
178,KATSINA,04-01-2024,0
178,KEBBI,04-01-2024,0
178,KOGI,04-01-2024,7
178,KWARA,04-01-2024,0
178,LAGOS,04-01-2024,1
178,NASARAWA,04-01-2024,0
178,NIGER,04-01-2024,1
178,OGUN,04-01-2024,0
178,ONDO,04-01-2024,0
178,OSUN,04-01-2024,1
178,OYO,04-01-2024,0
178,PLATEAU,04-01-2024,1
178,RIVERS,04-01-2024,1
178,SOKOTO,04-01-2024,0
178,TARABA,04-01-2024,0
178,YOBE,04-01-2024,0
178,ZAMFARA,04-01-2024,0
178,FCT,04-01-2024,0
178,FOREIGN,04-01-2024,0
175,ABIA,04-01-2024,26
175,ADAMAWA,04-01-2024,0
175,AKWA IBOM,04-01-2024,3
175,BAUCHI,04-01-2024,0
175,BAYELSA,04-01-2024,0
175,BENUE,04-01-2024,1
175,BORNO,04-01-2024,0
175,CROSS RIVER,04-01-2024,10
175,DELTA,04-01-2024,3
175,EBONYI,04-01-2024,94
175,EDO,04-01-2024,3
175,EKITI,04-01-2024,2
175,ENUGU,04-01-2024,196
175,GOMBE,04-01-2024,0
175,IMO,04-01-2024,28
175,JIGAWA,04-01-2024,0
175,KADUNA,04-01-2024,1
175,KANO,04-01-2024,0
175,KATSINA,04-01-2024,0
175,KEBBI,04-01-2024,0
175,KOGI,04-01-2024,4
175,KWARA,04-01-2024,1
175,LAGOS,04-01-2024,0
175,NASARAWA,04-01-2024,0
175,NIGER,04-01-2024,0
175,OGUN,04-01-2024,0
175,ONDO,04-01-2024,1
175,OSUN,04-01-2024,2
175,OYO,04-01-2024,5
175,PLATEAU,04-01-2024,3
175,RIVERS,04-01-2024,3
175,SOKOTO,04-01-2024,1
175,TARABA,04-01-2024,0
175,YOBE,04-01-2024,0
175,ZAMFARA,04-01-2024,0
175,FCT,04-01-2024,0
175,FOREIGN,04-01-2024,2
173,ABIA,04-01-2024,26
173,ADAMAWA,04-01-2024,0
173,AKWA IBOM,04-01-2024,4
173,BAUCHI,04-01-2024,0
173,BAYELSA,04-01-2024,2
173,BENUE,04-01-2024,7
173,BORNO,04-01-2024,0
173,CROSS RIVER,04-01-2024,3
173,DELTA,04-01-2024,13
173,EBONYI,04-01-2024,58
173,EDO,04-01-2024,2
173,EKITI,04-01-2024,0
173,ENUGU,04-01-2024,140
173,GOMBE,04-01-2024,0
173,IMO,04-01-2024,34
173,JIGAWA,04-01-2024,0
173,KADUNA,04-01-2024,0
173,KANO,04-01-2024,0
173,KATSINA,04-01-2024,0
173,KEBBI,04-01-2024,0
173,KOGI,04-01-2024,1
173,KWARA,04-01-2024,1
173,LAGOS,04-01-2024,0
173,NASARAWA,04-01-2024,0
173,NIGER,04-01-2024,0
173,OGUN,04-01-2024,0
173,ONDO,04-01-2024,0
173,OSUN,04-01-2024,3
173,OYO,04-01-2024,0
173,PLATEAU,04-01-2024,0
173,RIVERS,04-01-2024,0
173,SOKOTO,04-01-2024,0
173,TARABA,04-01-2024,0
173,YOBE,04-01-2024,0
173,ZAMFARA,04-01-2024,0
173,FCT,04-01-2024,0
173,FOREIGN,04-01-2024,1
169,ABIA,04-01-2024,27
169,ADAMAWA,04-01-2024,3
169,AKWA IBOM,04-01-2024,11
169,BAUCHI,04-01-2024,0
169,BAYELSA,04-01-2024,1
169,BENUE,04-01-2024,8
169,BORNO,04-01-2024,0
169,CROSS RIVER,04-01-2024,14
169,DELTA,04-01-2024,9
169,EBONYI,04-01-2024,134
169,EDO,04-01-2024,15
169,EKITI,04-01-2024,1
169,ENUGU,04-01-2024,222
169,GOMBE,04-01-2024,0
169,IMO,04-01-2024,39
169,JIGAWA,04-01-2024,0
169,KADUNA,04-01-2024,0
169,KANO,04-01-2024,0
169,KATSINA,04-01-2024,0
169,KEBBI,04-01-2024,0
169,KOGI,04-01-2024,11
169,KWARA,04-01-2024,0
169,LAGOS,04-01-2024,0
169,NASARAWA,04-01-2024,0
169,NIGER,04-01-2024,0
169,OGUN,04-01-2024,3
169,ONDO,04-01-2024,0
169,OSUN,04-01-2024,11
169,OYO,04-01-2024,1
169,PLATEAU,04-01-2024,4
169,RIVERS,04-01-2024,5
169,SOKOTO,04-01-2024,0
169,TARABA,04-01-2024,0
169,YOBE,04-01-2024,0
169,ZAMFARA,04-01-2024,0
169,FCT,04-01-2024,0
169,FOREIGN,04-01-2024,0
163,ABIA,04-01-2024,123
163,ADAMAWA,04-01-2024,4
163,AKWA IBOM,04-01-2024,8
163,BAUCHI,04-01-2024,0
163,BAYELSA,04-01-2024,1
163,BENUE,04-01-2024,2
163,BORNO,04-01-2024,0
163,CROSS RIVER,04-01-2024,10
163,DELTA,04-01-2024,7
163,EBONYI,04-01-2024,232
163,EDO,04-01-2024,5
163,EKITI,04-01-2024,1
163,ENUGU,04-01-2024,254
163,GOMBE,04-01-2024,0
163,IMO,04-01-2024,38
163,JIGAWA,04-01-2024,0
163,KADUNA,04-01-2024,0
163,KANO,04-01-2024,0
163,KATSINA,04-01-2024,0
163,KEBBI,04-01-2024,0
163,KOGI,04-01-2024,1
163,KWARA,04-01-2024,0
163,LAGOS,04-01-2024,0
163,NASARAWA,04-01-2024,1
163,NIGER,04-01-2024,0
163,OGUN,04-01-2024,0
163,ONDO,04-01-2024,2
163,OSUN,04-01-2024,2
163,OYO,04-01-2024,0
163,PLATEAU,04-01-2024,1
163,RIVERS,04-01-2024,1
163,SOKOTO,04-01-2024,0
163,TARABA,04-01-2024,0
163,YOBE,04-01-2024,0
163,ZAMFARA,04-01-2024,0
163,FCT,04-01-2024,0
163,FOREIGN,04-01-2024,0
176,ABIA,04-01-2024,25
176,ADAMAWA,04-01-2024,3
176,AKWA IBOM,04-01-2024,4
176,BAUCHI,04-01-2024,0
176,BAYELSA,04-01-2024,4
176,BENUE,04-01-2024,19
176,BORNO,04-01-2024,0
176,CROSS RIVER,04-01-2024,5
176,DELTA,04-01-2024,16
176,EBONYI,04-01-2024,184
176,EDO,04-01-2024,3
176,EKITI,04-01-2024,0
176,ENUGU,04-01-2024,213
176,GOMBE,04-01-2024,0
176,IMO,04-01-2024,51
176,JIGAWA,04-01-2024,0
176,KADUNA,04-01-2024,2
176,KANO,04-01-2024,4
176,KATSINA,04-01-2024,0
176,KEBBI,04-01-2024,0
176,KOGI,04-01-2024,11
176,KWARA,04-01-2024,1
176,LAGOS,04-01-2024,1
176,NASARAWA,04-01-2024,0
176,NIGER,04-01-2024,1
176,OGUN,04-01-2024,4
176,ONDO,04-01-2024,0
176,OSUN,04-01-2024,4
176,OYO,04-01-2024,0
176,PLATEAU,04-01-2024,3
176,RIVERS,04-01-2024,1
176,SOKOTO,04-01-2024,1
176,TARABA,04-01-2024,0
176,YOBE,04-01-2024,0
176,ZAMFARA,04-01-2024,0
176,FCT,04-01-2024,1
176,FOREIGN,04-01-2024,1
172,ABIA,04-01-2024,4
172,ADAMAWA,04-01-2024,3
172,AKWA IBOM,04-01-2024,4
172,BAUCHI,04-01-2024,0
172,BAYELSA,04-01-2024,4
172,BENUE,04-01-2024,19
172,BORNO,04-01-2024,0
172,CROSS RIVER,04-01-2024,5
172,DELTA,04-01-2024,16
172,EBONYI,04-01-2024,184
172,EDO,04-01-2024,3
172,EKITI,04-01-2024,0
172,ENUGU,04-01-2024,213
172,GOMBE,04-01-2024,0
172,IMO,04-01-2024,51
172,JIGAWA,04-01-2024,0
172,KADUNA,04-01-2024,2
172,KANO,04-01-2024,4
172,KATSINA,04-01-2024,0
172,KEBBI,04-01-2024,0
172,KOGI,04-01-2024,11
172,KWARA,04-01-2024,1
172,LAGOS,04-01-2024,1
172,NASARAWA,04-01-2024,0
172,NIGER,04-01-2024,1
172,OGUN,04-01-2024,4
172,ONDO,04-01-2024,0
172,OSUN,04-01-2024,4
172,OYO,04-01-2024,0
172,PLATEAU,04-01-2024,3
172,RIVERS,04-01-2024,1
172,SOKOTO,04-01-2024,1
172,TARABA,04-01-2024,0
172,YOBE,04-01-2024,0
172,ZAMFARA,04-01-2024,0
172,FCT,04-01-2024,1
172,FOREIGN,04-01-2024,0
168,ABIA,04-01-2024,32
168,ADAMAWA,04-01-2024,1
168,AKWA IBOM,04-01-2024,27
168,BAUCHI,04-01-2024,1
168,BAYELSA,04-01-2024,3
168,BENUE,04-01-2024,8
168,BORNO,04-01-2024,0
168,CROSS RIVER,04-01-2024,14
168,DELTA,04-01-2024,11
168,EBONYI,04-01-2024,108
168,EDO,04-01-2024,5
168,EKITI,04-01-2024,2
168,ENUGU,04-01-2024,254
168,GOMBE,04-01-2024,0
168,IMO,04-01-2024,56
168,JIGAWA,04-01-2024,0
168,KADUNA,04-01-2024,0
168,KANO,04-01-2024,0
168,KATSINA,04-01-2024,0
168,KEBBI,04-01-2024,0
168,KOGI,04-01-2024,10
168,KWARA,04-01-2024,0
168,LAGOS,04-01-2024,0
168,NASARAWA,04-01-2024,0
168,NIGER,04-01-2024,0
168,OGUN,04-01-2024,0
168,ONDO,04-01-2024,0
168,OSUN,04-01-2024,0
168,OYO,04-01-2024,1
168,PLATEAU,04-01-2024,1
168,RIVERS,04-01-2024,2
168,SOKOTO,04-01-2024,0
168,TARABA,04-01-2024,0
168,YOBE,04-01-2024,0
168,ZAMFARA,04-01-2024,0
168,FCT,04-01-2024,0
168,FOREIGN,04-01-2024,1
177,ABIA,04-01-2024,1
177,ADAMAWA,04-01-2024,0
177,AKWA IBOM,04-01-2024,2
177,BAUCHI,04-01-2024,0
177,BAYELSA,04-01-2024,1
177,BENUE,04-01-2024,7
177,BORNO,04-01-2024,0
177,CROSS RIVER,04-01-2024,4
177,DELTA,04-01-2024,2
177,EBONYI,04-01-2024,71
177,EDO,04-01-2024,3
177,EKITI,04-01-2024,0
177,ENUGU,04-01-2024,60
177,GOMBE,04-01-2024,0
177,IMO,04-01-2024,7
177,JIGAWA,04-01-2024,0
177,KADUNA,04-01-2024,0
177,KANO,04-01-2024,0
177,KATSINA,04-01-2024,0
177,KEBBI,04-01-2024,0
177,KOGI,04-01-2024,2
177,KWARA,04-01-2024,0
177,LAGOS,04-01-2024,0
177,NASARAWA,04-01-2024,0
177,NIGER,04-01-2024,0
177,OGUN,04-01-2024,0
177,ONDO,04-01-2024,0
177,OSUN,04-01-2024,7
177,OYO,04-01-2024,0
177,PLATEAU,04-01-2024,1
177,RIVERS,04-01-2024,1
177,SOKOTO,04-01-2024,0
177,TARABA,04-01-2024,0
177,YOBE,04-01-2024,0
177,ZAMFARA,04-01-2024,0
177,FCT,04-01-2024,0
177,FOREIGN,04-01-2024,0
167,ABIA,04-01-2024,3
167,ADAMAWA,04-01-2024,0
167,AKWA IBOM,04-01-2024,0
167,BAUCHI,04-01-2024,0
167,BAYELSA,04-01-2024,0
167,BENUE,04-01-2024,5
167,BORNO,04-01-2024,0
167,CROSS RIVER,04-01-2024,1
167,DELTA,04-01-2024,0
167,EBONYI,04-01-2024,14
167,EDO,04-01-2024,0
167,EKITI,04-01-2024,0
167,ENUGU,04-01-2024,30
167,GOMBE,04-01-2024,0
167,IMO,04-01-2024,5
167,JIGAWA,04-01-2024,0
167,KADUNA,04-01-2024,0
167,KANO,04-01-2024,0
167,KATSINA,04-01-2024,0
167,KEBBI,04-01-2024,0
167,KOGI,04-01-2024,1
167,KWARA,04-01-2024,0
167,LAGOS,04-01-2024,0
167,NASARAWA,04-01-2024,0
167,NIGER,04-01-2024,0
167,OGUN,04-01-2024,0
167,ONDO,04-01-2024,0
167,OSUN,04-01-2024,0
167,OYO,04-01-2024,0
167,PLATEAU,04-01-2024,0
167,RIVERS,04-01-2024,0
167,SOKOTO,04-01-2024,0
167,TARABA,04-01-2024,0
167,YOBE,04-01-2024,0
167,ZAMFARA,04-01-2024,0
167,FCT,04-01-2024,0
167,FOREIGN,04-01-2024,2
170,ABIA,04-01-2024,7
170,ADAMAWA,04-01-2024,0
170,AKWA IBOM,04-01-2024,0
170,BAUCHI,04-01-2024,0
170,BAYELSA,04-01-2024,0
170,BENUE,04-01-2024,4
170,BORNO,04-01-2024,0
170,CROSS RIVER,04-01-2024,5
170,DELTA,04-01-2024,3
170,EBONYI,04-01-2024,83
170,EDO,04-01-2024,0
170,EKITI,04-01-2024,0
170,ENUGU,04-01-2024,137
170,GOMBE,04-01-2024,0
170,IMO,04-01-2024,32
170,JIGAWA,04-01-2024,0
170,KADUNA,04-01-2024,0
170,KANO,04-01-2024,1
170,KATSINA,04-01-2024,0
170,KEBBI,04-01-2024,0
170,KOGI,04-01-2024,2
170,KWARA,04-01-2024,0
170,LAGOS,04-01-2024,0
170,NASARAWA,04-01-2024,0
170,NIGER,04-01-2024,0
170,OGUN,04-01-2024,0
170,ONDO,04-01-2024,0
170,OSUN,04-01-2024,4
170,OYO,04-01-2024,1
170,PLATEAU,04-01-2024,1
170,RIVERS,04-01-2024,4
170,SOKOTO,04-01-2024,0
170,TARABA,04-01-2024,0
170,YOBE,04-01-2024,0
170,ZAMFARA,04-01-2024,0
170,FCT,04-01-2024,0
170,FOREIGN,04-01-2024,0
164,ABIA,04-01-2024,6
164,ADAMAWA,04-01-2024,0
164,AKWA IBOM,04-01-2024,1
164,BAUCHI,04-01-2024,0
164,BAYELSA,04-01-2024,0
164,BENUE,04-01-2024,2
164,BORNO,04-01-2024,0
164,CROSS RIVER,04-01-2024,4
164,DELTA,04-01-2024,1
164,EBONYI,04-01-2024,26
164,EDO,04-01-2024,0
164,EKITI,04-01-2024,0
164,ENUGU,04-01-2024,27
164,GOMBE,04-01-2024,0
164,IMO,04-01-2024,9
164,JIGAWA,04-01-2024,0
164,KADUNA,04-01-2024,0
164,KANO,04-01-2024,2
164,KATSINA,04-01-2024,0
164,KEBBI,04-01-2024,0
164,KOGI,04-01-2024,1
164,KWARA,04-01-2024,0
164,LAGOS,04-01-2024,0
164,NASARAWA,04-01-2024,0
164,NIGER,04-01-2024,2
164,OGUN,04-01-2024,0
164,ONDO,04-01-2024,0
164,OSUN,04-01-2024,1
164,OYO,04-01-2024,0
164,PLATEAU,04-01-2024,0
164,RIVERS,04-01-2024,0
164,SOKOTO,04-01-2024,0
164,TARABA,04-01-2024,0
164,YOBE,04-01-2024,0
164,ZAMFARA,04-01-2024,0
164,FCT,04-01-2024,0
164,FOREIGN,04-01-2024,0
165,ABIA,04-01-2024,10
165,ADAMAWA,04-01-2024,5
165,AKWA IBOM,04-01-2024,7
165,BAUCHI,04-01-2024,0
165,BAYELSA,04-01-2024,0
165,BENUE,04-01-2024,6
165,BORNO,04-01-2024,0
165,CROSS RIVER,04-01-2024,5
165,DELTA,04-01-2024,3
165,EBONYI,04-01-2024,52
165,EDO,04-01-2024,1
165,EKITI,04-01-2024,0
165,ENUGU,04-01-2024,61
165,GOMBE,04-01-2024,0
165,IMO,04-01-2024,8
165,JIGAWA,04-01-2024,0
165,KADUNA,04-01-2024,0
165,KANO,04-01-2024,0
165,KATSINA,04-01-2024,0
165,KEBBI,04-01-2024,0
165,KOGI,04-01-2024,0
165,KWARA,04-01-2024,0
165,LAGOS,04-01-2024,0
165,NASARAWA,04-01-2024,2
165,NIGER,04-01-2024,0
165,OGUN,04-01-2024,0
165,ONDO,04-01-2024,1
165,OSUN,04-01-2024,1
165,OYO,04-01-2024,0
165,PLATEAU,04-01-2024,1
165,RIVERS,04-01-2024,0
165,SOKOTO,04-01-2024,0
165,TARABA,04-01-2024,0
165,YOBE,04-01-2024,0
165,ZAMFARA,04-01-2024,0
165,FCT,04-01-2024,0
165,FOREIGN,04-01-2024,0
181,ABIA,04-01-2024,0
181,ADAMAWA,04-01-2024,0
181,AKWA IBOM,04-01-2024,0
181,BAUCHI,04-01-2024,0
181,BAYELSA,04-01-2024,0
181,BENUE,04-01-2024,0
181,BORNO,04-01-2024,0
181,CROSS RIVER,04-01-2024,0
181,DELTA,04-01-2024,0
181,EBONYI,04-01-2024,1
181,EDO,04-01-2024,0
181,EKITI,04-01-2024,0
181,ENUGU,04-01-2024,2
181,GOMBE,04-01-2024,0
181,IMO,04-01-2024,0
181,JIGAWA,04-01-2024,0
181,KADUNA,04-01-2024,0
181,KANO,04-01-2024,0
181,KATSINA,04-01-2024,0
181,KEBBI,04-01-2024,0
181,KOGI,04-01-2024,0
181,KWARA,04-01-2024,0
181,LAGOS,04-01-2024,0
181,NASARAWA,04-01-2024,0
181,NIGER,04-01-2024,0
181,OGUN,04-01-2024,0
181,ONDO,04-01-2024,0
181,OSUN,04-01-2024,0
181,OYO,04-01-2024,0
181,PLATEAU,04-01-2024,0
181,RIVERS,04-01-2024,0
181,SOKOTO,04-01-2024,0
181,TARABA,04-01-2024,0
181,YOBE,04-01-2024,0
181,ZAMFARA,04-01-2024,0
181,FCT,04-01-2024,0
181,FOREIGN,04-01-2024,0
180,ABIA,04-01-2024,3
180,ADAMAWA,04-01-2024,7
180,AKWA IBOM,04-01-2024,1
180,BAUCHI,04-01-2024,0
180,BAYELSA,04-01-2024,0
180,BENUE,04-01-2024,1
180,BORNO,04-01-2024,0
180,CROSS RIVER,04-01-2024,2
180,DELTA,04-01-2024,0
180,EBONYI,04-01-2024,50
180,EDO,04-01-2024,1
180,EKITI,04-01-2024,0
180,ENUGU,04-01-2024,44
180,GOMBE,04-01-2024,1
180,IMO,04-01-2024,8
180,JIGAWA,04-01-2024,0
180,KADUNA,04-01-2024,1
180,KANO,04-01-2024,0
180,KATSINA,04-01-2024,0
180,KEBBI,04-01-2024,0
180,KOGI,04-01-2024,2
180,KWARA,04-01-2024,0
180,LAGOS,04-01-2024,0
180,NASARAWA,04-01-2024,0
180,NIGER,04-01-2024,0
180,OGUN,04-01-2024,0
180,ONDO,04-01-2024,0
180,OSUN,04-01-2024,2
180,OYO,04-01-2024,0
180,PLATEAU,04-01-2024,0
180,RIVERS,04-01-2024,2
180,SOKOTO,04-01-2024,0
180,TARABA,04-01-2024,0
180,YOBE,04-01-2024,0
180,ZAMFARA,04-01-2024,0
180,FCT,04-01-2024,0
180,FOREIGN,04-01-2024,0
171,ABIA,04-01-2024,3
171,ADAMAWA,04-01-2024,0
171,AKWA IBOM,04-01-2024,0
171,BAUCHI,04-01-2024,0
171,BAYELSA,04-01-2024,0
171,BENUE,04-01-2024,9
171,BORNO,04-01-2024,0
171,CROSS RIVER,04-01-2024,4
171,DELTA,04-01-2024,0
171,EBONYI,04-01-2024,21
171,EDO,04-01-2024,0
171,EKITI,04-01-2024,0
171,ENUGU,04-01-2024,34
171,GOMBE,04-01-2024,0
171,IMO,04-01-2024,5
171,JIGAWA,04-01-2024,0
171,KADUNA,04-01-2024,0
171,KANO,04-01-2024,0
171,KATSINA,04-01-2024,0
171,KEBBI,04-01-2024,0
171,KOGI,04-01-2024,1
171,KWARA,04-01-2024,0
171,LAGOS,04-01-2024,0
171,NASARAWA,04-01-2024,0
171,NIGER,04-01-2024,0
171,OGUN,04-01-2024,0
171,ONDO,04-01-2024,0
171,OSUN,04-01-2024,3
171,OYO,04-01-2024,0
171,PLATEAU,04-01-2024,2
171,RIVERS,04-01-2024,0
171,SOKOTO,04-01-2024,0
171,TARABA,04-01-2024,0
171,YOBE,04-01-2024,0
171,ZAMFARA,04-01-2024,0
171,FCT,04-01-2024,0
171,FOREIGN,04-01-2024,0
174,ABIA,04-01-2024,3
174,ADAMAWA,04-01-2024,0
174,AKWA IBOM,04-01-2024,0
174,BAUCHI,04-01-2024,0
174,BAYELSA,04-01-2024,0
174,BENUE,04-01-2024,3
174,BORNO,04-01-2024,0
174,CROSS RIVER,04-01-2024,1
174,DELTA,04-01-2024,0
174,EBONYI,04-01-2024,10
174,EDO,04-01-2024,0
174,EKITI,04-01-2024,0
174,ENUGU,04-01-2024,11
174,GOMBE,04-01-2024,0
174,IMO,04-01-2024,1
174,JIGAWA,04-01-2024,0
174,KADUNA,04-01-2024,0
174,KANO,04-01-2024,0
174,KATSINA,04-01-2024,0
174,KEBBI,04-01-2024,0
174,KOGI,04-01-2024,0
174,KWARA,04-01-2024,0
174,LAGOS,04-01-2024,0
174,NASARAWA,04-01-2024,0
174,NIGER,04-01-2024,0
174,OGUN,04-01-2024,0
174,ONDO,04-01-2024,0
174,OSUN,04-01-2024,0
174,OYO,04-01-2024,0
174,PLATEAU,04-01-2024,0
174,RIVERS,04-01-2024,0
174,SOKOTO,04-01-2024,0
174,TARABA,04-01-2024,1
174,YOBE,04-01-2024,0
174,ZAMFARA,04-01-2024,0
174,FCT,04-01-2024,0
174,FOREIGN,04-01-2024,0
166,ABIA,04-01-2024,2
166,ADAMAWA,04-01-2024,0
166,AKWA IBOM,04-01-2024,0
166,BAUCHI,04-01-2024,0
166,BAYELSA,04-01-2024,3
166,BENUE,04-01-2024,0
166,BORNO,04-01-2024,0
166,CROSS RIVER,04-01-2024,0
166,DELTA,04-01-2024,1
166,EBONYI,04-01-2024,15
166,EDO,04-01-2024,0
166,EKITI,04-01-2024,0
166,ENUGU,04-01-2024,15
166,GOMBE,04-01-2024,0
166,IMO,04-01-2024,1
166,JIGAWA,04-01-2024,0
166,KADUNA,04-01-2024,0
166,KANO,04-01-2024,0
166,KATSINA,04-01-2024,0
166,KEBBI,04-01-2024,0
166,KOGI,04-01-2024,0
166,KWARA,04-01-2024,0
166,LAGOS,04-01-2024,0
166,NASARAWA,04-01-2024,0
166,NIGER,04-01-2024,0
166,OGUN,04-01-2024,0
166,ONDO,04-01-2024,2
166,OSUN,04-01-2024,0
166,OYO,04-01-2024,0
166,PLATEAU,04-01-2024,0
166,RIVERS,04-01-2024,0
166,SOKOTO,04-01-2024,0
166,TARABA,04-01-2024,0
166,YOBE,04-01-2024,0
166,ZAMFARA,04-01-2024,0
166,FCT,04-01-2024,0
166,FOREIGN,04-01-2024,0
179,ABIA,04-01-2024,32
179,ADAMAWA,04-01-2024,6
179,AKWA IBOM,04-01-2024,14
179,BAUCHI,04-01-2024,0
179,BAYELSA,04-01-2024,0
179,BENUE,04-01-2024,6
179,BORNO,04-01-2024,0
179,CROSS RIVER,04-01-2024,7
179,DELTA,04-01-2024,7
179,EBONYI,04-01-2024,118
179,EDO,04-01-2024,2
179,EKITI,04-01-2024,0
179,ENUGU,04-01-2024,150
179,GOMBE,04-01-2024,0
179,IMO,04-01-2024,37
179,JIGAWA,04-01-2024,0
179,KADUNA,04-01-2024,1
179,KANO,04-01-2024,0
179,KATSINA,04-01-2024,0
179,KEBBI,04-01-2024,0
179,KOGI,04-01-2024,10
179,KWARA,04-01-2024,0
179,LAGOS,04-01-2024,0
179,NASARAWA,04-01-2024,3
179,NIGER,04-01-2024,0
179,OGUN,04-01-2024,0
179,ONDO,04-01-2024,0
179,OSUN,04-01-2024,1
179,OYO,04-01-2024,0
179,PLATEAU,04-01-2024,3
179,RIVERS,04-01-2024,2
179,SOKOTO,04-01-2024,0
179,TARABA,04-01-2024,1
179,YOBE,04-01-2024,0
179,ZAMFARA,04-01-2024,0
179,FCT,04-01-2024,0
179,FOREIGN,04-01-2024,1
276,ABIA,04-01-2024,10
276,ADAMAWA,04-01-2024,0
276,AKWA IBOM,04-01-2024,3
276,BAUCHI,04-01-2024,0
276,BAYELSA,04-01-2024,0
276,BENUE,04-01-2024,0
276,BORNO,04-01-2024,0
276,CROSS RIVER,04-01-2024,0
276,DELTA,04-01-2024,5
276,EBONYI,04-01-2024,38
276,EDO,04-01-2024,0
276,EKITI,04-01-2024,0
276,ENUGU,04-01-2024,85
276,GOMBE,04-01-2024,0
276,IMO,04-01-2024,30
276,JIGAWA,04-01-2024,0
276,KADUNA,04-01-2024,0
276,KANO,04-01-2024,0
276,KATSINA,04-01-2024,0
276,KEBBI,04-01-2024,0
276,KOGI,04-01-2024,1
276,KWARA,04-01-2024,0
276,LAGOS,04-01-2024,0
276,NASARAWA,04-01-2024,0
276,NIGER,04-01-2024,0
276,OGUN,04-01-2024,0
276,ONDO,04-01-2024,0
276,OSUN,04-01-2024,0
276,OYO,04-01-2024,0
276,PLATEAU,04-01-2024,0
276,RIVERS,04-01-2024,1
276,SOKOTO,04-01-2024,0
276,TARABA,04-01-2024,0
276,YOBE,04-01-2024,0
276,ZAMFARA,04-01-2024,0
276,FCT,04-01-2024,0
276,FOREIGN,04-01-2024,0
277,ABIA,04-01-2024,7
277,ADAMAWA,04-01-2024,3
277,AKWA IBOM,04-01-2024,5
277,BAUCHI,04-01-2024,0
277,BAYELSA,04-01-2024,0
277,BENUE,04-01-2024,1
277,BORNO,04-01-2024,0
277,CROSS RIVER,04-01-2024,11
277,DELTA,04-01-2024,5
277,EBONYI,04-01-2024,47
277,EDO,04-01-2024,0
277,EKITI,04-01-2024,1
277,ENUGU,04-01-2024,66
277,GOMBE,04-01-2024,0
277,IMO,04-01-2024,10
277,JIGAWA,04-01-2024,0
277,KADUNA,04-01-2024,0
277,KANO,04-01-2024,0
277,KATSINA,04-01-2024,0
277,KEBBI,04-01-2024,0
277,KOGI,04-01-2024,2
277,KWARA,04-01-2024,0
277,LAGOS,04-01-2024,0
277,NASARAWA,04-01-2024,0
277,NIGER,04-01-2024,0
277,OGUN,04-01-2024,0
277,ONDO,04-01-2024,0
277,OSUN,04-01-2024,2
277,OYO,04-01-2024,0
277,PLATEAU,04-01-2024,2
277,RIVERS,04-01-2024,0
277,SOKOTO,04-01-2024,0
277,TARABA,04-01-2024,1
277,YOBE,04-01-2024,0
277,ZAMFARA,04-01-2024,0
277,FCT,04-01-2024,0
277,FOREIGN,04-01-2024,0
270,ABIA,04-01-2024,2
270,ADAMAWA,04-01-2024,0
270,AKWA IBOM,04-01-2024,1
270,BAUCHI,04-01-2024,0
270,BAYELSA,04-01-2024,0
270,BENUE,04-01-2024,3
270,BORNO,04-01-2024,0
270,CROSS RIVER,04-01-2024,0
270,DELTA,04-01-2024,1
270,EBONYI,04-01-2024,99
270,EDO,04-01-2024,2
270,EKITI,04-01-2024,0
270,ENUGU,04-01-2024,40
270,GOMBE,04-01-2024,0
270,IMO,04-01-2024,4
270,JIGAWA,04-01-2024,0
270,KADUNA,04-01-2024,0
270,KANO,04-01-2024,0
270,KATSINA,04-01-2024,0
270,KEBBI,04-01-2024,0
270,KOGI,04-01-2024,0
270,KWARA,04-01-2024,0
270,LAGOS,04-01-2024,0
270,NASARAWA,04-01-2024,0
270,NIGER,04-01-2024,1
270,OGUN,04-01-2024,0
270,ONDO,04-01-2024,0
270,OSUN,04-01-2024,0
270,OYO,04-01-2024,0
270,PLATEAU,04-01-2024,1
270,RIVERS,04-01-2024,0
270,SOKOTO,04-01-2024,0
270,TARABA,04-01-2024,0
270,YOBE,04-01-2024,0
270,ZAMFARA,04-01-2024,0
270,FCT,04-01-2024,0
270,FOREIGN,04-01-2024,0
274,ABIA,04-01-2024,1
274,ADAMAWA,04-01-2024,0
274,AKWA IBOM,04-01-2024,0
274,BAUCHI,04-01-2024,0
274,BAYELSA,04-01-2024,0
274,BENUE,04-01-2024,0
274,BORNO,04-01-2024,0
274,CROSS RIVER,04-01-2024,0
274,DELTA,04-01-2024,4
274,EBONYI,04-01-2024,34
274,EDO,04-01-2024,0
274,EKITI,04-01-2024,0
274,ENUGU,04-01-2024,20
274,GOMBE,04-01-2024,0
274,IMO,04-01-2024,8
274,JIGAWA,04-01-2024,0
274,KADUNA,04-01-2024,0
274,KANO,04-01-2024,0
274,KATSINA,04-01-2024,0
274,KEBBI,04-01-2024,0
274,KOGI,04-01-2024,0
274,KWARA,04-01-2024,0
274,LAGOS,04-01-2024,0
274,NASARAWA,04-01-2024,0
274,NIGER,04-01-2024,0
274,OGUN,04-01-2024,0
274,ONDO,04-01-2024,0
274,OSUN,04-01-2024,1
274,OYO,04-01-2024,1
274,PLATEAU,04-01-2024,1
274,RIVERS,04-01-2024,0
274,SOKOTO,04-01-2024,0
274,TARABA,04-01-2024,0
274,YOBE,04-01-2024,0
274,ZAMFARA,04-01-2024,0
274,FCT,04-01-2024,0
274,FOREIGN,04-01-2024,3
272,ABIA,04-01-2024,0
272,ADAMAWA,04-01-2024,2
272,AKWA IBOM,04-01-2024,2
272,BAUCHI,04-01-2024,0
272,BAYELSA,04-01-2024,0
272,BENUE,04-01-2024,0
272,BORNO,04-01-2024,0
272,CROSS RIVER,04-01-2024,1
272,DELTA,04-01-2024,2
272,EBONYI,04-01-2024,39
272,EDO,04-01-2024,0
272,EKITI,04-01-2024,0
272,ENUGU,04-01-2024,18
272,GOMBE,04-01-2024,0
272,IMO,04-01-2024,7
272,JIGAWA,04-01-2024,0
272,KADUNA,04-01-2024,0
272,KANO,04-01-2024,0
272,KATSINA,04-01-2024,0
272,KEBBI,04-01-2024,0
272,KOGI,04-01-2024,0
272,KWARA,04-01-2024,0
272,LAGOS,04-01-2024,0
272,NASARAWA,04-01-2024,0
272,NIGER,04-01-2024,0
272,OGUN,04-01-2024,0
272,ONDO,04-01-2024,0
272,OSUN,04-01-2024,0
272,OYO,04-01-2024,0
272,PLATEAU,04-01-2024,0
272,RIVERS,04-01-2024,2
272,SOKOTO,04-01-2024,0
272,TARABA,04-01-2024,2
272,YOBE,04-01-2024,0
272,ZAMFARA,04-01-2024,0
272,FCT,04-01-2024,0
272,FOREIGN,04-01-2024,0
273,ABIA,04-01-2024,1
273,ADAMAWA,04-01-2024,0
273,AKWA IBOM,04-01-2024,0
273,BAUCHI,04-01-2024,0
273,BAYELSA,04-01-2024,0
273,BENUE,04-01-2024,0
273,BORNO,04-01-2024,0
273,CROSS RIVER,04-01-2024,1
273,DELTA,04-01-2024,2
273,EBONYI,04-01-2024,12
273,EDO,04-01-2024,0
273,EKITI,04-01-2024,0
273,ENUGU,04-01-2024,7
273,GOMBE,04-01-2024,0
273,IMO,04-01-2024,4
273,JIGAWA,04-01-2024,0
273,KADUNA,04-01-2024,0
273,KANO,04-01-2024,0
273,KATSINA,04-01-2024,0
273,KEBBI,04-01-2024,0
273,KOGI,04-01-2024,0
273,KWARA,04-01-2024,0
273,LAGOS,04-01-2024,0
273,NASARAWA,04-01-2024,0
273,NIGER,04-01-2024,0
273,OGUN,04-01-2024,1
273,ONDO,04-01-2024,0
273,OSUN,04-01-2024,0
273,OYO,04-01-2024,0
273,PLATEAU,04-01-2024,0
273,RIVERS,04-01-2024,0
273,SOKOTO,04-01-2024,0
273,TARABA,04-01-2024,0
273,YOBE,04-01-2024,0
273,ZAMFARA,04-01-2024,0
273,FCT,04-01-2024,0
273,FOREIGN,04-01-2024,0
275,ABIA,04-01-2024,29
275,ADAMAWA,04-01-2024,0
275,AKWA IBOM,04-01-2024,0
275,BAUCHI,04-01-2024,0
275,BAYELSA,04-01-2024,0
275,BENUE,04-01-2024,0
275,BORNO,04-01-2024,0
275,CROSS RIVER,04-01-2024,0
275,DELTA,04-01-2024,8
275,EBONYI,04-01-2024,50
275,EDO,04-01-2024,0
275,EKITI,04-01-2024,1
275,ENUGU,04-01-2024,235
275,GOMBE,04-01-2024,0
275,IMO,04-01-2024,160
275,JIGAWA,04-01-2024,0
275,KADUNA,04-01-2024,0
275,KANO,04-01-2024,0
275,KATSINA,04-01-2024,0
275,KEBBI,04-01-2024,1
275,KOGI,04-01-2024,0
275,KWARA,04-01-2024,0
275,LAGOS,04-01-2024,0
275,NASARAWA,04-01-2024,0
275,NIGER,04-01-2024,0
275,OGUN,04-01-2024,1
275,ONDO,04-01-2024,0
275,OSUN,04-01-2024,0
275,OYO,04-01-2024,0
275,PLATEAU,04-01-2024,0
275,RIVERS,04-01-2024,1
275,SOKOTO,04-01-2024,0
275,TARABA,04-01-2024,0
275,YOBE,04-01-2024,0
275,ZAMFARA,04-01-2024,0
275,FCT,04-01-2024,0
275,FOREIGN,04-01-2024,0
271,ABIA,04-01-2024,0
271,ADAMAWA,04-01-2024,0
271,AKWA IBOM,04-01-2024,0
271,BAUCHI,04-01-2024,0
271,BAYELSA,04-01-2024,0
271,BENUE,04-01-2024,0
271,BORNO,04-01-2024,0
271,CROSS RIVER,04-01-2024,0
271,DELTA,04-01-2024,0
271,EBONYI,04-01-2024,2
271,EDO,04-01-2024,0
271,EKITI,04-01-2024,0
271,ENUGU,04-01-2024,1
271,GOMBE,04-01-2024,0
271,IMO,04-01-2024,0
271,JIGAWA,04-01-2024,0
271,KADUNA,04-01-2024,0
271,KANO,04-01-2024,0
271,KATSINA,04-01-2024,0
271,KEBBI,04-01-2024,0
271,KOGI,04-01-2024,0
271,KWARA,04-01-2024,0
271,LAGOS,04-01-2024,0
271,NASARAWA,04-01-2024,0
271,NIGER,04-01-2024,0
271,OGUN,04-01-2024,0
271,ONDO,04-01-2024,0
271,OSUN,04-01-2024,0
271,OYO,04-01-2024,0
271,PLATEAU,04-01-2024,0
271,RIVERS,04-01-2024,0
271,SOKOTO,04-01-2024,0
271,TARABA,04-01-2024,0
271,YOBE,04-01-2024,0
271,ZAMFARA,04-01-2024,0
271,FCT,04-01-2024,0
271,FOREIGN,04-01-2024,0
570,ABIA,04-01-2024,1
570,ADAMAWA,04-01-2024,1
570,AKWA IBOM,04-01-2024,1
570,BAUCHI,04-01-2024,0
570,BAYELSA,04-01-2024,0
570,BENUE,04-01-2024,1
570,BORNO,04-01-2024,0
570,CROSS RIVER,04-01-2024,1
570,DELTA,04-01-2024,2
570,EBONYI,04-01-2024,7
570,EDO,04-01-2024,1
570,EKITI,04-01-2024,0
570,ENUGU,04-01-2024,39
570,GOMBE,04-01-2024,0
570,IMO,04-01-2024,16
570,JIGAWA,04-01-2024,0
570,KADUNA,04-01-2024,0
570,KANO,04-01-2024,0
570,KATSINA,04-01-2024,0
570,KEBBI,04-01-2024,0
570,KOGI,04-01-2024,2
570,KWARA,04-01-2024,0
570,LAGOS,04-01-2024,1
570,NASARAWA,04-01-2024,0
570,NIGER,04-01-2024,0
570,OGUN,04-01-2024,0
570,ONDO,04-01-2024,0
570,OSUN,04-01-2024,0
570,OYO,04-01-2024,0
570,PLATEAU,04-01-2024,0
570,RIVERS,04-01-2024,0
570,SOKOTO,04-01-2024,0
570,TARABA,04-01-2024,0
570,YOBE,04-01-2024,0
570,ZAMFARA,04-01-2024,0
570,FCT,04-01-2024,0
570,FOREIGN,04-01-2024,0
571,ABIA,04-01-2024,0
571,ADAMAWA,04-01-2024,0
571,AKWA IBOM,04-01-2024,0
571,BAUCHI,04-01-2024,0
571,BAYELSA,04-01-2024,0
571,BENUE,04-01-2024,2
571,BORNO,04-01-2024,0
571,CROSS RIVER,04-01-2024,0
571,DELTA,04-01-2024,1
571,EBONYI,04-01-2024,6
571,EDO,04-01-2024,0
571,EKITI,04-01-2024,0
571,ENUGU,04-01-2024,15
571,GOMBE,04-01-2024,0
571,IMO,04-01-2024,4
571,JIGAWA,04-01-2024,0
571,KADUNA,04-01-2024,0
571,KANO,04-01-2024,0
571,KATSINA,04-01-2024,0
571,KEBBI,04-01-2024,0
571,KOGI,04-01-2024,0
571,KWARA,04-01-2024,0
571,LAGOS,04-01-2024,0
571,NASARAWA,04-01-2024,1
571,NIGER,04-01-2024,0
571,OGUN,04-01-2024,0
571,ONDO,04-01-2024,0
571,OSUN,04-01-2024,1
571,OYO,04-01-2024,0
571,PLATEAU,04-01-2024,0
571,RIVERS,04-01-2024,0
571,SOKOTO,04-01-2024,0
571,TARABA,04-01-2024,0
571,YOBE,04-01-2024,0
571,ZAMFARA,04-01-2024,0
571,FCT,04-01-2024,0
571,FOREIGN,04-01-2024,0
575,ABIA,04-01-2024,4
575,ADAMAWA,04-01-2024,0
575,AKWA IBOM,04-01-2024,0
575,BAUCHI,04-01-2024,0
575,BAYELSA,04-01-2024,0
575,BENUE,04-01-2024,1
575,BORNO,04-01-2024,0
575,CROSS RIVER,04-01-2024,0
575,DELTA,04-01-2024,3
575,EBONYI,04-01-2024,40
575,EDO,04-01-2024,1
575,EKITI,04-01-2024,1
575,ENUGU,04-01-2024,34
575,GOMBE,04-01-2024,0
575,IMO,04-01-2024,5
575,JIGAWA,04-01-2024,0
575,KADUNA,04-01-2024,0
575,KANO,04-01-2024,0
575,KATSINA,04-01-2024,0
575,KEBBI,04-01-2024,0
575,KOGI,04-01-2024,1
575,KWARA,04-01-2024,0
575,LAGOS,04-01-2024,0
575,NASARAWA,04-01-2024,0
575,NIGER,04-01-2024,0
575,OGUN,04-01-2024,0
575,ONDO,04-01-2024,0
575,OSUN,04-01-2024,0
575,OYO,04-01-2024,0
575,PLATEAU,04-01-2024,0
575,RIVERS,04-01-2024,1
575,SOKOTO,04-01-2024,0
575,TARABA,04-01-2024,0
575,YOBE,04-01-2024,0
575,ZAMFARA,04-01-2024,0
575,FCT,04-01-2024,0
575,FOREIGN,04-01-2024,0
573,ABIA,04-01-2024,7
573,ADAMAWA,04-01-2024,2
573,AKWA IBOM,04-01-2024,0
573,BAUCHI,04-01-2024,0
573,BAYELSA,04-01-2024,0
573,BENUE,04-01-2024,1
573,BORNO,04-01-2024,0
573,CROSS RIVER,04-01-2024,2
573,DELTA,04-01-2024,1
573,EBONYI,04-01-2024,39
573,EDO,04-01-2024,1
573,EKITI,04-01-2024,0
573,ENUGU,04-01-2024,32
573,GOMBE,04-01-2024,0
573,IMO,04-01-2024,1
573,JIGAWA,04-01-2024,0
573,KADUNA,04-01-2024,0
573,KANO,04-01-2024,0
573,KATSINA,04-01-2024,0
573,KEBBI,04-01-2024,0
573,KOGI,04-01-2024,0
573,KWARA,04-01-2024,0
573,LAGOS,04-01-2024,0
573,NASARAWA,04-01-2024,0
573,NIGER,04-01-2024,1
573,OGUN,04-01-2024,0
573,ONDO,04-01-2024,0
573,OSUN,04-01-2024,0
573,OYO,04-01-2024,0
573,PLATEAU,04-01-2024,0
573,RIVERS,04-01-2024,0
573,SOKOTO,04-01-2024,0
573,TARABA,04-01-2024,0
573,YOBE,04-01-2024,0
573,ZAMFARA,04-01-2024,0
573,FCT,04-01-2024,0
573,FOREIGN,04-01-2024,1
577,ABIA,04-01-2024,0
577,ADAMAWA,04-01-2024,0
577,AKWA IBOM,04-01-2024,1
577,BAUCHI,04-01-2024,0
577,BAYELSA,04-01-2024,0
577,BENUE,04-01-2024,0
577,BORNO,04-01-2024,0
577,CROSS RIVER,04-01-2024,1
577,DELTA,04-01-2024,5
577,EBONYI,04-01-2024,24
577,EDO,04-01-2024,0
577,EKITI,04-01-2024,0
577,ENUGU,04-01-2024,77
577,GOMBE,04-01-2024,0
577,IMO,04-01-2024,10
577,JIGAWA,04-01-2024,0
577,KADUNA,04-01-2024,0
577,KANO,04-01-2024,0
577,KATSINA,04-01-2024,0
577,KEBBI,04-01-2024,0
577,KOGI,04-01-2024,0
577,KWARA,04-01-2024,0
577,LAGOS,04-01-2024,0
577,NASARAWA,04-01-2024,0
577,NIGER,04-01-2024,0
577,OGUN,04-01-2024,0
577,ONDO,04-01-2024,0
577,OSUN,04-01-2024,0
577,OYO,04-01-2024,0
577,PLATEAU,04-01-2024,0
577,RIVERS,04-01-2024,1
577,SOKOTO,04-01-2024,0
577,TARABA,04-01-2024,0
577,YOBE,04-01-2024,0
577,ZAMFARA,04-01-2024,0
577,FCT,04-01-2024,0
577,FOREIGN,04-01-2024,0
567,ABIA,04-01-2024,0
567,ADAMAWA,04-01-2024,0
567,AKWA IBOM,04-01-2024,2
567,BAUCHI,04-01-2024,0
567,BAYELSA,04-01-2024,0
567,BENUE,04-01-2024,0
567,BORNO,04-01-2024,0
567,CROSS RIVER,04-01-2024,0
567,DELTA,04-01-2024,2
567,EBONYI,04-01-2024,7
567,EDO,04-01-2024,1
567,EKITI,04-01-2024,0
567,ENUGU,04-01-2024,21
567,GOMBE,04-01-2024,0
567,IMO,04-01-2024,5
567,JIGAWA,04-01-2024,0
567,KADUNA,04-01-2024,0
567,KANO,04-01-2024,0
567,KATSINA,04-01-2024,0
567,KEBBI,04-01-2024,0
567,KOGI,04-01-2024,0
567,KWARA,04-01-2024,0
567,LAGOS,04-01-2024,0
567,NASARAWA,04-01-2024,1
567,NIGER,04-01-2024,0
567,OGUN,04-01-2024,0
567,ONDO,04-01-2024,0
567,OSUN,04-01-2024,0
567,OYO,04-01-2024,0
567,PLATEAU,04-01-2024,1
567,RIVERS,04-01-2024,0
567,SOKOTO,04-01-2024,0
567,TARABA,04-01-2024,1
567,YOBE,04-01-2024,0
567,ZAMFARA,04-01-2024,0
567,FCT,04-01-2024,0
567,FOREIGN,04-01-2024,1
568,ABIA,04-01-2024,0
568,ADAMAWA,04-01-2024,0
568,AKWA IBOM,04-01-2024,0
568,BAUCHI,04-01-2024,0
568,BAYELSA,04-01-2024,0
568,BENUE,04-01-2024,0
568,BORNO,04-01-2024,0
568,CROSS RIVER,04-01-2024,2
568,DELTA,04-01-2024,2
568,EBONYI,04-01-2024,8
568,EDO,04-01-2024,0
568,EKITI,04-01-2024,0
568,ENUGU,04-01-2024,5
568,GOMBE,04-01-2024,0
568,IMO,04-01-2024,2
568,JIGAWA,04-01-2024,0
568,KADUNA,04-01-2024,0
568,KANO,04-01-2024,0
568,KATSINA,04-01-2024,0
568,KEBBI,04-01-2024,0
568,KOGI,04-01-2024,0
568,KWARA,04-01-2024,0
568,LAGOS,04-01-2024,0
568,NASARAWA,04-01-2024,0
568,NIGER,04-01-2024,0
568,OGUN,04-01-2024,0
568,ONDO,04-01-2024,0
568,OSUN,04-01-2024,0
568,OYO,04-01-2024,0
568,PLATEAU,04-01-2024,1
568,RIVERS,04-01-2024,0
568,SOKOTO,04-01-2024,0
568,TARABA,04-01-2024,0
568,YOBE,04-01-2024,0
568,ZAMFARA,04-01-2024,0
568,FCT,04-01-2024,0
568,FOREIGN,04-01-2024,0
572,ABIA,04-01-2024,5
572,ADAMAWA,04-01-2024,1
572,AKWA IBOM,04-01-2024,1
572,BAUCHI,04-01-2024,0
572,BAYELSA,04-01-2024,0
572,BENUE,04-01-2024,1
572,BORNO,04-01-2024,0
572,CROSS RIVER,04-01-2024,1
572,DELTA,04-01-2024,2
572,EBONYI,04-01-2024,7
572,EDO,04-01-2024,1
572,EKITI,04-01-2024,0
572,ENUGU,04-01-2024,39
572,GOMBE,04-01-2024,0
572,IMO,04-01-2024,16
572,JIGAWA,04-01-2024,0
572,KADUNA,04-01-2024,0
572,KANO,04-01-2024,0
572,KATSINA,04-01-2024,0
572,KEBBI,04-01-2024,0
572,KOGI,04-01-2024,2
572,KWARA,04-01-2024,0
572,LAGOS,04-01-2024,1
572,NASARAWA,04-01-2024,0
572,NIGER,04-01-2024,0
572,OGUN,04-01-2024,0
572,ONDO,04-01-2024,0
572,OSUN,04-01-2024,0
572,OYO,04-01-2024,0
572,PLATEAU,04-01-2024,0
572,RIVERS,04-01-2024,0
572,SOKOTO,04-01-2024,0
572,TARABA,04-01-2024,0
572,YOBE,04-01-2024,0
572,ZAMFARA,04-01-2024,0
572,FCT,04-01-2024,0
572,FOREIGN,04-01-2024,0
569,ABIA,04-01-2024,3
569,ADAMAWA,04-01-2024,0
569,AKWA IBOM,04-01-2024,0
569,BAUCHI,04-01-2024,0
569,BAYELSA,04-01-2024,0
569,BENUE,04-01-2024,6
569,BORNO,04-01-2024,0
569,CROSS RIVER,04-01-2024,0
569,DELTA,04-01-2024,1
569,EBONYI,04-01-2024,51
569,EDO,04-01-2024,1
569,EKITI,04-01-2024,0
569,ENUGU,04-01-2024,19
569,GOMBE,04-01-2024,0
569,IMO,04-01-2024,5
569,JIGAWA,04-01-2024,0
569,KADUNA,04-01-2024,0
569,KANO,04-01-2024,0
569,KATSINA,04-01-2024,0
569,KEBBI,04-01-2024,0
569,KOGI,04-01-2024,1
569,KWARA,04-01-2024,0
569,LAGOS,04-01-2024,0
569,NASARAWA,04-01-2024,0
569,NIGER,04-01-2024,0
569,OGUN,04-01-2024,0
569,ONDO,04-01-2024,1
569,OSUN,04-01-2024,0
569,OYO,04-01-2024,0
569,PLATEAU,04-01-2024,0
569,RIVERS,04-01-2024,0
569,SOKOTO,04-01-2024,0
569,TARABA,04-01-2024,0
569,YOBE,04-01-2024,0
569,ZAMFARA,04-01-2024,1
569,FCT,04-01-2024,0
569,FOREIGN,04-01-2024,0
574,ABIA,04-01-2024,7
574,ADAMAWA,04-01-2024,1
574,AKWA IBOM,04-01-2024,0
574,BAUCHI,04-01-2024,0
574,BAYELSA,04-01-2024,0
574,BENUE,04-01-2024,1
574,BORNO,04-01-2024,0
574,CROSS RIVER,04-01-2024,0
574,DELTA,04-01-2024,5
574,EBONYI,04-01-2024,36
574,EDO,04-01-2024,0
574,EKITI,04-01-2024,0
574,ENUGU,04-01-2024,48
574,GOMBE,04-01-2024,0
574,IMO,04-01-2024,8
574,JIGAWA,04-01-2024,0
574,KADUNA,04-01-2024,0
574,KANO,04-01-2024,0
574,KATSINA,04-01-2024,0
574,KEBBI,04-01-2024,2
574,KOGI,04-01-2024,0
574,KWARA,04-01-2024,0
574,LAGOS,04-01-2024,0
574,NASARAWA,04-01-2024,0
574,NIGER,04-01-2024,0
574,OGUN,04-01-2024,0
574,ONDO,04-01-2024,0
574,OSUN,04-01-2024,0
574,OYO,04-01-2024,0
574,PLATEAU,04-01-2024,1
574,RIVERS,04-01-2024,1
574,SOKOTO,04-01-2024,0
574,TARABA,04-01-2024,0
574,YOBE,04-01-2024,0
574,ZAMFARA,04-01-2024,0
574,FCT,04-01-2024,0
574,FOREIGN,04-01-2024,0
576,ABIA,04-01-2024,1
576,ADAMAWA,04-01-2024,5
576,AKWA IBOM,04-01-2024,1
576,BAUCHI,04-01-2024,0
576,BAYELSA,04-01-2024,0
576,BENUE,04-01-2024,0
576,BORNO,04-01-2024,0
576,CROSS RIVER,04-01-2024,6
576,DELTA,04-01-2024,1
576,EBONYI,04-01-2024,56
576,EDO,04-01-2024,0
576,EKITI,04-01-2024,0
576,ENUGU,04-01-2024,36
576,GOMBE,04-01-2024,0
576,IMO,04-01-2024,5
576,JIGAWA,04-01-2024,0
576,KADUNA,04-01-2024,0
576,KANO,04-01-2024,0
576,KATSINA,04-01-2024,0
576,KEBBI,04-01-2024,0
576,KOGI,04-01-2024,0
576,KWARA,04-01-2024,0
576,LAGOS,04-01-2024,0
576,NASARAWA,04-01-2024,0
576,NIGER,04-01-2024,0
576,OGUN,04-01-2024,0
576,ONDO,04-01-2024,0
576,OSUN,04-01-2024,0
576,OYO,04-01-2024,0
576,PLATEAU,04-01-2024,0
576,RIVERS,04-01-2024,0
576,SOKOTO,04-01-2024,0
576,TARABA,04-01-2024,3
576,YOBE,04-01-2024,0
576,ZAMFARA,04-01-2024,0
576,FCT,04-01-2024,0
576,FOREIGN,04-01-2024,0
593,ABIA,04-01-2024,40
593,ADAMAWA,04-01-2024,0
593,AKWA IBOM,04-01-2024,6
593,BAUCHI,04-01-2024,0
593,BAYELSA,04-01-2024,0
593,BENUE,04-01-2024,2
593,BORNO,04-01-2024,0
593,CROSS RIVER,04-01-2024,1
593,DELTA,04-01-2024,4
593,EBONYI,04-01-2024,87
593,EDO,04-01-2024,5
593,EKITI,04-01-2024,0
593,ENUGU,04-01-2024,160
593,GOMBE,04-01-2024,0
593,IMO,04-01-2024,81
593,JIGAWA,04-01-2024,0
593,KADUNA,04-01-2024,0
593,KANO,04-01-2024,0
593,KATSINA,04-01-2024,0
593,KEBBI,04-01-2024,0
593,KOGI,04-01-2024,0
593,KWARA,04-01-2024,0
593,LAGOS,04-01-2024,0
593,NASARAWA,04-01-2024,0
593,NIGER,04-01-2024,0
593,OGUN,04-01-2024,0
593,ONDO,04-01-2024,1
593,OSUN,04-01-2024,1
593,OYO,04-01-2024,0
593,PLATEAU,04-01-2024,0
593,RIVERS,04-01-2024,2
593,SOKOTO,04-01-2024,0
593,TARABA,04-01-2024,0
593,YOBE,04-01-2024,0
593,ZAMFARA,04-01-2024,0
593,FCT,04-01-2024,0
593,FOREIGN,04-01-2024,0
594,ABIA,04-01-2024,24
594,ADAMAWA,04-01-2024,0
594,AKWA IBOM,04-01-2024,2
594,BAUCHI,04-01-2024,0
594,BAYELSA,04-01-2024,0
594,BENUE,04-01-2024,2
594,BORNO,04-01-2024,0
594,CROSS RIVER,04-01-2024,1
594,DELTA,04-01-2024,2
594,EBONYI,04-01-2024,50
594,EDO,04-01-2024,1
594,EKITI,04-01-2024,0
594,ENUGU,04-01-2024,212
594,GOMBE,04-01-2024,0
594,IMO,04-01-2024,92
594,JIGAWA,04-01-2024,0
594,KADUNA,04-01-2024,0
594,KANO,04-01-2024,0
594,KATSINA,04-01-2024,0
594,KEBBI,04-01-2024,0
594,KOGI,04-01-2024,0
594,KWARA,04-01-2024,0
594,LAGOS,04-01-2024,0
594,NASARAWA,04-01-2024,0
594,NIGER,04-01-2024,0
594,OGUN,04-01-2024,0
594,ONDO,04-01-2024,0
594,OSUN,04-01-2024,1
594,OYO,04-01-2024,0
594,PLATEAU,04-01-2024,0
594,RIVERS,04-01-2024,1
594,SOKOTO,04-01-2024,0
594,TARABA,04-01-2024,0
594,YOBE,04-01-2024,0
594,ZAMFARA,04-01-2024,0
594,FCT,04-01-2024,0
594,FOREIGN,04-01-2024,0
596,ABIA,04-01-2024,59
596,ADAMAWA,04-01-2024,1
596,AKWA IBOM,04-01-2024,8
596,BAUCHI,04-01-2024,0
596,BAYELSA,04-01-2024,0
596,BENUE,04-01-2024,3
596,BORNO,04-01-2024,0
596,CROSS RIVER,04-01-2024,4
596,DELTA,04-01-2024,16
596,EBONYI,04-01-2024,219
596,EDO,04-01-2024,3
596,EKITI,04-01-2024,0
596,ENUGU,04-01-2024,352
596,GOMBE,04-01-2024,0
596,IMO,04-01-2024,137
596,JIGAWA,04-01-2024,0
596,KADUNA,04-01-2024,0
596,KANO,04-01-2024,0
596,KATSINA,04-01-2024,0
596,KEBBI,04-01-2024,0
596,KOGI,04-01-2024,2
596,KWARA,04-01-2024,0
596,LAGOS,04-01-2024,0
596,NASARAWA,04-01-2024,0
596,NIGER,04-01-2024,0
596,OGUN,04-01-2024,0
596,ONDO,04-01-2024,2
596,OSUN,04-01-2024,1
596,OYO,04-01-2024,0
596,PLATEAU,04-01-2024,6
596,RIVERS,04-01-2024,2
596,SOKOTO,04-01-2024,0
596,TARABA,04-01-2024,1
596,YOBE,04-01-2024,0
596,ZAMFARA,04-01-2024,0
596,FCT,04-01-2024,0
596,FOREIGN,04-01-2024,0
595,ABIA,04-01-2024,40
595,ADAMAWA,04-01-2024,1
595,AKWA IBOM,04-01-2024,5
595,BAUCHI,04-01-2024,0
595,BAYELSA,04-01-2024,0
595,BENUE,04-01-2024,5
595,BORNO,04-01-2024,0
595,CROSS RIVER,04-01-2024,3
595,DELTA,04-01-2024,4
595,EBONYI,04-01-2024,109
595,EDO,04-01-2024,0
595,EKITI,04-01-2024,0
595,ENUGU,04-01-2024,168
595,GOMBE,04-01-2024,0
595,IMO,04-01-2024,103
595,JIGAWA,04-01-2024,1
595,KADUNA,04-01-2024,0
595,KANO,04-01-2024,0
595,KATSINA,04-01-2024,0
595,KEBBI,04-01-2024,0
595,KOGI,04-01-2024,4
595,KWARA,04-01-2024,1
595,LAGOS,04-01-2024,0
595,NASARAWA,04-01-2024,1
595,NIGER,04-01-2024,0
595,OGUN,04-01-2024,0
595,ONDO,04-01-2024,0
595,OSUN,04-01-2024,0
595,OYO,04-01-2024,0
595,PLATEAU,04-01-2024,9
595,RIVERS,04-01-2024,2
595,SOKOTO,04-01-2024,0
595,TARABA,04-01-2024,0
595,YOBE,04-01-2024,0
595,ZAMFARA,04-01-2024,0
595,FCT,04-01-2024,0
595,FOREIGN,04-01-2024,1
597,ABIA,04-01-2024,45
597,ADAMAWA,04-01-2024,1
597,AKWA IBOM,04-01-2024,14
597,BAUCHI,04-01-2024,0
597,BAYELSA,04-01-2024,1
597,BENUE,04-01-2024,1
597,BORNO,04-01-2024,0
597,CROSS RIVER,04-01-2024,6
597,DELTA,04-01-2024,11
597,EBONYI,04-01-2024,99
597,EDO,04-01-2024,4
597,EKITI,04-01-2024,0
597,ENUGU,04-01-2024,192
597,GOMBE,04-01-2024,0
597,IMO,04-01-2024,89
597,JIGAWA,04-01-2024,0
597,KADUNA,04-01-2024,0
597,KANO,04-01-2024,0
597,KATSINA,04-01-2024,0
597,KEBBI,04-01-2024,4
597,KOGI,04-01-2024,0
597,KWARA,04-01-2024,0
597,LAGOS,04-01-2024,0
597,NASARAWA,04-01-2024,0
597,NIGER,04-01-2024,0
597,OGUN,04-01-2024,0
597,ONDO,04-01-2024,0
597,OSUN,04-01-2024,1
597,OYO,04-01-2024,2
597,PLATEAU,04-01-2024,5
597,RIVERS,04-01-2024,1
597,SOKOTO,04-01-2024,0
597,TARABA,04-01-2024,1
597,YOBE,04-01-2024,0
597,ZAMFARA,04-01-2024,0
597,FCT,04-01-2024,0
597,FOREIGN,04-01-2024,2
598,ABIA,04-01-2024,30
598,ADAMAWA,04-01-2024,0
598,AKWA IBOM,04-01-2024,10
598,BAUCHI,04-01-2024,0
598,BAYELSA,04-01-2024,0
598,BENUE,04-01-2024,1
598,BORNO,04-01-2024,0
598,CROSS RIVER,04-01-2024,1
598,DELTA,04-01-2024,1
598,EBONYI,04-01-2024,107
598,EDO,04-01-2024,2
598,EKITI,04-01-2024,0
598,ENUGU,04-01-2024,109
598,GOMBE,04-01-2024,0
598,IMO,04-01-2024,40
598,JIGAWA,04-01-2024,0
598,KADUNA,04-01-2024,0
598,KANO,04-01-2024,0
598,KATSINA,04-01-2024,0
598,KEBBI,04-01-2024,0
598,KOGI,04-01-2024,2
598,KWARA,04-01-2024,0
598,LAGOS,04-01-2024,0
598,NASARAWA,04-01-2024,0
598,NIGER,04-01-2024,0
598,OGUN,04-01-2024,0
598,ONDO,04-01-2024,0
598,OSUN,04-01-2024,0
598,OYO,04-01-2024,1
598,PLATEAU,04-01-2024,1
598,RIVERS,04-01-2024,0
598,SOKOTO,04-01-2024,0
598,TARABA,04-01-2024,1
598,YOBE,04-01-2024,0
598,ZAMFARA,04-01-2024,0
598,FCT,04-01-2024,0
598,FOREIGN,04-01-2024,1
592,ABIA,04-01-2024,69
592,ADAMAWA,04-01-2024,4
592,AKWA IBOM,04-01-2024,17
592,BAUCHI,04-01-2024,0
592,BAYELSA,04-01-2024,0
592,BENUE,04-01-2024,6
592,BORNO,04-01-2024,0
592,CROSS RIVER,04-01-2024,6
592,DELTA,04-01-2024,6
592,EBONYI,04-01-2024,256
592,EDO,04-01-2024,0
592,EKITI,04-01-2024,0
592,ENUGU,04-01-2024,365
592,GOMBE,04-01-2024,0
592,IMO,04-01-2024,156
592,JIGAWA,04-01-2024,0
592,KADUNA,04-01-2024,1
592,KANO,04-01-2024,0
592,KATSINA,04-01-2024,0
592,KEBBI,04-01-2024,1
592,KOGI,04-01-2024,0
592,KWARA,04-01-2024,0
592,LAGOS,04-01-2024,0
592,NASARAWA,04-01-2024,0
592,NIGER,04-01-2024,0
592,OGUN,04-01-2024,0
592,ONDO,04-01-2024,0
592,OSUN,04-01-2024,2
592,OYO,04-01-2024,1
592,PLATEAU,04-01-2024,1
592,RIVERS,04-01-2024,4
592,SOKOTO,04-01-2024,0
592,TARABA,04-01-2024,0
592,YOBE,04-01-2024,0
592,ZAMFARA,04-01-2024,0
592,FCT,04-01-2024,0
592,FOREIGN,04-01-2024,0
591,ABIA,04-01-2024,34
591,ADAMAWA,04-01-2024,0
591,AKWA IBOM,04-01-2024,1
591,BAUCHI,04-01-2024,0
591,BAYELSA,04-01-2024,0
591,BENUE,04-01-2024,1
591,BORNO,04-01-2024,0
591,CROSS RIVER,04-01-2024,1
591,DELTA,04-01-2024,13
591,EBONYI,04-01-2024,330
591,EDO,04-01-2024,1
591,EKITI,04-01-2024,0
591,ENUGU,04-01-2024,228
591,GOMBE,04-01-2024,0
591,IMO,04-01-2024,87
591,JIGAWA,04-01-2024,0
591,KADUNA,04-01-2024,0
591,KANO,04-01-2024,0
591,KATSINA,04-01-2024,1
591,KEBBI,04-01-2024,0
591,KOGI,04-01-2024,0
591,KWARA,04-01-2024,0
591,LAGOS,04-01-2024,0
591,NASARAWA,04-01-2024,1
591,NIGER,04-01-2024,0
591,OGUN,04-01-2024,0
591,ONDO,04-01-2024,0
591,OSUN,04-01-2024,0
591,OYO,04-01-2024,0
591,PLATEAU,04-01-2024,5
591,RIVERS,04-01-2024,0
591,SOKOTO,04-01-2024,0
591,TARABA,04-01-2024,0
591,YOBE,04-01-2024,0
591,ZAMFARA,04-01-2024,0
591,FCT,04-01-2024,0
591,FOREIGN,04-01-2024,0
680,ABIA,04-01-2024,2
680,ADAMAWA,04-01-2024,0
680,AKWA IBOM,04-01-2024,1
680,BAUCHI,04-01-2024,0
680,BAYELSA,04-01-2024,0
680,BENUE,04-01-2024,0
680,BORNO,04-01-2024,0
680,CROSS RIVER,04-01-2024,1
680,DELTA,04-01-2024,3
680,EBONYI,04-01-2024,75
680,EDO,04-01-2024,0
680,EKITI,04-01-2024,1
680,ENUGU,04-01-2024,57
680,GOMBE,04-01-2024,0
680,IMO,04-01-2024,36
680,JIGAWA,04-01-2024,0
680,KADUNA,04-01-2024,0
680,KANO,04-01-2024,0
680,KATSINA,04-01-2024,0
680,KEBBI,04-01-2024,0
680,KOGI,04-01-2024,1
680,KWARA,04-01-2024,0
680,LAGOS,04-01-2024,2
680,NASARAWA,04-01-2024,0
680,NIGER,04-01-2024,0
680,OGUN,04-01-2024,0
680,ONDO,04-01-2024,0
680,OSUN,04-01-2024,0
680,OYO,04-01-2024,0
680,PLATEAU,04-01-2024,1
680,RIVERS,04-01-2024,0
680,SOKOTO,04-01-2024,0
680,TARABA,04-01-2024,0
680,YOBE,04-01-2024,0
680,ZAMFARA,04-01-2024,0
680,FCT,04-01-2024,0
680,FOREIGN,04-01-2024,0
671,ABIA,04-01-2024,2
671,ADAMAWA,04-01-2024,0
671,AKWA IBOM,04-01-2024,0
671,BAUCHI,04-01-2024,1
671,BAYELSA,04-01-2024,0
671,BENUE,04-01-2024,0
671,BORNO,04-01-2024,0
671,CROSS RIVER,04-01-2024,1
671,DELTA,04-01-2024,0
671,EBONYI,04-01-2024,24
671,EDO,04-01-2024,0
671,EKITI,04-01-2024,0
671,ENUGU,04-01-2024,13
671,GOMBE,04-01-2024,0
671,IMO,04-01-2024,0
671,JIGAWA,04-01-2024,0
671,KADUNA,04-01-2024,0
671,KANO,04-01-2024,0
671,KATSINA,04-01-2024,0
671,KEBBI,04-01-2024,0
671,KOGI,04-01-2024,0
671,KWARA,04-01-2024,0
671,LAGOS,04-01-2024,0
671,NASARAWA,04-01-2024,0
671,NIGER,04-01-2024,0
671,OGUN,04-01-2024,0
671,ONDO,04-01-2024,0
671,OSUN,04-01-2024,0
671,OYO,04-01-2024,0
671,PLATEAU,04-01-2024,0
671,RIVERS,04-01-2024,0
671,SOKOTO,04-01-2024,0
671,TARABA,04-01-2024,0
671,YOBE,04-01-2024,0
671,ZAMFARA,04-01-2024,0
671,FCT,04-01-2024,0
671,FOREIGN,04-01-2024,0
669,ABIA,04-01-2024,2
669,ADAMAWA,04-01-2024,0
669,AKWA IBOM,04-01-2024,1
669,BAUCHI,04-01-2024,0
669,BAYELSA,04-01-2024,0
669,BENUE,04-01-2024,0
669,BORNO,04-01-2024,0
669,CROSS RIVER,04-01-2024,1
669,DELTA,04-01-2024,3
669,EBONYI,04-01-2024,75
669,EDO,04-01-2024,0
669,EKITI,04-01-2024,1
669,ENUGU,04-01-2024,57
669,GOMBE,04-01-2024,0
669,IMO,04-01-2024,36
669,JIGAWA,04-01-2024,0
669,KADUNA,04-01-2024,0
669,KANO,04-01-2024,0
669,KATSINA,04-01-2024,0
669,KEBBI,04-01-2024,0
669,KOGI,04-01-2024,1
669,KWARA,04-01-2024,0
669,LAGOS,04-01-2024,2
669,NASARAWA,04-01-2024,0
669,NIGER,04-01-2024,0
669,OGUN,04-01-2024,0
669,ONDO,04-01-2024,0
669,OSUN,04-01-2024,0
669,OYO,04-01-2024,0
669,PLATEAU,04-01-2024,1
669,RIVERS,04-01-2024,0
669,SOKOTO,04-01-2024,0
669,TARABA,04-01-2024,0
669,YOBE,04-01-2024,0
669,ZAMFARA,04-01-2024,0
669,FCT,04-01-2024,0
669,FOREIGN,04-01-2024,0
672,ABIA,04-01-2024,1
672,ADAMAWA,04-01-2024,0
672,AKWA IBOM,04-01-2024,0
672,BAUCHI,04-01-2024,0
672,BAYELSA,04-01-2024,0
672,BENUE,04-01-2024,0
672,BORNO,04-01-2024,0
672,CROSS RIVER,04-01-2024,0
672,DELTA,04-01-2024,2
672,EBONYI,04-01-2024,4
672,EDO,04-01-2024,0
672,EKITI,04-01-2024,0
672,ENUGU,04-01-2024,3
672,GOMBE,04-01-2024,0
672,IMO,04-01-2024,7
672,JIGAWA,04-01-2024,0
672,KADUNA,04-01-2024,0
672,KANO,04-01-2024,0
672,KATSINA,04-01-2024,0
672,KEBBI,04-01-2024,0
672,KOGI,04-01-2024,0
672,KWARA,04-01-2024,0
672,LAGOS,04-01-2024,0
672,NASARAWA,04-01-2024,0
672,NIGER,04-01-2024,0
672,OGUN,04-01-2024,0
672,ONDO,04-01-2024,0
672,OSUN,04-01-2024,0
672,OYO,04-01-2024,0
672,PLATEAU,04-01-2024,0
672,RIVERS,04-01-2024,1
672,SOKOTO,04-01-2024,0
672,TARABA,04-01-2024,0
672,YOBE,04-01-2024,0
672,ZAMFARA,04-01-2024,0
672,FCT,04-01-2024,0
672,FOREIGN,04-01-2024,0
673,ABIA,04-01-2024,3
673,ADAMAWA,04-01-2024,0
673,AKWA IBOM,04-01-2024,1
673,BAUCHI,04-01-2024,0
673,BAYELSA,04-01-2024,0
673,BENUE,04-01-2024,1
673,BORNO,04-01-2024,0
673,CROSS RIVER,04-01-2024,0
673,DELTA,04-01-2024,2
673,EBONYI,04-01-2024,26
673,EDO,04-01-2024,0
673,EKITI,04-01-2024,0
673,ENUGU,04-01-2024,9
673,GOMBE,04-01-2024,0
673,IMO,04-01-2024,9
673,JIGAWA,04-01-2024,0
673,KADUNA,04-01-2024,0
673,KANO,04-01-2024,0
673,KATSINA,04-01-2024,0
673,KEBBI,04-01-2024,0
673,KOGI,04-01-2024,1
673,KWARA,04-01-2024,0
673,LAGOS,04-01-2024,0
673,NASARAWA,04-01-2024,0
673,NIGER,04-01-2024,0
673,OGUN,04-01-2024,0
673,ONDO,04-01-2024,0
673,OSUN,04-01-2024,0
673,OYO,04-01-2024,0
673,PLATEAU,04-01-2024,0
673,RIVERS,04-01-2024,2
673,SOKOTO,04-01-2024,0
673,TARABA,04-01-2024,0
673,YOBE,04-01-2024,0
673,ZAMFARA,04-01-2024,0
673,FCT,04-01-2024,0
673,FOREIGN,04-01-2024,0
667,ABIA,04-01-2024,0
667,ADAMAWA,04-01-2024,0
667,AKWA IBOM,04-01-2024,0
667,BAUCHI,04-01-2024,0
667,BAYELSA,04-01-2024,0
667,BENUE,04-01-2024,0
667,BORNO,04-01-2024,0
667,CROSS RIVER,04-01-2024,0
667,DELTA,04-01-2024,0
667,EBONYI,04-01-2024,0
667,EDO,04-01-2024,0
667,EKITI,04-01-2024,0
667,ENUGU,04-01-2024,0
667,GOMBE,04-01-2024,0
667,IMO,04-01-2024,0
667,JIGAWA,04-01-2024,0
667,KADUNA,04-01-2024,0
667,KANO,04-01-2024,0
667,KATSINA,04-01-2024,0
667,KEBBI,04-01-2024,0
667,KOGI,04-01-2024,0
667,KWARA,04-01-2024,0
667,LAGOS,04-01-2024,0
667,NASARAWA,04-01-2024,0
667,NIGER,04-01-2024,0
667,OGUN,04-01-2024,0
667,ONDO,04-01-2024,0
667,OSUN,04-01-2024,0
667,OYO,04-01-2024,0
667,PLATEAU,04-01-2024,0
667,RIVERS,04-01-2024,0
667,SOKOTO,04-01-2024,0
667,TARABA,04-01-2024,0
667,YOBE,04-01-2024,0
667,ZAMFARA,04-01-2024,0
667,FCT,04-01-2024,0
667,FOREIGN,04-01-2024,0
666,ABIA,04-01-2024,0
666,ADAMAWA,04-01-2024,0
666,AKWA IBOM,04-01-2024,0
666,BAUCHI,04-01-2024,0
666,BAYELSA,04-01-2024,0
666,BENUE,04-01-2024,0
666,BORNO,04-01-2024,0
666,CROSS RIVER,04-01-2024,0
666,DELTA,04-01-2024,0
666,EBONYI,04-01-2024,4
666,EDO,04-01-2024,0
666,EKITI,04-01-2024,0
666,ENUGU,04-01-2024,2
666,GOMBE,04-01-2024,0
666,IMO,04-01-2024,8
666,JIGAWA,04-01-2024,0
666,KADUNA,04-01-2024,0
666,KANO,04-01-2024,0
666,KATSINA,04-01-2024,0
666,KEBBI,04-01-2024,0
666,KOGI,04-01-2024,0
666,KWARA,04-01-2024,0
666,LAGOS,04-01-2024,0
666,NASARAWA,04-01-2024,0
666,NIGER,04-01-2024,0
666,OGUN,04-01-2024,0
666,ONDO,04-01-2024,0
666,OSUN,04-01-2024,0
666,OYO,04-01-2024,0
666,PLATEAU,04-01-2024,0
666,RIVERS,04-01-2024,0
666,SOKOTO,04-01-2024,0
666,TARABA,04-01-2024,0
666,YOBE,04-01-2024,0
666,ZAMFARA,04-01-2024,0
666,FCT,04-01-2024,0
666,FOREIGN,04-01-2024,0
677,ABIA,04-01-2024,0
677,ADAMAWA,04-01-2024,0
677,AKWA IBOM,04-01-2024,0
677,BAUCHI,04-01-2024,0
677,BAYELSA,04-01-2024,0
677,BENUE,04-01-2024,0
677,BORNO,04-01-2024,0
677,CROSS RIVER,04-01-2024,0
677,DELTA,04-01-2024,0
677,EBONYI,04-01-2024,3
677,EDO,04-01-2024,0
677,EKITI,04-01-2024,0
677,ENUGU,04-01-2024,0
677,GOMBE,04-01-2024,0
677,IMO,04-01-2024,2
677,JIGAWA,04-01-2024,0
677,KADUNA,04-01-2024,0
677,KANO,04-01-2024,0
677,KATSINA,04-01-2024,0
677,KEBBI,04-01-2024,0
677,KOGI,04-01-2024,0
677,KWARA,04-01-2024,0
677,LAGOS,04-01-2024,0
677,NASARAWA,04-01-2024,0
677,NIGER,04-01-2024,0
677,OGUN,04-01-2024,0
677,ONDO,04-01-2024,0
677,OSUN,04-01-2024,0
677,OYO,04-01-2024,0
677,PLATEAU,04-01-2024,0
677,RIVERS,04-01-2024,0
677,SOKOTO,04-01-2024,0
677,TARABA,04-01-2024,0
677,YOBE,04-01-2024,0
677,ZAMFARA,04-01-2024,0
677,FCT,04-01-2024,0
677,FOREIGN,04-01-2024,0
668,ABIA,04-01-2024,16
668,ADAMAWA,04-01-2024,0
668,AKWA IBOM,04-01-2024,7
668,BAUCHI,04-01-2024,0
668,BAYELSA,04-01-2024,0
668,BENUE,04-01-2024,0
668,BORNO,04-01-2024,0
668,CROSS RIVER,04-01-2024,0
668,DELTA,04-01-2024,0
668,EBONYI,04-01-2024,29
668,EDO,04-01-2024,0
668,EKITI,04-01-2024,1
668,ENUGU,04-01-2024,32
668,GOMBE,04-01-2024,0
668,IMO,04-01-2024,19
668,JIGAWA,04-01-2024,0
668,KADUNA,04-01-2024,0
668,KANO,04-01-2024,0
668,KATSINA,04-01-2024,0
668,KEBBI,04-01-2024,0
668,KOGI,04-01-2024,1
668,KWARA,04-01-2024,0
668,LAGOS,04-01-2024,0
668,NASARAWA,04-01-2024,0
668,NIGER,04-01-2024,0
668,OGUN,04-01-2024,0
668,ONDO,04-01-2024,0
668,OSUN,04-01-2024,0
668,OYO,04-01-2024,0
668,PLATEAU,04-01-2024,0
668,RIVERS,04-01-2024,0
668,SOKOTO,04-01-2024,0
668,TARABA,04-01-2024,0
668,YOBE,04-01-2024,0
668,ZAMFARA,04-01-2024,0
668,FCT,04-01-2024,0
668,FOREIGN,04-01-2024,0
674,ABIA,04-01-2024,0
674,ADAMAWA,04-01-2024,0
674,AKWA IBOM,04-01-2024,0
674,BAUCHI,04-01-2024,0
674,BAYELSA,04-01-2024,0
674,BENUE,04-01-2024,0
674,BORNO,04-01-2024,0
674,CROSS RIVER,04-01-2024,0
674,DELTA,04-01-2024,0
674,EBONYI,04-01-2024,0
674,EDO,04-01-2024,0
674,EKITI,04-01-2024,0
674,ENUGU,04-01-2024,0
674,GOMBE,04-01-2024,0
674,IMO,04-01-2024,0
674,JIGAWA,04-01-2024,0
674,KADUNA,04-01-2024,0
674,KANO,04-01-2024,0
674,KATSINA,04-01-2024,0
674,KEBBI,04-01-2024,0
674,KOGI,04-01-2024,0
674,KWARA,04-01-2024,0
674,LAGOS,04-01-2024,0
674,NASARAWA,04-01-2024,0
674,NIGER,04-01-2024,0
674,OGUN,04-01-2024,0
674,ONDO,04-01-2024,0
674,OSUN,04-01-2024,0
674,OYO,04-01-2024,0
674,PLATEAU,04-01-2024,0
674,RIVERS,04-01-2024,0
674,SOKOTO,04-01-2024,0
674,TARABA,04-01-2024,0
674,YOBE,04-01-2024,0
674,ZAMFARA,04-01-2024,0
674,FCT,04-01-2024,0
674,FOREIGN,04-01-2024,0
679,ABIA,04-01-2024,10
679,ADAMAWA,04-01-2024,0
679,AKWA IBOM,04-01-2024,1
679,BAUCHI,04-01-2024,0
679,BAYELSA,04-01-2024,0
679,BENUE,04-01-2024,2
679,BORNO,04-01-2024,0
679,CROSS RIVER,04-01-2024,2
679,DELTA,04-01-2024,1
679,EBONYI,04-01-2024,23
679,EDO,04-01-2024,0
679,EKITI,04-01-2024,0
679,ENUGU,04-01-2024,34
679,GOMBE,04-01-2024,0
679,IMO,04-01-2024,22
679,JIGAWA,04-01-2024,0
679,KADUNA,04-01-2024,0
679,KANO,04-01-2024,0
679,KATSINA,04-01-2024,0
679,KEBBI,04-01-2024,0
679,KOGI,04-01-2024,0
679,KWARA,04-01-2024,2
679,LAGOS,04-01-2024,0
679,NASARAWA,04-01-2024,0
679,NIGER,04-01-2024,0
679,OGUN,04-01-2024,0
679,ONDO,04-01-2024,1
679,OSUN,04-01-2024,0
679,OYO,04-01-2024,0
679,PLATEAU,04-01-2024,0
679,RIVERS,04-01-2024,1
679,SOKOTO,04-01-2024,0
679,TARABA,04-01-2024,0
679,YOBE,04-01-2024,0
679,ZAMFARA,04-01-2024,0
679,FCT,04-01-2024,0
679,FOREIGN,04-01-2024,0
681,ABIA,04-01-2024,4
681,ADAMAWA,04-01-2024,0
681,AKWA IBOM,04-01-2024,0
681,BAUCHI,04-01-2024,0
681,BAYELSA,04-01-2024,0
681,BENUE,04-01-2024,1
681,BORNO,04-01-2024,0
681,CROSS RIVER,04-01-2024,1
681,DELTA,04-01-2024,0
681,EBONYI,04-01-2024,4
681,EDO,04-01-2024,0
681,EKITI,04-01-2024,0
681,ENUGU,04-01-2024,3
681,GOMBE,04-01-2024,0
681,IMO,04-01-2024,3
681,JIGAWA,04-01-2024,0
681,KADUNA,04-01-2024,0
681,KANO,04-01-2024,0
681,KATSINA,04-01-2024,0
681,KEBBI,04-01-2024,0
681,KOGI,04-01-2024,0
681,KWARA,04-01-2024,0
681,LAGOS,04-01-2024,0
681,NASARAWA,04-01-2024,0
681,NIGER,04-01-2024,0
681,OGUN,04-01-2024,0
681,ONDO,04-01-2024,0
681,OSUN,04-01-2024,0
681,OYO,04-01-2024,0
681,PLATEAU,04-01-2024,0
681,RIVERS,04-01-2024,0
681,SOKOTO,04-01-2024,0
681,TARABA,04-01-2024,0
681,YOBE,04-01-2024,0
681,ZAMFARA,04-01-2024,0
681,FCT,04-01-2024,0
681,FOREIGN,04-01-2024,0
678,ABIA,04-01-2024,4
678,ADAMAWA,04-01-2024,0
678,AKWA IBOM,04-01-2024,0
678,BAUCHI,04-01-2024,0
678,BAYELSA,04-01-2024,0
678,BENUE,04-01-2024,0
678,BORNO,04-01-2024,0
678,CROSS RIVER,04-01-2024,1
678,DELTA,04-01-2024,0
678,EBONYI,04-01-2024,3
678,EDO,04-01-2024,0
678,EKITI,04-01-2024,0
678,ENUGU,04-01-2024,6
678,GOMBE,04-01-2024,0
678,IMO,04-01-2024,7
678,JIGAWA,04-01-2024,0
678,KADUNA,04-01-2024,0
678,KANO,04-01-2024,0
678,KATSINA,04-01-2024,0
678,KEBBI,04-01-2024,0
678,KOGI,04-01-2024,0
678,KWARA,04-01-2024,0
678,LAGOS,04-01-2024,0
678,NASARAWA,04-01-2024,0
678,NIGER,04-01-2024,0
678,OGUN,04-01-2024,0
678,ONDO,04-01-2024,0
678,OSUN,04-01-2024,0
678,OYO,04-01-2024,0
678,PLATEAU,04-01-2024,0
678,RIVERS,04-01-2024,0
678,SOKOTO,04-01-2024,0
678,TARABA,04-01-2024,0
678,YOBE,04-01-2024,0
678,ZAMFARA,04-01-2024,0
678,FCT,04-01-2024,0
678,FOREIGN,04-01-2024,0
682,ABIA,04-01-2024,11
682,ADAMAWA,04-01-2024,0
682,AKWA IBOM,04-01-2024,2
682,BAUCHI,04-01-2024,0
682,BAYELSA,04-01-2024,0
682,BENUE,04-01-2024,1
682,BORNO,04-01-2024,0
682,CROSS RIVER,04-01-2024,4
682,DELTA,04-01-2024,0
682,EBONYI,04-01-2024,20
682,EDO,04-01-2024,0
682,EKITI,04-01-2024,0
682,ENUGU,04-01-2024,25
682,GOMBE,04-01-2024,0
682,IMO,04-01-2024,9
682,JIGAWA,04-01-2024,0
682,KADUNA,04-01-2024,0
682,KANO,04-01-2024,0
682,KATSINA,04-01-2024,0
682,KEBBI,04-01-2024,0
682,KOGI,04-01-2024,1
682,KWARA,04-01-2024,0
682,LAGOS,04-01-2024,0
682,NASARAWA,04-01-2024,0
682,NIGER,04-01-2024,0
682,OGUN,04-01-2024,0
682,ONDO,04-01-2024,1
682,OSUN,04-01-2024,0
682,OYO,04-01-2024,0
682,PLATEAU,04-01-2024,0
682,RIVERS,04-01-2024,0
682,SOKOTO,04-01-2024,0
682,TARABA,04-01-2024,0
682,YOBE,04-01-2024,0
682,ZAMFARA,04-01-2024,0
682,FCT,04-01-2024,0
682,FOREIGN,04-01-2024,0
676,ABIA,04-01-2024,1
676,ADAMAWA,04-01-2024,0
676,AKWA IBOM,04-01-2024,1
676,BAUCHI,04-01-2024,0
676,BAYELSA,04-01-2024,0
676,BENUE,04-01-2024,0
676,BORNO,04-01-2024,0
676,CROSS RIVER,04-01-2024,1
676,DELTA,04-01-2024,0
676,EBONYI,04-01-2024,2
676,EDO,04-01-2024,0
676,EKITI,04-01-2024,0
676,ENUGU,04-01-2024,4
676,GOMBE,04-01-2024,0
676,IMO,04-01-2024,1
676,JIGAWA,04-01-2024,0
676,KADUNA,04-01-2024,0
676,KANO,04-01-2024,0
676,KATSINA,04-01-2024,0
676,KEBBI,04-01-2024,0
676,KOGI,04-01-2024,0
676,KWARA,04-01-2024,0
676,LAGOS,04-01-2024,0
676,NASARAWA,04-01-2024,0
676,NIGER,04-01-2024,0
676,OGUN,04-01-2024,0
676,ONDO,04-01-2024,0
676,OSUN,04-01-2024,0
676,OYO,04-01-2024,0
676,PLATEAU,04-01-2024,0
676,RIVERS,04-01-2024,0
676,SOKOTO,04-01-2024,0
676,TARABA,04-01-2024,0
676,YOBE,04-01-2024,0
676,ZAMFARA,04-01-2024,0
676,FCT,04-01-2024,0
676,FOREIGN,04-01-2024,0
670,ABIA,04-01-2024,0
670,ADAMAWA,04-01-2024,0
670,AKWA IBOM,04-01-2024,0
670,BAUCHI,04-01-2024,0
670,BAYELSA,04-01-2024,0
670,BENUE,04-01-2024,0
670,BORNO,04-01-2024,0
670,CROSS RIVER,04-01-2024,0
670,DELTA,04-01-2024,0
670,EBONYI,04-01-2024,1
670,EDO,04-01-2024,0
670,EKITI,04-01-2024,0
670,ENUGU,04-01-2024,2
670,GOMBE,04-01-2024,0
670,IMO,04-01-2024,6
670,JIGAWA,04-01-2024,0
670,KADUNA,04-01-2024,0
670,KANO,04-01-2024,0
670,KATSINA,04-01-2024,0
670,KEBBI,04-01-2024,0
670,KOGI,04-01-2024,0
670,KWARA,04-01-2024,0
670,LAGOS,04-01-2024,0
670,NASARAWA,04-01-2024,0
670,NIGER,04-01-2024,0
670,OGUN,04-01-2024,0
670,ONDO,04-01-2024,0
670,OSUN,04-01-2024,0
670,OYO,04-01-2024,0
670,PLATEAU,04-01-2024,0
670,RIVERS,04-01-2024,0
670,SOKOTO,04-01-2024,0
670,TARABA,04-01-2024,0
670,YOBE,04-01-2024,0
670,ZAMFARA,04-01-2024,0
670,FCT,04-01-2024,0
670,FOREIGN,04-01-2024,0
675,ABIA,04-01-2024,0
675,ADAMAWA,04-01-2024,0
675,AKWA IBOM,04-01-2024,0
675,BAUCHI,04-01-2024,0
675,BAYELSA,04-01-2024,0
675,BENUE,04-01-2024,0
675,BORNO,04-01-2024,0
675,CROSS RIVER,04-01-2024,0
675,DELTA,04-01-2024,0
675,EBONYI,04-01-2024,3
675,EDO,04-01-2024,0
675,EKITI,04-01-2024,0
675,ENUGU,04-01-2024,0
675,GOMBE,04-01-2024,0
675,IMO,04-01-2024,5
675,JIGAWA,04-01-2024,0
675,KADUNA,04-01-2024,0
675,KANO,04-01-2024,0
675,KATSINA,04-01-2024,0
675,KEBBI,04-01-2024,0
675,KOGI,04-01-2024,0
675,KWARA,04-01-2024,0
675,LAGOS,04-01-2024,1
675,NASARAWA,04-01-2024,0
675,NIGER,04-01-2024,0
675,OGUN,04-01-2024,0
675,ONDO,04-01-2024,0
675,OSUN,04-01-2024,0
675,OYO,04-01-2024,0
675,PLATEAU,04-01-2024,0
675,RIVERS,04-01-2024,0
675,SOKOTO,04-01-2024,0
675,TARABA,04-01-2024,0
675,YOBE,04-01-2024,0
675,ZAMFARA,04-01-2024,0
675,FCT,04-01-2024,0
675,FOREIGN,04-01-2024,0
292,ABIA,04-01-2024,25
292,ADAMAWA,04-01-2024,0
292,AKWA IBOM,04-01-2024,5
292,BAUCHI,04-01-2024,0
292,BAYELSA,04-01-2024,0
292,BENUE,04-01-2024,1
292,BORNO,04-01-2024,0
292,CROSS RIVER,04-01-2024,1
292,DELTA,04-01-2024,12
292,EBONYI,04-01-2024,161
292,EDO,04-01-2024,1
292,EKITI,04-01-2024,0
292,ENUGU,04-01-2024,78
292,GOMBE,04-01-2024,0
292,IMO,04-01-2024,36
292,JIGAWA,04-01-2024,0
292,KADUNA,04-01-2024,0
292,KANO,04-01-2024,0
292,KATSINA,04-01-2024,0
292,KEBBI,04-01-2024,0
292,KOGI,04-01-2024,3
292,KWARA,04-01-2024,0
292,LAGOS,04-01-2024,0
292,NASARAWA,04-01-2024,2
292,NIGER,04-01-2024,0
292,OGUN,04-01-2024,6
292,ONDO,04-01-2024,1
292,OSUN,04-01-2024,1
292,OYO,04-01-2024,0
292,PLATEAU,04-01-2024,3
292,RIVERS,04-01-2024,1
292,SOKOTO,04-01-2024,0
292,TARABA,04-01-2024,0
292,YOBE,04-01-2024,0
292,ZAMFARA,04-01-2024,0
292,FCT,04-01-2024,0
292,FOREIGN,04-01-2024,3
290,ABIA,04-01-2024,1
290,ADAMAWA,04-01-2024,0
290,AKWA IBOM,04-01-2024,0
290,BAUCHI,04-01-2024,0
290,BAYELSA,04-01-2024,0
290,BENUE,04-01-2024,0
290,BORNO,04-01-2024,0
290,CROSS RIVER,04-01-2024,0
290,DELTA,04-01-2024,1
290,EBONYI,04-01-2024,4
290,EDO,04-01-2024,0
290,EKITI,04-01-2024,0
290,ENUGU,04-01-2024,6
290,GOMBE,04-01-2024,0
290,IMO,04-01-2024,9
290,JIGAWA,04-01-2024,0
290,KADUNA,04-01-2024,0
290,KANO,04-01-2024,0
290,KATSINA,04-01-2024,0
290,KEBBI,04-01-2024,0
290,KOGI,04-01-2024,0
290,KWARA,04-01-2024,0
290,LAGOS,04-01-2024,0
290,NASARAWA,04-01-2024,0
290,NIGER,04-01-2024,0
290,OGUN,04-01-2024,0
290,ONDO,04-01-2024,0
290,OSUN,04-01-2024,0
290,OYO,04-01-2024,0
290,PLATEAU,04-01-2024,0
290,RIVERS,04-01-2024,0
290,SOKOTO,04-01-2024,0
290,TARABA,04-01-2024,0
290,YOBE,04-01-2024,0
290,ZAMFARA,04-01-2024,0
290,FCT,04-01-2024,0
290,FOREIGN,04-01-2024,0
286,ABIA,04-01-2024,3
286,ADAMAWA,04-01-2024,0
286,AKWA IBOM,04-01-2024,0
286,BAUCHI,04-01-2024,0
286,BAYELSA,04-01-2024,0
286,BENUE,04-01-2024,0
286,BORNO,04-01-2024,0
286,CROSS RIVER,04-01-2024,1
286,DELTA,04-01-2024,0
286,EBONYI,04-01-2024,5
286,EDO,04-01-2024,0
286,EKITI,04-01-2024,0
286,ENUGU,04-01-2024,15
286,GOMBE,04-01-2024,0
286,IMO,04-01-2024,18
286,JIGAWA,04-01-2024,0
286,KADUNA,04-01-2024,0
286,KANO,04-01-2024,0
286,KATSINA,04-01-2024,0
286,KEBBI,04-01-2024,0
286,KOGI,04-01-2024,0
286,KWARA,04-01-2024,0
286,LAGOS,04-01-2024,0
286,NASARAWA,04-01-2024,0
286,NIGER,04-01-2024,0
286,OGUN,04-01-2024,0
286,ONDO,04-01-2024,0
286,OSUN,04-01-2024,0
286,OYO,04-01-2024,0
286,PLATEAU,04-01-2024,0
286,RIVERS,04-01-2024,0
286,SOKOTO,04-01-2024,0
286,TARABA,04-01-2024,0
286,YOBE,04-01-2024,0
286,ZAMFARA,04-01-2024,0
286,FCT,04-01-2024,0
286,FOREIGN,04-01-2024,0
288,ABIA,04-01-2024,13
288,ADAMAWA,04-01-2024,0
288,AKWA IBOM,04-01-2024,11
288,BAUCHI,04-01-2024,0
288,BAYELSA,04-01-2024,0
288,BENUE,04-01-2024,0
288,BORNO,04-01-2024,0
288,CROSS RIVER,04-01-2024,23
288,DELTA,04-01-2024,2
288,EBONYI,04-01-2024,93
288,EDO,04-01-2024,4
288,EKITI,04-01-2024,0
288,ENUGU,04-01-2024,63
288,GOMBE,04-01-2024,0
288,IMO,04-01-2024,68
288,JIGAWA,04-01-2024,0
288,KADUNA,04-01-2024,0
288,KANO,04-01-2024,0
288,KATSINA,04-01-2024,0
288,KEBBI,04-01-2024,0
288,KOGI,04-01-2024,4
288,KWARA,04-01-2024,0
288,LAGOS,04-01-2024,1
288,NASARAWA,04-01-2024,0
288,NIGER,04-01-2024,0
288,OGUN,04-01-2024,0
288,ONDO,04-01-2024,0
288,OSUN,04-01-2024,4
288,OYO,04-01-2024,0
288,PLATEAU,04-01-2024,4
288,RIVERS,04-01-2024,4
288,SOKOTO,04-01-2024,0
288,TARABA,04-01-2024,0
288,YOBE,04-01-2024,0
288,ZAMFARA,04-01-2024,0
288,FCT,04-01-2024,0
288,FOREIGN,04-01-2024,2
291,ABIA,04-01-2024,12
291,ADAMAWA,04-01-2024,0
291,AKWA IBOM,04-01-2024,1
291,BAUCHI,04-01-2024,0
291,BAYELSA,04-01-2024,0
291,BENUE,04-01-2024,0
291,BORNO,04-01-2024,0
291,CROSS RIVER,04-01-2024,2
291,DELTA,04-01-2024,2
291,EBONYI,04-01-2024,15
291,EDO,04-01-2024,0
291,EKITI,04-01-2024,0
291,ENUGU,04-01-2024,6
291,GOMBE,04-01-2024,0
291,IMO,04-01-2024,10
291,JIGAWA,04-01-2024,0
291,KADUNA,04-01-2024,0
291,KANO,04-01-2024,0
291,KATSINA,04-01-2024,0
291,KEBBI,04-01-2024,0
291,KOGI,04-01-2024,0
291,KWARA,04-01-2024,0
291,LAGOS,04-01-2024,0
291,NASARAWA,04-01-2024,0
291,NIGER,04-01-2024,0
291,OGUN,04-01-2024,0
291,ONDO,04-01-2024,1
291,OSUN,04-01-2024,0
291,OYO,04-01-2024,0
291,PLATEAU,04-01-2024,0
291,RIVERS,04-01-2024,0
291,SOKOTO,04-01-2024,0
291,TARABA,04-01-2024,0
291,YOBE,04-01-2024,0
291,ZAMFARA,04-01-2024,0
291,FCT,04-01-2024,0
291,FOREIGN,04-01-2024,0
287,ABIA,04-01-2024,11
287,ADAMAWA,04-01-2024,0
287,AKWA IBOM,04-01-2024,2
287,BAUCHI,04-01-2024,0
287,BAYELSA,04-01-2024,0
287,BENUE,04-01-2024,1
287,BORNO,04-01-2024,0
287,CROSS RIVER,04-01-2024,0
287,DELTA,04-01-2024,0
287,EBONYI,04-01-2024,13
287,EDO,04-01-2024,0
287,EKITI,04-01-2024,0
287,ENUGU,04-01-2024,56
287,GOMBE,04-01-2024,0
287,IMO,04-01-2024,27
287,JIGAWA,04-01-2024,0
287,KADUNA,04-01-2024,0
287,KANO,04-01-2024,0
287,KATSINA,04-01-2024,0
287,KEBBI,04-01-2024,0
287,KOGI,04-01-2024,1
287,KWARA,04-01-2024,0
287,LAGOS,04-01-2024,0
287,NASARAWA,04-01-2024,0
287,NIGER,04-01-2024,0
287,OGUN,04-01-2024,0
287,ONDO,04-01-2024,0
287,OSUN,04-01-2024,0
287,OYO,04-01-2024,0
287,PLATEAU,04-01-2024,0
287,RIVERS,04-01-2024,1
287,SOKOTO,04-01-2024,0
287,TARABA,04-01-2024,0
287,YOBE,04-01-2024,0
287,ZAMFARA,04-01-2024,0
287,FCT,04-01-2024,0
287,FOREIGN,04-01-2024,0
293,ABIA,04-01-2024,2
293,ADAMAWA,04-01-2024,0
293,AKWA IBOM,04-01-2024,0
293,BAUCHI,04-01-2024,0
293,BAYELSA,04-01-2024,0
293,BENUE,04-01-2024,0
293,BORNO,04-01-2024,0
293,CROSS RIVER,04-01-2024,1
293,DELTA,04-01-2024,0
293,EBONYI,04-01-2024,8
293,EDO,04-01-2024,0
293,EKITI,04-01-2024,0
293,ENUGU,04-01-2024,11
293,GOMBE,04-01-2024,0
293,IMO,04-01-2024,5
293,JIGAWA,04-01-2024,0
293,KADUNA,04-01-2024,0
293,KANO,04-01-2024,0
293,KATSINA,04-01-2024,0
293,KEBBI,04-01-2024,0
293,KOGI,04-01-2024,0
293,KWARA,04-01-2024,0
293,LAGOS,04-01-2024,0
293,NASARAWA,04-01-2024,0
293,NIGER,04-01-2024,0
293,OGUN,04-01-2024,0
293,ONDO,04-01-2024,0
293,OSUN,04-01-2024,0
293,OYO,04-01-2024,0
293,PLATEAU,04-01-2024,0
293,RIVERS,04-01-2024,0
293,SOKOTO,04-01-2024,0
293,TARABA,04-01-2024,0
293,YOBE,04-01-2024,0
293,ZAMFARA,04-01-2024,0
293,FCT,04-01-2024,0
293,FOREIGN,04-01-2024,0
289,ABIA,04-01-2024,58
289,ADAMAWA,04-01-2024,0
289,AKWA IBOM,04-01-2024,8
289,BAUCHI,04-01-2024,0
289,BAYELSA,04-01-2024,0
289,BENUE,04-01-2024,3
289,BORNO,04-01-2024,0
289,CROSS RIVER,04-01-2024,18
289,DELTA,04-01-2024,15
289,EBONYI,04-01-2024,252
289,EDO,04-01-2024,1
289,EKITI,04-01-2024,2
289,ENUGU,04-01-2024,157
289,GOMBE,04-01-2024,0
289,IMO,04-01-2024,105
289,JIGAWA,04-01-2024,0
289,KADUNA,04-01-2024,0
289,KANO,04-01-2024,1
289,KATSINA,04-01-2024,0
289,KEBBI,04-01-2024,0
289,KOGI,04-01-2024,8
289,KWARA,04-01-2024,0
289,LAGOS,04-01-2024,1
289,NASARAWA,04-01-2024,0
289,NIGER,04-01-2024,0
289,OGUN,04-01-2024,3
289,ONDO,04-01-2024,0
289,OSUN,04-01-2024,1
289,OYO,04-01-2024,1
289,PLATEAU,04-01-2024,0
289,RIVERS,04-01-2024,1
289,SOKOTO,04-01-2024,0
289,TARABA,04-01-2024,0
289,YOBE,04-01-2024,0
289,ZAMFARA,04-01-2024,0
289,FCT,04-01-2024,0
289,FOREIGN,04-01-2024,0
504,ABIA,04-01-2024,2
504,ADAMAWA,04-01-2024,0
504,AKWA IBOM,04-01-2024,2
504,BAUCHI,04-01-2024,0
504,BAYELSA,04-01-2024,0
504,BENUE,04-01-2024,0
504,BORNO,04-01-2024,0
504,CROSS RIVER,04-01-2024,0
504,DELTA,04-01-2024,0
504,EBONYI,04-01-2024,3
504,EDO,04-01-2024,0
504,EKITI,04-01-2024,0
504,ENUGU,04-01-2024,2
504,GOMBE,04-01-2024,0
504,IMO,04-01-2024,42
504,JIGAWA,04-01-2024,0
504,KADUNA,04-01-2024,0
504,KANO,04-01-2024,0
504,KATSINA,04-01-2024,0
504,KEBBI,04-01-2024,0
504,KOGI,04-01-2024,0
504,KWARA,04-01-2024,0
504,LAGOS,04-01-2024,0
504,NASARAWA,04-01-2024,0
504,NIGER,04-01-2024,0
504,OGUN,04-01-2024,0
504,ONDO,04-01-2024,0
504,OSUN,04-01-2024,0
504,OYO,04-01-2024,0
504,PLATEAU,04-01-2024,0
504,RIVERS,04-01-2024,0
504,SOKOTO,04-01-2024,0
504,TARABA,04-01-2024,0
504,YOBE,04-01-2024,0
504,ZAMFARA,04-01-2024,0
504,FCT,04-01-2024,0
504,FOREIGN,04-01-2024,0
506,ABIA,04-01-2024,0
506,ADAMAWA,04-01-2024,0
506,AKWA IBOM,04-01-2024,0
506,BAUCHI,04-01-2024,0
506,BAYELSA,04-01-2024,0
506,BENUE,04-01-2024,0
506,BORNO,04-01-2024,0
506,CROSS RIVER,04-01-2024,1
506,DELTA,04-01-2024,0
506,EBONYI,04-01-2024,0
506,EDO,04-01-2024,0
506,EKITI,04-01-2024,0
506,ENUGU,04-01-2024,2
506,GOMBE,04-01-2024,0
506,IMO,04-01-2024,6
506,JIGAWA,04-01-2024,0
506,KADUNA,04-01-2024,0
506,KANO,04-01-2024,0
506,KATSINA,04-01-2024,0
506,KEBBI,04-01-2024,0
506,KOGI,04-01-2024,0
506,KWARA,04-01-2024,0
506,LAGOS,04-01-2024,0
506,NASARAWA,04-01-2024,0
506,NIGER,04-01-2024,0
506,OGUN,04-01-2024,0
506,ONDO,04-01-2024,0
506,OSUN,04-01-2024,0
506,OYO,04-01-2024,0
506,PLATEAU,04-01-2024,0
506,RIVERS,04-01-2024,1
506,SOKOTO,04-01-2024,0
506,TARABA,04-01-2024,0
506,YOBE,04-01-2024,0
506,ZAMFARA,04-01-2024,0
506,FCT,04-01-2024,0
506,FOREIGN,04-01-2024,0
511,ABIA,04-01-2024,2
511,ADAMAWA,04-01-2024,0
511,AKWA IBOM,04-01-2024,1
511,BAUCHI,04-01-2024,0
511,BAYELSA,04-01-2024,0
511,BENUE,04-01-2024,0
511,BORNO,04-01-2024,0
511,CROSS RIVER,04-01-2024,1
511,DELTA,04-01-2024,1
511,EBONYI,04-01-2024,5
511,EDO,04-01-2024,1
511,EKITI,04-01-2024,0
511,ENUGU,04-01-2024,4
511,GOMBE,04-01-2024,0
511,IMO,04-01-2024,15
511,JIGAWA,04-01-2024,0
511,KADUNA,04-01-2024,0
511,KANO,04-01-2024,0
511,KATSINA,04-01-2024,0
511,KEBBI,04-01-2024,0
511,KOGI,04-01-2024,0
511,KWARA,04-01-2024,0
511,LAGOS,04-01-2024,0
511,NASARAWA,04-01-2024,0
511,NIGER,04-01-2024,0
511,OGUN,04-01-2024,0
511,ONDO,04-01-2024,0
511,OSUN,04-01-2024,0
511,OYO,04-01-2024,0
511,PLATEAU,04-01-2024,0
511,RIVERS,04-01-2024,0
511,SOKOTO,04-01-2024,0
511,TARABA,04-01-2024,0
511,YOBE,04-01-2024,0
511,ZAMFARA,04-01-2024,0
511,FCT,04-01-2024,0
511,FOREIGN,04-01-2024,0
500,ABIA,04-01-2024,6
500,ADAMAWA,04-01-2024,0
500,AKWA IBOM,04-01-2024,3
500,BAUCHI,04-01-2024,0
500,BAYELSA,04-01-2024,0
500,BENUE,04-01-2024,2
500,BORNO,04-01-2024,0
500,CROSS RIVER,04-01-2024,2
500,DELTA,04-01-2024,4
500,EBONYI,04-01-2024,7
500,EDO,04-01-2024,1
500,EKITI,04-01-2024,0
500,ENUGU,04-01-2024,17
500,GOMBE,04-01-2024,0
500,IMO,04-01-2024,53
500,JIGAWA,04-01-2024,0
500,KADUNA,04-01-2024,0
500,KANO,04-01-2024,0
500,KATSINA,04-01-2024,0
500,KEBBI,04-01-2024,0
500,KOGI,04-01-2024,4
500,KWARA,04-01-2024,0
500,LAGOS,04-01-2024,0
500,NASARAWA,04-01-2024,2
500,NIGER,04-01-2024,0
500,OGUN,04-01-2024,0
500,ONDO,04-01-2024,0
500,OSUN,04-01-2024,0
500,OYO,04-01-2024,0
500,PLATEAU,04-01-2024,0
500,RIVERS,04-01-2024,0
500,SOKOTO,04-01-2024,0
500,TARABA,04-01-2024,0
500,YOBE,04-01-2024,0
500,ZAMFARA,04-01-2024,0
500,FCT,04-01-2024,0
500,FOREIGN,04-01-2024,1
499,ABIA,04-01-2024,2
499,ADAMAWA,04-01-2024,0
499,AKWA IBOM,04-01-2024,3
499,BAUCHI,04-01-2024,0
499,BAYELSA,04-01-2024,0
499,BENUE,04-01-2024,0
499,BORNO,04-01-2024,0
499,CROSS RIVER,04-01-2024,0
499,DELTA,04-01-2024,1
499,EBONYI,04-01-2024,2
499,EDO,04-01-2024,0
499,EKITI,04-01-2024,0
499,ENUGU,04-01-2024,4
499,GOMBE,04-01-2024,0
499,IMO,04-01-2024,11
499,JIGAWA,04-01-2024,0
499,KADUNA,04-01-2024,0
499,KANO,04-01-2024,0
499,KATSINA,04-01-2024,0
499,KEBBI,04-01-2024,0
499,KOGI,04-01-2024,0
499,KWARA,04-01-2024,0
499,LAGOS,04-01-2024,0
499,NASARAWA,04-01-2024,0
499,NIGER,04-01-2024,0
499,OGUN,04-01-2024,0
499,ONDO,04-01-2024,0
499,OSUN,04-01-2024,1
499,OYO,04-01-2024,0
499,PLATEAU,04-01-2024,0
499,RIVERS,04-01-2024,0
499,SOKOTO,04-01-2024,0
499,TARABA,04-01-2024,0
499,YOBE,04-01-2024,0
499,ZAMFARA,04-01-2024,0
499,FCT,04-01-2024,0
499,FOREIGN,04-01-2024,0
509,ABIA,04-01-2024,0
509,ADAMAWA,04-01-2024,0
509,AKWA IBOM,04-01-2024,2
509,BAUCHI,04-01-2024,0
509,BAYELSA,04-01-2024,0
509,BENUE,04-01-2024,0
509,BORNO,04-01-2024,0
509,CROSS RIVER,04-01-2024,2
509,DELTA,04-01-2024,0
509,EBONYI,04-01-2024,9
509,EDO,04-01-2024,2
509,EKITI,04-01-2024,0
509,ENUGU,04-01-2024,5
509,GOMBE,04-01-2024,0
509,IMO,04-01-2024,40
509,JIGAWA,04-01-2024,0
509,KADUNA,04-01-2024,0
509,KANO,04-01-2024,0
509,KATSINA,04-01-2024,0
509,KEBBI,04-01-2024,0
509,KOGI,04-01-2024,0
509,KWARA,04-01-2024,0
509,LAGOS,04-01-2024,0
509,NASARAWA,04-01-2024,4
509,NIGER,04-01-2024,0
509,OGUN,04-01-2024,1
509,ONDO,04-01-2024,1
509,OSUN,04-01-2024,1
509,OYO,04-01-2024,0
509,PLATEAU,04-01-2024,0
509,RIVERS,04-01-2024,0
509,SOKOTO,04-01-2024,0
509,TARABA,04-01-2024,1
509,YOBE,04-01-2024,0
509,ZAMFARA,04-01-2024,0
509,FCT,04-01-2024,0
509,FOREIGN,04-01-2024,0
513,ABIA,04-01-2024,4
513,ADAMAWA,04-01-2024,0
513,AKWA IBOM,04-01-2024,7
513,BAUCHI,04-01-2024,0
513,BAYELSA,04-01-2024,0
513,BENUE,04-01-2024,0
513,BORNO,04-01-2024,0
513,CROSS RIVER,04-01-2024,2
513,DELTA,04-01-2024,1
513,EBONYI,04-01-2024,9
513,EDO,04-01-2024,0
513,EKITI,04-01-2024,0
513,ENUGU,04-01-2024,14
513,GOMBE,04-01-2024,0
513,IMO,04-01-2024,41
513,JIGAWA,04-01-2024,0
513,KADUNA,04-01-2024,0
513,KANO,04-01-2024,0
513,KATSINA,04-01-2024,0
513,KEBBI,04-01-2024,0
513,KOGI,04-01-2024,0
513,KWARA,04-01-2024,1
513,LAGOS,04-01-2024,1
513,NASARAWA,04-01-2024,0
513,NIGER,04-01-2024,2
513,OGUN,04-01-2024,0
513,ONDO,04-01-2024,0
513,OSUN,04-01-2024,0
513,OYO,04-01-2024,1
513,PLATEAU,04-01-2024,2
513,RIVERS,04-01-2024,1
513,SOKOTO,04-01-2024,0
513,TARABA,04-01-2024,0
513,YOBE,04-01-2024,0
513,ZAMFARA,04-01-2024,0
513,FCT,04-01-2024,0
513,FOREIGN,04-01-2024,0
507,ABIA,04-01-2024,0
507,ADAMAWA,04-01-2024,0
507,AKWA IBOM,04-01-2024,0
507,BAUCHI,04-01-2024,0
507,BAYELSA,04-01-2024,0
507,BENUE,04-01-2024,0
507,BORNO,04-01-2024,0
507,CROSS RIVER,04-01-2024,0
507,DELTA,04-01-2024,0
507,EBONYI,04-01-2024,0
507,EDO,04-01-2024,0
507,EKITI,04-01-2024,0
507,ENUGU,04-01-2024,0
507,GOMBE,04-01-2024,0
507,IMO,04-01-2024,33
507,JIGAWA,04-01-2024,0
507,KADUNA,04-01-2024,0
507,KANO,04-01-2024,0
507,KATSINA,04-01-2024,0
507,KEBBI,04-01-2024,0
507,KOGI,04-01-2024,0
507,KWARA,04-01-2024,0
507,LAGOS,04-01-2024,0
507,NASARAWA,04-01-2024,0
507,NIGER,04-01-2024,0
507,OGUN,04-01-2024,0
507,ONDO,04-01-2024,0
507,OSUN,04-01-2024,0
507,OYO,04-01-2024,0
507,PLATEAU,04-01-2024,0
507,RIVERS,04-01-2024,0
507,SOKOTO,04-01-2024,0
507,TARABA,04-01-2024,0
507,YOBE,04-01-2024,0
507,ZAMFARA,04-01-2024,0
507,FCT,04-01-2024,0
507,FOREIGN,04-01-2024,0
508,ABIA,04-01-2024,0
508,ADAMAWA,04-01-2024,0
508,AKWA IBOM,04-01-2024,0
508,BAUCHI,04-01-2024,0
508,BAYELSA,04-01-2024,0
508,BENUE,04-01-2024,0
508,BORNO,04-01-2024,0
508,CROSS RIVER,04-01-2024,0
508,DELTA,04-01-2024,0
508,EBONYI,04-01-2024,3
508,EDO,04-01-2024,1
508,EKITI,04-01-2024,0
508,ENUGU,04-01-2024,3
508,GOMBE,04-01-2024,0
508,IMO,04-01-2024,19
508,JIGAWA,04-01-2024,0
508,KADUNA,04-01-2024,0
508,KANO,04-01-2024,0
508,KATSINA,04-01-2024,0
508,KEBBI,04-01-2024,0
508,KOGI,04-01-2024,0
508,KWARA,04-01-2024,0
508,LAGOS,04-01-2024,0
508,NASARAWA,04-01-2024,0
508,NIGER,04-01-2024,0
508,OGUN,04-01-2024,0
508,ONDO,04-01-2024,0
508,OSUN,04-01-2024,0
508,OYO,04-01-2024,0
508,PLATEAU,04-01-2024,0
508,RIVERS,04-01-2024,0
508,SOKOTO,04-01-2024,0
508,TARABA,04-01-2024,0
508,YOBE,04-01-2024,0
508,ZAMFARA,04-01-2024,0
508,FCT,04-01-2024,0
508,FOREIGN,04-01-2024,0
512,ABIA,04-01-2024,1
512,ADAMAWA,04-01-2024,0
512,AKWA IBOM,04-01-2024,1
512,BAUCHI,04-01-2024,0
512,BAYELSA,04-01-2024,0
512,BENUE,04-01-2024,0
512,BORNO,04-01-2024,0
512,CROSS RIVER,04-01-2024,0
512,DELTA,04-01-2024,1
512,EBONYI,04-01-2024,5
512,EDO,04-01-2024,0
512,EKITI,04-01-2024,0
512,ENUGU,04-01-2024,6
512,GOMBE,04-01-2024,0
512,IMO,04-01-2024,33
512,JIGAWA,04-01-2024,0
512,KADUNA,04-01-2024,0
512,KANO,04-01-2024,0
512,KATSINA,04-01-2024,0
512,KEBBI,04-01-2024,0
512,KOGI,04-01-2024,0
512,KWARA,04-01-2024,0
512,LAGOS,04-01-2024,1
512,NASARAWA,04-01-2024,0
512,NIGER,04-01-2024,0
512,OGUN,04-01-2024,0
512,ONDO,04-01-2024,0
512,OSUN,04-01-2024,0
512,OYO,04-01-2024,1
512,PLATEAU,04-01-2024,0
512,RIVERS,04-01-2024,0
512,SOKOTO,04-01-2024,0
512,TARABA,04-01-2024,0
512,YOBE,04-01-2024,0
512,ZAMFARA,04-01-2024,0
512,FCT,04-01-2024,0
512,FOREIGN,04-01-2024,0
515,ABIA,04-01-2024,12
515,ADAMAWA,04-01-2024,0
515,AKWA IBOM,04-01-2024,2
515,BAUCHI,04-01-2024,0
515,BAYELSA,04-01-2024,0
515,BENUE,04-01-2024,1
515,BORNO,04-01-2024,0
515,CROSS RIVER,04-01-2024,5
515,DELTA,04-01-2024,6
515,EBONYI,04-01-2024,62
515,EDO,04-01-2024,1
515,EKITI,04-01-2024,0
515,ENUGU,04-01-2024,54
515,GOMBE,04-01-2024,0
515,IMO,04-01-2024,28
515,JIGAWA,04-01-2024,0
515,KADUNA,04-01-2024,0
515,KANO,04-01-2024,0
515,KATSINA,04-01-2024,0
515,KEBBI,04-01-2024,0
515,KOGI,04-01-2024,5
515,KWARA,04-01-2024,0
515,LAGOS,04-01-2024,0
515,NASARAWA,04-01-2024,0
515,NIGER,04-01-2024,0
515,OGUN,04-01-2024,1
515,ONDO,04-01-2024,0
515,OSUN,04-01-2024,0
515,OYO,04-01-2024,0
515,PLATEAU,04-01-2024,0
515,RIVERS,04-01-2024,1
515,SOKOTO,04-01-2024,0
515,TARABA,04-01-2024,0
515,YOBE,04-01-2024,0
515,ZAMFARA,04-01-2024,0
515,FCT,04-01-2024,0
515,FOREIGN,04-01-2024,0
510,ABIA,04-01-2024,1
510,ADAMAWA,04-01-2024,0
510,AKWA IBOM,04-01-2024,3
510,BAUCHI,04-01-2024,0
510,BAYELSA,04-01-2024,0
510,BENUE,04-01-2024,1
510,BORNO,04-01-2024,0
510,CROSS RIVER,04-01-2024,0
510,DELTA,04-01-2024,1
510,EBONYI,04-01-2024,4
510,EDO,04-01-2024,1
510,EKITI,04-01-2024,0
510,ENUGU,04-01-2024,10
510,GOMBE,04-01-2024,0
510,IMO,04-01-2024,9
510,JIGAWA,04-01-2024,0
510,KADUNA,04-01-2024,0
510,KANO,04-01-2024,0
510,KATSINA,04-01-2024,0
510,KEBBI,04-01-2024,0
510,KOGI,04-01-2024,0
510,KWARA,04-01-2024,0
510,LAGOS,04-01-2024,0
510,NASARAWA,04-01-2024,0
510,NIGER,04-01-2024,0
510,OGUN,04-01-2024,0
510,ONDO,04-01-2024,0
510,OSUN,04-01-2024,0
510,OYO,04-01-2024,0
510,PLATEAU,04-01-2024,0
510,RIVERS,04-01-2024,0
510,SOKOTO,04-01-2024,0
510,TARABA,04-01-2024,0
510,YOBE,04-01-2024,0
510,ZAMFARA,04-01-2024,0
510,FCT,04-01-2024,0
510,FOREIGN,04-01-2024,0
505,ABIA,04-01-2024,0
505,ADAMAWA,04-01-2024,0
505,AKWA IBOM,04-01-2024,0
505,BAUCHI,04-01-2024,0
505,BAYELSA,04-01-2024,0
505,BENUE,04-01-2024,0
505,BORNO,04-01-2024,0
505,CROSS RIVER,04-01-2024,0
505,DELTA,04-01-2024,0
505,EBONYI,04-01-2024,1
505,EDO,04-01-2024,0
505,EKITI,04-01-2024,0
505,ENUGU,04-01-2024,0
505,GOMBE,04-01-2024,0
505,IMO,04-01-2024,1
505,JIGAWA,04-01-2024,0
505,KADUNA,04-01-2024,0
505,KANO,04-01-2024,0
505,KATSINA,04-01-2024,0
505,KEBBI,04-01-2024,0
505,KOGI,04-01-2024,0
505,KWARA,04-01-2024,0
505,LAGOS,04-01-2024,0
505,NASARAWA,04-01-2024,0
505,NIGER,04-01-2024,0
505,OGUN,04-01-2024,0
505,ONDO,04-01-2024,0
505,OSUN,04-01-2024,0
505,OYO,04-01-2024,0
505,PLATEAU,04-01-2024,0
505,RIVERS,04-01-2024,0
505,SOKOTO,04-01-2024,0
505,TARABA,04-01-2024,0
505,YOBE,04-01-2024,0
505,ZAMFARA,04-01-2024,0
505,FCT,04-01-2024,0
505,FOREIGN,04-01-2024,0
514,ABIA,04-01-2024,0
514,ADAMAWA,04-01-2024,0
514,AKWA IBOM,04-01-2024,0
514,BAUCHI,04-01-2024,0
514,BAYELSA,04-01-2024,0
514,BENUE,04-01-2024,0
514,BORNO,04-01-2024,0
514,CROSS RIVER,04-01-2024,0
514,DELTA,04-01-2024,0
514,EBONYI,04-01-2024,1
514,EDO,04-01-2024,0
514,EKITI,04-01-2024,0
514,ENUGU,04-01-2024,0
514,GOMBE,04-01-2024,0
514,IMO,04-01-2024,3
514,JIGAWA,04-01-2024,0
514,KADUNA,04-01-2024,0
514,KANO,04-01-2024,0
514,KATSINA,04-01-2024,0
514,KEBBI,04-01-2024,0
514,KOGI,04-01-2024,0
514,KWARA,04-01-2024,0
514,LAGOS,04-01-2024,0
514,NASARAWA,04-01-2024,0
514,NIGER,04-01-2024,0
514,OGUN,04-01-2024,0
514,ONDO,04-01-2024,0
514,OSUN,04-01-2024,0
514,OYO,04-01-2024,0
514,PLATEAU,04-01-2024,0
514,RIVERS,04-01-2024,0
514,SOKOTO,04-01-2024,0
514,TARABA,04-01-2024,0
514,YOBE,04-01-2024,0
514,ZAMFARA,04-01-2024,0
514,FCT,04-01-2024,0
514,FOREIGN,04-01-2024,0
503,ABIA,04-01-2024,0
503,ADAMAWA,04-01-2024,0
503,AKWA IBOM,04-01-2024,0
503,BAUCHI,04-01-2024,0
503,BAYELSA,04-01-2024,0
503,BENUE,04-01-2024,0
503,BORNO,04-01-2024,0
503,CROSS RIVER,04-01-2024,0
503,DELTA,04-01-2024,0
503,EBONYI,04-01-2024,2
503,EDO,04-01-2024,0
503,EKITI,04-01-2024,0
503,ENUGU,04-01-2024,0
503,GOMBE,04-01-2024,0
503,IMO,04-01-2024,10
503,JIGAWA,04-01-2024,0
503,KADUNA,04-01-2024,0
503,KANO,04-01-2024,0
503,KATSINA,04-01-2024,0
503,KEBBI,04-01-2024,0
503,KOGI,04-01-2024,0
503,KWARA,04-01-2024,0
503,LAGOS,04-01-2024,0
503,NASARAWA,04-01-2024,0
503,NIGER,04-01-2024,0
503,OGUN,04-01-2024,0
503,ONDO,04-01-2024,0
503,OSUN,04-01-2024,0
503,OYO,04-01-2024,0
503,PLATEAU,04-01-2024,1
503,RIVERS,04-01-2024,1
503,SOKOTO,04-01-2024,0
503,TARABA,04-01-2024,0
503,YOBE,04-01-2024,0
503,ZAMFARA,04-01-2024,0
503,FCT,04-01-2024,0
503,FOREIGN,04-01-2024,0
501,ABIA,04-01-2024,3
501,ADAMAWA,04-01-2024,0
501,AKWA IBOM,04-01-2024,1
501,BAUCHI,04-01-2024,0
501,BAYELSA,04-01-2024,0
501,BENUE,04-01-2024,0
501,BORNO,04-01-2024,0
501,CROSS RIVER,04-01-2024,1
501,DELTA,04-01-2024,0
501,EBONYI,04-01-2024,3
501,EDO,04-01-2024,0
501,EKITI,04-01-2024,0
501,ENUGU,04-01-2024,2
501,GOMBE,04-01-2024,0
501,IMO,04-01-2024,31
501,JIGAWA,04-01-2024,0
501,KADUNA,04-01-2024,0
501,KANO,04-01-2024,0
501,KATSINA,04-01-2024,0
501,KEBBI,04-01-2024,0
501,KOGI,04-01-2024,0
501,KWARA,04-01-2024,0
501,LAGOS,04-01-2024,0
501,NASARAWA,04-01-2024,0
501,NIGER,04-01-2024,0
501,OGUN,04-01-2024,0
501,ONDO,04-01-2024,0
501,OSUN,04-01-2024,0
501,OYO,04-01-2024,0
501,PLATEAU,04-01-2024,0
501,RIVERS,04-01-2024,0
501,SOKOTO,04-01-2024,0
501,TARABA,04-01-2024,0
501,YOBE,04-01-2024,0
501,ZAMFARA,04-01-2024,0
501,FCT,04-01-2024,0
501,FOREIGN,04-01-2024,0
502,ABIA,04-01-2024,0
502,ADAMAWA,04-01-2024,0
502,AKWA IBOM,04-01-2024,0
502,BAUCHI,04-01-2024,0
502,BAYELSA,04-01-2024,0
502,BENUE,04-01-2024,0
502,BORNO,04-01-2024,0
502,CROSS RIVER,04-01-2024,0
502,DELTA,04-01-2024,0
502,EBONYI,04-01-2024,0
502,EDO,04-01-2024,0
502,EKITI,04-01-2024,0
502,ENUGU,04-01-2024,0
502,GOMBE,04-01-2024,0
502,IMO,04-01-2024,0
502,JIGAWA,04-01-2024,0
502,KADUNA,04-01-2024,0
502,KANO,04-01-2024,0
502,KATSINA,04-01-2024,0
502,KEBBI,04-01-2024,0
502,KOGI,04-01-2024,0
502,KWARA,04-01-2024,0
502,LAGOS,04-01-2024,0
502,NASARAWA,04-01-2024,0
502,NIGER,04-01-2024,0
502,OGUN,04-01-2024,0
502,ONDO,04-01-2024,0
502,OSUN,04-01-2024,0
502,OYO,04-01-2024,0
502,PLATEAU,04-01-2024,0
502,RIVERS,04-01-2024,0
502,SOKOTO,04-01-2024,0
502,TARABA,04-01-2024,0
502,YOBE,04-01-2024,0
502,ZAMFARA,04-01-2024,0
502,FCT,04-01-2024,0
502,FOREIGN,04-01-2024,0
335,ABIA,04-01-2024,2
335,ADAMAWA,04-01-2024,0
335,AKWA IBOM,04-01-2024,2
335,BAUCHI,04-01-2024,0
335,BAYELSA,04-01-2024,0
335,BENUE,04-01-2024,2
335,BORNO,04-01-2024,0
335,CROSS RIVER,04-01-2024,2
335,DELTA,04-01-2024,1
335,EBONYI,04-01-2024,48
335,EDO,04-01-2024,0
335,EKITI,04-01-2024,0
335,ENUGU,04-01-2024,48
335,GOMBE,04-01-2024,0
335,IMO,04-01-2024,11
335,JIGAWA,04-01-2024,0
335,KADUNA,04-01-2024,0
335,KANO,04-01-2024,0
335,KATSINA,04-01-2024,0
335,KEBBI,04-01-2024,0
335,KOGI,04-01-2024,0
335,KWARA,04-01-2024,0
335,LAGOS,04-01-2024,0
335,NASARAWA,04-01-2024,1
335,NIGER,04-01-2024,0
335,OGUN,04-01-2024,0
335,ONDO,04-01-2024,0
335,OSUN,04-01-2024,0
335,OYO,04-01-2024,0
335,PLATEAU,04-01-2024,0
335,RIVERS,04-01-2024,0
335,SOKOTO,04-01-2024,0
335,TARABA,04-01-2024,1
335,YOBE,04-01-2024,0
335,ZAMFARA,04-01-2024,0
335,FCT,04-01-2024,0
335,FOREIGN,04-01-2024,0
323,ABIA,04-01-2024,1
323,ADAMAWA,04-01-2024,1
323,AKWA IBOM,04-01-2024,0
323,BAUCHI,04-01-2024,0
323,BAYELSA,04-01-2024,0
323,BENUE,04-01-2024,0
323,BORNO,04-01-2024,0
323,CROSS RIVER,04-01-2024,0
323,DELTA,04-01-2024,0
323,EBONYI,04-01-2024,12
323,EDO,04-01-2024,0
323,EKITI,04-01-2024,0
323,ENUGU,04-01-2024,24
323,GOMBE,04-01-2024,0
323,IMO,04-01-2024,2
323,JIGAWA,04-01-2024,0
323,KADUNA,04-01-2024,1
323,KANO,04-01-2024,0
323,KATSINA,04-01-2024,0
323,KEBBI,04-01-2024,0
323,KOGI,04-01-2024,0
323,KWARA,04-01-2024,0
323,LAGOS,04-01-2024,0
323,NASARAWA,04-01-2024,0
323,NIGER,04-01-2024,0
323,OGUN,04-01-2024,0
323,ONDO,04-01-2024,0
323,OSUN,04-01-2024,0
323,OYO,04-01-2024,0
323,PLATEAU,04-01-2024,9
323,RIVERS,04-01-2024,0
323,SOKOTO,04-01-2024,0
323,TARABA,04-01-2024,0
323,YOBE,04-01-2024,0
323,ZAMFARA,04-01-2024,0
323,FCT,04-01-2024,0
323,FOREIGN,04-01-2024,0
326,ABIA,04-01-2024,3
326,ADAMAWA,04-01-2024,0
326,AKWA IBOM,04-01-2024,1
326,BAUCHI,04-01-2024,0
326,BAYELSA,04-01-2024,0
326,BENUE,04-01-2024,0
326,BORNO,04-01-2024,0
326,CROSS RIVER,04-01-2024,0
326,DELTA,04-01-2024,0
326,EBONYI,04-01-2024,11
326,EDO,04-01-2024,0
326,EKITI,04-01-2024,0
326,ENUGU,04-01-2024,8
326,GOMBE,04-01-2024,0
326,IMO,04-01-2024,3
326,JIGAWA,04-01-2024,0
326,KADUNA,04-01-2024,0
326,KANO,04-01-2024,0
326,KATSINA,04-01-2024,0
326,KEBBI,04-01-2024,0
326,KOGI,04-01-2024,0
326,KWARA,04-01-2024,0
326,LAGOS,04-01-2024,0
326,NASARAWA,04-01-2024,0
326,NIGER,04-01-2024,0
326,OGUN,04-01-2024,0
326,ONDO,04-01-2024,0
326,OSUN,04-01-2024,0
326,OYO,04-01-2024,0
326,PLATEAU,04-01-2024,0
326,RIVERS,04-01-2024,0
326,SOKOTO,04-01-2024,0
326,TARABA,04-01-2024,1
326,YOBE,04-01-2024,0
326,ZAMFARA,04-01-2024,0
326,FCT,04-01-2024,0
326,FOREIGN,04-01-2024,0
327,ABIA,04-01-2024,0
327,ADAMAWA,04-01-2024,0
327,AKWA IBOM,04-01-2024,0
327,BAUCHI,04-01-2024,0
327,BAYELSA,04-01-2024,0
327,BENUE,04-01-2024,0
327,BORNO,04-01-2024,0
327,CROSS RIVER,04-01-2024,0
327,DELTA,04-01-2024,0
327,EBONYI,04-01-2024,1
327,EDO,04-01-2024,0
327,EKITI,04-01-2024,0
327,ENUGU,04-01-2024,5
327,GOMBE,04-01-2024,0
327,IMO,04-01-2024,2
327,JIGAWA,04-01-2024,0
327,KADUNA,04-01-2024,0
327,KANO,04-01-2024,0
327,KATSINA,04-01-2024,0
327,KEBBI,04-01-2024,0
327,KOGI,04-01-2024,0
327,KWARA,04-01-2024,0
327,LAGOS,04-01-2024,0
327,NASARAWA,04-01-2024,0
327,NIGER,04-01-2024,0
327,OGUN,04-01-2024,0
327,ONDO,04-01-2024,0
327,OSUN,04-01-2024,0
327,OYO,04-01-2024,0
327,PLATEAU,04-01-2024,1
327,RIVERS,04-01-2024,0
327,SOKOTO,04-01-2024,0
327,TARABA,04-01-2024,0
327,YOBE,04-01-2024,0
327,ZAMFARA,04-01-2024,0
327,FCT,04-01-2024,0
327,FOREIGN,04-01-2024,0
333,ABIA,04-01-2024,43
333,ADAMAWA,04-01-2024,0
333,AKWA IBOM,04-01-2024,7
333,BAUCHI,04-01-2024,0
333,BAYELSA,04-01-2024,0
333,BENUE,04-01-2024,4
333,BORNO,04-01-2024,0
333,CROSS RIVER,04-01-2024,11
333,DELTA,04-01-2024,10
333,EBONYI,04-01-2024,174
333,EDO,04-01-2024,2
333,EKITI,04-01-2024,0
333,ENUGU,04-01-2024,388
333,GOMBE,04-01-2024,1
333,IMO,04-01-2024,58
333,JIGAWA,04-01-2024,0
333,KADUNA,04-01-2024,0
333,KANO,04-01-2024,0
333,KATSINA,04-01-2024,0
333,KEBBI,04-01-2024,0
333,KOGI,04-01-2024,4
333,KWARA,04-01-2024,0
333,LAGOS,04-01-2024,1
333,NASARAWA,04-01-2024,0
333,NIGER,04-01-2024,0
333,OGUN,04-01-2024,0
333,ONDO,04-01-2024,0
333,OSUN,04-01-2024,2
333,OYO,04-01-2024,0
333,PLATEAU,04-01-2024,0
333,RIVERS,04-01-2024,0
333,SOKOTO,04-01-2024,0
333,TARABA,04-01-2024,1
333,YOBE,04-01-2024,0
333,ZAMFARA,04-01-2024,0
333,FCT,04-01-2024,0
333,FOREIGN,04-01-2024,1
338,ABIA,04-01-2024,73
338,ADAMAWA,04-01-2024,2
338,AKWA IBOM,04-01-2024,20
338,BAUCHI,04-01-2024,0
338,BAYELSA,04-01-2024,0
338,BENUE,04-01-2024,6
338,BORNO,04-01-2024,0
338,CROSS RIVER,04-01-2024,10
338,DELTA,04-01-2024,9
338,EBONYI,04-01-2024,295
338,EDO,04-01-2024,4
338,EKITI,04-01-2024,0
338,ENUGU,04-01-2024,512
338,GOMBE,04-01-2024,0
338,IMO,04-01-2024,103
338,JIGAWA,04-01-2024,0
338,KADUNA,04-01-2024,0
338,KANO,04-01-2024,0
338,KATSINA,04-01-2024,0
338,KEBBI,04-01-2024,0
338,KOGI,04-01-2024,9
338,KWARA,04-01-2024,0
338,LAGOS,04-01-2024,0
338,NASARAWA,04-01-2024,1
338,NIGER,04-01-2024,0
338,OGUN,04-01-2024,0
338,ONDO,04-01-2024,0
338,OSUN,04-01-2024,1
338,OYO,04-01-2024,4
338,PLATEAU,04-01-2024,0
338,RIVERS,04-01-2024,6
338,SOKOTO,04-01-2024,0
338,TARABA,04-01-2024,0
338,YOBE,04-01-2024,0
338,ZAMFARA,04-01-2024,0
338,FCT,04-01-2024,0
338,FOREIGN,04-01-2024,0
328,ABIA,04-01-2024,40
328,ADAMAWA,04-01-2024,1
328,AKWA IBOM,04-01-2024,5
328,BAUCHI,04-01-2024,0
328,BAYELSA,04-01-2024,0
328,BENUE,04-01-2024,0
328,BORNO,04-01-2024,0
328,CROSS RIVER,04-01-2024,0
328,DELTA,04-01-2024,7
328,EBONYI,04-01-2024,136
328,EDO,04-01-2024,0
328,EKITI,04-01-2024,1
328,ENUGU,04-01-2024,92
328,GOMBE,04-01-2024,0
328,IMO,04-01-2024,58
328,JIGAWA,04-01-2024,0
328,KADUNA,04-01-2024,0
328,KANO,04-01-2024,0
328,KATSINA,04-01-2024,0
328,KEBBI,04-01-2024,0
328,KOGI,04-01-2024,1
328,KWARA,04-01-2024,0
328,LAGOS,04-01-2024,0
328,NASARAWA,04-01-2024,0
328,NIGER,04-01-2024,0
328,OGUN,04-01-2024,1
328,ONDO,04-01-2024,1
328,OSUN,04-01-2024,0
328,OYO,04-01-2024,0
328,PLATEAU,04-01-2024,0
328,RIVERS,04-01-2024,3
328,SOKOTO,04-01-2024,0
328,TARABA,04-01-2024,0
328,YOBE,04-01-2024,0
328,ZAMFARA,04-01-2024,0
328,FCT,04-01-2024,0
328,FOREIGN,04-01-2024,0
337,ABIA,04-01-2024,59
337,ADAMAWA,04-01-2024,0
337,AKWA IBOM,04-01-2024,6
337,BAUCHI,04-01-2024,0
337,BAYELSA,04-01-2024,0
337,BENUE,04-01-2024,7
337,BORNO,04-01-2024,0
337,CROSS RIVER,04-01-2024,6
337,DELTA,04-01-2024,3
337,EBONYI,04-01-2024,189
337,EDO,04-01-2024,0
337,EKITI,04-01-2024,0
337,ENUGU,04-01-2024,147
337,GOMBE,04-01-2024,0
337,IMO,04-01-2024,49
337,JIGAWA,04-01-2024,0
337,KADUNA,04-01-2024,0
337,KANO,04-01-2024,0
337,KATSINA,04-01-2024,0
337,KEBBI,04-01-2024,0
337,KOGI,04-01-2024,4
337,KWARA,04-01-2024,0
337,LAGOS,04-01-2024,0
337,NASARAWA,04-01-2024,0
337,NIGER,04-01-2024,0
337,OGUN,04-01-2024,0
337,ONDO,04-01-2024,0
337,OSUN,04-01-2024,4
337,OYO,04-01-2024,0
337,PLATEAU,04-01-2024,2
337,RIVERS,04-01-2024,0
337,SOKOTO,04-01-2024,0
337,TARABA,04-01-2024,0
337,YOBE,04-01-2024,0
337,ZAMFARA,04-01-2024,0
337,FCT,04-01-2024,0
337,FOREIGN,04-01-2024,0
324,ABIA,04-01-2024,8
324,ADAMAWA,04-01-2024,0
324,AKWA IBOM,04-01-2024,0
324,BAUCHI,04-01-2024,0
324,BAYELSA,04-01-2024,0
324,BENUE,04-01-2024,1
324,BORNO,04-01-2024,0
324,CROSS RIVER,04-01-2024,0
324,DELTA,04-01-2024,6
324,EBONYI,04-01-2024,13
324,EDO,04-01-2024,1
324,EKITI,04-01-2024,0
324,ENUGU,04-01-2024,39
324,GOMBE,04-01-2024,0
324,IMO,04-01-2024,28
324,JIGAWA,04-01-2024,0
324,KADUNA,04-01-2024,0
324,KANO,04-01-2024,0
324,KATSINA,04-01-2024,0
324,KEBBI,04-01-2024,0
324,KOGI,04-01-2024,0
324,KWARA,04-01-2024,0
324,LAGOS,04-01-2024,0
324,NASARAWA,04-01-2024,0
324,NIGER,04-01-2024,0
324,OGUN,04-01-2024,0
324,ONDO,04-01-2024,0
324,OSUN,04-01-2024,0
324,OYO,04-01-2024,0
324,PLATEAU,04-01-2024,0
324,RIVERS,04-01-2024,0
324,SOKOTO,04-01-2024,0
324,TARABA,04-01-2024,0
324,YOBE,04-01-2024,0
324,ZAMFARA,04-01-2024,0
324,FCT,04-01-2024,0
324,FOREIGN,04-01-2024,0
332,ABIA,04-01-2024,6
332,ADAMAWA,04-01-2024,0
332,AKWA IBOM,04-01-2024,0
332,BAUCHI,04-01-2024,0
332,BAYELSA,04-01-2024,1
332,BENUE,04-01-2024,0
332,BORNO,04-01-2024,0
332,CROSS RIVER,04-01-2024,2
332,DELTA,04-01-2024,1
332,EBONYI,04-01-2024,6
332,EDO,04-01-2024,2
332,EKITI,04-01-2024,0
332,ENUGU,04-01-2024,23
332,GOMBE,04-01-2024,12
332,IMO,04-01-2024,0
332,JIGAWA,04-01-2024,0
332,KADUNA,04-01-2024,0
332,KANO,04-01-2024,0
332,KATSINA,04-01-2024,0
332,KEBBI,04-01-2024,0
332,KOGI,04-01-2024,1
332,KWARA,04-01-2024,0
332,LAGOS,04-01-2024,0
332,NASARAWA,04-01-2024,0
332,NIGER,04-01-2024,0
332,OGUN,04-01-2024,0
332,ONDO,04-01-2024,0
332,OSUN,04-01-2024,0
332,OYO,04-01-2024,0
332,PLATEAU,04-01-2024,0
332,RIVERS,04-01-2024,0
332,SOKOTO,04-01-2024,0
332,TARABA,04-01-2024,0
332,YOBE,04-01-2024,0
332,ZAMFARA,04-01-2024,0
332,FCT,04-01-2024,0
332,FOREIGN,04-01-2024,0
329,ABIA,04-01-2024,1
329,ADAMAWA,04-01-2024,2
329,AKWA IBOM,04-01-2024,1
329,BAUCHI,04-01-2024,3
329,BAYELSA,04-01-2024,0
329,BENUE,04-01-2024,0
329,BORNO,04-01-2024,0
329,CROSS RIVER,04-01-2024,1
329,DELTA,04-01-2024,0
329,EBONYI,04-01-2024,29
329,EDO,04-01-2024,0
329,EKITI,04-01-2024,0
329,ENUGU,04-01-2024,39
329,GOMBE,04-01-2024,0
329,IMO,04-01-2024,1
329,JIGAWA,04-01-2024,0
329,KADUNA,04-01-2024,0
329,KANO,04-01-2024,0
329,KATSINA,04-01-2024,0
329,KEBBI,04-01-2024,0
329,KOGI,04-01-2024,1
329,KWARA,04-01-2024,0
329,LAGOS,04-01-2024,0
329,NASARAWA,04-01-2024,0
329,NIGER,04-01-2024,0
329,OGUN,04-01-2024,0
329,ONDO,04-01-2024,0
329,OSUN,04-01-2024,0
329,OYO,04-01-2024,0
329,PLATEAU,04-01-2024,1
329,RIVERS,04-01-2024,0
329,SOKOTO,04-01-2024,0
329,TARABA,04-01-2024,0
329,YOBE,04-01-2024,0
329,ZAMFARA,04-01-2024,0
329,FCT,04-01-2024,0
329,FOREIGN,04-01-2024,0
336,ABIA,04-01-2024,3
336,ADAMAWA,04-01-2024,0
336,AKWA IBOM,04-01-2024,0
336,BAUCHI,04-01-2024,0
336,BAYELSA,04-01-2024,0
336,BENUE,04-01-2024,0
336,BORNO,04-01-2024,0
336,CROSS RIVER,04-01-2024,1
336,DELTA,04-01-2024,0
336,EBONYI,04-01-2024,2
336,EDO,04-01-2024,0
336,EKITI,04-01-2024,0
336,ENUGU,04-01-2024,19
336,GOMBE,04-01-2024,0
336,IMO,04-01-2024,5
336,JIGAWA,04-01-2024,0
336,KADUNA,04-01-2024,0
336,KANO,04-01-2024,0
336,KATSINA,04-01-2024,0
336,KEBBI,04-01-2024,0
336,KOGI,04-01-2024,0
336,KWARA,04-01-2024,0
336,LAGOS,04-01-2024,0
336,NASARAWA,04-01-2024,0
336,NIGER,04-01-2024,0
336,OGUN,04-01-2024,0
336,ONDO,04-01-2024,0
336,OSUN,04-01-2024,0
336,OYO,04-01-2024,0
336,PLATEAU,04-01-2024,0
336,RIVERS,04-01-2024,0
336,SOKOTO,04-01-2024,0
336,TARABA,04-01-2024,0
336,YOBE,04-01-2024,0
336,ZAMFARA,04-01-2024,0
336,FCT,04-01-2024,0
336,FOREIGN,04-01-2024,0
330,ABIA,04-01-2024,3
330,ADAMAWA,04-01-2024,0
330,AKWA IBOM,04-01-2024,0
330,BAUCHI,04-01-2024,0
330,BAYELSA,04-01-2024,0
330,BENUE,04-01-2024,0
330,BORNO,04-01-2024,0
330,CROSS RIVER,04-01-2024,0
330,DELTA,04-01-2024,3
330,EBONYI,04-01-2024,17
330,EDO,04-01-2024,0
330,EKITI,04-01-2024,0
330,ENUGU,04-01-2024,28
330,GOMBE,04-01-2024,0
330,IMO,04-01-2024,7
330,JIGAWA,04-01-2024,0
330,KADUNA,04-01-2024,0
330,KANO,04-01-2024,0
330,KATSINA,04-01-2024,0
330,KEBBI,04-01-2024,0
330,KOGI,04-01-2024,1
330,KWARA,04-01-2024,0
330,LAGOS,04-01-2024,0
330,NASARAWA,04-01-2024,0
330,NIGER,04-01-2024,0
330,OGUN,04-01-2024,0
330,ONDO,04-01-2024,0
330,OSUN,04-01-2024,0
330,OYO,04-01-2024,0
330,PLATEAU,04-01-2024,1
330,RIVERS,04-01-2024,1
330,SOKOTO,04-01-2024,0
330,TARABA,04-01-2024,0
330,YOBE,04-01-2024,0
330,ZAMFARA,04-01-2024,0
330,FCT,04-01-2024,0
330,FOREIGN,04-01-2024,0
334,ABIA,04-01-2024,24
334,ADAMAWA,04-01-2024,0
334,AKWA IBOM,04-01-2024,3
334,BAUCHI,04-01-2024,0
334,BAYELSA,04-01-2024,0
334,BENUE,04-01-2024,1
334,BORNO,04-01-2024,0
334,CROSS RIVER,04-01-2024,3
334,DELTA,04-01-2024,9
334,EBONYI,04-01-2024,46
334,EDO,04-01-2024,3
334,EKITI,04-01-2024,0
334,ENUGU,04-01-2024,179
334,GOMBE,04-01-2024,0
334,IMO,04-01-2024,137
334,JIGAWA,04-01-2024,0
334,KADUNA,04-01-2024,0
334,KANO,04-01-2024,0
334,KATSINA,04-01-2024,0
334,KEBBI,04-01-2024,0
334,KOGI,04-01-2024,1
334,KWARA,04-01-2024,0
334,LAGOS,04-01-2024,0
334,NASARAWA,04-01-2024,0
334,NIGER,04-01-2024,0
334,OGUN,04-01-2024,0
334,ONDO,04-01-2024,0
334,OSUN,04-01-2024,0
334,OYO,04-01-2024,0
334,PLATEAU,04-01-2024,0
334,RIVERS,04-01-2024,0
334,SOKOTO,04-01-2024,0
334,TARABA,04-01-2024,0
334,YOBE,04-01-2024,0
334,ZAMFARA,04-01-2024,0
334,FCT,04-01-2024,0
334,FOREIGN,04-01-2024,0
331,ABIA,04-01-2024,14
331,ADAMAWA,04-01-2024,0
331,AKWA IBOM,04-01-2024,0
331,BAUCHI,04-01-2024,0
331,BAYELSA,04-01-2024,0
331,BENUE,04-01-2024,2
331,BORNO,04-01-2024,0
331,CROSS RIVER,04-01-2024,2
331,DELTA,04-01-2024,3
331,EBONYI,04-01-2024,88
331,EDO,04-01-2024,0
331,EKITI,04-01-2024,0
331,ENUGU,04-01-2024,70
331,GOMBE,04-01-2024,0
331,IMO,04-01-2024,19
331,JIGAWA,04-01-2024,0
331,KADUNA,04-01-2024,0
331,KANO,04-01-2024,1
331,KATSINA,04-01-2024,0
331,KEBBI,04-01-2024,0
331,KOGI,04-01-2024,0
331,KWARA,04-01-2024,0
331,LAGOS,04-01-2024,0
331,NASARAWA,04-01-2024,0
331,NIGER,04-01-2024,0
331,OGUN,04-01-2024,0
331,ONDO,04-01-2024,0
331,OSUN,04-01-2024,0
331,OYO,04-01-2024,0
331,PLATEAU,04-01-2024,1
331,RIVERS,04-01-2024,0
331,SOKOTO,04-01-2024,0
331,TARABA,04-01-2024,0
331,YOBE,04-01-2024,0
331,ZAMFARA,04-01-2024,0
331,FCT,04-01-2024,0
331,FOREIGN,04-01-2024,0
325,ABIA,04-01-2024,137
325,ADAMAWA,04-01-2024,0
325,AKWA IBOM,04-01-2024,11
325,BAUCHI,04-01-2024,0
325,BAYELSA,04-01-2024,0
325,BENUE,04-01-2024,3
325,BORNO,04-01-2024,0
325,CROSS RIVER,04-01-2024,5
325,DELTA,04-01-2024,17
325,EBONYI,04-01-2024,479
325,EDO,04-01-2024,5
325,EKITI,04-01-2024,0
325,ENUGU,04-01-2024,545
325,GOMBE,04-01-2024,0
325,IMO,04-01-2024,479
325,JIGAWA,04-01-2024,0
325,KADUNA,04-01-2024,0
325,KANO,04-01-2024,0
325,KATSINA,04-01-2024,0
325,KEBBI,04-01-2024,0
325,KOGI,04-01-2024,5
325,KWARA,04-01-2024,0
325,LAGOS,04-01-2024,0
325,NASARAWA,04-01-2024,0
325,NIGER,04-01-2024,0
325,OGUN,04-01-2024,0
325,ONDO,04-01-2024,0
325,OSUN,04-01-2024,5
325,OYO,04-01-2024,1
325,PLATEAU,04-01-2024,3
325,RIVERS,04-01-2024,2
325,SOKOTO,04-01-2024,0
325,TARABA,04-01-2024,1
325,YOBE,04-01-2024,0
325,ZAMFARA,04-01-2024,0
325,FCT,04-01-2024,0
325,FOREIGN,04-01-2024,0
477,ABIA,04-01-2024,16
477,ADAMAWA,04-01-2024,0
477,AKWA IBOM,04-01-2024,5
477,BAUCHI,04-01-2024,0
477,BAYELSA,04-01-2024,1
477,BENUE,04-01-2024,9
477,BORNO,04-01-2024,0
477,CROSS RIVER,04-01-2024,5
477,DELTA,04-01-2024,10
477,EBONYI,04-01-2024,65
477,EDO,04-01-2024,1
477,EKITI,04-01-2024,2
477,ENUGU,04-01-2024,203
477,GOMBE,04-01-2024,0
477,IMO,04-01-2024,50
477,JIGAWA,04-01-2024,0
477,KADUNA,04-01-2024,2
477,KANO,04-01-2024,0
477,KATSINA,04-01-2024,0
477,KEBBI,04-01-2024,0
477,KOGI,04-01-2024,7
477,KWARA,04-01-2024,0
477,LAGOS,04-01-2024,1
477,NASARAWA,04-01-2024,0
477,NIGER,04-01-2024,1
477,OGUN,04-01-2024,0
477,ONDO,04-01-2024,0
477,OSUN,04-01-2024,1
477,OYO,04-01-2024,0
477,PLATEAU,04-01-2024,1
477,RIVERS,04-01-2024,1
477,SOKOTO,04-01-2024,0
477,TARABA,04-01-2024,0
477,YOBE,04-01-2024,0
477,ZAMFARA,04-01-2024,0
477,FCT,04-01-2024,0
477,FOREIGN,04-01-2024,1
478,ABIA,04-01-2024,0
478,ADAMAWA,04-01-2024,0
478,AKWA IBOM,04-01-2024,0
478,BAUCHI,04-01-2024,0
478,BAYELSA,04-01-2024,0
478,BENUE,04-01-2024,0
478,BORNO,04-01-2024,0
478,CROSS RIVER,04-01-2024,0
478,DELTA,04-01-2024,0
478,EBONYI,04-01-2024,0
478,EDO,04-01-2024,0
478,EKITI,04-01-2024,0
478,ENUGU,04-01-2024,0
478,GOMBE,04-01-2024,0
478,IMO,04-01-2024,0
478,JIGAWA,04-01-2024,0
478,KADUNA,04-01-2024,0
478,KANO,04-01-2024,0
478,KATSINA,04-01-2024,0
478,KEBBI,04-01-2024,0
478,KOGI,04-01-2024,0
478,KWARA,04-01-2024,0
478,LAGOS,04-01-2024,0
478,NASARAWA,04-01-2024,0
478,NIGER,04-01-2024,0
478,OGUN,04-01-2024,0
478,ONDO,04-01-2024,0
478,OSUN,04-01-2024,0
478,OYO,04-01-2024,0
478,PLATEAU,04-01-2024,0
478,RIVERS,04-01-2024,0
478,SOKOTO,04-01-2024,0
478,TARABA,04-01-2024,0
478,YOBE,04-01-2024,0
478,ZAMFARA,04-01-2024,0
478,FCT,04-01-2024,0
478,FOREIGN,04-01-2024,0
471,ABIA,04-01-2024,8
471,ADAMAWA,04-01-2024,0
471,AKWA IBOM,04-01-2024,2
471,BAUCHI,04-01-2024,0
471,BAYELSA,04-01-2024,0
471,BENUE,04-01-2024,1
471,BORNO,04-01-2024,0
471,CROSS RIVER,04-01-2024,1
471,DELTA,04-01-2024,2
471,EBONYI,04-01-2024,11
471,EDO,04-01-2024,0
471,EKITI,04-01-2024,0
471,ENUGU,04-01-2024,37
471,GOMBE,04-01-2024,0
471,IMO,04-01-2024,10
471,JIGAWA,04-01-2024,0
471,KADUNA,04-01-2024,0
471,KANO,04-01-2024,0
471,KATSINA,04-01-2024,0
471,KEBBI,04-01-2024,0
471,KOGI,04-01-2024,1
471,KWARA,04-01-2024,0
471,LAGOS,04-01-2024,0
471,NASARAWA,04-01-2024,0
471,NIGER,04-01-2024,0
471,OGUN,04-01-2024,0
471,ONDO,04-01-2024,0
471,OSUN,04-01-2024,0
471,OYO,04-01-2024,0
471,PLATEAU,04-01-2024,0
471,RIVERS,04-01-2024,1
471,SOKOTO,04-01-2024,0
471,TARABA,04-01-2024,0
471,YOBE,04-01-2024,0
471,ZAMFARA,04-01-2024,0
471,FCT,04-01-2024,0
471,FOREIGN,04-01-2024,0
472,ABIA,04-01-2024,19
472,ADAMAWA,04-01-2024,1
472,AKWA IBOM,04-01-2024,12
472,BAUCHI,04-01-2024,0
472,BAYELSA,04-01-2024,0
472,BENUE,04-01-2024,0
472,BORNO,04-01-2024,0
472,CROSS RIVER,04-01-2024,1
472,DELTA,04-01-2024,4
472,EBONYI,04-01-2024,136
472,EDO,04-01-2024,0
472,EKITI,04-01-2024,1
472,ENUGU,04-01-2024,168
472,GOMBE,04-01-2024,0
472,IMO,04-01-2024,42
472,JIGAWA,04-01-2024,0
472,KADUNA,04-01-2024,0
472,KANO,04-01-2024,0
472,KATSINA,04-01-2024,0
472,KEBBI,04-01-2024,0
472,KOGI,04-01-2024,1
472,KWARA,04-01-2024,0
472,LAGOS,04-01-2024,0
472,NASARAWA,04-01-2024,0
472,NIGER,04-01-2024,0
472,OGUN,04-01-2024,0
472,ONDO,04-01-2024,1
472,OSUN,04-01-2024,0
472,OYO,04-01-2024,0
472,PLATEAU,04-01-2024,1
472,RIVERS,04-01-2024,1
472,SOKOTO,04-01-2024,0
472,TARABA,04-01-2024,0
472,YOBE,04-01-2024,0
472,ZAMFARA,04-01-2024,0
472,FCT,04-01-2024,0
472,FOREIGN,04-01-2024,1
479,ABIA,04-01-2024,20
479,ADAMAWA,04-01-2024,0
479,AKWA IBOM,04-01-2024,1
479,BAUCHI,04-01-2024,0
479,BAYELSA,04-01-2024,0
479,BENUE,04-01-2024,2
479,BORNO,04-01-2024,0
479,CROSS RIVER,04-01-2024,0
479,DELTA,04-01-2024,6
479,EBONYI,04-01-2024,46
479,EDO,04-01-2024,1
479,EKITI,04-01-2024,0
479,ENUGU,04-01-2024,225
479,GOMBE,04-01-2024,0
479,IMO,04-01-2024,143
479,JIGAWA,04-01-2024,0
479,KADUNA,04-01-2024,0
479,KANO,04-01-2024,0
479,KATSINA,04-01-2024,0
479,KEBBI,04-01-2024,0
479,KOGI,04-01-2024,1
479,KWARA,04-01-2024,0
479,LAGOS,04-01-2024,0
479,NASARAWA,04-01-2024,0
479,NIGER,04-01-2024,0
479,OGUN,04-01-2024,0
479,ONDO,04-01-2024,0
479,OSUN,04-01-2024,0
479,OYO,04-01-2024,0
479,PLATEAU,04-01-2024,0
479,RIVERS,04-01-2024,1
479,SOKOTO,04-01-2024,0
479,TARABA,04-01-2024,0
479,YOBE,04-01-2024,0
479,ZAMFARA,04-01-2024,0
479,FCT,04-01-2024,0
479,FOREIGN,04-01-2024,0
476,ABIA,04-01-2024,12
476,ADAMAWA,04-01-2024,0
476,AKWA IBOM,04-01-2024,0
476,BAUCHI,04-01-2024,0
476,BAYELSA,04-01-2024,0
476,BENUE,04-01-2024,2
476,BORNO,04-01-2024,0
476,CROSS RIVER,04-01-2024,0
476,DELTA,04-01-2024,0
476,EBONYI,04-01-2024,19
476,EDO,04-01-2024,0
476,EKITI,04-01-2024,0
476,ENUGU,04-01-2024,75
476,GOMBE,04-01-2024,0
476,IMO,04-01-2024,30
476,JIGAWA,04-01-2024,0
476,KADUNA,04-01-2024,0
476,KANO,04-01-2024,0
476,KATSINA,04-01-2024,0
476,KEBBI,04-01-2024,0
476,KOGI,04-01-2024,0
476,KWARA,04-01-2024,0
476,LAGOS,04-01-2024,0
476,NASARAWA,04-01-2024,0
476,NIGER,04-01-2024,0
476,OGUN,04-01-2024,0
476,ONDO,04-01-2024,0
476,OSUN,04-01-2024,0
476,OYO,04-01-2024,0
476,PLATEAU,04-01-2024,0
476,RIVERS,04-01-2024,0
476,SOKOTO,04-01-2024,0
476,TARABA,04-01-2024,0
476,YOBE,04-01-2024,0
476,ZAMFARA,04-01-2024,0
476,FCT,04-01-2024,0
476,FOREIGN,04-01-2024,0
469,ABIA,04-01-2024,1
469,ADAMAWA,04-01-2024,0
469,AKWA IBOM,04-01-2024,1
469,BAUCHI,04-01-2024,0
469,BAYELSA,04-01-2024,1
469,BENUE,04-01-2024,5
469,BORNO,04-01-2024,0
469,CROSS RIVER,04-01-2024,5
469,DELTA,04-01-2024,1
469,EBONYI,04-01-2024,64
469,EDO,04-01-2024,3
469,EKITI,04-01-2024,0
469,ENUGU,04-01-2024,57
469,GOMBE,04-01-2024,0
469,IMO,04-01-2024,7
469,JIGAWA,04-01-2024,0
469,KADUNA,04-01-2024,0
469,KANO,04-01-2024,0
469,KATSINA,04-01-2024,0
469,KEBBI,04-01-2024,0
469,KOGI,04-01-2024,1
469,KWARA,04-01-2024,0
469,LAGOS,04-01-2024,0
469,NASARAWA,04-01-2024,0
469,NIGER,04-01-2024,0
469,OGUN,04-01-2024,0
469,ONDO,04-01-2024,0
469,OSUN,04-01-2024,7
469,OYO,04-01-2024,0
469,PLATEAU,04-01-2024,1
469,RIVERS,04-01-2024,1
469,SOKOTO,04-01-2024,0
469,TARABA,04-01-2024,0
469,YOBE,04-01-2024,0
469,ZAMFARA,04-01-2024,0
469,FCT,04-01-2024,0
469,FOREIGN,04-01-2024,0
470,ABIA,04-01-2024,9
470,ADAMAWA,04-01-2024,0
470,AKWA IBOM,04-01-2024,2
470,BAUCHI,04-01-2024,0
470,BAYELSA,04-01-2024,0
470,BENUE,04-01-2024,0
470,BORNO,04-01-2024,0
470,CROSS RIVER,04-01-2024,3
470,DELTA,04-01-2024,1
470,EBONYI,04-01-2024,68
470,EDO,04-01-2024,0
470,EKITI,04-01-2024,0
470,ENUGU,04-01-2024,82
470,GOMBE,04-01-2024,0
470,IMO,04-01-2024,13
470,JIGAWA,04-01-2024,0
470,KADUNA,04-01-2024,0
470,KANO,04-01-2024,0
470,KATSINA,04-01-2024,0
470,KEBBI,04-01-2024,0
470,KOGI,04-01-2024,0
470,KWARA,04-01-2024,0
470,LAGOS,04-01-2024,0
470,NASARAWA,04-01-2024,0
470,NIGER,04-01-2024,0
470,OGUN,04-01-2024,0
470,ONDO,04-01-2024,0
470,OSUN,04-01-2024,0
470,OYO,04-01-2024,0
470,PLATEAU,04-01-2024,1
470,RIVERS,04-01-2024,0
470,SOKOTO,04-01-2024,0
470,TARABA,04-01-2024,0
470,YOBE,04-01-2024,0
470,ZAMFARA,04-01-2024,0
470,FCT,04-01-2024,0
470,FOREIGN,04-01-2024,0
480,ABIA,04-01-2024,4
480,ADAMAWA,04-01-2024,0
480,AKWA IBOM,04-01-2024,2
480,BAUCHI,04-01-2024,0
480,BAYELSA,04-01-2024,0
480,BENUE,04-01-2024,0
480,BORNO,04-01-2024,0
480,CROSS RIVER,04-01-2024,2
480,DELTA,04-01-2024,1
480,EBONYI,04-01-2024,72
480,EDO,04-01-2024,0
480,EKITI,04-01-2024,0
480,ENUGU,04-01-2024,111
480,GOMBE,04-01-2024,0
480,IMO,04-01-2024,6
480,JIGAWA,04-01-2024,0
480,KADUNA,04-01-2024,3
480,KANO,04-01-2024,0
480,KATSINA,04-01-2024,0
480,KEBBI,04-01-2024,0
480,KOGI,04-01-2024,0
480,KWARA,04-01-2024,0
480,LAGOS,04-01-2024,0
480,NASARAWA,04-01-2024,0
480,NIGER,04-01-2024,0
480,OGUN,04-01-2024,0
480,ONDO,04-01-2024,0
480,OSUN,04-01-2024,0
480,OYO,04-01-2024,0
480,PLATEAU,04-01-2024,0
480,RIVERS,04-01-2024,0
480,SOKOTO,04-01-2024,0
480,TARABA,04-01-2024,0
480,YOBE,04-01-2024,0
480,ZAMFARA,04-01-2024,0
480,FCT,04-01-2024,0
480,FOREIGN,04-01-2024,0
473,ABIA,04-01-2024,13
473,ADAMAWA,04-01-2024,0
473,AKWA IBOM,04-01-2024,0
473,BAUCHI,04-01-2024,0
473,BAYELSA,04-01-2024,0
473,BENUE,04-01-2024,0
473,BORNO,04-01-2024,0
473,CROSS RIVER,04-01-2024,1
473,DELTA,04-01-2024,4
473,EBONYI,04-01-2024,27
473,EDO,04-01-2024,2
473,EKITI,04-01-2024,0
473,ENUGU,04-01-2024,42
473,GOMBE,04-01-2024,0
473,IMO,04-01-2024,53
473,JIGAWA,04-01-2024,0
473,KADUNA,04-01-2024,0
473,KANO,04-01-2024,0
473,KATSINA,04-01-2024,0
473,KEBBI,04-01-2024,0
473,KOGI,04-01-2024,3
473,KWARA,04-01-2024,0
473,LAGOS,04-01-2024,0
473,NASARAWA,04-01-2024,0
473,NIGER,04-01-2024,0
473,OGUN,04-01-2024,0
473,ONDO,04-01-2024,0
473,OSUN,04-01-2024,0
473,OYO,04-01-2024,0
473,PLATEAU,04-01-2024,0
473,RIVERS,04-01-2024,0
473,SOKOTO,04-01-2024,0
473,TARABA,04-01-2024,0
473,YOBE,04-01-2024,0
473,ZAMFARA,04-01-2024,0
473,FCT,04-01-2024,0
473,FOREIGN,04-01-2024,0
475,ABIA,04-01-2024,31
475,ADAMAWA,04-01-2024,0
475,AKWA IBOM,04-01-2024,5
475,BAUCHI,04-01-2024,0
475,BAYELSA,04-01-2024,0
475,BENUE,04-01-2024,1
475,BORNO,04-01-2024,0
475,CROSS RIVER,04-01-2024,3
475,DELTA,04-01-2024,1
475,EBONYI,04-01-2024,65
475,EDO,04-01-2024,2
475,EKITI,04-01-2024,0
475,ENUGU,04-01-2024,55
475,GOMBE,04-01-2024,0
475,IMO,04-01-2024,6
475,JIGAWA,04-01-2024,0
475,KADUNA,04-01-2024,0
475,KANO,04-01-2024,0
475,KATSINA,04-01-2024,0
475,KEBBI,04-01-2024,0
475,KOGI,04-01-2024,0
475,KWARA,04-01-2024,0
475,LAGOS,04-01-2024,0
475,NASARAWA,04-01-2024,0
475,NIGER,04-01-2024,0
475,OGUN,04-01-2024,0
475,ONDO,04-01-2024,0
475,OSUN,04-01-2024,2
475,OYO,04-01-2024,0
475,PLATEAU,04-01-2024,0
475,RIVERS,04-01-2024,3
475,SOKOTO,04-01-2024,0
475,TARABA,04-01-2024,0
475,YOBE,04-01-2024,0
475,ZAMFARA,04-01-2024,0
475,FCT,04-01-2024,0
475,FOREIGN,04-01-2024,0
468,ABIA,04-01-2024,19
468,ADAMAWA,04-01-2024,0
468,AKWA IBOM,04-01-2024,2
468,BAUCHI,04-01-2024,0
468,BAYELSA,04-01-2024,0
468,BENUE,04-01-2024,0
468,BORNO,04-01-2024,0
468,CROSS RIVER,04-01-2024,3
468,DELTA,04-01-2024,2
468,EBONYI,04-01-2024,96
468,EDO,04-01-2024,0
468,EKITI,04-01-2024,1
468,ENUGU,04-01-2024,33
468,GOMBE,04-01-2024,0
468,IMO,04-01-2024,35
468,JIGAWA,04-01-2024,0
468,KADUNA,04-01-2024,0
468,KANO,04-01-2024,0
468,KATSINA,04-01-2024,0
468,KEBBI,04-01-2024,0
468,KOGI,04-01-2024,0
468,KWARA,04-01-2024,0
468,LAGOS,04-01-2024,1
468,NASARAWA,04-01-2024,0
468,NIGER,04-01-2024,0
468,OGUN,04-01-2024,3
468,ONDO,04-01-2024,0
468,OSUN,04-01-2024,1
468,OYO,04-01-2024,1
468,PLATEAU,04-01-2024,0
468,RIVERS,04-01-2024,0
468,SOKOTO,04-01-2024,0
468,TARABA,04-01-2024,2
468,YOBE,04-01-2024,0
468,ZAMFARA,04-01-2024,0
468,FCT,04-01-2024,0
468,FOREIGN,04-01-2024,0
474,ABIA,04-01-2024,19
474,ADAMAWA,04-01-2024,0
474,AKWA IBOM,04-01-2024,4
474,BAUCHI,04-01-2024,0
474,BAYELSA,04-01-2024,0
474,BENUE,04-01-2024,2
474,BORNO,04-01-2024,0
474,CROSS RIVER,04-01-2024,4
474,DELTA,04-01-2024,3
474,EBONYI,04-01-2024,126
474,EDO,04-01-2024,2
474,EKITI,04-01-2024,0
474,ENUGU,04-01-2024,44
474,GOMBE,04-01-2024,0
474,IMO,04-01-2024,0
474,JIGAWA,04-01-2024,0
474,KADUNA,04-01-2024,0
474,KANO,04-01-2024,0
474,KATSINA,04-01-2024,0
474,KEBBI,04-01-2024,0
474,KOGI,04-01-2024,0
474,KWARA,04-01-2024,0
474,LAGOS,04-01-2024,0
474,NASARAWA,04-01-2024,0
474,NIGER,04-01-2024,0
474,OGUN,04-01-2024,0
474,ONDO,04-01-2024,0
474,OSUN,04-01-2024,0
474,OYO,04-01-2024,1
474,PLATEAU,04-01-2024,0
474,RIVERS,04-01-2024,0
474,SOKOTO,04-01-2024,0
474,TARABA,04-01-2024,0
474,YOBE,04-01-2024,0
474,ZAMFARA,04-01-2024,0
474,FCT,04-01-2024,0
474,FOREIGN,04-01-2024,1
986,ABIA,04-01-2024,0
986,ADAMAWA,04-01-2024,0
986,AKWA IBOM,04-01-2024,1
986,BAUCHI,04-01-2024,0
986,BAYELSA,04-01-2024,0
986,BENUE,04-01-2024,0
986,BORNO,04-01-2024,0
986,CROSS RIVER,04-01-2024,0
986,DELTA,04-01-2024,0
986,EBONYI,04-01-2024,6
986,EDO,04-01-2024,0
986,EKITI,04-01-2024,0
986,ENUGU,04-01-2024,6
986,GOMBE,04-01-2024,0
986,IMO,04-01-2024,1
986,JIGAWA,04-01-2024,0
986,KADUNA,04-01-2024,0
986,KANO,04-01-2024,0
986,KATSINA,04-01-2024,0
986,KEBBI,04-01-2024,0
986,KOGI,04-01-2024,0
986,KWARA,04-01-2024,0
986,LAGOS,04-01-2024,0
986,NASARAWA,04-01-2024,0
986,NIGER,04-01-2024,0
986,OGUN,04-01-2024,0
986,ONDO,04-01-2024,0
986,OSUN,04-01-2024,0
986,OYO,04-01-2024,0
986,PLATEAU,04-01-2024,1
986,RIVERS,04-01-2024,0
986,SOKOTO,04-01-2024,0
986,TARABA,04-01-2024,0
986,YOBE,04-01-2024,0
986,ZAMFARA,04-01-2024,0
986,FCT,04-01-2024,0
986,FOREIGN,04-01-2024,0
992,ABIA,04-01-2024,1
992,ADAMAWA,04-01-2024,0
992,AKWA IBOM,04-01-2024,0
992,BAUCHI,04-01-2024,0
992,BAYELSA,04-01-2024,1
992,BENUE,04-01-2024,0
992,BORNO,04-01-2024,0
992,CROSS RIVER,04-01-2024,0
992,DELTA,04-01-2024,0
992,EBONYI,04-01-2024,7
992,EDO,04-01-2024,0
992,EKITI,04-01-2024,0
992,ENUGU,04-01-2024,9
992,GOMBE,04-01-2024,0
992,IMO,04-01-2024,0
992,JIGAWA,04-01-2024,0
992,KADUNA,04-01-2024,0
992,KANO,04-01-2024,0
992,KATSINA,04-01-2024,0
992,KEBBI,04-01-2024,0
992,KOGI,04-01-2024,0
992,KWARA,04-01-2024,0
992,LAGOS,04-01-2024,0
992,NASARAWA,04-01-2024,0
992,NIGER,04-01-2024,0
992,OGUN,04-01-2024,0
992,ONDO,04-01-2024,0
992,OSUN,04-01-2024,0
992,OYO,04-01-2024,0
992,PLATEAU,04-01-2024,0
992,RIVERS,04-01-2024,0
992,SOKOTO,04-01-2024,0
992,TARABA,04-01-2024,0
992,YOBE,04-01-2024,0
992,ZAMFARA,04-01-2024,0
992,FCT,04-01-2024,0
992,FOREIGN,04-01-2024,0
988,ABIA,04-01-2024,6
988,ADAMAWA,04-01-2024,0
988,AKWA IBOM,04-01-2024,2
988,BAUCHI,04-01-2024,0
988,BAYELSA,04-01-2024,0
988,BENUE,04-01-2024,2
988,BORNO,04-01-2024,0
988,CROSS RIVER,04-01-2024,1
988,DELTA,04-01-2024,4
988,EBONYI,04-01-2024,48
988,EDO,04-01-2024,0
988,EKITI,04-01-2024,0
988,ENUGU,04-01-2024,78
988,GOMBE,04-01-2024,0
988,IMO,04-01-2024,4
988,JIGAWA,04-01-2024,0
988,KADUNA,04-01-2024,0
988,KANO,04-01-2024,0
988,KATSINA,04-01-2024,0
988,KEBBI,04-01-2024,0
988,KOGI,04-01-2024,2
988,KWARA,04-01-2024,0
988,LAGOS,04-01-2024,0
988,NASARAWA,04-01-2024,0
988,NIGER,04-01-2024,0
988,OGUN,04-01-2024,0
988,ONDO,04-01-2024,0
988,OSUN,04-01-2024,0
988,OYO,04-01-2024,0
988,PLATEAU,04-01-2024,1
988,RIVERS,04-01-2024,0
988,SOKOTO,04-01-2024,0
988,TARABA,04-01-2024,0
988,YOBE,04-01-2024,0
988,ZAMFARA,04-01-2024,0
988,FCT,04-01-2024,0
988,FOREIGN,04-01-2024,0
985,ABIA,04-01-2024,57
985,ADAMAWA,04-01-2024,0
985,AKWA IBOM,04-01-2024,6
985,BAUCHI,04-01-2024,0
985,BAYELSA,04-01-2024,0
985,BENUE,04-01-2024,0
985,BORNO,04-01-2024,0
985,CROSS RIVER,04-01-2024,8
985,DELTA,04-01-2024,6
985,EBONYI,04-01-2024,179
985,EDO,04-01-2024,0
985,EKITI,04-01-2024,0
985,ENUGU,04-01-2024,276
985,GOMBE,04-01-2024,0
985,IMO,04-01-2024,82
985,JIGAWA,04-01-2024,0
985,KADUNA,04-01-2024,0
985,KANO,04-01-2024,0
985,KATSINA,04-01-2024,2
985,KEBBI,04-01-2024,0
985,KOGI,04-01-2024,19
985,KWARA,04-01-2024,0
985,LAGOS,04-01-2024,0
985,NASARAWA,04-01-2024,0
985,NIGER,04-01-2024,0
985,OGUN,04-01-2024,0
985,ONDO,04-01-2024,0
985,OSUN,04-01-2024,0
985,OYO,04-01-2024,0
985,PLATEAU,04-01-2024,1
985,RIVERS,04-01-2024,0
985,SOKOTO,04-01-2024,0
985,TARABA,04-01-2024,0
985,YOBE,04-01-2024,0
985,ZAMFARA,04-01-2024,0
985,FCT,04-01-2024,0
985,FOREIGN,04-01-2024,0
983,ABIA,04-01-2024,0
983,ADAMAWA,04-01-2024,0
983,AKWA IBOM,04-01-2024,0
983,BAUCHI,04-01-2024,0
983,BAYELSA,04-01-2024,0
983,BENUE,04-01-2024,0
983,BORNO,04-01-2024,0
983,CROSS RIVER,04-01-2024,1
983,DELTA,04-01-2024,4
983,EBONYI,04-01-2024,26
983,EDO,04-01-2024,0
983,EKITI,04-01-2024,0
983,ENUGU,04-01-2024,3
983,GOMBE,04-01-2024,0
983,IMO,04-01-2024,0
983,JIGAWA,04-01-2024,0
983,KADUNA,04-01-2024,0
983,KANO,04-01-2024,0
983,KATSINA,04-01-2024,0
983,KEBBI,04-01-2024,0
983,KOGI,04-01-2024,0
983,KWARA,04-01-2024,0
983,LAGOS,04-01-2024,0
983,NASARAWA,04-01-2024,0
983,NIGER,04-01-2024,0
983,OGUN,04-01-2024,0
983,ONDO,04-01-2024,0
983,OSUN,04-01-2024,0
983,OYO,04-01-2024,0
983,PLATEAU,04-01-2024,0
983,RIVERS,04-01-2024,0
983,SOKOTO,04-01-2024,0
983,TARABA,04-01-2024,0
983,YOBE,04-01-2024,0
983,ZAMFARA,04-01-2024,0
983,FCT,04-01-2024,0
983,FOREIGN,04-01-2024,0
989,ABIA,04-01-2024,2
989,ADAMAWA,04-01-2024,0
989,AKWA IBOM,04-01-2024,1
989,BAUCHI,04-01-2024,0
989,BAYELSA,04-01-2024,0
989,BENUE,04-01-2024,1
989,BORNO,04-01-2024,0
989,CROSS RIVER,04-01-2024,1
989,DELTA,04-01-2024,3
989,EBONYI,04-01-2024,51
989,EDO,04-01-2024,0
989,EKITI,04-01-2024,0
989,ENUGU,04-01-2024,19
989,GOMBE,04-01-2024,0
989,IMO,04-01-2024,5
989,JIGAWA,04-01-2024,0
989,KADUNA,04-01-2024,0
989,KANO,04-01-2024,0
989,KATSINA,04-01-2024,0
989,KEBBI,04-01-2024,0
989,KOGI,04-01-2024,1
989,KWARA,04-01-2024,0
989,LAGOS,04-01-2024,1
989,NASARAWA,04-01-2024,0
989,NIGER,04-01-2024,0
989,OGUN,04-01-2024,0
989,ONDO,04-01-2024,0
989,OSUN,04-01-2024,1
989,OYO,04-01-2024,0
989,PLATEAU,04-01-2024,0
989,RIVERS,04-01-2024,2
989,SOKOTO,04-01-2024,0
989,TARABA,04-01-2024,0
989,YOBE,04-01-2024,0
989,ZAMFARA,04-01-2024,0
989,FCT,04-01-2024,0
989,FOREIGN,04-01-2024,0
984,ABIA,04-01-2024,1
984,ADAMAWA,04-01-2024,0
984,AKWA IBOM,04-01-2024,0
984,BAUCHI,04-01-2024,0
984,BAYELSA,04-01-2024,0
984,BENUE,04-01-2024,1
984,BORNO,04-01-2024,0
984,CROSS RIVER,04-01-2024,1
984,DELTA,04-01-2024,1
984,EBONYI,04-01-2024,9
984,EDO,04-01-2024,0
984,EKITI,04-01-2024,0
984,ENUGU,04-01-2024,7
984,GOMBE,04-01-2024,0
984,IMO,04-01-2024,2
984,JIGAWA,04-01-2024,0
984,KADUNA,04-01-2024,0
984,KANO,04-01-2024,0
984,KATSINA,04-01-2024,0
984,KEBBI,04-01-2024,0
984,KOGI,04-01-2024,1
984,KWARA,04-01-2024,0
984,LAGOS,04-01-2024,0
984,NASARAWA,04-01-2024,0
984,NIGER,04-01-2024,0
984,OGUN,04-01-2024,0
984,ONDO,04-01-2024,0
984,OSUN,04-01-2024,0
984,OYO,04-01-2024,0
984,PLATEAU,04-01-2024,0
984,RIVERS,04-01-2024,0
984,SOKOTO,04-01-2024,0
984,TARABA,04-01-2024,0
984,YOBE,04-01-2024,0
984,ZAMFARA,04-01-2024,0
984,FCT,04-01-2024,0
984,FOREIGN,04-01-2024,0
991,ABIA,04-01-2024,17
991,ADAMAWA,04-01-2024,0
991,AKWA IBOM,04-01-2024,0
991,BAUCHI,04-01-2024,0
991,BAYELSA,04-01-2024,0
991,BENUE,04-01-2024,0
991,BORNO,04-01-2024,0
991,CROSS RIVER,04-01-2024,1
991,DELTA,04-01-2024,0
991,EBONYI,04-01-2024,17
991,EDO,04-01-2024,1
991,EKITI,04-01-2024,0
991,ENUGU,04-01-2024,67
991,GOMBE,04-01-2024,0
991,IMO,04-01-2024,33
991,JIGAWA,04-01-2024,0
991,KADUNA,04-01-2024,0
991,KANO,04-01-2024,0
991,KATSINA,04-01-2024,0
991,KEBBI,04-01-2024,0
991,KOGI,04-01-2024,0
991,KWARA,04-01-2024,0
991,LAGOS,04-01-2024,0
991,NASARAWA,04-01-2024,0
991,NIGER,04-01-2024,0
991,OGUN,04-01-2024,0
991,ONDO,04-01-2024,0
991,OSUN,04-01-2024,0
991,OYO,04-01-2024,0
991,PLATEAU,04-01-2024,0
991,RIVERS,04-01-2024,0
991,SOKOTO,04-01-2024,0
991,TARABA,04-01-2024,0
991,YOBE,04-01-2024,0
991,ZAMFARA,04-01-2024,0
991,FCT,04-01-2024,0
991,FOREIGN,04-01-2024,0
990,ABIA,04-01-2024,9
990,ADAMAWA,04-01-2024,0
990,AKWA IBOM,04-01-2024,0
990,BAUCHI,04-01-2024,0
990,BAYELSA,04-01-2024,1
990,BENUE,04-01-2024,0
990,BORNO,04-01-2024,0
990,CROSS RIVER,04-01-2024,0
990,DELTA,04-01-2024,2
990,EBONYI,04-01-2024,30
990,EDO,04-01-2024,1
990,EKITI,04-01-2024,0
990,ENUGU,04-01-2024,48
990,GOMBE,04-01-2024,0
990,IMO,04-01-2024,7
990,JIGAWA,04-01-2024,0
990,KADUNA,04-01-2024,0
990,KANO,04-01-2024,0
990,KATSINA,04-01-2024,0
990,KEBBI,04-01-2024,0
990,KOGI,04-01-2024,3
990,KWARA,04-01-2024,0
990,LAGOS,04-01-2024,0
990,NASARAWA,04-01-2024,0
990,NIGER,04-01-2024,0
990,OGUN,04-01-2024,0
990,ONDO,04-01-2024,0
990,OSUN,04-01-2024,0
990,OYO,04-01-2024,0
990,PLATEAU,04-01-2024,0
990,RIVERS,04-01-2024,0
990,SOKOTO,04-01-2024,0
990,TARABA,04-01-2024,0
990,YOBE,04-01-2024,0
990,ZAMFARA,04-01-2024,0
990,FCT,04-01-2024,0
990,FOREIGN,04-01-2024,0
987,ABIA,04-01-2024,7
987,ADAMAWA,04-01-2024,0
987,AKWA IBOM,04-01-2024,3
987,BAUCHI,04-01-2024,0
987,BAYELSA,04-01-2024,0
987,BENUE,04-01-2024,1
987,BORNO,04-01-2024,0
987,CROSS RIVER,04-01-2024,2
987,DELTA,04-01-2024,2
987,EBONYI,04-01-2024,25
987,EDO,04-01-2024,1
987,EKITI,04-01-2024,0
987,ENUGU,04-01-2024,51
987,GOMBE,04-01-2024,0
987,IMO,04-01-2024,14
987,JIGAWA,04-01-2024,0
987,KADUNA,04-01-2024,0
987,KANO,04-01-2024,0
987,KATSINA,04-01-2024,0
987,KEBBI,04-01-2024,0
987,KOGI,04-01-2024,0
987,KWARA,04-01-2024,0
987,LAGOS,04-01-2024,0
987,NASARAWA,04-01-2024,0
987,NIGER,04-01-2024,0
987,OGUN,04-01-2024,0
987,ONDO,04-01-2024,0
987,OSUN,04-01-2024,0
987,OYO,04-01-2024,0
987,PLATEAU,04-01-2024,0
987,RIVERS,04-01-2024,0
987,SOKOTO,04-01-2024,0
987,TARABA,04-01-2024,0
987,YOBE,04-01-2024,0
987,ZAMFARA,04-01-2024,0
987,FCT,04-01-2024,0
987,FOREIGN,04-01-2024,0
993,ABIA,04-01-2024,0
993,ADAMAWA,04-01-2024,0
993,AKWA IBOM,04-01-2024,0
993,BAUCHI,04-01-2024,0
993,BAYELSA,04-01-2024,0
993,BENUE,04-01-2024,0
993,BORNO,04-01-2024,0
993,CROSS RIVER,04-01-2024,1
993,DELTA,04-01-2024,0
993,EBONYI,04-01-2024,1
993,EDO,04-01-2024,0
993,EKITI,04-01-2024,0
993,ENUGU,04-01-2024,0
993,GOMBE,04-01-2024,0
993,IMO,04-01-2024,1
993,JIGAWA,04-01-2024,0
993,KADUNA,04-01-2024,0
993,KANO,04-01-2024,0
993,KATSINA,04-01-2024,0
993,KEBBI,04-01-2024,0
993,KOGI,04-01-2024,0
993,KWARA,04-01-2024,0
993,LAGOS,04-01-2024,0
993,NASARAWA,04-01-2024,0
993,NIGER,04-01-2024,0
993,OGUN,04-01-2024,0
993,ONDO,04-01-2024,0
993,OSUN,04-01-2024,0
993,OYO,04-01-2024,0
993,PLATEAU,04-01-2024,0
993,RIVERS,04-01-2024,0
993,SOKOTO,04-01-2024,0
993,TARABA,04-01-2024,0
993,YOBE,04-01-2024,0
993,ZAMFARA,04-01-2024,0
993,FCT,04-01-2024,0
993,FOREIGN,04-01-2024,0
792,ABIA,04-01-2024,49
792,ADAMAWA,04-01-2024,0
792,AKWA IBOM,04-01-2024,3
792,BAUCHI,04-01-2024,0
792,BAYELSA,04-01-2024,0
792,BENUE,04-01-2024,1
792,BORNO,04-01-2024,0
792,CROSS RIVER,04-01-2024,3
792,DELTA,04-01-2024,10
792,EBONYI,04-01-2024,29
792,EDO,04-01-2024,6
792,EKITI,04-01-2024,0
792,ENUGU,04-01-2024,131
792,GOMBE,04-01-2024,0
792,IMO,04-01-2024,137
792,JIGAWA,04-01-2024,0
792,KADUNA,04-01-2024,0
792,KANO,04-01-2024,0
792,KATSINA,04-01-2024,0
792,KEBBI,04-01-2024,0
792,KOGI,04-01-2024,0
792,KWARA,04-01-2024,0
792,LAGOS,04-01-2024,0
792,NASARAWA,04-01-2024,0
792,NIGER,04-01-2024,0
792,OGUN,04-01-2024,0
792,ONDO,04-01-2024,0
792,OSUN,04-01-2024,0
792,OYO,04-01-2024,1
792,PLATEAU,04-01-2024,1
792,RIVERS,04-01-2024,1
792,SOKOTO,04-01-2024,0
792,TARABA,04-01-2024,0
792,YOBE,04-01-2024,0
792,ZAMFARA,04-01-2024,0
792,FCT,04-01-2024,0
792,FOREIGN,04-01-2024,0
790,ABIA,04-01-2024,52
790,ADAMAWA,04-01-2024,0
790,AKWA IBOM,04-01-2024,6
790,BAUCHI,04-01-2024,0
790,BAYELSA,04-01-2024,0
790,BENUE,04-01-2024,3
790,BORNO,04-01-2024,0
790,CROSS RIVER,04-01-2024,3
790,DELTA,04-01-2024,7
790,EBONYI,04-01-2024,41
790,EDO,04-01-2024,3
790,EKITI,04-01-2024,0
790,ENUGU,04-01-2024,184
790,GOMBE,04-01-2024,0
790,IMO,04-01-2024,154
790,JIGAWA,04-01-2024,0
790,KADUNA,04-01-2024,0
790,KANO,04-01-2024,0
790,KATSINA,04-01-2024,0
790,KEBBI,04-01-2024,0
790,KOGI,04-01-2024,1
790,KWARA,04-01-2024,0
790,LAGOS,04-01-2024,0
790,NASARAWA,04-01-2024,0
790,NIGER,04-01-2024,0
790,OGUN,04-01-2024,1
790,ONDO,04-01-2024,0
790,OSUN,04-01-2024,0
790,OYO,04-01-2024,0
790,PLATEAU,04-01-2024,0
790,RIVERS,04-01-2024,0
790,SOKOTO,04-01-2024,0
790,TARABA,04-01-2024,0
790,YOBE,04-01-2024,0
790,ZAMFARA,04-01-2024,0
790,FCT,04-01-2024,0
790,FOREIGN,04-01-2024,0
802,ABIA,04-01-2024,44
802,ADAMAWA,04-01-2024,0
802,AKWA IBOM,04-01-2024,0
802,BAUCHI,04-01-2024,0
802,BAYELSA,04-01-2024,0
802,BENUE,04-01-2024,1
802,BORNO,04-01-2024,0
802,CROSS RIVER,04-01-2024,1
802,DELTA,04-01-2024,21
802,EBONYI,04-01-2024,48
802,EDO,04-01-2024,1
802,EKITI,04-01-2024,0
802,ENUGU,04-01-2024,295
802,GOMBE,04-01-2024,0
802,IMO,04-01-2024,293
802,JIGAWA,04-01-2024,0
802,KADUNA,04-01-2024,0
802,KANO,04-01-2024,0
802,KATSINA,04-01-2024,0
802,KEBBI,04-01-2024,0
802,KOGI,04-01-2024,0
802,KWARA,04-01-2024,0
802,LAGOS,04-01-2024,0
802,NASARAWA,04-01-2024,0
802,NIGER,04-01-2024,0
802,OGUN,04-01-2024,0
802,ONDO,04-01-2024,0
802,OSUN,04-01-2024,2
802,OYO,04-01-2024,0
802,PLATEAU,04-01-2024,0
802,RIVERS,04-01-2024,2
802,SOKOTO,04-01-2024,0
802,TARABA,04-01-2024,0
802,YOBE,04-01-2024,0
802,ZAMFARA,04-01-2024,0
802,FCT,04-01-2024,0
802,FOREIGN,04-01-2024,0
789,ABIA,04-01-2024,101
789,ADAMAWA,04-01-2024,0
789,AKWA IBOM,04-01-2024,23
789,BAUCHI,04-01-2024,0
789,BAYELSA,04-01-2024,0
789,BENUE,04-01-2024,8
789,BORNO,04-01-2024,0
789,CROSS RIVER,04-01-2024,9
789,DELTA,04-01-2024,38
789,EBONYI,04-01-2024,238
789,EDO,04-01-2024,6
789,EKITI,04-01-2024,1
789,ENUGU,04-01-2024,535
789,GOMBE,04-01-2024,0
789,IMO,04-01-2024,202
789,JIGAWA,04-01-2024,0
789,KADUNA,04-01-2024,0
789,KANO,04-01-2024,0
789,KATSINA,04-01-2024,1
789,KEBBI,04-01-2024,0
789,KOGI,04-01-2024,9
789,KWARA,04-01-2024,2
789,LAGOS,04-01-2024,1
789,NASARAWA,04-01-2024,1
789,NIGER,04-01-2024,2
789,OGUN,04-01-2024,0
789,ONDO,04-01-2024,1
789,OSUN,04-01-2024,9
789,OYO,04-01-2024,3
789,PLATEAU,04-01-2024,1
789,RIVERS,04-01-2024,1
789,SOKOTO,04-01-2024,0
789,TARABA,04-01-2024,0
789,YOBE,04-01-2024,0
789,ZAMFARA,04-01-2024,0
789,FCT,04-01-2024,1
789,FOREIGN,04-01-2024,0
803,ABIA,04-01-2024,24
803,ADAMAWA,04-01-2024,0
803,AKWA IBOM,04-01-2024,1
803,BAUCHI,04-01-2024,0
803,BAYELSA,04-01-2024,0
803,BENUE,04-01-2024,1
803,BORNO,04-01-2024,0
803,CROSS RIVER,04-01-2024,0
803,DELTA,04-01-2024,6
803,EBONYI,04-01-2024,46
803,EDO,04-01-2024,0
803,EKITI,04-01-2024,0
803,ENUGU,04-01-2024,225
803,GOMBE,04-01-2024,0
803,IMO,04-01-2024,145
803,JIGAWA,04-01-2024,0
803,KADUNA,04-01-2024,0
803,KANO,04-01-2024,0
803,KATSINA,04-01-2024,0
803,KEBBI,04-01-2024,0
803,KOGI,04-01-2024,0
803,KWARA,04-01-2024,0
803,LAGOS,04-01-2024,0
803,NASARAWA,04-01-2024,0
803,NIGER,04-01-2024,0
803,OGUN,04-01-2024,0
803,ONDO,04-01-2024,0
803,OSUN,04-01-2024,0
803,OYO,04-01-2024,0
803,PLATEAU,04-01-2024,0
803,RIVERS,04-01-2024,1
803,SOKOTO,04-01-2024,0
803,TARABA,04-01-2024,0
803,YOBE,04-01-2024,0
803,ZAMFARA,04-01-2024,0
803,FCT,04-01-2024,0
803,FOREIGN,04-01-2024,0
793,ABIA,04-01-2024,107
793,ADAMAWA,04-01-2024,1
793,AKWA IBOM,04-01-2024,15
793,BAUCHI,04-01-2024,0
793,BAYELSA,04-01-2024,0
793,BENUE,04-01-2024,3
793,BORNO,04-01-2024,0
793,CROSS RIVER,04-01-2024,5
793,DELTA,04-01-2024,14
793,EBONYI,04-01-2024,274
793,EDO,04-01-2024,2
793,EKITI,04-01-2024,0
793,ENUGU,04-01-2024,387
793,GOMBE,04-01-2024,0
793,IMO,04-01-2024,330
793,JIGAWA,04-01-2024,0
793,KADUNA,04-01-2024,0
793,KANO,04-01-2024,0
793,KATSINA,04-01-2024,1
793,KEBBI,04-01-2024,0
793,KOGI,04-01-2024,2
793,KWARA,04-01-2024,2
793,LAGOS,04-01-2024,0
793,NASARAWA,04-01-2024,1
793,NIGER,04-01-2024,0
793,OGUN,04-01-2024,0
793,ONDO,04-01-2024,0
793,OSUN,04-01-2024,1
793,OYO,04-01-2024,0
793,PLATEAU,04-01-2024,0
793,RIVERS,04-01-2024,3
793,SOKOTO,04-01-2024,0
793,TARABA,04-01-2024,0
793,YOBE,04-01-2024,0
793,ZAMFARA,04-01-2024,0
793,FCT,04-01-2024,0
793,FOREIGN,04-01-2024,0
797,ABIA,04-01-2024,64
797,ADAMAWA,04-01-2024,0
797,AKWA IBOM,04-01-2024,18
797,BAUCHI,04-01-2024,1
797,BAYELSA,04-01-2024,0
797,BENUE,04-01-2024,10
797,BORNO,04-01-2024,0
797,CROSS RIVER,04-01-2024,6
797,DELTA,04-01-2024,20
797,EBONYI,04-01-2024,225
797,EDO,04-01-2024,6
797,EKITI,04-01-2024,0
797,ENUGU,04-01-2024,459
797,GOMBE,04-01-2024,0
797,IMO,04-01-2024,160
797,JIGAWA,04-01-2024,0
797,KADUNA,04-01-2024,0
797,KANO,04-01-2024,0
797,KATSINA,04-01-2024,0
797,KEBBI,04-01-2024,0
797,KOGI,04-01-2024,7
797,KWARA,04-01-2024,0
797,LAGOS,04-01-2024,0
797,NASARAWA,04-01-2024,0
797,NIGER,04-01-2024,1
797,OGUN,04-01-2024,2
797,ONDO,04-01-2024,2
797,OSUN,04-01-2024,4
797,OYO,04-01-2024,0
797,PLATEAU,04-01-2024,1
797,RIVERS,04-01-2024,1
797,SOKOTO,04-01-2024,0
797,TARABA,04-01-2024,1
797,YOBE,04-01-2024,0
797,ZAMFARA,04-01-2024,0
797,FCT,04-01-2024,0
797,FOREIGN,04-01-2024,2
795,ABIA,04-01-2024,113
795,ADAMAWA,04-01-2024,0
795,AKWA IBOM,04-01-2024,41
795,BAUCHI,04-01-2024,0
795,BAYELSA,04-01-2024,0
795,BENUE,04-01-2024,10
795,BORNO,04-01-2024,0
795,CROSS RIVER,04-01-2024,12
795,DELTA,04-01-2024,44
795,EBONYI,04-01-2024,337
795,EDO,04-01-2024,11
795,EKITI,04-01-2024,0
795,ENUGU,04-01-2024,675
795,GOMBE,04-01-2024,1
795,IMO,04-01-2024,350
795,JIGAWA,04-01-2024,0
795,KADUNA,04-01-2024,0
795,KANO,04-01-2024,0
795,KATSINA,04-01-2024,0
795,KEBBI,04-01-2024,0
795,KOGI,04-01-2024,23
795,KWARA,04-01-2024,0
795,LAGOS,04-01-2024,0
795,NASARAWA,04-01-2024,1
795,NIGER,04-01-2024,0
795,OGUN,04-01-2024,0
795,ONDO,04-01-2024,2
795,OSUN,04-01-2024,5
795,OYO,04-01-2024,5
795,PLATEAU,04-01-2024,0
795,RIVERS,04-01-2024,4
795,SOKOTO,04-01-2024,0
795,TARABA,04-01-2024,0
795,YOBE,04-01-2024,0
795,ZAMFARA,04-01-2024,0
795,FCT,04-01-2024,0
795,FOREIGN,04-01-2024,1
804,ABIA,04-01-2024,66
804,ADAMAWA,04-01-2024,0
804,AKWA IBOM,04-01-2024,23
804,BAUCHI,04-01-2024,0
804,BAYELSA,04-01-2024,2
804,BENUE,04-01-2024,2
804,BORNO,04-01-2024,0
804,CROSS RIVER,04-01-2024,12
804,DELTA,04-01-2024,31
804,EBONYI,04-01-2024,207
804,EDO,04-01-2024,4
804,EKITI,04-01-2024,0
804,ENUGU,04-01-2024,350
804,GOMBE,04-01-2024,0
804,IMO,04-01-2024,124
804,JIGAWA,04-01-2024,0
804,KADUNA,04-01-2024,0
804,KANO,04-01-2024,0
804,KATSINA,04-01-2024,0
804,KEBBI,04-01-2024,0
804,KOGI,04-01-2024,10
804,KWARA,04-01-2024,0
804,LAGOS,04-01-2024,0
804,NASARAWA,04-01-2024,0
804,NIGER,04-01-2024,0
804,OGUN,04-01-2024,2
804,ONDO,04-01-2024,0
804,OSUN,04-01-2024,6
804,OYO,04-01-2024,1
804,PLATEAU,04-01-2024,0
804,RIVERS,04-01-2024,5
804,SOKOTO,04-01-2024,0
804,TARABA,04-01-2024,0
804,YOBE,04-01-2024,0
804,ZAMFARA,04-01-2024,0
804,FCT,04-01-2024,0
804,FOREIGN,04-01-2024,2
800,ABIA,04-01-2024,37
800,ADAMAWA,04-01-2024,0
800,AKWA IBOM,04-01-2024,0
800,BAUCHI,04-01-2024,0
800,BAYELSA,04-01-2024,0
800,BENUE,04-01-2024,0
800,BORNO,04-01-2024,0
800,CROSS RIVER,04-01-2024,1
800,DELTA,04-01-2024,4
800,EBONYI,04-01-2024,16
800,EDO,04-01-2024,0
800,EKITI,04-01-2024,0
800,ENUGU,04-01-2024,73
800,GOMBE,04-01-2024,0
800,IMO,04-01-2024,80
800,JIGAWA,04-01-2024,0
800,KADUNA,04-01-2024,0
800,KANO,04-01-2024,0
800,KATSINA,04-01-2024,0
800,KEBBI,04-01-2024,0
800,KOGI,04-01-2024,2
800,KWARA,04-01-2024,0
800,LAGOS,04-01-2024,0
800,NASARAWA,04-01-2024,0
800,NIGER,04-01-2024,0
800,OGUN,04-01-2024,0
800,ONDO,04-01-2024,0
800,OSUN,04-01-2024,0
800,OYO,04-01-2024,0
800,PLATEAU,04-01-2024,0
800,RIVERS,04-01-2024,1
800,SOKOTO,04-01-2024,0
800,TARABA,04-01-2024,0
800,YOBE,04-01-2024,0
800,ZAMFARA,04-01-2024,0
800,FCT,04-01-2024,0
800,FOREIGN,04-01-2024,0
801,ABIA,04-01-2024,82
801,ADAMAWA,04-01-2024,0
801,AKWA IBOM,04-01-2024,15
801,BAUCHI,04-01-2024,1
801,BAYELSA,04-01-2024,0
801,BENUE,04-01-2024,9
801,BORNO,04-01-2024,0
801,CROSS RIVER,04-01-2024,5
801,DELTA,04-01-2024,42
801,EBONYI,04-01-2024,265
801,EDO,04-01-2024,2
801,EKITI,04-01-2024,0
801,ENUGU,04-01-2024,434
801,GOMBE,04-01-2024,0
801,IMO,04-01-2024,149
801,JIGAWA,04-01-2024,0
801,KADUNA,04-01-2024,2
801,KANO,04-01-2024,0
801,KATSINA,04-01-2024,1
801,KEBBI,04-01-2024,0
801,KOGI,04-01-2024,7
801,KWARA,04-01-2024,0
801,LAGOS,04-01-2024,0
801,NASARAWA,04-01-2024,0
801,NIGER,04-01-2024,0
801,OGUN,04-01-2024,1
801,ONDO,04-01-2024,3
801,OSUN,04-01-2024,2
801,OYO,04-01-2024,2
801,PLATEAU,04-01-2024,0
801,RIVERS,04-01-2024,6
801,SOKOTO,04-01-2024,0
801,TARABA,04-01-2024,1
801,YOBE,04-01-2024,0
801,ZAMFARA,04-01-2024,0
801,FCT,04-01-2024,0
801,FOREIGN,04-01-2024,1
791,ABIA,04-01-2024,81
791,ADAMAWA,04-01-2024,7
791,AKWA IBOM,04-01-2024,41
791,BAUCHI,04-01-2024,4
791,BAYELSA,04-01-2024,1
791,BENUE,04-01-2024,26
791,BORNO,04-01-2024,1
791,CROSS RIVER,04-01-2024,46
791,DELTA,04-01-2024,41
791,EBONYI,04-01-2024,346
791,EDO,04-01-2024,15
791,EKITI,04-01-2024,0
791,ENUGU,04-01-2024,509
791,GOMBE,04-01-2024,2
791,IMO,04-01-2024,266
791,JIGAWA,04-01-2024,4
791,KADUNA,04-01-2024,5
791,KANO,04-01-2024,2
791,KATSINA,04-01-2024,6
791,KEBBI,04-01-2024,0
791,KOGI,04-01-2024,32
791,KWARA,04-01-2024,5
791,LAGOS,04-01-2024,1
791,NASARAWA,04-01-2024,9
791,NIGER,04-01-2024,0
791,OGUN,04-01-2024,4
791,ONDO,04-01-2024,1
791,OSUN,04-01-2024,13
791,OYO,04-01-2024,5
791,PLATEAU,04-01-2024,8
791,RIVERS,04-01-2024,4
791,SOKOTO,04-01-2024,1
791,TARABA,04-01-2024,3
791,YOBE,04-01-2024,2
791,ZAMFARA,04-01-2024,0
791,FCT,04-01-2024,0
791,FOREIGN,04-01-2024,0
796,ABIA,04-01-2024,22
796,ADAMAWA,04-01-2024,0
796,AKWA IBOM,04-01-2024,11
796,BAUCHI,04-01-2024,0
796,BAYELSA,04-01-2024,0
796,BENUE,04-01-2024,0
796,BORNO,04-01-2024,0
796,CROSS RIVER,04-01-2024,6
796,DELTA,04-01-2024,8
796,EBONYI,04-01-2024,56
796,EDO,04-01-2024,2
796,EKITI,04-01-2024,0
796,ENUGU,04-01-2024,87
796,GOMBE,04-01-2024,0
796,IMO,04-01-2024,57
796,JIGAWA,04-01-2024,0
796,KADUNA,04-01-2024,0
796,KANO,04-01-2024,0
796,KATSINA,04-01-2024,0
796,KEBBI,04-01-2024,0
796,KOGI,04-01-2024,8
796,KWARA,04-01-2024,0
796,LAGOS,04-01-2024,0
796,NASARAWA,04-01-2024,0
796,NIGER,04-01-2024,0
796,OGUN,04-01-2024,1
796,ONDO,04-01-2024,0
796,OSUN,04-01-2024,2
796,OYO,04-01-2024,1
796,PLATEAU,04-01-2024,1
796,RIVERS,04-01-2024,4
796,SOKOTO,04-01-2024,0
796,TARABA,04-01-2024,0
796,YOBE,04-01-2024,0
796,ZAMFARA,04-01-2024,0
796,FCT,04-01-2024,0
796,FOREIGN,04-01-2024,1
794,ABIA,04-01-2024,69
794,ADAMAWA,04-01-2024,1
794,AKWA IBOM,04-01-2024,21
794,BAUCHI,04-01-2024,0
794,BAYELSA,04-01-2024,0
794,BENUE,04-01-2024,8
794,BORNO,04-01-2024,0
794,CROSS RIVER,04-01-2024,9
794,DELTA,04-01-2024,21
794,EBONYI,04-01-2024,212
794,EDO,04-01-2024,6
794,EKITI,04-01-2024,0
794,ENUGU,04-01-2024,402
794,GOMBE,04-01-2024,0
794,IMO,04-01-2024,190
794,JIGAWA,04-01-2024,1
794,KADUNA,04-01-2024,2
794,KANO,04-01-2024,0
794,KATSINA,04-01-2024,1
794,KEBBI,04-01-2024,0
794,KOGI,04-01-2024,7
794,KWARA,04-01-2024,1
794,LAGOS,04-01-2024,0
794,NASARAWA,04-01-2024,0
794,NIGER,04-01-2024,0
794,OGUN,04-01-2024,2
794,ONDO,04-01-2024,1
794,OSUN,04-01-2024,4
794,OYO,04-01-2024,0
794,PLATEAU,04-01-2024,1
794,RIVERS,04-01-2024,5
794,SOKOTO,04-01-2024,0
794,TARABA,04-01-2024,0
794,YOBE,04-01-2024,0
794,ZAMFARA,04-01-2024,0
794,FCT,04-01-2024,0
794,FOREIGN,04-01-2024,3
798,ABIA,04-01-2024,38
798,ADAMAWA,04-01-2024,0
798,AKWA IBOM,04-01-2024,10
798,BAUCHI,04-01-2024,0
798,BAYELSA,04-01-2024,0
798,BENUE,04-01-2024,9
798,BORNO,04-01-2024,0
798,CROSS RIVER,04-01-2024,8
798,DELTA,04-01-2024,22
798,EBONYI,04-01-2024,178
798,EDO,04-01-2024,2
798,EKITI,04-01-2024,0
798,ENUGU,04-01-2024,297
798,GOMBE,04-01-2024,3
798,IMO,04-01-2024,142
798,JIGAWA,04-01-2024,0
798,KADUNA,04-01-2024,0
798,KANO,04-01-2024,4
798,KATSINA,04-01-2024,0
798,KEBBI,04-01-2024,0
798,KOGI,04-01-2024,15
798,KWARA,04-01-2024,5
798,LAGOS,04-01-2024,0
798,NASARAWA,04-01-2024,0
798,NIGER,04-01-2024,0
798,OGUN,04-01-2024,0
798,ONDO,04-01-2024,1
798,OSUN,04-01-2024,6
798,OYO,04-01-2024,0
798,PLATEAU,04-01-2024,2
798,RIVERS,04-01-2024,2
798,SOKOTO,04-01-2024,0
798,TARABA,04-01-2024,0
798,YOBE,04-01-2024,0
798,ZAMFARA,04-01-2024,0
798,FCT,04-01-2024,0
798,FOREIGN,04-01-2024,0
799,ABIA,04-01-2024,61
799,ADAMAWA,04-01-2024,0
799,AKWA IBOM,04-01-2024,6
799,BAUCHI,04-01-2024,0
799,BAYELSA,04-01-2024,0
799,BENUE,04-01-2024,2
799,BORNO,04-01-2024,0
799,CROSS RIVER,04-01-2024,2
799,DELTA,04-01-2024,13
799,EBONYI,04-01-2024,141
799,EDO,04-01-2024,0
799,EKITI,04-01-2024,0
799,ENUGU,04-01-2024,192
799,GOMBE,04-01-2024,0
799,IMO,04-01-2024,203
799,JIGAWA,04-01-2024,0
799,KADUNA,04-01-2024,1
799,KANO,04-01-2024,0
799,KATSINA,04-01-2024,0
799,KEBBI,04-01-2024,0
799,KOGI,04-01-2024,3
799,KWARA,04-01-2024,3
799,LAGOS,04-01-2024,0
799,NASARAWA,04-01-2024,0
799,NIGER,04-01-2024,0
799,OGUN,04-01-2024,0
799,ONDO,04-01-2024,0
799,OSUN,04-01-2024,4
799,OYO,04-01-2024,0
799,PLATEAU,04-01-2024,0
799,RIVERS,04-01-2024,4
799,SOKOTO,04-01-2024,0
799,TARABA,04-01-2024,1
799,YOBE,04-01-2024,0
799,ZAMFARA,04-01-2024,0
799,FCT,04-01-2024,0
799,FOREIGN,04-01-2024,0
877,ABIA,04-01-2024,9
877,ADAMAWA,04-01-2024,0
877,AKWA IBOM,04-01-2024,0
877,BAUCHI,04-01-2024,0
877,BAYELSA,04-01-2024,0
877,BENUE,04-01-2024,0
877,BORNO,04-01-2024,0
877,CROSS RIVER,04-01-2024,0
877,DELTA,04-01-2024,4
877,EBONYI,04-01-2024,6
877,EDO,04-01-2024,1
877,EKITI,04-01-2024,0
877,ENUGU,04-01-2024,58
877,GOMBE,04-01-2024,0
877,IMO,04-01-2024,44
877,JIGAWA,04-01-2024,0
877,KADUNA,04-01-2024,0
877,KANO,04-01-2024,0
877,KATSINA,04-01-2024,0
877,KEBBI,04-01-2024,0
877,KOGI,04-01-2024,0
877,KWARA,04-01-2024,0
877,LAGOS,04-01-2024,0
877,NASARAWA,04-01-2024,0
877,NIGER,04-01-2024,0
877,OGUN,04-01-2024,1
877,ONDO,04-01-2024,0
877,OSUN,04-01-2024,0
877,OYO,04-01-2024,0
877,PLATEAU,04-01-2024,0
877,RIVERS,04-01-2024,0
877,SOKOTO,04-01-2024,0
877,TARABA,04-01-2024,0
877,YOBE,04-01-2024,0
877,ZAMFARA,04-01-2024,0
877,FCT,04-01-2024,0
877,FOREIGN,04-01-2024,0
879,ABIA,04-01-2024,77
879,ADAMAWA,04-01-2024,0
879,AKWA IBOM,04-01-2024,11
879,BAUCHI,04-01-2024,0
879,BAYELSA,04-01-2024,0
879,BENUE,04-01-2024,17
879,BORNO,04-01-2024,0
879,CROSS RIVER,04-01-2024,7
879,DELTA,04-01-2024,25
879,EBONYI,04-01-2024,276
879,EDO,04-01-2024,3
879,EKITI,04-01-2024,5
879,ENUGU,04-01-2024,599
879,GOMBE,04-01-2024,0
879,IMO,04-01-2024,337
879,JIGAWA,04-01-2024,0
879,KADUNA,04-01-2024,0
879,KANO,04-01-2024,0
879,KATSINA,04-01-2024,0
879,KEBBI,04-01-2024,0
879,KOGI,04-01-2024,9
879,KWARA,04-01-2024,3
879,LAGOS,04-01-2024,0
879,NASARAWA,04-01-2024,1
879,NIGER,04-01-2024,0
879,OGUN,04-01-2024,0
879,ONDO,04-01-2024,2
879,OSUN,04-01-2024,13
879,OYO,04-01-2024,0
879,PLATEAU,04-01-2024,2
879,RIVERS,04-01-2024,7
879,SOKOTO,04-01-2024,0
879,TARABA,04-01-2024,0
879,YOBE,04-01-2024,0
879,ZAMFARA,04-01-2024,0
879,FCT,04-01-2024,0
879,FOREIGN,04-01-2024,3
878,ABIA,04-01-2024,77
878,ADAMAWA,04-01-2024,2
878,AKWA IBOM,04-01-2024,10
878,BAUCHI,04-01-2024,0
878,BAYELSA,04-01-2024,0
878,BENUE,04-01-2024,6
878,BORNO,04-01-2024,0
878,CROSS RIVER,04-01-2024,2
878,DELTA,04-01-2024,16
878,EBONYI,04-01-2024,140
878,EDO,04-01-2024,1
878,EKITI,04-01-2024,0
878,ENUGU,04-01-2024,229
878,GOMBE,04-01-2024,0
878,IMO,04-01-2024,230
878,JIGAWA,04-01-2024,0
878,KADUNA,04-01-2024,0
878,KANO,04-01-2024,0
878,KATSINA,04-01-2024,0
878,KEBBI,04-01-2024,0
878,KOGI,04-01-2024,3
878,KWARA,04-01-2024,2
878,LAGOS,04-01-2024,0
878,NASARAWA,04-01-2024,1
878,NIGER,04-01-2024,0
878,OGUN,04-01-2024,0
878,ONDO,04-01-2024,0
878,OSUN,04-01-2024,6
878,OYO,04-01-2024,1
878,PLATEAU,04-01-2024,1
878,RIVERS,04-01-2024,0
878,SOKOTO,04-01-2024,0
878,TARABA,04-01-2024,0
878,YOBE,04-01-2024,0
878,ZAMFARA,04-01-2024,0
878,FCT,04-01-2024,0
878,FOREIGN,04-01-2024,0
882,ABIA,04-01-2024,119
882,ADAMAWA,04-01-2024,0
882,AKWA IBOM,04-01-2024,11
882,BAUCHI,04-01-2024,0
882,BAYELSA,04-01-2024,0
882,BENUE,04-01-2024,7
882,BORNO,04-01-2024,0
882,CROSS RIVER,04-01-2024,11
882,DELTA,04-01-2024,46
882,EBONYI,04-01-2024,303
882,EDO,04-01-2024,2
882,EKITI,04-01-2024,0
882,ENUGU,04-01-2024,484
882,GOMBE,04-01-2024,0
882,IMO,04-01-2024,482
882,JIGAWA,04-01-2024,0
882,KADUNA,04-01-2024,0
882,KANO,04-01-2024,1
882,KATSINA,04-01-2024,2
882,KEBBI,04-01-2024,0
882,KOGI,04-01-2024,11
882,KWARA,04-01-2024,16
882,LAGOS,04-01-2024,0
882,NASARAWA,04-01-2024,1
882,NIGER,04-01-2024,1
882,OGUN,04-01-2024,0
882,ONDO,04-01-2024,2
882,OSUN,04-01-2024,11
882,OYO,04-01-2024,1
882,PLATEAU,04-01-2024,1
882,RIVERS,04-01-2024,4
882,SOKOTO,04-01-2024,0
882,TARABA,04-01-2024,0
882,YOBE,04-01-2024,0
882,ZAMFARA,04-01-2024,0
882,FCT,04-01-2024,0
882,FOREIGN,04-01-2024,0
881,ABIA,04-01-2024,73
881,ADAMAWA,04-01-2024,2
881,AKWA IBOM,04-01-2024,20
881,BAUCHI,04-01-2024,0
881,BAYELSA,04-01-2024,0
881,BENUE,04-01-2024,7
881,BORNO,04-01-2024,0
881,CROSS RIVER,04-01-2024,10
881,DELTA,04-01-2024,9
881,EBONYI,04-01-2024,305
881,EDO,04-01-2024,4
881,EKITI,04-01-2024,0
881,ENUGU,04-01-2024,520
881,GOMBE,04-01-2024,0
881,IMO,04-01-2024,104
881,JIGAWA,04-01-2024,0
881,KADUNA,04-01-2024,0
881,KANO,04-01-2024,0
881,KATSINA,04-01-2024,0
881,KEBBI,04-01-2024,0
881,KOGI,04-01-2024,9
881,KWARA,04-01-2024,0
881,LAGOS,04-01-2024,0
881,NASARAWA,04-01-2024,1
881,NIGER,04-01-2024,0
881,OGUN,04-01-2024,0
881,ONDO,04-01-2024,0
881,OSUN,04-01-2024,1
881,OYO,04-01-2024,4
881,PLATEAU,04-01-2024,0
881,RIVERS,04-01-2024,6
881,SOKOTO,04-01-2024,0
881,TARABA,04-01-2024,0
881,YOBE,04-01-2024,0
881,ZAMFARA,04-01-2024,0
881,FCT,04-01-2024,0
881,FOREIGN,04-01-2024,0
880,ABIA,04-01-2024,3
880,ADAMAWA,04-01-2024,0
880,AKWA IBOM,04-01-2024,0
880,BAUCHI,04-01-2024,0
880,BAYELSA,04-01-2024,0
880,BENUE,04-01-2024,0
880,BORNO,04-01-2024,0
880,CROSS RIVER,04-01-2024,0
880,DELTA,04-01-2024,0
880,EBONYI,04-01-2024,6
880,EDO,04-01-2024,0
880,EKITI,04-01-2024,0
880,ENUGU,04-01-2024,17
880,GOMBE,04-01-2024,0
880,IMO,04-01-2024,13
880,JIGAWA,04-01-2024,0
880,KADUNA,04-01-2024,0
880,KANO,04-01-2024,1
880,KATSINA,04-01-2024,0
880,KEBBI,04-01-2024,0
880,KOGI,04-01-2024,0
880,KWARA,04-01-2024,1
880,LAGOS,04-01-2024,0
880,NASARAWA,04-01-2024,0
880,NIGER,04-01-2024,0
880,OGUN,04-01-2024,0
880,ONDO,04-01-2024,0
880,OSUN,04-01-2024,0
880,OYO,04-01-2024,0
880,PLATEAU,04-01-2024,0
880,RIVERS,04-01-2024,1
880,SOKOTO,04-01-2024,0
880,TARABA,04-01-2024,0
880,YOBE,04-01-2024,0
880,ZAMFARA,04-01-2024,0
880,FCT,04-01-2024,0
880,FOREIGN,04-01-2024,0
722,ABIA,04-01-2024,1
722,ADAMAWA,04-01-2024,0
722,AKWA IBOM,04-01-2024,0
722,BAUCHI,04-01-2024,0
722,BAYELSA,04-01-2024,0
722,BENUE,04-01-2024,0
722,BORNO,04-01-2024,0
722,CROSS RIVER,04-01-2024,0
722,DELTA,04-01-2024,4
722,EBONYI,04-01-2024,35
722,EDO,04-01-2024,0
722,EKITI,04-01-2024,0
722,ENUGU,04-01-2024,53
722,GOMBE,04-01-2024,0
722,IMO,04-01-2024,59
722,JIGAWA,04-01-2024,0
722,KADUNA,04-01-2024,0
722,KANO,04-01-2024,0
722,KATSINA,04-01-2024,0
722,KEBBI,04-01-2024,0
722,KOGI,04-01-2024,0
722,KWARA,04-01-2024,0
722,LAGOS,04-01-2024,0
722,NASARAWA,04-01-2024,0
722,NIGER,04-01-2024,0
722,OGUN,04-01-2024,0
722,ONDO,04-01-2024,0
722,OSUN,04-01-2024,0
722,OYO,04-01-2024,2
722,PLATEAU,04-01-2024,0
722,RIVERS,04-01-2024,0
722,SOKOTO,04-01-2024,0
722,TARABA,04-01-2024,0
722,YOBE,04-01-2024,0
722,ZAMFARA,04-01-2024,0
722,FCT,04-01-2024,0
722,FOREIGN,04-01-2024,0
720,ABIA,04-01-2024,13
720,ADAMAWA,04-01-2024,0
720,AKWA IBOM,04-01-2024,0
720,BAUCHI,04-01-2024,0
720,BAYELSA,04-01-2024,0
720,BENUE,04-01-2024,2
720,BORNO,04-01-2024,0
720,CROSS RIVER,04-01-2024,1
720,DELTA,04-01-2024,53
720,EBONYI,04-01-2024,46
720,EDO,04-01-2024,0
720,EKITI,04-01-2024,0
720,ENUGU,04-01-2024,86
720,GOMBE,04-01-2024,0
720,IMO,04-01-2024,78
720,JIGAWA,04-01-2024,0
720,KADUNA,04-01-2024,0
720,KANO,04-01-2024,0
720,KATSINA,04-01-2024,0
720,KEBBI,04-01-2024,0
720,KOGI,04-01-2024,0
720,KWARA,04-01-2024,3
720,LAGOS,04-01-2024,1
720,NASARAWA,04-01-2024,0
720,NIGER,04-01-2024,0
720,OGUN,04-01-2024,1
720,ONDO,04-01-2024,0
720,OSUN,04-01-2024,0
720,OYO,04-01-2024,0
720,PLATEAU,04-01-2024,0
720,RIVERS,04-01-2024,2
720,SOKOTO,04-01-2024,0
720,TARABA,04-01-2024,0
720,YOBE,04-01-2024,0
720,ZAMFARA,04-01-2024,0
720,FCT,04-01-2024,0
720,FOREIGN,04-01-2024,0
723,ABIA,04-01-2024,117
723,ADAMAWA,04-01-2024,0
723,AKWA IBOM,04-01-2024,10
723,BAUCHI,04-01-2024,0
723,BAYELSA,04-01-2024,0
723,BENUE,04-01-2024,3
723,BORNO,04-01-2024,0
723,CROSS RIVER,04-01-2024,3
723,DELTA,04-01-2024,0
723,EBONYI,04-01-2024,238
723,EDO,04-01-2024,2
723,EKITI,04-01-2024,0
723,ENUGU,04-01-2024,230
723,GOMBE,04-01-2024,0
723,IMO,04-01-2024,376
723,JIGAWA,04-01-2024,0
723,KADUNA,04-01-2024,0
723,KANO,04-01-2024,0
723,KATSINA,04-01-2024,0
723,KEBBI,04-01-2024,0
723,KOGI,04-01-2024,8
723,KWARA,04-01-2024,0
723,LAGOS,04-01-2024,0
723,NASARAWA,04-01-2024,0
723,NIGER,04-01-2024,0
723,OGUN,04-01-2024,0
723,ONDO,04-01-2024,0
723,OSUN,04-01-2024,0
723,OYO,04-01-2024,0
723,PLATEAU,04-01-2024,1
723,RIVERS,04-01-2024,1
723,SOKOTO,04-01-2024,0
723,TARABA,04-01-2024,0
723,YOBE,04-01-2024,0
723,ZAMFARA,04-01-2024,0
723,FCT,04-01-2024,0
723,FOREIGN,04-01-2024,0
716,ABIA,04-01-2024,28
716,ADAMAWA,04-01-2024,0
716,AKWA IBOM,04-01-2024,4
716,BAUCHI,04-01-2024,0
716,BAYELSA,04-01-2024,0
716,BENUE,04-01-2024,0
716,BORNO,04-01-2024,0
716,CROSS RIVER,04-01-2024,0
716,DELTA,04-01-2024,11
716,EBONYI,04-01-2024,86
716,EDO,04-01-2024,0
716,EKITI,04-01-2024,0
716,ENUGU,04-01-2024,64
716,GOMBE,04-01-2024,0
716,IMO,04-01-2024,37
716,JIGAWA,04-01-2024,0
716,KADUNA,04-01-2024,0
716,KANO,04-01-2024,0
716,KATSINA,04-01-2024,0
716,KEBBI,04-01-2024,0
716,KOGI,04-01-2024,3
716,KWARA,04-01-2024,0
716,LAGOS,04-01-2024,0
716,NASARAWA,04-01-2024,0
716,NIGER,04-01-2024,0
716,OGUN,04-01-2024,0
716,ONDO,04-01-2024,0
716,OSUN,04-01-2024,0
716,OYO,04-01-2024,0
716,PLATEAU,04-01-2024,0
716,RIVERS,04-01-2024,0
716,SOKOTO,04-01-2024,0
716,TARABA,04-01-2024,0
716,YOBE,04-01-2024,0
716,ZAMFARA,04-01-2024,0
716,FCT,04-01-2024,0
716,FOREIGN,04-01-2024,0
719,ABIA,04-01-2024,36
719,ADAMAWA,04-01-2024,0
719,AKWA IBOM,04-01-2024,4
719,BAUCHI,04-01-2024,0
719,BAYELSA,04-01-2024,0
719,BENUE,04-01-2024,3
719,BORNO,04-01-2024,0
719,CROSS RIVER,04-01-2024,1
719,DELTA,04-01-2024,3
719,EBONYI,04-01-2024,73
719,EDO,04-01-2024,0
719,EKITI,04-01-2024,0
719,ENUGU,04-01-2024,57
719,GOMBE,04-01-2024,0
719,IMO,04-01-2024,35
719,JIGAWA,04-01-2024,0
719,KADUNA,04-01-2024,0
719,KANO,04-01-2024,0
719,KATSINA,04-01-2024,0
719,KEBBI,04-01-2024,0
719,KOGI,04-01-2024,0
719,KWARA,04-01-2024,1
719,LAGOS,04-01-2024,0
719,NASARAWA,04-01-2024,0
719,NIGER,04-01-2024,0
719,OGUN,04-01-2024,0
719,ONDO,04-01-2024,0
719,OSUN,04-01-2024,0
719,OYO,04-01-2024,0
719,PLATEAU,04-01-2024,0
719,RIVERS,04-01-2024,0
719,SOKOTO,04-01-2024,0
719,TARABA,04-01-2024,1
719,YOBE,04-01-2024,0
719,ZAMFARA,04-01-2024,0
719,FCT,04-01-2024,0
719,FOREIGN,04-01-2024,0
717,ABIA,04-01-2024,3
717,ADAMAWA,04-01-2024,0
717,AKWA IBOM,04-01-2024,0
717,BAUCHI,04-01-2024,0
717,BAYELSA,04-01-2024,1
717,BENUE,04-01-2024,0
717,BORNO,04-01-2024,0
717,CROSS RIVER,04-01-2024,0
717,DELTA,04-01-2024,4
717,EBONYI,04-01-2024,4
717,EDO,04-01-2024,0
717,EKITI,04-01-2024,0
717,ENUGU,04-01-2024,8
717,GOMBE,04-01-2024,0
717,IMO,04-01-2024,10
717,JIGAWA,04-01-2024,0
717,KADUNA,04-01-2024,0
717,KANO,04-01-2024,0
717,KATSINA,04-01-2024,0
717,KEBBI,04-01-2024,0
717,KOGI,04-01-2024,1
717,KWARA,04-01-2024,0
717,LAGOS,04-01-2024,0
717,NASARAWA,04-01-2024,0
717,NIGER,04-01-2024,0
717,OGUN,04-01-2024,0
717,ONDO,04-01-2024,0
717,OSUN,04-01-2024,0
717,OYO,04-01-2024,1
717,PLATEAU,04-01-2024,0
717,RIVERS,04-01-2024,0
717,SOKOTO,04-01-2024,0
717,TARABA,04-01-2024,0
717,YOBE,04-01-2024,0
717,ZAMFARA,04-01-2024,0
717,FCT,04-01-2024,0
717,FOREIGN,04-01-2024,0
714,ABIA,04-01-2024,0
714,ADAMAWA,04-01-2024,0
714,AKWA IBOM,04-01-2024,0
714,BAUCHI,04-01-2024,0
714,BAYELSA,04-01-2024,0
714,BENUE,04-01-2024,0
714,BORNO,04-01-2024,0
714,CROSS RIVER,04-01-2024,0
714,DELTA,04-01-2024,0
714,EBONYI,04-01-2024,0
714,EDO,04-01-2024,0
714,EKITI,04-01-2024,0
714,ENUGU,04-01-2024,5
714,GOMBE,04-01-2024,0
714,IMO,04-01-2024,17
714,JIGAWA,04-01-2024,0
714,KADUNA,04-01-2024,0
714,KANO,04-01-2024,0
714,KATSINA,04-01-2024,0
714,KEBBI,04-01-2024,0
714,KOGI,04-01-2024,0
714,KWARA,04-01-2024,0
714,LAGOS,04-01-2024,0
714,NASARAWA,04-01-2024,0
714,NIGER,04-01-2024,0
714,OGUN,04-01-2024,0
714,ONDO,04-01-2024,0
714,OSUN,04-01-2024,2
714,OYO,04-01-2024,1
714,PLATEAU,04-01-2024,0
714,RIVERS,04-01-2024,0
714,SOKOTO,04-01-2024,0
714,TARABA,04-01-2024,0
714,YOBE,04-01-2024,0
714,ZAMFARA,04-01-2024,0
714,FCT,04-01-2024,0
714,FOREIGN,04-01-2024,0
718,ABIA,04-01-2024,25
718,ADAMAWA,04-01-2024,0
718,AKWA IBOM,04-01-2024,0
718,BAUCHI,04-01-2024,0
718,BAYELSA,04-01-2024,2
718,BENUE,04-01-2024,1
718,BORNO,04-01-2024,0
718,CROSS RIVER,04-01-2024,0
718,DELTA,04-01-2024,33
718,EBONYI,04-01-2024,103
718,EDO,04-01-2024,0
718,EKITI,04-01-2024,0
718,ENUGU,04-01-2024,86
718,GOMBE,04-01-2024,0
718,IMO,04-01-2024,111
718,JIGAWA,04-01-2024,0
718,KADUNA,04-01-2024,0
718,KANO,04-01-2024,0
718,KATSINA,04-01-2024,1
718,KEBBI,04-01-2024,0
718,KOGI,04-01-2024,14
718,KWARA,04-01-2024,0
718,LAGOS,04-01-2024,0
718,NASARAWA,04-01-2024,0
718,NIGER,04-01-2024,0
718,OGUN,04-01-2024,0
718,ONDO,04-01-2024,6
718,OSUN,04-01-2024,0
718,OYO,04-01-2024,2
718,PLATEAU,04-01-2024,0
718,RIVERS,04-01-2024,1
718,SOKOTO,04-01-2024,0
718,TARABA,04-01-2024,0
718,YOBE,04-01-2024,0
718,ZAMFARA,04-01-2024,0
718,FCT,04-01-2024,0
718,FOREIGN,04-01-2024,0
721,ABIA,04-01-2024,1
721,ADAMAWA,04-01-2024,0
721,AKWA IBOM,04-01-2024,0
721,BAUCHI,04-01-2024,0
721,BAYELSA,04-01-2024,0
721,BENUE,04-01-2024,3
721,BORNO,04-01-2024,0
721,CROSS RIVER,04-01-2024,0
721,DELTA,04-01-2024,8
721,EBONYI,04-01-2024,9
721,EDO,04-01-2024,0
721,EKITI,04-01-2024,0
721,ENUGU,04-01-2024,10
721,GOMBE,04-01-2024,0
721,IMO,04-01-2024,32
721,JIGAWA,04-01-2024,0
721,KADUNA,04-01-2024,0
721,KANO,04-01-2024,0
721,KATSINA,04-01-2024,0
721,KEBBI,04-01-2024,0
721,KOGI,04-01-2024,0
721,KWARA,04-01-2024,0
721,LAGOS,04-01-2024,0
721,NASARAWA,04-01-2024,1
721,NIGER,04-01-2024,0
721,OGUN,04-01-2024,0
721,ONDO,04-01-2024,0
721,OSUN,04-01-2024,0
721,OYO,04-01-2024,0
721,PLATEAU,04-01-2024,0
721,RIVERS,04-01-2024,6
721,SOKOTO,04-01-2024,0
721,TARABA,04-01-2024,0
721,YOBE,04-01-2024,0
721,ZAMFARA,04-01-2024,0
721,FCT,04-01-2024,0
721,FOREIGN,04-01-2024,0
715,ABIA,04-01-2024,1
715,ADAMAWA,04-01-2024,0
715,AKWA IBOM,04-01-2024,0
715,BAUCHI,04-01-2024,0
715,BAYELSA,04-01-2024,0
715,BENUE,04-01-2024,0
715,BORNO,04-01-2024,0
715,CROSS RIVER,04-01-2024,0
715,DELTA,04-01-2024,0
715,EBONYI,04-01-2024,7
715,EDO,04-01-2024,1
715,EKITI,04-01-2024,0
715,ENUGU,04-01-2024,6
715,GOMBE,04-01-2024,0
715,IMO,04-01-2024,10
715,JIGAWA,04-01-2024,0
715,KADUNA,04-01-2024,0
715,KANO,04-01-2024,0
715,KATSINA,04-01-2024,0
715,KEBBI,04-01-2024,0
715,KOGI,04-01-2024,0
715,KWARA,04-01-2024,0
715,LAGOS,04-01-2024,0
715,NASARAWA,04-01-2024,0
715,NIGER,04-01-2024,0
715,OGUN,04-01-2024,0
715,ONDO,04-01-2024,0
715,OSUN,04-01-2024,0
715,OYO,04-01-2024,0
715,PLATEAU,04-01-2024,0
715,RIVERS,04-01-2024,0
715,SOKOTO,04-01-2024,0
715,TARABA,04-01-2024,0
715,YOBE,04-01-2024,0
715,ZAMFARA,04-01-2024,0
715,FCT,04-01-2024,0
715,FOREIGN,04-01-2024,0
63,ABIA,04-01-2024,14
63,ADAMAWA,04-01-2024,0
63,AKWA IBOM,04-01-2024,1
63,BAUCHI,04-01-2024,0
63,BAYELSA,04-01-2024,0
63,BENUE,04-01-2024,2
63,BORNO,04-01-2024,0
63,CROSS RIVER,04-01-2024,2
63,DELTA,04-01-2024,5
63,EBONYI,04-01-2024,20
63,EDO,04-01-2024,1
63,EKITI,04-01-2024,0
63,ENUGU,04-01-2024,21
63,GOMBE,04-01-2024,0
63,IMO,04-01-2024,20
63,JIGAWA,04-01-2024,0
63,KADUNA,04-01-2024,0
63,KANO,04-01-2024,0
63,KATSINA,04-01-2024,0
63,KEBBI,04-01-2024,0
63,KOGI,04-01-2024,0
63,KWARA,04-01-2024,0
63,LAGOS,04-01-2024,0
63,NASARAWA,04-01-2024,0
63,NIGER,04-01-2024,0
63,OGUN,04-01-2024,0
63,ONDO,04-01-2024,0
63,OSUN,04-01-2024,0
63,OYO,04-01-2024,0
63,PLATEAU,04-01-2024,0
63,RIVERS,04-01-2024,0
63,SOKOTO,04-01-2024,0
63,TARABA,04-01-2024,0
63,YOBE,04-01-2024,0
63,ZAMFARA,04-01-2024,0
63,FCT,04-01-2024,0
63,FOREIGN,04-01-2024,0
62,ABIA,04-01-2024,1
62,ADAMAWA,04-01-2024,0
62,AKWA IBOM,04-01-2024,0
62,BAUCHI,04-01-2024,0
62,BAYELSA,04-01-2024,1
62,BENUE,04-01-2024,0
62,BORNO,04-01-2024,0
62,CROSS RIVER,04-01-2024,0
62,DELTA,04-01-2024,0
62,EBONYI,04-01-2024,4
62,EDO,04-01-2024,0
62,EKITI,04-01-2024,0
62,ENUGU,04-01-2024,7
62,GOMBE,04-01-2024,0
62,IMO,04-01-2024,0
62,JIGAWA,04-01-2024,0
62,KADUNA,04-01-2024,0
62,KANO,04-01-2024,0
62,KATSINA,04-01-2024,0
62,KEBBI,04-01-2024,0
62,KOGI,04-01-2024,0
62,KWARA,04-01-2024,0
62,LAGOS,04-01-2024,0
62,NASARAWA,04-01-2024,0
62,NIGER,04-01-2024,0
62,OGUN,04-01-2024,0
62,ONDO,04-01-2024,0
62,OSUN,04-01-2024,0
62,OYO,04-01-2024,0
62,PLATEAU,04-01-2024,0
62,RIVERS,04-01-2024,0
62,SOKOTO,04-01-2024,0
62,TARABA,04-01-2024,0
62,YOBE,04-01-2024,0
62,ZAMFARA,04-01-2024,0
62,FCT,04-01-2024,0
62,FOREIGN,04-01-2024,0
65,ABIA,04-01-2024,1
65,ADAMAWA,04-01-2024,0
65,AKWA IBOM,04-01-2024,1
65,BAUCHI,04-01-2024,0
65,BAYELSA,04-01-2024,0
65,BENUE,04-01-2024,2
65,BORNO,04-01-2024,0
65,CROSS RIVER,04-01-2024,0
65,DELTA,04-01-2024,2
65,EBONYI,04-01-2024,2
65,EDO,04-01-2024,0
65,EKITI,04-01-2024,0
65,ENUGU,04-01-2024,13
65,GOMBE,04-01-2024,0
65,IMO,04-01-2024,4
65,JIGAWA,04-01-2024,0
65,KADUNA,04-01-2024,0
65,KANO,04-01-2024,0
65,KATSINA,04-01-2024,0
65,KEBBI,04-01-2024,0
65,KOGI,04-01-2024,0
65,KWARA,04-01-2024,0
65,LAGOS,04-01-2024,0
65,NASARAWA,04-01-2024,0
65,NIGER,04-01-2024,0
65,OGUN,04-01-2024,0
65,ONDO,04-01-2024,0
65,OSUN,04-01-2024,0
65,OYO,04-01-2024,0
65,PLATEAU,04-01-2024,0
65,RIVERS,04-01-2024,0
65,SOKOTO,04-01-2024,0
65,TARABA,04-01-2024,0
65,YOBE,04-01-2024,0
65,ZAMFARA,04-01-2024,0
65,FCT,04-01-2024,0
65,FOREIGN,04-01-2024,0
66,ABIA,04-01-2024,12
66,ADAMAWA,04-01-2024,0
66,AKWA IBOM,04-01-2024,0
66,BAUCHI,04-01-2024,0
66,BAYELSA,04-01-2024,0
66,BENUE,04-01-2024,1
66,BORNO,04-01-2024,0
66,CROSS RIVER,04-01-2024,1
66,DELTA,04-01-2024,6
66,EBONYI,04-01-2024,27
66,EDO,04-01-2024,0
66,EKITI,04-01-2024,0
66,ENUGU,04-01-2024,132
66,GOMBE,04-01-2024,0
66,IMO,04-01-2024,71
66,JIGAWA,04-01-2024,0
66,KADUNA,04-01-2024,0
66,KANO,04-01-2024,0
66,KATSINA,04-01-2024,0
66,KEBBI,04-01-2024,0
66,KOGI,04-01-2024,1
66,KWARA,04-01-2024,0
66,LAGOS,04-01-2024,0
66,NASARAWA,04-01-2024,0
66,NIGER,04-01-2024,0
66,OGUN,04-01-2024,0
66,ONDO,04-01-2024,0
66,OSUN,04-01-2024,0
66,OYO,04-01-2024,0
66,PLATEAU,04-01-2024,0
66,RIVERS,04-01-2024,0
66,SOKOTO,04-01-2024,0
66,TARABA,04-01-2024,0
66,YOBE,04-01-2024,0
66,ZAMFARA,04-01-2024,0
66,FCT,04-01-2024,0
66,FOREIGN,04-01-2024,0
60,ABIA,04-01-2024,0
60,ADAMAWA,04-01-2024,0
60,AKWA IBOM,04-01-2024,0
60,BAUCHI,04-01-2024,0
60,BAYELSA,04-01-2024,0
60,BENUE,04-01-2024,0
60,BORNO,04-01-2024,0
60,CROSS RIVER,04-01-2024,0
60,DELTA,04-01-2024,2
60,EBONYI,04-01-2024,10
60,EDO,04-01-2024,1
60,EKITI,04-01-2024,0
60,ENUGU,04-01-2024,2
60,GOMBE,04-01-2024,0
60,IMO,04-01-2024,2
60,JIGAWA,04-01-2024,0
60,KADUNA,04-01-2024,0
60,KANO,04-01-2024,0
60,KATSINA,04-01-2024,0
60,KEBBI,04-01-2024,0
60,KOGI,04-01-2024,0
60,KWARA,04-01-2024,0
60,LAGOS,04-01-2024,0
60,NASARAWA,04-01-2024,0
60,NIGER,04-01-2024,0
60,OGUN,04-01-2024,0
60,ONDO,04-01-2024,0
60,OSUN,04-01-2024,0
60,OYO,04-01-2024,0
60,PLATEAU,04-01-2024,0
60,RIVERS,04-01-2024,0
60,SOKOTO,04-01-2024,0
60,TARABA,04-01-2024,0
60,YOBE,04-01-2024,0
60,ZAMFARA,04-01-2024,0
60,FCT,04-01-2024,0
60,FOREIGN,04-01-2024,0
64,ABIA,04-01-2024,4
64,ADAMAWA,04-01-2024,0
64,AKWA IBOM,04-01-2024,0
64,BAUCHI,04-01-2024,0
64,BAYELSA,04-01-2024,0
64,BENUE,04-01-2024,1
64,BORNO,04-01-2024,0
64,CROSS RIVER,04-01-2024,0
64,DELTA,04-01-2024,2
64,EBONYI,04-01-2024,20
64,EDO,04-01-2024,0
64,EKITI,04-01-2024,0
64,ENUGU,04-01-2024,20
64,GOMBE,04-01-2024,0
64,IMO,04-01-2024,9
64,JIGAWA,04-01-2024,0
64,KADUNA,04-01-2024,0
64,KANO,04-01-2024,0
64,KATSINA,04-01-2024,0
64,KEBBI,04-01-2024,0
64,KOGI,04-01-2024,6
64,KWARA,04-01-2024,0
64,LAGOS,04-01-2024,0
64,NASARAWA,04-01-2024,0
64,NIGER,04-01-2024,0
64,OGUN,04-01-2024,0
64,ONDO,04-01-2024,0
64,OSUN,04-01-2024,0
64,OYO,04-01-2024,0
64,PLATEAU,04-01-2024,0
64,RIVERS,04-01-2024,0
64,SOKOTO,04-01-2024,0
64,TARABA,04-01-2024,0
64,YOBE,04-01-2024,0
64,ZAMFARA,04-01-2024,0
64,FCT,04-01-2024,0
64,FOREIGN,04-01-2024,0
61,ABIA,04-01-2024,1
61,ADAMAWA,04-01-2024,0
61,AKWA IBOM,04-01-2024,0
61,BAUCHI,04-01-2024,0
61,BAYELSA,04-01-2024,0
61,BENUE,04-01-2024,0
61,BORNO,04-01-2024,0
61,CROSS RIVER,04-01-2024,0
61,DELTA,04-01-2024,0
61,EBONYI,04-01-2024,13
61,EDO,04-01-2024,0
61,EKITI,04-01-2024,0
61,ENUGU,04-01-2024,8
61,GOMBE,04-01-2024,0
61,IMO,04-01-2024,1
61,JIGAWA,04-01-2024,0
61,KADUNA,04-01-2024,0
61,KANO,04-01-2024,0
61,KATSINA,04-01-2024,0
61,KEBBI,04-01-2024,0
61,KOGI,04-01-2024,0
61,KWARA,04-01-2024,0
61,LAGOS,04-01-2024,0
61,NASARAWA,04-01-2024,0
61,NIGER,04-01-2024,0
61,OGUN,04-01-2024,0
61,ONDO,04-01-2024,0
61,OSUN,04-01-2024,0
61,OYO,04-01-2024,0
61,PLATEAU,04-01-2024,0
61,RIVERS,04-01-2024,0
61,SOKOTO,04-01-2024,0
61,TARABA,04-01-2024,0
61,YOBE,04-01-2024,0
61,ZAMFARA,04-01-2024,0
61,FCT,04-01-2024,0
61,FOREIGN,04-01-2024,0
58,ABIA,04-01-2024,2
58,ADAMAWA,04-01-2024,0
58,AKWA IBOM,04-01-2024,0
58,BAUCHI,04-01-2024,0
58,BAYELSA,04-01-2024,0
58,BENUE,04-01-2024,0
58,BORNO,04-01-2024,0
58,CROSS RIVER,04-01-2024,0
58,DELTA,04-01-2024,0
58,EBONYI,04-01-2024,7
58,EDO,04-01-2024,0
58,EKITI,04-01-2024,0
58,ENUGU,04-01-2024,1
58,GOMBE,04-01-2024,0
58,IMO,04-01-2024,0
58,JIGAWA,04-01-2024,0
58,KADUNA,04-01-2024,0
58,KANO,04-01-2024,0
58,KATSINA,04-01-2024,0
58,KEBBI,04-01-2024,0
58,KOGI,04-01-2024,0
58,KWARA,04-01-2024,0
58,LAGOS,04-01-2024,1
58,NASARAWA,04-01-2024,0
58,NIGER,04-01-2024,0
58,OGUN,04-01-2024,0
58,ONDO,04-01-2024,0
58,OSUN,04-01-2024,0
58,OYO,04-01-2024,0
58,PLATEAU,04-01-2024,0
58,RIVERS,04-01-2024,0
58,SOKOTO,04-01-2024,0
58,TARABA,04-01-2024,0
58,YOBE,04-01-2024,0
58,ZAMFARA,04-01-2024,0
58,FCT,04-01-2024,0
58,FOREIGN,04-01-2024,0
57,ABIA,04-01-2024,9
57,ADAMAWA,04-01-2024,0
57,AKWA IBOM,04-01-2024,1
57,BAUCHI,04-01-2024,0
57,BAYELSA,04-01-2024,0
57,BENUE,04-01-2024,0
57,BORNO,04-01-2024,0
57,CROSS RIVER,04-01-2024,2
57,DELTA,04-01-2024,2
57,EBONYI,04-01-2024,40
57,EDO,04-01-2024,1
57,EKITI,04-01-2024,0
57,ENUGU,04-01-2024,47
57,GOMBE,04-01-2024,0
57,IMO,04-01-2024,7
57,JIGAWA,04-01-2024,0
57,KADUNA,04-01-2024,0
57,KANO,04-01-2024,0
57,KATSINA,04-01-2024,0
57,KEBBI,04-01-2024,0
57,KOGI,04-01-2024,3
57,KWARA,04-01-2024,0
57,LAGOS,04-01-2024,0
57,NASARAWA,04-01-2024,0
57,NIGER,04-01-2024,0
57,OGUN,04-01-2024,1
57,ONDO,04-01-2024,0
57,OSUN,04-01-2024,0
57,OYO,04-01-2024,0
57,PLATEAU,04-01-2024,0
57,RIVERS,04-01-2024,0
57,SOKOTO,04-01-2024,0
57,TARABA,04-01-2024,0
57,YOBE,04-01-2024,0
57,ZAMFARA,04-01-2024,0
57,FCT,04-01-2024,0
57,FOREIGN,04-01-2024,0
67,ABIA,04-01-2024,2
67,ADAMAWA,04-01-2024,0
67,AKWA IBOM,04-01-2024,0
67,BAUCHI,04-01-2024,0
67,BAYELSA,04-01-2024,0
67,BENUE,04-01-2024,0
67,BORNO,04-01-2024,0
67,CROSS RIVER,04-01-2024,1
67,DELTA,04-01-2024,0
67,EBONYI,04-01-2024,8
67,EDO,04-01-2024,0
67,EKITI,04-01-2024,0
67,ENUGU,04-01-2024,10
67,GOMBE,04-01-2024,0
67,IMO,04-01-2024,6
67,JIGAWA,04-01-2024,0
67,KADUNA,04-01-2024,0
67,KANO,04-01-2024,0
67,KATSINA,04-01-2024,0
67,KEBBI,04-01-2024,0
67,KOGI,04-01-2024,0
67,KWARA,04-01-2024,0
67,LAGOS,04-01-2024,0
67,NASARAWA,04-01-2024,0
67,NIGER,04-01-2024,0
67,OGUN,04-01-2024,0
67,ONDO,04-01-2024,0
67,OSUN,04-01-2024,0
67,OYO,04-01-2024,0
67,PLATEAU,04-01-2024,0
67,RIVERS,04-01-2024,0
67,SOKOTO,04-01-2024,0
67,TARABA,04-01-2024,0
67,YOBE,04-01-2024,0
67,ZAMFARA,04-01-2024,0
67,FCT,04-01-2024,0
67,FOREIGN,04-01-2024,0
59,ABIA,04-01-2024,0
59,ADAMAWA,04-01-2024,0
59,AKWA IBOM,04-01-2024,0
59,BAUCHI,04-01-2024,0
59,BAYELSA,04-01-2024,0
59,BENUE,04-01-2024,0
59,BORNO,04-01-2024,0
59,CROSS RIVER,04-01-2024,0
59,DELTA,04-01-2024,0
59,EBONYI,04-01-2024,0
59,EDO,04-01-2024,0
59,EKITI,04-01-2024,0
59,ENUGU,04-01-2024,0
59,GOMBE,04-01-2024,0
59,IMO,04-01-2024,0
59,JIGAWA,04-01-2024,0
59,KADUNA,04-01-2024,0
59,KANO,04-01-2024,0
59,KATSINA,04-01-2024,0
59,KEBBI,04-01-2024,0
59,KOGI,04-01-2024,0
59,KWARA,04-01-2024,0
59,LAGOS,04-01-2024,0
59,NASARAWA,04-01-2024,0
59,NIGER,04-01-2024,0
59,OGUN,04-01-2024,0
59,ONDO,04-01-2024,0
59,OSUN,04-01-2024,0
59,OYO,04-01-2024,0
59,PLATEAU,04-01-2024,0
59,RIVERS,04-01-2024,0
59,SOKOTO,04-01-2024,0
59,TARABA,04-01-2024,0
59,YOBE,04-01-2024,0
59,ZAMFARA,04-01-2024,0
59,FCT,04-01-2024,0
59,FOREIGN,04-01-2024,0
106,ABIA,04-01-2024,1
106,ADAMAWA,04-01-2024,0
106,AKWA IBOM,04-01-2024,0
106,BAUCHI,04-01-2024,0
106,BAYELSA,04-01-2024,0
106,BENUE,04-01-2024,0
106,BORNO,04-01-2024,0
106,CROSS RIVER,04-01-2024,0
106,DELTA,04-01-2024,0
106,EBONYI,04-01-2024,4
106,EDO,04-01-2024,0
106,EKITI,04-01-2024,0
106,ENUGU,04-01-2024,5
106,GOMBE,04-01-2024,0
106,IMO,04-01-2024,1
106,JIGAWA,04-01-2024,0
106,KADUNA,04-01-2024,0
106,KANO,04-01-2024,0
106,KATSINA,04-01-2024,0
106,KEBBI,04-01-2024,0
106,KOGI,04-01-2024,0
106,KWARA,04-01-2024,0
106,LAGOS,04-01-2024,0
106,NASARAWA,04-01-2024,0
106,NIGER,04-01-2024,0
106,OGUN,04-01-2024,0
106,ONDO,04-01-2024,0
106,OSUN,04-01-2024,0
106,OYO,04-01-2024,0
106,PLATEAU,04-01-2024,0
106,RIVERS,04-01-2024,0
106,SOKOTO,04-01-2024,0
106,TARABA,04-01-2024,0
106,YOBE,04-01-2024,0
106,ZAMFARA,04-01-2024,0
106,FCT,04-01-2024,0
106,FOREIGN,04-01-2024,0
103,ABIA,04-01-2024,0
103,ADAMAWA,04-01-2024,0
103,AKWA IBOM,04-01-2024,0
103,BAUCHI,04-01-2024,0
103,BAYELSA,04-01-2024,0
103,BENUE,04-01-2024,0
103,BORNO,04-01-2024,0
103,CROSS RIVER,04-01-2024,0
103,DELTA,04-01-2024,2
103,EBONYI,04-01-2024,0
103,EDO,04-01-2024,0
103,EKITI,04-01-2024,0
103,ENUGU,04-01-2024,3
103,GOMBE,04-01-2024,0
103,IMO,04-01-2024,0
103,JIGAWA,04-01-2024,0
103,KADUNA,04-01-2024,0
103,KANO,04-01-2024,0
103,KATSINA,04-01-2024,0
103,KEBBI,04-01-2024,0
103,KOGI,04-01-2024,0
103,KWARA,04-01-2024,0
103,LAGOS,04-01-2024,0
103,NASARAWA,04-01-2024,0
103,NIGER,04-01-2024,0
103,OGUN,04-01-2024,0
103,ONDO,04-01-2024,0
103,OSUN,04-01-2024,0
103,OYO,04-01-2024,0
103,PLATEAU,04-01-2024,0
103,RIVERS,04-01-2024,0
103,SOKOTO,04-01-2024,0
103,TARABA,04-01-2024,0
103,YOBE,04-01-2024,0
103,ZAMFARA,04-01-2024,0
103,FCT,04-01-2024,0
103,FOREIGN,04-01-2024,0
100,ABIA,04-01-2024,0
100,ADAMAWA,04-01-2024,0
100,AKWA IBOM,04-01-2024,0
100,BAUCHI,04-01-2024,0
100,BAYELSA,04-01-2024,0
100,BENUE,04-01-2024,0
100,BORNO,04-01-2024,0
100,CROSS RIVER,04-01-2024,0
100,DELTA,04-01-2024,0
100,EBONYI,04-01-2024,1
100,EDO,04-01-2024,0
100,EKITI,04-01-2024,0
100,ENUGU,04-01-2024,0
100,GOMBE,04-01-2024,0
100,IMO,04-01-2024,0
100,JIGAWA,04-01-2024,0
100,KADUNA,04-01-2024,0
100,KANO,04-01-2024,0
100,KATSINA,04-01-2024,0
100,KEBBI,04-01-2024,0
100,KOGI,04-01-2024,1
100,KWARA,04-01-2024,0
100,LAGOS,04-01-2024,0
100,NASARAWA,04-01-2024,0
100,NIGER,04-01-2024,0
100,OGUN,04-01-2024,0
100,ONDO,04-01-2024,0
100,OSUN,04-01-2024,0
100,OYO,04-01-2024,0
100,PLATEAU,04-01-2024,0
100,RIVERS,04-01-2024,0
100,SOKOTO,04-01-2024,0
100,TARABA,04-01-2024,0
100,YOBE,04-01-2024,0
100,ZAMFARA,04-01-2024,0
100,FCT,04-01-2024,0
100,FOREIGN,04-01-2024,0
102,ABIA,04-01-2024,0
102,ADAMAWA,04-01-2024,0
102,AKWA IBOM,04-01-2024,0
102,BAUCHI,04-01-2024,0
102,BAYELSA,04-01-2024,0
102,BENUE,04-01-2024,0
102,BORNO,04-01-2024,0
102,CROSS RIVER,04-01-2024,0
102,DELTA,04-01-2024,0
102,EBONYI,04-01-2024,0
102,EDO,04-01-2024,0
102,EKITI,04-01-2024,0
102,ENUGU,04-01-2024,5
102,GOMBE,04-01-2024,0
102,IMO,04-01-2024,3
102,JIGAWA,04-01-2024,0
102,KADUNA,04-01-2024,0
102,KANO,04-01-2024,0
102,KATSINA,04-01-2024,0
102,KEBBI,04-01-2024,0
102,KOGI,04-01-2024,0
102,KWARA,04-01-2024,0
102,LAGOS,04-01-2024,0
102,NASARAWA,04-01-2024,0
102,NIGER,04-01-2024,0
102,OGUN,04-01-2024,0
102,ONDO,04-01-2024,0
102,OSUN,04-01-2024,0
102,OYO,04-01-2024,0
102,PLATEAU,04-01-2024,0
102,RIVERS,04-01-2024,0
102,SOKOTO,04-01-2024,0
102,TARABA,04-01-2024,0
102,YOBE,04-01-2024,0
102,ZAMFARA,04-01-2024,0
102,FCT,04-01-2024,0
102,FOREIGN,04-01-2024,0
107,ABIA,04-01-2024,0
107,ADAMAWA,04-01-2024,0
107,AKWA IBOM,04-01-2024,0
107,BAUCHI,04-01-2024,0
107,BAYELSA,04-01-2024,0
107,BENUE,04-01-2024,0
107,BORNO,04-01-2024,0
107,CROSS RIVER,04-01-2024,0
107,DELTA,04-01-2024,0
107,EBONYI,04-01-2024,0
107,EDO,04-01-2024,0
107,EKITI,04-01-2024,0
107,ENUGU,04-01-2024,0
107,GOMBE,04-01-2024,0
107,IMO,04-01-2024,0
107,JIGAWA,04-01-2024,0
107,KADUNA,04-01-2024,0
107,KANO,04-01-2024,0
107,KATSINA,04-01-2024,0
107,KEBBI,04-01-2024,0
107,KOGI,04-01-2024,0
107,KWARA,04-01-2024,0
107,LAGOS,04-01-2024,0
107,NASARAWA,04-01-2024,0
107,NIGER,04-01-2024,0
107,OGUN,04-01-2024,0
107,ONDO,04-01-2024,0
107,OSUN,04-01-2024,0
107,OYO,04-01-2024,0
107,PLATEAU,04-01-2024,0
107,RIVERS,04-01-2024,0
107,SOKOTO,04-01-2024,0
107,TARABA,04-01-2024,0
107,YOBE,04-01-2024,0
107,ZAMFARA,04-01-2024,0
107,FCT,04-01-2024,0
107,FOREIGN,04-01-2024,0
101,ABIA,04-01-2024,0
101,ADAMAWA,04-01-2024,0
101,AKWA IBOM,04-01-2024,0
101,BAUCHI,04-01-2024,0
101,BAYELSA,04-01-2024,0
101,BENUE,04-01-2024,0
101,BORNO,04-01-2024,0
101,CROSS RIVER,04-01-2024,0
101,DELTA,04-01-2024,1
101,EBONYI,04-01-2024,2
101,EDO,04-01-2024,0
101,EKITI,04-01-2024,0
101,ENUGU,04-01-2024,2
101,GOMBE,04-01-2024,0
101,IMO,04-01-2024,1
101,JIGAWA,04-01-2024,0
101,KADUNA,04-01-2024,0
101,KANO,04-01-2024,0
101,KATSINA,04-01-2024,0
101,KEBBI,04-01-2024,0
101,KOGI,04-01-2024,7
101,KWARA,04-01-2024,0
101,LAGOS,04-01-2024,0
101,NASARAWA,04-01-2024,0
101,NIGER,04-01-2024,0
101,OGUN,04-01-2024,0
101,ONDO,04-01-2024,0
101,OSUN,04-01-2024,0
101,OYO,04-01-2024,0
101,PLATEAU,04-01-2024,0
101,RIVERS,04-01-2024,0
101,SOKOTO,04-01-2024,0
101,TARABA,04-01-2024,0
101,YOBE,04-01-2024,0
101,ZAMFARA,04-01-2024,0
101,FCT,04-01-2024,0
101,FOREIGN,04-01-2024,0
104,ABIA,04-01-2024,0
104,ADAMAWA,04-01-2024,0
104,AKWA IBOM,04-01-2024,0
104,BAUCHI,04-01-2024,0
104,BAYELSA,04-01-2024,0
104,BENUE,04-01-2024,0
104,BORNO,04-01-2024,0
104,CROSS RIVER,04-01-2024,0
104,DELTA,04-01-2024,0
104,EBONYI,04-01-2024,0
104,EDO,04-01-2024,0
104,EKITI,04-01-2024,0
104,ENUGU,04-01-2024,0
104,GOMBE,04-01-2024,0
104,IMO,04-01-2024,0
104,JIGAWA,04-01-2024,0
104,KADUNA,04-01-2024,0
104,KANO,04-01-2024,0
104,KATSINA,04-01-2024,0
104,KEBBI,04-01-2024,0
104,KOGI,04-01-2024,0
104,KWARA,04-01-2024,0
104,LAGOS,04-01-2024,0
104,NASARAWA,04-01-2024,0
104,NIGER,04-01-2024,0
104,OGUN,04-01-2024,0
104,ONDO,04-01-2024,0
104,OSUN,04-01-2024,0
104,OYO,04-01-2024,0
104,PLATEAU,04-01-2024,0
104,RIVERS,04-01-2024,0
104,SOKOTO,04-01-2024,0
104,TARABA,04-01-2024,0
104,YOBE,04-01-2024,0
104,ZAMFARA,04-01-2024,0
104,FCT,04-01-2024,0
104,FOREIGN,04-01-2024,0
105,ABIA,04-01-2024,0
105,ADAMAWA,04-01-2024,0
105,AKWA IBOM,04-01-2024,0
105,BAUCHI,04-01-2024,0
105,BAYELSA,04-01-2024,0
105,BENUE,04-01-2024,0
105,BORNO,04-01-2024,0
105,CROSS RIVER,04-01-2024,0
105,DELTA,04-01-2024,0
105,EBONYI,04-01-2024,1
105,EDO,04-01-2024,0
105,EKITI,04-01-2024,0
105,ENUGU,04-01-2024,0
105,GOMBE,04-01-2024,0
105,IMO,04-01-2024,0
105,JIGAWA,04-01-2024,0
105,KADUNA,04-01-2024,0
105,KANO,04-01-2024,0
105,KATSINA,04-01-2024,0
105,KEBBI,04-01-2024,0
105,KOGI,04-01-2024,3
105,KWARA,04-01-2024,0
105,LAGOS,04-01-2024,0
105,NASARAWA,04-01-2024,0
105,NIGER,04-01-2024,0
105,OGUN,04-01-2024,0
105,ONDO,04-01-2024,0
105,OSUN,04-01-2024,0
105,OYO,04-01-2024,0
105,PLATEAU,04-01-2024,0
105,RIVERS,04-01-2024,0
105,SOKOTO,04-01-2024,0
105,TARABA,04-01-2024,0
105,YOBE,04-01-2024,0
105,ZAMFARA,04-01-2024,0
105,FCT,04-01-2024,0
105,FOREIGN,04-01-2024,0
256,ABIA,04-01-2024,0
256,ADAMAWA,04-01-2024,0
256,AKWA IBOM,04-01-2024,0
256,BAUCHI,04-01-2024,0
256,BAYELSA,04-01-2024,0
256,BENUE,04-01-2024,0
256,BORNO,04-01-2024,0
256,CROSS RIVER,04-01-2024,0
256,DELTA,04-01-2024,0
256,EBONYI,04-01-2024,1
256,EDO,04-01-2024,0
256,EKITI,04-01-2024,0
256,ENUGU,04-01-2024,2
256,GOMBE,04-01-2024,0
256,IMO,04-01-2024,11
256,JIGAWA,04-01-2024,0
256,KADUNA,04-01-2024,0
256,KANO,04-01-2024,0
256,KATSINA,04-01-2024,0
256,KEBBI,04-01-2024,0
256,KOGI,04-01-2024,0
256,KWARA,04-01-2024,0
256,LAGOS,04-01-2024,0
256,NASARAWA,04-01-2024,0
256,NIGER,04-01-2024,0
256,OGUN,04-01-2024,0
256,ONDO,04-01-2024,0
256,OSUN,04-01-2024,0
256,OYO,04-01-2024,0
256,PLATEAU,04-01-2024,0
256,RIVERS,04-01-2024,0
256,SOKOTO,04-01-2024,0
256,TARABA,04-01-2024,0
256,YOBE,04-01-2024,0
256,ZAMFARA,04-01-2024,0
256,FCT,04-01-2024,0
256,FOREIGN,04-01-2024,0
250,ABIA,04-01-2024,1
250,ADAMAWA,04-01-2024,0
250,AKWA IBOM,04-01-2024,1
250,BAUCHI,04-01-2024,0
250,BAYELSA,04-01-2024,0
250,BENUE,04-01-2024,0
250,BORNO,04-01-2024,0
250,CROSS RIVER,04-01-2024,0
250,DELTA,04-01-2024,0
250,EBONYI,04-01-2024,4
250,EDO,04-01-2024,0
250,EKITI,04-01-2024,0
250,ENUGU,04-01-2024,6
250,GOMBE,04-01-2024,0
250,IMO,04-01-2024,5
250,JIGAWA,04-01-2024,0
250,KADUNA,04-01-2024,0
250,KANO,04-01-2024,0
250,KATSINA,04-01-2024,0
250,KEBBI,04-01-2024,0
250,KOGI,04-01-2024,0
250,KWARA,04-01-2024,0
250,LAGOS,04-01-2024,0
250,NASARAWA,04-01-2024,0
250,NIGER,04-01-2024,0
250,OGUN,04-01-2024,0
250,ONDO,04-01-2024,0
250,OSUN,04-01-2024,0
250,OYO,04-01-2024,0
250,PLATEAU,04-01-2024,0
250,RIVERS,04-01-2024,0
250,SOKOTO,04-01-2024,0
250,TARABA,04-01-2024,0
250,YOBE,04-01-2024,0
250,ZAMFARA,04-01-2024,0
250,FCT,04-01-2024,0
250,FOREIGN,04-01-2024,0
253,ABIA,04-01-2024,0
253,ADAMAWA,04-01-2024,0
253,AKWA IBOM,04-01-2024,0
253,BAUCHI,04-01-2024,0
253,BAYELSA,04-01-2024,0
253,BENUE,04-01-2024,0
253,BORNO,04-01-2024,0
253,CROSS RIVER,04-01-2024,0
253,DELTA,04-01-2024,0
253,EBONYI,04-01-2024,1
253,EDO,04-01-2024,0
253,EKITI,04-01-2024,0
253,ENUGU,04-01-2024,26
253,GOMBE,04-01-2024,0
253,IMO,04-01-2024,1
253,JIGAWA,04-01-2024,0
253,KADUNA,04-01-2024,0
253,KANO,04-01-2024,0
253,KATSINA,04-01-2024,0
253,KEBBI,04-01-2024,0
253,KOGI,04-01-2024,6
253,KWARA,04-01-2024,0
253,LAGOS,04-01-2024,0
253,NASARAWA,04-01-2024,0
253,NIGER,04-01-2024,0
253,OGUN,04-01-2024,0
253,ONDO,04-01-2024,0
253,OSUN,04-01-2024,0
253,OYO,04-01-2024,0
253,PLATEAU,04-01-2024,0
253,RIVERS,04-01-2024,0
253,SOKOTO,04-01-2024,0
253,TARABA,04-01-2024,0
253,YOBE,04-01-2024,0
253,ZAMFARA,04-01-2024,0
253,FCT,04-01-2024,0
253,FOREIGN,04-01-2024,0
252,ABIA,04-01-2024,0
252,ADAMAWA,04-01-2024,0
252,AKWA IBOM,04-01-2024,0
252,BAUCHI,04-01-2024,0
252,BAYELSA,04-01-2024,0
252,BENUE,04-01-2024,0
252,BORNO,04-01-2024,0
252,CROSS RIVER,04-01-2024,0
252,DELTA,04-01-2024,0
252,EBONYI,04-01-2024,0
252,EDO,04-01-2024,0
252,EKITI,04-01-2024,0
252,ENUGU,04-01-2024,6
252,GOMBE,04-01-2024,0
252,IMO,04-01-2024,1
252,JIGAWA,04-01-2024,0
252,KADUNA,04-01-2024,0
252,KANO,04-01-2024,0
252,KATSINA,04-01-2024,0
252,KEBBI,04-01-2024,0
252,KOGI,04-01-2024,0
252,KWARA,04-01-2024,0
252,LAGOS,04-01-2024,0
252,NASARAWA,04-01-2024,0
252,NIGER,04-01-2024,0
252,OGUN,04-01-2024,0
252,ONDO,04-01-2024,0
252,OSUN,04-01-2024,0
252,OYO,04-01-2024,0
252,PLATEAU,04-01-2024,0
252,RIVERS,04-01-2024,0
252,SOKOTO,04-01-2024,0
252,TARABA,04-01-2024,0
252,YOBE,04-01-2024,0
252,ZAMFARA,04-01-2024,0
252,FCT,04-01-2024,0
252,FOREIGN,04-01-2024,0
251,ABIA,04-01-2024,0
251,ADAMAWA,04-01-2024,0
251,AKWA IBOM,04-01-2024,0
251,BAUCHI,04-01-2024,0
251,BAYELSA,04-01-2024,0
251,BENUE,04-01-2024,0
251,BORNO,04-01-2024,0
251,CROSS RIVER,04-01-2024,0
251,DELTA,04-01-2024,0
251,EBONYI,04-01-2024,0
251,EDO,04-01-2024,0
251,EKITI,04-01-2024,0
251,ENUGU,04-01-2024,0
251,GOMBE,04-01-2024,0
251,IMO,04-01-2024,0
251,JIGAWA,04-01-2024,0
251,KADUNA,04-01-2024,0
251,KANO,04-01-2024,0
251,KATSINA,04-01-2024,0
251,KEBBI,04-01-2024,0
251,KOGI,04-01-2024,0
251,KWARA,04-01-2024,0
251,LAGOS,04-01-2024,0
251,NASARAWA,04-01-2024,0
251,NIGER,04-01-2024,0
251,OGUN,04-01-2024,0
251,ONDO,04-01-2024,0
251,OSUN,04-01-2024,0
251,OYO,04-01-2024,0
251,PLATEAU,04-01-2024,0
251,RIVERS,04-01-2024,0
251,SOKOTO,04-01-2024,0
251,TARABA,04-01-2024,0
251,YOBE,04-01-2024,0
251,ZAMFARA,04-01-2024,0
251,FCT,04-01-2024,0
251,FOREIGN,04-01-2024,0
255,ABIA,04-01-2024,0
255,ADAMAWA,04-01-2024,0
255,AKWA IBOM,04-01-2024,0
255,BAUCHI,04-01-2024,0
255,BAYELSA,04-01-2024,0
255,BENUE,04-01-2024,0
255,BORNO,04-01-2024,0
255,CROSS RIVER,04-01-2024,0
255,DELTA,04-01-2024,0
255,EBONYI,04-01-2024,0
255,EDO,04-01-2024,0
255,EKITI,04-01-2024,0
255,ENUGU,04-01-2024,0
255,GOMBE,04-01-2024,0
255,IMO,04-01-2024,0
255,JIGAWA,04-01-2024,0
255,KADUNA,04-01-2024,0
255,KANO,04-01-2024,0
255,KATSINA,04-01-2024,0
255,KEBBI,04-01-2024,0
255,KOGI,04-01-2024,0
255,KWARA,04-01-2024,0
255,LAGOS,04-01-2024,0
255,NASARAWA,04-01-2024,0
255,NIGER,04-01-2024,0
255,OGUN,04-01-2024,0
255,ONDO,04-01-2024,0
255,OSUN,04-01-2024,0
255,OYO,04-01-2024,0
255,PLATEAU,04-01-2024,0
255,RIVERS,04-01-2024,0
255,SOKOTO,04-01-2024,0
255,TARABA,04-01-2024,0
255,YOBE,04-01-2024,0
255,ZAMFARA,04-01-2024,0
255,FCT,04-01-2024,0
255,FOREIGN,04-01-2024,0
257,ABIA,04-01-2024,8
257,ADAMAWA,04-01-2024,4
257,AKWA IBOM,04-01-2024,2
257,BAUCHI,04-01-2024,0
257,BAYELSA,04-01-2024,0
257,BENUE,04-01-2024,1
257,BORNO,04-01-2024,0
257,CROSS RIVER,04-01-2024,0
257,DELTA,04-01-2024,3
257,EBONYI,04-01-2024,20
257,EDO,04-01-2024,0
257,EKITI,04-01-2024,0
257,ENUGU,04-01-2024,27
257,GOMBE,04-01-2024,0
257,IMO,04-01-2024,4
257,JIGAWA,04-01-2024,0
257,KADUNA,04-01-2024,0
257,KANO,04-01-2024,0
257,KATSINA,04-01-2024,0
257,KEBBI,04-01-2024,0
257,KOGI,04-01-2024,0
257,KWARA,04-01-2024,0
257,LAGOS,04-01-2024,0
257,NASARAWA,04-01-2024,0
257,NIGER,04-01-2024,0
257,OGUN,04-01-2024,0
257,ONDO,04-01-2024,0
257,OSUN,04-01-2024,0
257,OYO,04-01-2024,0
257,PLATEAU,04-01-2024,0
257,RIVERS,04-01-2024,0
257,SOKOTO,04-01-2024,0
257,TARABA,04-01-2024,0
257,YOBE,04-01-2024,0
257,ZAMFARA,04-01-2024,0
257,FCT,04-01-2024,0
257,FOREIGN,04-01-2024,0
258,ABIA,04-01-2024,0
258,ADAMAWA,04-01-2024,0
258,AKWA IBOM,04-01-2024,0
258,BAUCHI,04-01-2024,0
258,BAYELSA,04-01-2024,0
258,BENUE,04-01-2024,0
258,BORNO,04-01-2024,0
258,CROSS RIVER,04-01-2024,0
258,DELTA,04-01-2024,0
258,EBONYI,04-01-2024,0
258,EDO,04-01-2024,0
258,EKITI,04-01-2024,0
258,ENUGU,04-01-2024,3
258,GOMBE,04-01-2024,0
258,IMO,04-01-2024,0
258,JIGAWA,04-01-2024,0
258,KADUNA,04-01-2024,0
258,KANO,04-01-2024,0
258,KATSINA,04-01-2024,0
258,KEBBI,04-01-2024,0
258,KOGI,04-01-2024,0
258,KWARA,04-01-2024,0
258,LAGOS,04-01-2024,0
258,NASARAWA,04-01-2024,0
258,NIGER,04-01-2024,0
258,OGUN,04-01-2024,0
258,ONDO,04-01-2024,0
258,OSUN,04-01-2024,0
258,OYO,04-01-2024,0
258,PLATEAU,04-01-2024,0
258,RIVERS,04-01-2024,0
258,SOKOTO,04-01-2024,0
258,TARABA,04-01-2024,0
258,YOBE,04-01-2024,0
258,ZAMFARA,04-01-2024,0
258,FCT,04-01-2024,0
258,FOREIGN,04-01-2024,0
254,ABIA,04-01-2024,0
254,ADAMAWA,04-01-2024,0
254,AKWA IBOM,04-01-2024,0
254,BAUCHI,04-01-2024,0
254,BAYELSA,04-01-2024,0
254,BENUE,04-01-2024,0
254,BORNO,04-01-2024,0
254,CROSS RIVER,04-01-2024,0
254,DELTA,04-01-2024,0
254,EBONYI,04-01-2024,0
254,EDO,04-01-2024,0
254,EKITI,04-01-2024,0
254,ENUGU,04-01-2024,0
254,GOMBE,04-01-2024,0
254,IMO,04-01-2024,0
254,JIGAWA,04-01-2024,0
254,KADUNA,04-01-2024,0
254,KANO,04-01-2024,0
254,KATSINA,04-01-2024,0
254,KEBBI,04-01-2024,0
254,KOGI,04-01-2024,0
254,KWARA,04-01-2024,0
254,LAGOS,04-01-2024,0
254,NASARAWA,04-01-2024,0
254,NIGER,04-01-2024,0
254,OGUN,04-01-2024,0
254,ONDO,04-01-2024,0
254,OSUN,04-01-2024,0
254,OYO,04-01-2024,0
254,PLATEAU,04-01-2024,0
254,RIVERS,04-01-2024,0
254,SOKOTO,04-01-2024,0
254,TARABA,04-01-2024,0
254,YOBE,04-01-2024,0
254,ZAMFARA,04-01-2024,0
254,FCT,04-01-2024,0
254,FOREIGN,04-01-2024,0
