school_id,state,timestamp,population
21,ABIA,12-01-2023,10
21,ADAMAWA,12-01-2023,1
21,AKWA IBOM,12-01-2023,5
21,BAUCHI,12-01-2023,0
21,BAYELSA,12-01-2023,2
21,BENUE,12-01-2023,3
21,BORNO,12-01-2023,0
21,CROSS RIVER,12-01-2023,3
21,DELTA,12-01-2023,2
21,EBONYI,12-01-2023,55
21,EDO,12-01-2023,0
21,EKITI,12-01-2023,1
21,ENUGU,12-01-2023,80
21,GOMBE,12-01-2023,0
21,IMO,12-01-2023,18
21,JIGAWA,12-01-2023,0
21,KADUNA,12-01-2023,0
21,KANO,12-01-2023,0
21,KATSINA,12-01-2023,0
21,KEBBI,12-01-2023,0
21,KOGI,12-01-2023,0
21,KWARA,12-01-2023,0
21,LAGOS,12-01-2023,0
21,NASARAWA,12-01-2023,2
21,NIGER,12-01-2023,1
21,OGUN,12-01-2023,0
21,ONDO,12-01-2023,1
21,OSUN,12-01-2023,0
21,OYO,12-01-2023,0
21,PLATEAU,12-01-2023,1
21,RIVERS,12-01-2023,0
21,SOKOTO,12-01-2023,0
21,TARABA,12-01-2023,0
21,YOBE,12-01-2023,0
21,ZAMFARA,12-01-2023,0
21,FCT,12-01-2023,0
21,FOREIGN,12-01-2023,2
14,ABIA,12-01-2023,21
14,ADAMAWA,12-01-2023,0
14,AKWA IBOM,12-01-2023,3
14,BAUCHI,12-01-2023,0
14,BAYELSA,12-01-2023,0
14,BENUE,12-01-2023,1
14,BORNO,12-01-2023,0
14,CROSS RIVER,12-01-2023,1
14,DELTA,12-01-2023,0
14,EBONYI,12-01-2023,85
14,EDO,12-01-2023,1
14,EKITI,12-01-2023,0
14,ENUGU,12-01-2023,82
14,GOMBE,12-01-2023,0
14,IMO,12-01-2023,17
14,JIGAWA,12-01-2023,0
14,KADUNA,12-01-2023,1
14,KANO,12-01-2023,0
14,KATSINA,12-01-2023,0
14,KEBBI,12-01-2023,0
14,KOGI,12-01-2023,0
14,KWARA,12-01-2023,0
14,LAGOS,12-01-2023,0
14,NASARAWA,12-01-2023,0
14,NIGER,12-01-2023,0
14,OGUN,12-01-2023,0
14,ONDO,12-01-2023,1
14,OSUN,12-01-2023,0
14,OYO,12-01-2023,0
14,PLATEAU,12-01-2023,0
14,RIVERS,12-01-2023,1
14,SOKOTO,12-01-2023,0
14,TARABA,12-01-2023,0
14,YOBE,12-01-2023,0
14,ZAMFARA,12-01-2023,0
14,FCT,12-01-2023,0
14,FOREIGN,12-01-2023,1
12,ABIA,12-01-2023,18
12,ADAMAWA,12-01-2023,3
12,AKWA IBOM,12-01-2023,3
12,BAUCHI,12-01-2023,0
12,BAYELSA,12-01-2023,0
12,BENUE,12-01-2023,11
12,BORNO,12-01-2023,0
12,CROSS RIVER,12-01-2023,3
12,DELTA,12-01-2023,1
12,EBONYI,12-01-2023,191
12,EDO,12-01-2023,0
12,EKITI,12-01-2023,0
12,ENUGU,12-01-2023,101
12,GOMBE,12-01-2023,0
12,IMO,12-01-2023,44
12,JIGAWA,12-01-2023,0
12,KADUNA,12-01-2023,0
12,KANO,12-01-2023,0
12,KATSINA,12-01-2023,0
12,KEBBI,12-01-2023,0
12,KOGI,12-01-2023,1
12,KWARA,12-01-2023,1
12,LAGOS,12-01-2023,0
12,NASARAWA,12-01-2023,0
12,NIGER,12-01-2023,0
12,OGUN,12-01-2023,1
12,ONDO,12-01-2023,0
12,OSUN,12-01-2023,0
12,OYO,12-01-2023,0
12,PLATEAU,12-01-2023,0
12,RIVERS,12-01-2023,1
12,SOKOTO,12-01-2023,0
12,TARABA,12-01-2023,0
12,YOBE,12-01-2023,0
12,ZAMFARA,12-01-2023,0
12,FCT,12-01-2023,0
12,FOREIGN,12-01-2023,0
1,ABIA,12-01-2023,3
1,ADAMAWA,12-01-2023,0
1,AKWA IBOM,12-01-2023,0
1,BAUCHI,12-01-2023,0
1,BAYELSA,12-01-2023,0
1,BENUE,12-01-2023,0
1,BORNO,12-01-2023,0
1,CROSS RIVER,12-01-2023,2
1,DELTA,12-01-2023,3
1,EBONYI,12-01-2023,10
1,EDO,12-01-2023,0
1,EKITI,12-01-2023,0
1,ENUGU,12-01-2023,10
1,GOMBE,12-01-2023,0
1,IMO,12-01-2023,2
1,JIGAWA,12-01-2023,0
1,KADUNA,12-01-2023,0
1,KANO,12-01-2023,0
1,KATSINA,12-01-2023,0
1,KEBBI,12-01-2023,0
1,KOGI,12-01-2023,1
1,KWARA,12-01-2023,0
1,LAGOS,12-01-2023,0
1,NASARAWA,12-01-2023,0
1,NIGER,12-01-2023,0
1,OGUN,12-01-2023,0
1,ONDO,12-01-2023,0
1,OSUN,12-01-2023,0
1,OYO,12-01-2023,1
1,PLATEAU,12-01-2023,0
1,RIVERS,12-01-2023,0
1,SOKOTO,12-01-2023,0
1,TARABA,12-01-2023,0
1,YOBE,12-01-2023,0
1,ZAMFARA,12-01-2023,0
1,FCT,12-01-2023,0
1,FOREIGN,12-01-2023,0
15,ABIA,12-01-2023,6
15,ADAMAWA,12-01-2023,0
15,AKWA IBOM,12-01-2023,6
15,BAUCHI,12-01-2023,0
15,BAYELSA,12-01-2023,0
15,BENUE,12-01-2023,0
15,BORNO,12-01-2023,0
15,CROSS RIVER,12-01-2023,2
15,DELTA,12-01-2023,0
15,EBONYI,12-01-2023,29
15,EDO,12-01-2023,0
15,EKITI,12-01-2023,0
15,ENUGU,12-01-2023,24
15,GOMBE,12-01-2023,0
15,IMO,12-01-2023,47
15,JIGAWA,12-01-2023,0
15,KADUNA,12-01-2023,0
15,KANO,12-01-2023,0
15,KATSINA,12-01-2023,0
15,KEBBI,12-01-2023,0
15,KOGI,12-01-2023,0
15,KWARA,12-01-2023,0
15,LAGOS,12-01-2023,0
15,NASARAWA,12-01-2023,1
15,NIGER,12-01-2023,0
15,OGUN,12-01-2023,1
15,ONDO,12-01-2023,0
15,OSUN,12-01-2023,1
15,OYO,12-01-2023,0
15,PLATEAU,12-01-2023,0
15,RIVERS,12-01-2023,0
15,SOKOTO,12-01-2023,0
15,TARABA,12-01-2023,0
15,YOBE,12-01-2023,0
15,ZAMFARA,12-01-2023,0
15,FCT,12-01-2023,0
15,FOREIGN,12-01-2023,0
19,ABIA,12-01-2023,8
19,ADAMAWA,12-01-2023,0
19,AKWA IBOM,12-01-2023,1
19,BAUCHI,12-01-2023,0
19,BAYELSA,12-01-2023,0
19,BENUE,12-01-2023,0
19,BORNO,12-01-2023,0
19,CROSS RIVER,12-01-2023,0
19,DELTA,12-01-2023,0
19,EBONYI,12-01-2023,24
19,EDO,12-01-2023,1
19,EKITI,12-01-2023,0
19,ENUGU,12-01-2023,16
19,GOMBE,12-01-2023,0
19,IMO,12-01-2023,20
19,JIGAWA,12-01-2023,0
19,KADUNA,12-01-2023,0
19,KANO,12-01-2023,0
19,KATSINA,12-01-2023,0
19,KEBBI,12-01-2023,0
19,KOGI,12-01-2023,0
19,KWARA,12-01-2023,0
19,LAGOS,12-01-2023,0
19,NASARAWA,12-01-2023,0
19,NIGER,12-01-2023,0
19,OGUN,12-01-2023,1
19,ONDO,12-01-2023,0
19,OSUN,12-01-2023,0
19,OYO,12-01-2023,0
19,PLATEAU,12-01-2023,0
19,RIVERS,12-01-2023,0
19,SOKOTO,12-01-2023,0
19,TARABA,12-01-2023,0
19,YOBE,12-01-2023,0
19,ZAMFARA,12-01-2023,0
19,FCT,12-01-2023,0
19,FOREIGN,12-01-2023,1
11,ABIA,12-01-2023,9
11,ADAMAWA,12-01-2023,0
11,AKWA IBOM,12-01-2023,0
11,BAUCHI,12-01-2023,0
11,BAYELSA,12-01-2023,0
11,BENUE,12-01-2023,1
11,BORNO,12-01-2023,0
11,CROSS RIVER,12-01-2023,1
11,DELTA,12-01-2023,0
11,EBONYI,12-01-2023,11
11,EDO,12-01-2023,0
11,EKITI,12-01-2023,0
11,ENUGU,12-01-2023,13
11,GOMBE,12-01-2023,0
11,IMO,12-01-2023,9
11,JIGAWA,12-01-2023,0
11,KADUNA,12-01-2023,0
11,KANO,12-01-2023,0
11,KATSINA,12-01-2023,0
11,KEBBI,12-01-2023,0
11,KOGI,12-01-2023,0
11,KWARA,12-01-2023,0
11,LAGOS,12-01-2023,0
11,NASARAWA,12-01-2023,0
11,NIGER,12-01-2023,0
11,OGUN,12-01-2023,0
11,ONDO,12-01-2023,0
11,OSUN,12-01-2023,0
11,OYO,12-01-2023,8
11,PLATEAU,12-01-2023,0
11,RIVERS,12-01-2023,0
11,SOKOTO,12-01-2023,0
11,TARABA,12-01-2023,0
11,YOBE,12-01-2023,0
11,ZAMFARA,12-01-2023,0
11,FCT,12-01-2023,0
11,FOREIGN,12-01-2023,0
17,ABIA,12-01-2023,2
17,ADAMAWA,12-01-2023,0
17,AKWA IBOM,12-01-2023,1
17,BAUCHI,12-01-2023,0
17,BAYELSA,12-01-2023,0
17,BENUE,12-01-2023,0
17,BORNO,12-01-2023,0
17,CROSS RIVER,12-01-2023,0
17,DELTA,12-01-2023,0
17,EBONYI,12-01-2023,12
17,EDO,12-01-2023,0
17,EKITI,12-01-2023,0
17,ENUGU,12-01-2023,12
17,GOMBE,12-01-2023,0
17,IMO,12-01-2023,6
17,JIGAWA,12-01-2023,0
17,KADUNA,12-01-2023,0
17,KANO,12-01-2023,0
17,KATSINA,12-01-2023,0
17,KEBBI,12-01-2023,0
17,KOGI,12-01-2023,0
17,KWARA,12-01-2023,0
17,LAGOS,12-01-2023,0
17,NASARAWA,12-01-2023,0
17,NIGER,12-01-2023,0
17,OGUN,12-01-2023,0
17,ONDO,12-01-2023,0
17,OSUN,12-01-2023,1
17,OYO,12-01-2023,0
17,PLATEAU,12-01-2023,0
17,RIVERS,12-01-2023,0
17,SOKOTO,12-01-2023,0
17,TARABA,12-01-2023,0
17,YOBE,12-01-2023,0
17,ZAMFARA,12-01-2023,0
17,FCT,12-01-2023,0
17,FOREIGN,12-01-2023,0
8,ABIA,12-01-2023,3
8,ADAMAWA,12-01-2023,0
8,AKWA IBOM,12-01-2023,0
8,BAUCHI,12-01-2023,0
8,BAYELSA,12-01-2023,0
8,BENUE,12-01-2023,0
8,BORNO,12-01-2023,0
8,CROSS RIVER,12-01-2023,0
8,DELTA,12-01-2023,1
8,EBONYI,12-01-2023,11
8,EDO,12-01-2023,0
8,EKITI,12-01-2023,0
8,ENUGU,12-01-2023,7
8,GOMBE,12-01-2023,0
8,IMO,12-01-2023,12
8,JIGAWA,12-01-2023,0
8,KADUNA,12-01-2023,0
8,KANO,12-01-2023,0
8,KATSINA,12-01-2023,0
8,KEBBI,12-01-2023,0
8,KOGI,12-01-2023,0
8,KWARA,12-01-2023,0
8,LAGOS,12-01-2023,0
8,NASARAWA,12-01-2023,0
8,NIGER,12-01-2023,0
8,OGUN,12-01-2023,1
8,ONDO,12-01-2023,0
8,OSUN,12-01-2023,0
8,OYO,12-01-2023,0
8,PLATEAU,12-01-2023,0
8,RIVERS,12-01-2023,0
8,SOKOTO,12-01-2023,0
8,TARABA,12-01-2023,0
8,YOBE,12-01-2023,0
8,ZAMFARA,12-01-2023,0
8,FCT,12-01-2023,0
8,FOREIGN,12-01-2023,2
20,ABIA,12-01-2023,2
20,ADAMAWA,12-01-2023,0
20,AKWA IBOM,12-01-2023,0
20,BAUCHI,12-01-2023,0
20,BAYELSA,12-01-2023,0
20,BENUE,12-01-2023,0
20,BORNO,12-01-2023,0
20,CROSS RIVER,12-01-2023,1
20,DELTA,12-01-2023,0
20,EBONYI,12-01-2023,5
20,EDO,12-01-2023,0
20,EKITI,12-01-2023,0
20,ENUGU,12-01-2023,3
20,GOMBE,12-01-2023,0
20,IMO,12-01-2023,4
20,JIGAWA,12-01-2023,0
20,KADUNA,12-01-2023,0
20,KANO,12-01-2023,0
20,KATSINA,12-01-2023,0
20,KEBBI,12-01-2023,0
20,KOGI,12-01-2023,0
20,KWARA,12-01-2023,0
20,LAGOS,12-01-2023,0
20,NASARAWA,12-01-2023,0
20,NIGER,12-01-2023,0
20,OGUN,12-01-2023,0
20,ONDO,12-01-2023,0
20,OSUN,12-01-2023,0
20,OYO,12-01-2023,0
20,PLATEAU,12-01-2023,1
20,RIVERS,12-01-2023,0
20,SOKOTO,12-01-2023,0
20,TARABA,12-01-2023,0
20,YOBE,12-01-2023,0
20,ZAMFARA,12-01-2023,0
20,FCT,12-01-2023,0
20,FOREIGN,12-01-2023,0
16,ABIA,12-01-2023,6
16,ADAMAWA,12-01-2023,0
16,AKWA IBOM,12-01-2023,6
16,BAUCHI,12-01-2023,0
16,BAYELSA,12-01-2023,0
16,BENUE,12-01-2023,0
16,BORNO,12-01-2023,0
16,CROSS RIVER,12-01-2023,0
16,DELTA,12-01-2023,1
16,EBONYI,12-01-2023,22
16,EDO,12-01-2023,1
16,EKITI,12-01-2023,0
16,ENUGU,12-01-2023,42
16,GOMBE,12-01-2023,0
16,IMO,12-01-2023,79
16,JIGAWA,12-01-2023,0
16,KADUNA,12-01-2023,0
16,KANO,12-01-2023,0
16,KATSINA,12-01-2023,0
16,KEBBI,12-01-2023,0
16,KOGI,12-01-2023,0
16,KWARA,12-01-2023,0
16,LAGOS,12-01-2023,0
16,NASARAWA,12-01-2023,1
16,NIGER,12-01-2023,0
16,OGUN,12-01-2023,1
16,ONDO,12-01-2023,1
16,OSUN,12-01-2023,0
16,OYO,12-01-2023,0
16,PLATEAU,12-01-2023,0
16,RIVERS,12-01-2023,0
16,SOKOTO,12-01-2023,0
16,TARABA,12-01-2023,0
16,YOBE,12-01-2023,0
16,ZAMFARA,12-01-2023,0
16,FCT,12-01-2023,0
16,FOREIGN,12-01-2023,0
18,ABIA,12-01-2023,4
18,ADAMAWA,12-01-2023,0
18,AKWA IBOM,12-01-2023,0
18,BAUCHI,12-01-2023,0
18,BAYELSA,12-01-2023,0
18,BENUE,12-01-2023,1
18,BORNO,12-01-2023,0
18,CROSS RIVER,12-01-2023,1
18,DELTA,12-01-2023,0
18,EBONYI,12-01-2023,15
18,EDO,12-01-2023,0
18,EKITI,12-01-2023,1
18,ENUGU,12-01-2023,32
18,GOMBE,12-01-2023,0
18,IMO,12-01-2023,25
18,JIGAWA,12-01-2023,0
18,KADUNA,12-01-2023,0
18,KANO,12-01-2023,0
18,KATSINA,12-01-2023,0
18,KEBBI,12-01-2023,0
18,KOGI,12-01-2023,0
18,KWARA,12-01-2023,0
18,LAGOS,12-01-2023,0
18,NASARAWA,12-01-2023,0
18,NIGER,12-01-2023,0
18,OGUN,12-01-2023,0
18,ONDO,12-01-2023,0
18,OSUN,12-01-2023,0
18,OYO,12-01-2023,0
18,PLATEAU,12-01-2023,1
18,RIVERS,12-01-2023,0
18,SOKOTO,12-01-2023,0
18,TARABA,12-01-2023,0
18,YOBE,12-01-2023,0
18,ZAMFARA,12-01-2023,0
18,FCT,12-01-2023,0
18,FOREIGN,12-01-2023,0
9,ABIA,12-01-2023,2
9,ADAMAWA,12-01-2023,0
9,AKWA IBOM,12-01-2023,3
9,BAUCHI,12-01-2023,0
9,BAYELSA,12-01-2023,0
9,BENUE,12-01-2023,0
9,BORNO,12-01-2023,0
9,CROSS RIVER,12-01-2023,1
9,DELTA,12-01-2023,0
9,EBONYI,12-01-2023,9
9,EDO,12-01-2023,0
9,EKITI,12-01-2023,0
9,ENUGU,12-01-2023,10
9,GOMBE,12-01-2023,0
9,IMO,12-01-2023,6
9,JIGAWA,12-01-2023,0
9,KADUNA,12-01-2023,0
9,KANO,12-01-2023,0
9,KATSINA,12-01-2023,0
9,KEBBI,12-01-2023,0
9,KOGI,12-01-2023,0
9,KWARA,12-01-2023,0
9,LAGOS,12-01-2023,0
9,NASARAWA,12-01-2023,0
9,NIGER,12-01-2023,0
9,OGUN,12-01-2023,0
9,ONDO,12-01-2023,0
9,OSUN,12-01-2023,0
9,OYO,12-01-2023,0
9,PLATEAU,12-01-2023,0
9,RIVERS,12-01-2023,0
9,SOKOTO,12-01-2023,0
9,TARABA,12-01-2023,0
9,YOBE,12-01-2023,0
9,ZAMFARA,12-01-2023,0
9,FCT,12-01-2023,0
9,FOREIGN,12-01-2023,0
10,ABIA,12-01-2023,0
10,ADAMAWA,12-01-2023,0
10,AKWA IBOM,12-01-2023,0
10,BAUCHI,12-01-2023,0
10,BAYELSA,12-01-2023,0
10,BENUE,12-01-2023,0
10,BORNO,12-01-2023,0
10,CROSS RIVER,12-01-2023,0
10,DELTA,12-01-2023,1
10,EBONYI,12-01-2023,5
10,EDO,12-01-2023,0
10,EKITI,12-01-2023,0
10,ENUGU,12-01-2023,11
10,GOMBE,12-01-2023,0
10,IMO,12-01-2023,9
10,JIGAWA,12-01-2023,0
10,KADUNA,12-01-2023,0
10,KANO,12-01-2023,0
10,KATSINA,12-01-2023,0
10,KEBBI,12-01-2023,0
10,KOGI,12-01-2023,0
10,KWARA,12-01-2023,0
10,LAGOS,12-01-2023,0
10,NASARAWA,12-01-2023,0
10,NIGER,12-01-2023,0
10,OGUN,12-01-2023,0
10,ONDO,12-01-2023,0
10,OSUN,12-01-2023,0
10,OYO,12-01-2023,0
10,PLATEAU,12-01-2023,0
10,RIVERS,12-01-2023,0
10,SOKOTO,12-01-2023,0
10,TARABA,12-01-2023,0
10,YOBE,12-01-2023,0
10,ZAMFARA,12-01-2023,0
10,FCT,12-01-2023,0
10,FOREIGN,12-01-2023,0
7,ABIA,12-01-2023,2
7,ADAMAWA,12-01-2023,0
7,AKWA IBOM,12-01-2023,0
7,BAUCHI,12-01-2023,0
7,BAYELSA,12-01-2023,0
7,BENUE,12-01-2023,0
7,BORNO,12-01-2023,0
7,CROSS RIVER,12-01-2023,0
7,DELTA,12-01-2023,0
7,EBONYI,12-01-2023,19
7,EDO,12-01-2023,0
7,EKITI,12-01-2023,0
7,ENUGU,12-01-2023,16
7,GOMBE,12-01-2023,0
7,IMO,12-01-2023,6
7,JIGAWA,12-01-2023,0
7,KADUNA,12-01-2023,0
7,KANO,12-01-2023,0
7,KATSINA,12-01-2023,0
7,KEBBI,12-01-2023,0
7,KOGI,12-01-2023,0
7,KWARA,12-01-2023,0
7,LAGOS,12-01-2023,0
7,NASARAWA,12-01-2023,0
7,NIGER,12-01-2023,0
7,OGUN,12-01-2023,0
7,ONDO,12-01-2023,0
7,OSUN,12-01-2023,0
7,OYO,12-01-2023,0
7,PLATEAU,12-01-2023,1
7,RIVERS,12-01-2023,0
7,SOKOTO,12-01-2023,0
7,TARABA,12-01-2023,0
7,YOBE,12-01-2023,0
7,ZAMFARA,12-01-2023,0
7,FCT,12-01-2023,0
7,FOREIGN,12-01-2023,0
5,ABIA,12-01-2023,4
5,ADAMAWA,12-01-2023,0
5,AKWA IBOM,12-01-2023,1
5,BAUCHI,12-01-2023,0
5,BAYELSA,12-01-2023,0
5,BENUE,12-01-2023,0
5,BORNO,12-01-2023,0
5,CROSS RIVER,12-01-2023,0
5,DELTA,12-01-2023,0
5,EBONYI,12-01-2023,24
5,EDO,12-01-2023,0
5,EKITI,12-01-2023,0
5,ENUGU,12-01-2023,12
5,GOMBE,12-01-2023,0
5,IMO,12-01-2023,6
5,JIGAWA,12-01-2023,0
5,KADUNA,12-01-2023,1
5,KANO,12-01-2023,0
5,KATSINA,12-01-2023,0
5,KEBBI,12-01-2023,0
5,KOGI,12-01-2023,0
5,KWARA,12-01-2023,0
5,LAGOS,12-01-2023,0
5,NASARAWA,12-01-2023,0
5,NIGER,12-01-2023,0
5,OGUN,12-01-2023,0
5,ONDO,12-01-2023,0
5,OSUN,12-01-2023,0
5,OYO,12-01-2023,0
5,PLATEAU,12-01-2023,0
5,RIVERS,12-01-2023,0
5,SOKOTO,12-01-2023,0
5,TARABA,12-01-2023,0
5,YOBE,12-01-2023,0
5,ZAMFARA,12-01-2023,0
5,FCT,12-01-2023,0
5,FOREIGN,12-01-2023,0
6,ABIA,12-01-2023,0
6,ADAMAWA,12-01-2023,0
6,AKWA IBOM,12-01-2023,0
6,BAUCHI,12-01-2023,0
6,BAYELSA,12-01-2023,0
6,BENUE,12-01-2023,1
6,BORNO,12-01-2023,0
6,CROSS RIVER,12-01-2023,0
6,DELTA,12-01-2023,0
6,EBONYI,12-01-2023,2
6,EDO,12-01-2023,0
6,EKITI,12-01-2023,0
6,ENUGU,12-01-2023,9
6,GOMBE,12-01-2023,0
6,IMO,12-01-2023,2
6,JIGAWA,12-01-2023,0
6,KADUNA,12-01-2023,0
6,KANO,12-01-2023,0
6,KATSINA,12-01-2023,0
6,KEBBI,12-01-2023,0
6,KOGI,12-01-2023,0
6,KWARA,12-01-2023,0
6,LAGOS,12-01-2023,0
6,NASARAWA,12-01-2023,0
6,NIGER,12-01-2023,0
6,OGUN,12-01-2023,0
6,ONDO,12-01-2023,0
6,OSUN,12-01-2023,0
6,OYO,12-01-2023,0
6,PLATEAU,12-01-2023,1
6,RIVERS,12-01-2023,0
6,SOKOTO,12-01-2023,0
6,TARABA,12-01-2023,0
6,YOBE,12-01-2023,0
6,ZAMFARA,12-01-2023,0
6,FCT,12-01-2023,0
6,FOREIGN,12-01-2023,0
2,ABIA,12-01-2023,0
2,ADAMAWA,12-01-2023,1
2,AKWA IBOM,12-01-2023,6
2,BAUCHI,12-01-2023,0
2,BAYELSA,12-01-2023,0
2,BENUE,12-01-2023,3
2,BORNO,12-01-2023,0
2,CROSS RIVER,12-01-2023,0
2,DELTA,12-01-2023,0
2,EBONYI,12-01-2023,21
2,EDO,12-01-2023,0
2,EKITI,12-01-2023,0
2,ENUGU,12-01-2023,2
2,GOMBE,12-01-2023,0
2,IMO,12-01-2023,30
2,JIGAWA,12-01-2023,0
2,KADUNA,12-01-2023,0
2,KANO,12-01-2023,0
2,KATSINA,12-01-2023,0
2,KEBBI,12-01-2023,0
2,KOGI,12-01-2023,0
2,KWARA,12-01-2023,0
2,LAGOS,12-01-2023,0
2,NASARAWA,12-01-2023,0
2,NIGER,12-01-2023,0
2,OGUN,12-01-2023,0
2,ONDO,12-01-2023,0
2,OSUN,12-01-2023,0
2,OYO,12-01-2023,0
2,PLATEAU,12-01-2023,0
2,RIVERS,12-01-2023,0
2,SOKOTO,12-01-2023,0
2,TARABA,12-01-2023,0
2,YOBE,12-01-2023,0
2,ZAMFARA,12-01-2023,0
2,FCT,12-01-2023,0
2,FOREIGN,12-01-2023,0
4,ABIA,12-01-2023,6
4,ADAMAWA,12-01-2023,0
4,AKWA IBOM,12-01-2023,0
4,BAUCHI,12-01-2023,0
4,BAYELSA,12-01-2023,1
4,BENUE,12-01-2023,1
4,BORNO,12-01-2023,0
4,CROSS RIVER,12-01-2023,0
4,DELTA,12-01-2023,3
4,EBONYI,12-01-2023,34
4,EDO,12-01-2023,0
4,EKITI,12-01-2023,0
4,ENUGU,12-01-2023,34
4,GOMBE,12-01-2023,0
4,IMO,12-01-2023,14
4,JIGAWA,12-01-2023,0
4,KADUNA,12-01-2023,0
4,KANO,12-01-2023,0
4,KATSINA,12-01-2023,0
4,KEBBI,12-01-2023,0
4,KOGI,12-01-2023,1
4,KWARA,12-01-2023,0
4,LAGOS,12-01-2023,0
4,NASARAWA,12-01-2023,0
4,NIGER,12-01-2023,0
4,OGUN,12-01-2023,0
4,ONDO,12-01-2023,0
4,OSUN,12-01-2023,0
4,OYO,12-01-2023,0
4,PLATEAU,12-01-2023,2
4,RIVERS,12-01-2023,0
4,SOKOTO,12-01-2023,0
4,TARABA,12-01-2023,0
4,YOBE,12-01-2023,0
4,ZAMFARA,12-01-2023,0
4,FCT,12-01-2023,0
4,FOREIGN,12-01-2023,0
3,ABIA,12-01-2023,0
3,ADAMAWA,12-01-2023,0
3,AKWA IBOM,12-01-2023,0
3,BAUCHI,12-01-2023,0
3,BAYELSA,12-01-2023,0
3,BENUE,12-01-2023,0
3,BORNO,12-01-2023,0
3,CROSS RIVER,12-01-2023,1
3,DELTA,12-01-2023,0
3,EBONYI,12-01-2023,3
3,EDO,12-01-2023,0
3,EKITI,12-01-2023,0
3,ENUGU,12-01-2023,3
3,GOMBE,12-01-2023,0
3,IMO,12-01-2023,2
3,JIGAWA,12-01-2023,0
3,KADUNA,12-01-2023,0
3,KANO,12-01-2023,0
3,KATSINA,12-01-2023,0
3,KEBBI,12-01-2023,0
3,KOGI,12-01-2023,0
3,KWARA,12-01-2023,0
3,LAGOS,12-01-2023,0
3,NASARAWA,12-01-2023,0
3,NIGER,12-01-2023,0
3,OGUN,12-01-2023,0
3,ONDO,12-01-2023,0
3,OSUN,12-01-2023,0
3,OYO,12-01-2023,0
3,PLATEAU,12-01-2023,0
3,RIVERS,12-01-2023,0
3,SOKOTO,12-01-2023,0
3,TARABA,12-01-2023,0
3,YOBE,12-01-2023,0
3,ZAMFARA,12-01-2023,0
3,FCT,12-01-2023,0
3,FOREIGN,12-01-2023,0
13,ABIA,12-01-2023,0
13,ADAMAWA,12-01-2023,0
13,AKWA IBOM,12-01-2023,0
13,BAUCHI,12-01-2023,0
13,BAYELSA,12-01-2023,0
13,BENUE,12-01-2023,0
13,BORNO,12-01-2023,0
13,CROSS RIVER,12-01-2023,0
13,DELTA,12-01-2023,0
13,EBONYI,12-01-2023,12
13,EDO,12-01-2023,0
13,EKITI,12-01-2023,0
13,ENUGU,12-01-2023,3
13,GOMBE,12-01-2023,0
13,IMO,12-01-2023,6
13,JIGAWA,12-01-2023,0
13,KADUNA,12-01-2023,0
13,KANO,12-01-2023,0
13,KATSINA,12-01-2023,0
13,KEBBI,12-01-2023,0
13,KOGI,12-01-2023,0
13,KWARA,12-01-2023,0
13,LAGOS,12-01-2023,0
13,NASARAWA,12-01-2023,0
13,NIGER,12-01-2023,0
13,OGUN,12-01-2023,0
13,ONDO,12-01-2023,0
13,OSUN,12-01-2023,0
13,OYO,12-01-2023,0
13,PLATEAU,12-01-2023,0
13,RIVERS,12-01-2023,0
13,SOKOTO,12-01-2023,0
13,TARABA,12-01-2023,0
13,YOBE,12-01-2023,0
13,ZAMFARA,12-01-2023,0
13,FCT,12-01-2023,0
13,FOREIGN,12-01-2023,0
920,ABIA,12-01-2023,5
920,ADAMAWA,12-01-2023,0
920,AKWA IBOM,12-01-2023,1
920,BAUCHI,12-01-2023,0
920,BAYELSA,12-01-2023,0
920,BENUE,12-01-2023,4
920,BORNO,12-01-2023,0
920,CROSS RIVER,12-01-2023,3
920,DELTA,12-01-2023,0
920,EBONYI,12-01-2023,28
920,EDO,12-01-2023,0
920,EKITI,12-01-2023,0
920,ENUGU,12-01-2023,30
920,GOMBE,12-01-2023,0
920,IMO,12-01-2023,8
920,JIGAWA,12-01-2023,0
920,KADUNA,12-01-2023,0
920,KANO,12-01-2023,0
920,KATSINA,12-01-2023,0
920,KEBBI,12-01-2023,0
920,KOGI,12-01-2023,0
920,KWARA,12-01-2023,0
920,LAGOS,12-01-2023,0
920,NASARAWA,12-01-2023,0
920,NIGER,12-01-2023,0
920,OGUN,12-01-2023,0
920,ONDO,12-01-2023,0
920,OSUN,12-01-2023,0
920,OYO,12-01-2023,0
920,PLATEAU,12-01-2023,0
920,RIVERS,12-01-2023,0
920,SOKOTO,12-01-2023,0
920,TARABA,12-01-2023,0
920,YOBE,12-01-2023,0
920,ZAMFARA,12-01-2023,0
920,FCT,12-01-2023,0
920,FOREIGN,12-01-2023,0
924,ABIA,12-01-2023,7
924,ADAMAWA,12-01-2023,0
924,AKWA IBOM,12-01-2023,3
924,BAUCHI,12-01-2023,0
924,BAYELSA,12-01-2023,0
924,BENUE,12-01-2023,2
924,BORNO,12-01-2023,0
924,CROSS RIVER,12-01-2023,2
924,DELTA,12-01-2023,0
924,EBONYI,12-01-2023,18
924,EDO,12-01-2023,0
924,EKITI,12-01-2023,0
924,ENUGU,12-01-2023,8
924,GOMBE,12-01-2023,0
924,IMO,12-01-2023,4
924,JIGAWA,12-01-2023,0
924,KADUNA,12-01-2023,0
924,KANO,12-01-2023,0
924,KATSINA,12-01-2023,0
924,KEBBI,12-01-2023,0
924,KOGI,12-01-2023,1
924,KWARA,12-01-2023,1
924,LAGOS,12-01-2023,0
924,NASARAWA,12-01-2023,0
924,NIGER,12-01-2023,0
924,OGUN,12-01-2023,0
924,ONDO,12-01-2023,0
924,OSUN,12-01-2023,0
924,OYO,12-01-2023,0
924,PLATEAU,12-01-2023,0
924,RIVERS,12-01-2023,0
924,SOKOTO,12-01-2023,0
924,TARABA,12-01-2023,0
924,YOBE,12-01-2023,0
924,ZAMFARA,12-01-2023,0
924,FCT,12-01-2023,0
924,FOREIGN,12-01-2023,2
926,ABIA,12-01-2023,11
926,ADAMAWA,12-01-2023,0
926,AKWA IBOM,12-01-2023,6
926,BAUCHI,12-01-2023,0
926,BAYELSA,12-01-2023,0
926,BENUE,12-01-2023,0
926,BORNO,12-01-2023,0
926,CROSS RIVER,12-01-2023,0
926,DELTA,12-01-2023,0
926,EBONYI,12-01-2023,82
926,EDO,12-01-2023,0
926,EKITI,12-01-2023,0
926,ENUGU,12-01-2023,85
926,GOMBE,12-01-2023,0
926,IMO,12-01-2023,25
926,JIGAWA,12-01-2023,0
926,KADUNA,12-01-2023,0
926,KANO,12-01-2023,0
926,KATSINA,12-01-2023,0
926,KEBBI,12-01-2023,0
926,KOGI,12-01-2023,0
926,KWARA,12-01-2023,0
926,LAGOS,12-01-2023,0
926,NASARAWA,12-01-2023,0
926,NIGER,12-01-2023,0
926,OGUN,12-01-2023,0
926,ONDO,12-01-2023,0
926,OSUN,12-01-2023,0
926,OYO,12-01-2023,2
926,PLATEAU,12-01-2023,0
926,RIVERS,12-01-2023,1
926,SOKOTO,12-01-2023,0
926,TARABA,12-01-2023,1
926,YOBE,12-01-2023,0
926,ZAMFARA,12-01-2023,0
926,FCT,12-01-2023,0
926,FOREIGN,12-01-2023,1
925,ABIA,12-01-2023,1
925,ADAMAWA,12-01-2023,0
925,AKWA IBOM,12-01-2023,0
925,BAUCHI,12-01-2023,0
925,BAYELSA,12-01-2023,0
925,BENUE,12-01-2023,0
925,BORNO,12-01-2023,0
925,CROSS RIVER,12-01-2023,0
925,DELTA,12-01-2023,0
925,EBONYI,12-01-2023,11
925,EDO,12-01-2023,0
925,EKITI,12-01-2023,0
925,ENUGU,12-01-2023,5
925,GOMBE,12-01-2023,0
925,IMO,12-01-2023,0
925,JIGAWA,12-01-2023,0
925,KADUNA,12-01-2023,0
925,KANO,12-01-2023,0
925,KATSINA,12-01-2023,0
925,KEBBI,12-01-2023,0
925,KOGI,12-01-2023,1
925,KWARA,12-01-2023,0
925,LAGOS,12-01-2023,0
925,NASARAWA,12-01-2023,0
925,NIGER,12-01-2023,0
925,OGUN,12-01-2023,0
925,ONDO,12-01-2023,0
925,OSUN,12-01-2023,0
925,OYO,12-01-2023,0
925,PLATEAU,12-01-2023,0
925,RIVERS,12-01-2023,0
925,SOKOTO,12-01-2023,0
925,TARABA,12-01-2023,0
925,YOBE,12-01-2023,0
925,ZAMFARA,12-01-2023,0
925,FCT,12-01-2023,0
925,FOREIGN,12-01-2023,0
918,ABIA,12-01-2023,8
918,ADAMAWA,12-01-2023,2
918,AKWA IBOM,12-01-2023,2
918,BAUCHI,12-01-2023,0
918,BAYELSA,12-01-2023,0
918,BENUE,12-01-2023,3
918,BORNO,12-01-2023,0
918,CROSS RIVER,12-01-2023,2
918,DELTA,12-01-2023,3
918,EBONYI,12-01-2023,38
918,EDO,12-01-2023,2
918,EKITI,12-01-2023,0
918,ENUGU,12-01-2023,32
918,GOMBE,12-01-2023,0
918,IMO,12-01-2023,6
918,JIGAWA,12-01-2023,0
918,KADUNA,12-01-2023,0
918,KANO,12-01-2023,0
918,KATSINA,12-01-2023,0
918,KEBBI,12-01-2023,0
918,KOGI,12-01-2023,0
918,KWARA,12-01-2023,0
918,LAGOS,12-01-2023,0
918,NASARAWA,12-01-2023,0
918,NIGER,12-01-2023,0
918,OGUN,12-01-2023,0
918,ONDO,12-01-2023,0
918,OSUN,12-01-2023,2
918,OYO,12-01-2023,0
918,PLATEAU,12-01-2023,1
918,RIVERS,12-01-2023,0
918,SOKOTO,12-01-2023,0
918,TARABA,12-01-2023,1
918,YOBE,12-01-2023,0
918,ZAMFARA,12-01-2023,0
918,FCT,12-01-2023,0
918,FOREIGN,12-01-2023,0
927,ABIA,12-01-2023,1
927,ADAMAWA,12-01-2023,0
927,AKWA IBOM,12-01-2023,1
927,BAUCHI,12-01-2023,0
927,BAYELSA,12-01-2023,1
927,BENUE,12-01-2023,0
927,BORNO,12-01-2023,0
927,CROSS RIVER,12-01-2023,0
927,DELTA,12-01-2023,0
927,EBONYI,12-01-2023,22
927,EDO,12-01-2023,0
927,EKITI,12-01-2023,0
927,ENUGU,12-01-2023,6
927,GOMBE,12-01-2023,0
927,IMO,12-01-2023,3
927,JIGAWA,12-01-2023,0
927,KADUNA,12-01-2023,0
927,KANO,12-01-2023,0
927,KATSINA,12-01-2023,0
927,KEBBI,12-01-2023,0
927,KOGI,12-01-2023,0
927,KWARA,12-01-2023,0
927,LAGOS,12-01-2023,0
927,NASARAWA,12-01-2023,0
927,NIGER,12-01-2023,0
927,OGUN,12-01-2023,0
927,ONDO,12-01-2023,0
927,OSUN,12-01-2023,0
927,OYO,12-01-2023,0
927,PLATEAU,12-01-2023,0
927,RIVERS,12-01-2023,1
927,SOKOTO,12-01-2023,0
927,TARABA,12-01-2023,0
927,YOBE,12-01-2023,0
927,ZAMFARA,12-01-2023,0
927,FCT,12-01-2023,0
927,FOREIGN,12-01-2023,0
923,ABIA,12-01-2023,5
923,ADAMAWA,12-01-2023,0
923,AKWA IBOM,12-01-2023,0
923,BAUCHI,12-01-2023,0
923,BAYELSA,12-01-2023,0
923,BENUE,12-01-2023,0
923,BORNO,12-01-2023,0
923,CROSS RIVER,12-01-2023,0
923,DELTA,12-01-2023,0
923,EBONYI,12-01-2023,25
923,EDO,12-01-2023,0
923,EKITI,12-01-2023,0
923,ENUGU,12-01-2023,14
923,GOMBE,12-01-2023,0
923,IMO,12-01-2023,9
923,JIGAWA,12-01-2023,0
923,KADUNA,12-01-2023,1
923,KANO,12-01-2023,0
923,KATSINA,12-01-2023,0
923,KEBBI,12-01-2023,0
923,KOGI,12-01-2023,0
923,KWARA,12-01-2023,0
923,LAGOS,12-01-2023,0
923,NASARAWA,12-01-2023,0
923,NIGER,12-01-2023,0
923,OGUN,12-01-2023,0
923,ONDO,12-01-2023,0
923,OSUN,12-01-2023,0
923,OYO,12-01-2023,0
923,PLATEAU,12-01-2023,0
923,RIVERS,12-01-2023,0
923,SOKOTO,12-01-2023,0
923,TARABA,12-01-2023,0
923,YOBE,12-01-2023,0
923,ZAMFARA,12-01-2023,0
923,FCT,12-01-2023,0
923,FOREIGN,12-01-2023,0
929,ABIA,12-01-2023,0
929,ADAMAWA,12-01-2023,0
929,AKWA IBOM,12-01-2023,0
929,BAUCHI,12-01-2023,0
929,BAYELSA,12-01-2023,0
929,BENUE,12-01-2023,0
929,BORNO,12-01-2023,0
929,CROSS RIVER,12-01-2023,0
929,DELTA,12-01-2023,0
929,EBONYI,12-01-2023,2
929,EDO,12-01-2023,0
929,EKITI,12-01-2023,0
929,ENUGU,12-01-2023,1
929,GOMBE,12-01-2023,0
929,IMO,12-01-2023,0
929,JIGAWA,12-01-2023,0
929,KADUNA,12-01-2023,0
929,KANO,12-01-2023,0
929,KATSINA,12-01-2023,0
929,KEBBI,12-01-2023,0
929,KOGI,12-01-2023,0
929,KWARA,12-01-2023,0
929,LAGOS,12-01-2023,0
929,NASARAWA,12-01-2023,0
929,NIGER,12-01-2023,0
929,OGUN,12-01-2023,0
929,ONDO,12-01-2023,0
929,OSUN,12-01-2023,0
929,OYO,12-01-2023,0
929,PLATEAU,12-01-2023,0
929,RIVERS,12-01-2023,0
929,SOKOTO,12-01-2023,0
929,TARABA,12-01-2023,0
929,YOBE,12-01-2023,0
929,ZAMFARA,12-01-2023,0
929,FCT,12-01-2023,0
929,FOREIGN,12-01-2023,0
921,ABIA,12-01-2023,2
921,ADAMAWA,12-01-2023,0
921,AKWA IBOM,12-01-2023,4
921,BAUCHI,12-01-2023,0
921,BAYELSA,12-01-2023,0
921,BENUE,12-01-2023,4
921,BORNO,12-01-2023,0
921,CROSS RIVER,12-01-2023,0
921,DELTA,12-01-2023,0
921,EBONYI,12-01-2023,4
921,EDO,12-01-2023,0
921,EKITI,12-01-2023,0
921,ENUGU,12-01-2023,6
921,GOMBE,12-01-2023,0
921,IMO,12-01-2023,2
921,JIGAWA,12-01-2023,0
921,KADUNA,12-01-2023,0
921,KANO,12-01-2023,0
921,KATSINA,12-01-2023,0
921,KEBBI,12-01-2023,0
921,KOGI,12-01-2023,0
921,KWARA,12-01-2023,0
921,LAGOS,12-01-2023,0
921,NASARAWA,12-01-2023,0
921,NIGER,12-01-2023,0
921,OGUN,12-01-2023,0
921,ONDO,12-01-2023,0
921,OSUN,12-01-2023,0
921,OYO,12-01-2023,0
921,PLATEAU,12-01-2023,0
921,RIVERS,12-01-2023,0
921,SOKOTO,12-01-2023,0
921,TARABA,12-01-2023,0
921,YOBE,12-01-2023,0
921,ZAMFARA,12-01-2023,0
921,FCT,12-01-2023,0
921,FOREIGN,12-01-2023,0
916,ABIA,12-01-2023,0
916,ADAMAWA,12-01-2023,0
916,AKWA IBOM,12-01-2023,0
916,BAUCHI,12-01-2023,0
916,BAYELSA,12-01-2023,0
916,BENUE,12-01-2023,0
916,BORNO,12-01-2023,0
916,CROSS RIVER,12-01-2023,0
916,DELTA,12-01-2023,0
916,EBONYI,12-01-2023,2
916,EDO,12-01-2023,0
916,EKITI,12-01-2023,0
916,ENUGU,12-01-2023,7
916,GOMBE,12-01-2023,0
916,IMO,12-01-2023,0
916,JIGAWA,12-01-2023,0
916,KADUNA,12-01-2023,0
916,KANO,12-01-2023,0
916,KATSINA,12-01-2023,0
916,KEBBI,12-01-2023,0
916,KOGI,12-01-2023,0
916,KWARA,12-01-2023,0
916,LAGOS,12-01-2023,0
916,NASARAWA,12-01-2023,0
916,NIGER,12-01-2023,0
916,OGUN,12-01-2023,0
916,ONDO,12-01-2023,0
916,OSUN,12-01-2023,0
916,OYO,12-01-2023,0
916,PLATEAU,12-01-2023,0
916,RIVERS,12-01-2023,0
916,SOKOTO,12-01-2023,0
916,TARABA,12-01-2023,0
916,YOBE,12-01-2023,0
916,ZAMFARA,12-01-2023,0
916,FCT,12-01-2023,0
916,FOREIGN,12-01-2023,0
919,ABIA,12-01-2023,4
919,ADAMAWA,12-01-2023,1
919,AKWA IBOM,12-01-2023,0
919,BAUCHI,12-01-2023,0
919,BAYELSA,12-01-2023,0
919,BENUE,12-01-2023,0
919,BORNO,12-01-2023,0
919,CROSS RIVER,12-01-2023,2
919,DELTA,12-01-2023,1
919,EBONYI,12-01-2023,23
919,EDO,12-01-2023,0
919,EKITI,12-01-2023,0
919,ENUGU,12-01-2023,19
919,GOMBE,12-01-2023,0
919,IMO,12-01-2023,10
919,JIGAWA,12-01-2023,0
919,KADUNA,12-01-2023,2
919,KANO,12-01-2023,0
919,KATSINA,12-01-2023,0
919,KEBBI,12-01-2023,0
919,KOGI,12-01-2023,1
919,KWARA,12-01-2023,0
919,LAGOS,12-01-2023,0
919,NASARAWA,12-01-2023,0
919,NIGER,12-01-2023,0
919,OGUN,12-01-2023,0
919,ONDO,12-01-2023,0
919,OSUN,12-01-2023,0
919,OYO,12-01-2023,0
919,PLATEAU,12-01-2023,0
919,RIVERS,12-01-2023,0
919,SOKOTO,12-01-2023,0
919,TARABA,12-01-2023,0
919,YOBE,12-01-2023,0
919,ZAMFARA,12-01-2023,0
919,FCT,12-01-2023,0
919,FOREIGN,12-01-2023,2
928,ABIA,12-01-2023,0
928,ADAMAWA,12-01-2023,0
928,AKWA IBOM,12-01-2023,0
928,BAUCHI,12-01-2023,0
928,BAYELSA,12-01-2023,0
928,BENUE,12-01-2023,0
928,BORNO,12-01-2023,0
928,CROSS RIVER,12-01-2023,0
928,DELTA,12-01-2023,0
928,EBONYI,12-01-2023,38
928,EDO,12-01-2023,0
928,EKITI,12-01-2023,0
928,ENUGU,12-01-2023,10
928,GOMBE,12-01-2023,0
928,IMO,12-01-2023,7
928,JIGAWA,12-01-2023,0
928,KADUNA,12-01-2023,1
928,KANO,12-01-2023,0
928,KATSINA,12-01-2023,0
928,KEBBI,12-01-2023,0
928,KOGI,12-01-2023,0
928,KWARA,12-01-2023,0
928,LAGOS,12-01-2023,0
928,NASARAWA,12-01-2023,0
928,NIGER,12-01-2023,0
928,OGUN,12-01-2023,0
928,ONDO,12-01-2023,0
928,OSUN,12-01-2023,0
928,OYO,12-01-2023,0
928,PLATEAU,12-01-2023,0
928,RIVERS,12-01-2023,0
928,SOKOTO,12-01-2023,0
928,TARABA,12-01-2023,0
928,YOBE,12-01-2023,0
928,ZAMFARA,12-01-2023,0
928,FCT,12-01-2023,0
928,FOREIGN,12-01-2023,0
922,ABIA,12-01-2023,1
922,ADAMAWA,12-01-2023,0
922,AKWA IBOM,12-01-2023,0
922,BAUCHI,12-01-2023,0
922,BAYELSA,12-01-2023,0
922,BENUE,12-01-2023,0
922,BORNO,12-01-2023,0
922,CROSS RIVER,12-01-2023,0
922,DELTA,12-01-2023,0
922,EBONYI,12-01-2023,38
922,EDO,12-01-2023,0
922,EKITI,12-01-2023,0
922,ENUGU,12-01-2023,7
922,GOMBE,12-01-2023,0
922,IMO,12-01-2023,0
922,JIGAWA,12-01-2023,0
922,KADUNA,12-01-2023,0
922,KANO,12-01-2023,0
922,KATSINA,12-01-2023,0
922,KEBBI,12-01-2023,0
922,KOGI,12-01-2023,0
922,KWARA,12-01-2023,0
922,LAGOS,12-01-2023,0
922,NASARAWA,12-01-2023,0
922,NIGER,12-01-2023,0
922,OGUN,12-01-2023,0
922,ONDO,12-01-2023,0
922,OSUN,12-01-2023,0
922,OYO,12-01-2023,0
922,PLATEAU,12-01-2023,0
922,RIVERS,12-01-2023,0
922,SOKOTO,12-01-2023,0
922,TARABA,12-01-2023,0
922,YOBE,12-01-2023,0
922,ZAMFARA,12-01-2023,0
922,FCT,12-01-2023,0
922,FOREIGN,12-01-2023,0
917,ABIA,12-01-2023,0
917,ADAMAWA,12-01-2023,0
917,AKWA IBOM,12-01-2023,0
917,BAUCHI,12-01-2023,0
917,BAYELSA,12-01-2023,0
917,BENUE,12-01-2023,2
917,BORNO,12-01-2023,0
917,CROSS RIVER,12-01-2023,0
917,DELTA,12-01-2023,0
917,EBONYI,12-01-2023,4
917,EDO,12-01-2023,0
917,EKITI,12-01-2023,0
917,ENUGU,12-01-2023,6
917,GOMBE,12-01-2023,0
917,IMO,12-01-2023,0
917,JIGAWA,12-01-2023,0
917,KADUNA,12-01-2023,0
917,KANO,12-01-2023,0
917,KATSINA,12-01-2023,0
917,KEBBI,12-01-2023,0
917,KOGI,12-01-2023,0
917,KWARA,12-01-2023,0
917,LAGOS,12-01-2023,0
917,NASARAWA,12-01-2023,0
917,NIGER,12-01-2023,0
917,OGUN,12-01-2023,0
917,ONDO,12-01-2023,0
917,OSUN,12-01-2023,0
917,OYO,12-01-2023,0
917,PLATEAU,12-01-2023,0
917,RIVERS,12-01-2023,0
917,SOKOTO,12-01-2023,0
917,TARABA,12-01-2023,0
917,YOBE,12-01-2023,0
917,ZAMFARA,12-01-2023,0
917,FCT,12-01-2023,0
917,FOREIGN,12-01-2023,0
930,ABIA,12-01-2023,0
930,ADAMAWA,12-01-2023,0
930,AKWA IBOM,12-01-2023,0
930,BAUCHI,12-01-2023,0
930,BAYELSA,12-01-2023,0
930,BENUE,12-01-2023,0
930,BORNO,12-01-2023,0
930,CROSS RIVER,12-01-2023,0
930,DELTA,12-01-2023,0
930,EBONYI,12-01-2023,5
930,EDO,12-01-2023,0
930,EKITI,12-01-2023,0
930,ENUGU,12-01-2023,1
930,GOMBE,12-01-2023,0
930,IMO,12-01-2023,4
930,JIGAWA,12-01-2023,0
930,KADUNA,12-01-2023,0
930,KANO,12-01-2023,0
930,KATSINA,12-01-2023,0
930,KEBBI,12-01-2023,0
930,KOGI,12-01-2023,0
930,KWARA,12-01-2023,0
930,LAGOS,12-01-2023,0
930,NASARAWA,12-01-2023,0
930,NIGER,12-01-2023,0
930,OGUN,12-01-2023,0
930,ONDO,12-01-2023,0
930,OSUN,12-01-2023,0
930,OYO,12-01-2023,0
930,PLATEAU,12-01-2023,0
930,RIVERS,12-01-2023,0
930,SOKOTO,12-01-2023,0
930,TARABA,12-01-2023,0
930,YOBE,12-01-2023,0
930,ZAMFARA,12-01-2023,0
930,FCT,12-01-2023,0
930,FOREIGN,12-01-2023,0
931,ABIA,12-01-2023,0
931,ADAMAWA,12-01-2023,0
931,AKWA IBOM,12-01-2023,0
931,BAUCHI,12-01-2023,0
931,BAYELSA,12-01-2023,0
931,BENUE,12-01-2023,0
931,BORNO,12-01-2023,0
931,CROSS RIVER,12-01-2023,0
931,DELTA,12-01-2023,0
931,EBONYI,12-01-2023,1
931,EDO,12-01-2023,0
931,EKITI,12-01-2023,0
931,ENUGU,12-01-2023,0
931,GOMBE,12-01-2023,0
931,IMO,12-01-2023,0
931,JIGAWA,12-01-2023,0
931,KADUNA,12-01-2023,0
931,KANO,12-01-2023,0
931,KATSINA,12-01-2023,0
931,KEBBI,12-01-2023,0
931,KOGI,12-01-2023,0
931,KWARA,12-01-2023,0
931,LAGOS,12-01-2023,0
931,NASARAWA,12-01-2023,0
931,NIGER,12-01-2023,0
931,OGUN,12-01-2023,0
931,ONDO,12-01-2023,0
931,OSUN,12-01-2023,0
931,OYO,12-01-2023,0
931,PLATEAU,12-01-2023,0
931,RIVERS,12-01-2023,0
931,SOKOTO,12-01-2023,0
931,TARABA,12-01-2023,0
931,YOBE,12-01-2023,0
931,ZAMFARA,12-01-2023,0
931,FCT,12-01-2023,0
931,FOREIGN,12-01-2023,0
947,ABIA,12-01-2023,21
947,ADAMAWA,12-01-2023,0
947,AKWA IBOM,12-01-2023,0
947,BAUCHI,12-01-2023,0
947,BAYELSA,12-01-2023,0
947,BENUE,12-01-2023,0
947,BORNO,12-01-2023,0
947,CROSS RIVER,12-01-2023,0
947,DELTA,12-01-2023,0
947,EBONYI,12-01-2023,19
947,EDO,12-01-2023,0
947,EKITI,12-01-2023,0
947,ENUGU,12-01-2023,12
947,GOMBE,12-01-2023,0
947,IMO,12-01-2023,28
947,JIGAWA,12-01-2023,0
947,KADUNA,12-01-2023,0
947,KANO,12-01-2023,0
947,KATSINA,12-01-2023,0
947,KEBBI,12-01-2023,0
947,KOGI,12-01-2023,0
947,KWARA,12-01-2023,0
947,LAGOS,12-01-2023,0
947,NASARAWA,12-01-2023,0
947,NIGER,12-01-2023,0
947,OGUN,12-01-2023,0
947,ONDO,12-01-2023,0
947,OSUN,12-01-2023,0
947,OYO,12-01-2023,0
947,PLATEAU,12-01-2023,0
947,RIVERS,12-01-2023,1
947,SOKOTO,12-01-2023,0
947,TARABA,12-01-2023,0
947,YOBE,12-01-2023,0
947,ZAMFARA,12-01-2023,0
947,FCT,12-01-2023,0
947,FOREIGN,12-01-2023,0
950,ABIA,12-01-2023,9
950,ADAMAWA,12-01-2023,0
950,AKWA IBOM,12-01-2023,0
950,BAUCHI,12-01-2023,0
950,BAYELSA,12-01-2023,0
950,BENUE,12-01-2023,1
950,BORNO,12-01-2023,0
950,CROSS RIVER,12-01-2023,1
950,DELTA,12-01-2023,0
950,EBONYI,12-01-2023,21
950,EDO,12-01-2023,1
950,EKITI,12-01-2023,0
950,ENUGU,12-01-2023,18
950,GOMBE,12-01-2023,0
950,IMO,12-01-2023,24
950,JIGAWA,12-01-2023,0
950,KADUNA,12-01-2023,1
950,KANO,12-01-2023,0
950,KATSINA,12-01-2023,0
950,KEBBI,12-01-2023,0
950,KOGI,12-01-2023,0
950,KWARA,12-01-2023,0
950,LAGOS,12-01-2023,0
950,NASARAWA,12-01-2023,0
950,NIGER,12-01-2023,0
950,OGUN,12-01-2023,0
950,ONDO,12-01-2023,0
950,OSUN,12-01-2023,0
950,OYO,12-01-2023,0
950,PLATEAU,12-01-2023,0
950,RIVERS,12-01-2023,0
950,SOKOTO,12-01-2023,0
950,TARABA,12-01-2023,0
950,YOBE,12-01-2023,0
950,ZAMFARA,12-01-2023,0
950,FCT,12-01-2023,0
950,FOREIGN,12-01-2023,0
955,ABIA,12-01-2023,31
955,ADAMAWA,12-01-2023,0
955,AKWA IBOM,12-01-2023,0
955,BAUCHI,12-01-2023,0
955,BAYELSA,12-01-2023,0
955,BENUE,12-01-2023,0
955,BORNO,12-01-2023,0
955,CROSS RIVER,12-01-2023,0
955,DELTA,12-01-2023,0
955,EBONYI,12-01-2023,21
955,EDO,12-01-2023,0
955,EKITI,12-01-2023,0
955,ENUGU,12-01-2023,27
955,GOMBE,12-01-2023,0
955,IMO,12-01-2023,40
955,JIGAWA,12-01-2023,0
955,KADUNA,12-01-2023,0
955,KANO,12-01-2023,0
955,KATSINA,12-01-2023,0
955,KEBBI,12-01-2023,0
955,KOGI,12-01-2023,6
955,KWARA,12-01-2023,0
955,LAGOS,12-01-2023,0
955,NASARAWA,12-01-2023,0
955,NIGER,12-01-2023,0
955,OGUN,12-01-2023,0
955,ONDO,12-01-2023,2
955,OSUN,12-01-2023,0
955,OYO,12-01-2023,0
955,PLATEAU,12-01-2023,0
955,RIVERS,12-01-2023,0
955,SOKOTO,12-01-2023,0
955,TARABA,12-01-2023,0
955,YOBE,12-01-2023,0
955,ZAMFARA,12-01-2023,0
955,FCT,12-01-2023,0
955,FOREIGN,12-01-2023,0
952,ABIA,12-01-2023,8
952,ADAMAWA,12-01-2023,0
952,AKWA IBOM,12-01-2023,0
952,BAUCHI,12-01-2023,0
952,BAYELSA,12-01-2023,0
952,BENUE,12-01-2023,0
952,BORNO,12-01-2023,0
952,CROSS RIVER,12-01-2023,0
952,DELTA,12-01-2023,0
952,EBONYI,12-01-2023,11
952,EDO,12-01-2023,0
952,EKITI,12-01-2023,0
952,ENUGU,12-01-2023,2
952,GOMBE,12-01-2023,0
952,IMO,12-01-2023,96
952,JIGAWA,12-01-2023,0
952,KADUNA,12-01-2023,0
952,KANO,12-01-2023,0
952,KATSINA,12-01-2023,0
952,KEBBI,12-01-2023,0
952,KOGI,12-01-2023,2
952,KWARA,12-01-2023,0
952,LAGOS,12-01-2023,0
952,NASARAWA,12-01-2023,0
952,NIGER,12-01-2023,0
952,OGUN,12-01-2023,0
952,ONDO,12-01-2023,0
952,OSUN,12-01-2023,0
952,OYO,12-01-2023,0
952,PLATEAU,12-01-2023,0
952,RIVERS,12-01-2023,0
952,SOKOTO,12-01-2023,0
952,TARABA,12-01-2023,0
952,YOBE,12-01-2023,0
952,ZAMFARA,12-01-2023,0
952,FCT,12-01-2023,0
952,FOREIGN,12-01-2023,0
949,ABIA,12-01-2023,5
949,ADAMAWA,12-01-2023,0
949,AKWA IBOM,12-01-2023,2
949,BAUCHI,12-01-2023,0
949,BAYELSA,12-01-2023,0
949,BENUE,12-01-2023,1
949,BORNO,12-01-2023,0
949,CROSS RIVER,12-01-2023,0
949,DELTA,12-01-2023,0
949,EBONYI,12-01-2023,10
949,EDO,12-01-2023,0
949,EKITI,12-01-2023,0
949,ENUGU,12-01-2023,5
949,GOMBE,12-01-2023,0
949,IMO,12-01-2023,1
949,JIGAWA,12-01-2023,0
949,KADUNA,12-01-2023,0
949,KANO,12-01-2023,0
949,KATSINA,12-01-2023,0
949,KEBBI,12-01-2023,0
949,KOGI,12-01-2023,0
949,KWARA,12-01-2023,0
949,LAGOS,12-01-2023,0
949,NASARAWA,12-01-2023,0
949,NIGER,12-01-2023,0
949,OGUN,12-01-2023,0
949,ONDO,12-01-2023,0
949,OSUN,12-01-2023,0
949,OYO,12-01-2023,0
949,PLATEAU,12-01-2023,0
949,RIVERS,12-01-2023,0
949,SOKOTO,12-01-2023,0
949,TARABA,12-01-2023,0
949,YOBE,12-01-2023,0
949,ZAMFARA,12-01-2023,0
949,FCT,12-01-2023,0
949,FOREIGN,12-01-2023,0
956,ABIA,12-01-2023,11
956,ADAMAWA,12-01-2023,0
956,AKWA IBOM,12-01-2023,0
956,BAUCHI,12-01-2023,0
956,BAYELSA,12-01-2023,0
956,BENUE,12-01-2023,1
956,BORNO,12-01-2023,0
956,CROSS RIVER,12-01-2023,1
956,DELTA,12-01-2023,1
956,EBONYI,12-01-2023,14
956,EDO,12-01-2023,0
956,EKITI,12-01-2023,0
956,ENUGU,12-01-2023,5
956,GOMBE,12-01-2023,0
956,IMO,12-01-2023,4
956,JIGAWA,12-01-2023,0
956,KADUNA,12-01-2023,0
956,KANO,12-01-2023,0
956,KATSINA,12-01-2023,0
956,KEBBI,12-01-2023,0
956,KOGI,12-01-2023,0
956,KWARA,12-01-2023,0
956,LAGOS,12-01-2023,0
956,NASARAWA,12-01-2023,0
956,NIGER,12-01-2023,0
956,OGUN,12-01-2023,0
956,ONDO,12-01-2023,0
956,OSUN,12-01-2023,0
956,OYO,12-01-2023,0
956,PLATEAU,12-01-2023,0
956,RIVERS,12-01-2023,0
956,SOKOTO,12-01-2023,0
956,TARABA,12-01-2023,0
956,YOBE,12-01-2023,0
956,ZAMFARA,12-01-2023,0
956,FCT,12-01-2023,0
956,FOREIGN,12-01-2023,0
960,ABIA,12-01-2023,1
960,ADAMAWA,12-01-2023,0
960,AKWA IBOM,12-01-2023,0
960,BAUCHI,12-01-2023,0
960,BAYELSA,12-01-2023,0
960,BENUE,12-01-2023,0
960,BORNO,12-01-2023,0
960,CROSS RIVER,12-01-2023,0
960,DELTA,12-01-2023,0
960,EBONYI,12-01-2023,7
960,EDO,12-01-2023,0
960,EKITI,12-01-2023,0
960,ENUGU,12-01-2023,2
960,GOMBE,12-01-2023,0
960,IMO,12-01-2023,2
960,JIGAWA,12-01-2023,0
960,KADUNA,12-01-2023,0
960,KANO,12-01-2023,0
960,KATSINA,12-01-2023,0
960,KEBBI,12-01-2023,0
960,KOGI,12-01-2023,0
960,KWARA,12-01-2023,0
960,LAGOS,12-01-2023,0
960,NASARAWA,12-01-2023,0
960,NIGER,12-01-2023,0
960,OGUN,12-01-2023,0
960,ONDO,12-01-2023,0
960,OSUN,12-01-2023,0
960,OYO,12-01-2023,0
960,PLATEAU,12-01-2023,0
960,RIVERS,12-01-2023,0
960,SOKOTO,12-01-2023,0
960,TARABA,12-01-2023,0
960,YOBE,12-01-2023,0
960,ZAMFARA,12-01-2023,0
960,FCT,12-01-2023,0
960,FOREIGN,12-01-2023,0
957,ABIA,12-01-2023,6
957,ADAMAWA,12-01-2023,0
957,AKWA IBOM,12-01-2023,0
957,BAUCHI,12-01-2023,0
957,BAYELSA,12-01-2023,0
957,BENUE,12-01-2023,0
957,BORNO,12-01-2023,0
957,CROSS RIVER,12-01-2023,0
957,DELTA,12-01-2023,0
957,EBONYI,12-01-2023,7
957,EDO,12-01-2023,0
957,EKITI,12-01-2023,0
957,ENUGU,12-01-2023,5
957,GOMBE,12-01-2023,0
957,IMO,12-01-2023,3
957,JIGAWA,12-01-2023,0
957,KADUNA,12-01-2023,0
957,KANO,12-01-2023,0
957,KATSINA,12-01-2023,0
957,KEBBI,12-01-2023,0
957,KOGI,12-01-2023,0
957,KWARA,12-01-2023,0
957,LAGOS,12-01-2023,0
957,NASARAWA,12-01-2023,0
957,NIGER,12-01-2023,0
957,OGUN,12-01-2023,0
957,ONDO,12-01-2023,0
957,OSUN,12-01-2023,0
957,OYO,12-01-2023,0
957,PLATEAU,12-01-2023,0
957,RIVERS,12-01-2023,0
957,SOKOTO,12-01-2023,0
957,TARABA,12-01-2023,0
957,YOBE,12-01-2023,0
957,ZAMFARA,12-01-2023,0
957,FCT,12-01-2023,0
957,FOREIGN,12-01-2023,0
954,ABIA,12-01-2023,6
954,ADAMAWA,12-01-2023,0
954,AKWA IBOM,12-01-2023,0
954,BAUCHI,12-01-2023,0
954,BAYELSA,12-01-2023,0
954,BENUE,12-01-2023,0
954,BORNO,12-01-2023,0
954,CROSS RIVER,12-01-2023,0
954,DELTA,12-01-2023,0
954,EBONYI,12-01-2023,5
954,EDO,12-01-2023,0
954,EKITI,12-01-2023,0
954,ENUGU,12-01-2023,7
954,GOMBE,12-01-2023,0
954,IMO,12-01-2023,4
954,JIGAWA,12-01-2023,0
954,KADUNA,12-01-2023,0
954,KANO,12-01-2023,0
954,KATSINA,12-01-2023,0
954,KEBBI,12-01-2023,0
954,KOGI,12-01-2023,0
954,KWARA,12-01-2023,0
954,LAGOS,12-01-2023,0
954,NASARAWA,12-01-2023,0
954,NIGER,12-01-2023,0
954,OGUN,12-01-2023,0
954,ONDO,12-01-2023,0
954,OSUN,12-01-2023,0
954,OYO,12-01-2023,0
954,PLATEAU,12-01-2023,0
954,RIVERS,12-01-2023,0
954,SOKOTO,12-01-2023,0
954,TARABA,12-01-2023,0
954,YOBE,12-01-2023,0
954,ZAMFARA,12-01-2023,0
954,FCT,12-01-2023,0
954,FOREIGN,12-01-2023,0
958,ABIA,12-01-2023,0
958,ADAMAWA,12-01-2023,0
958,AKWA IBOM,12-01-2023,0
958,BAUCHI,12-01-2023,0
958,BAYELSA,12-01-2023,0
958,BENUE,12-01-2023,0
958,BORNO,12-01-2023,0
958,CROSS RIVER,12-01-2023,0
958,DELTA,12-01-2023,0
958,EBONYI,12-01-2023,0
958,EDO,12-01-2023,0
958,EKITI,12-01-2023,0
958,ENUGU,12-01-2023,1
958,GOMBE,12-01-2023,0
958,IMO,12-01-2023,1
958,JIGAWA,12-01-2023,0
958,KADUNA,12-01-2023,0
958,KANO,12-01-2023,0
958,KATSINA,12-01-2023,0
958,KEBBI,12-01-2023,0
958,KOGI,12-01-2023,0
958,KWARA,12-01-2023,0
958,LAGOS,12-01-2023,0
958,NASARAWA,12-01-2023,0
958,NIGER,12-01-2023,0
958,OGUN,12-01-2023,0
958,ONDO,12-01-2023,1
958,OSUN,12-01-2023,0
958,OYO,12-01-2023,0
958,PLATEAU,12-01-2023,0
958,RIVERS,12-01-2023,0
958,SOKOTO,12-01-2023,0
958,TARABA,12-01-2023,0
958,YOBE,12-01-2023,0
958,ZAMFARA,12-01-2023,0
958,FCT,12-01-2023,0
958,FOREIGN,12-01-2023,0
953,ABIA,12-01-2023,15
953,ADAMAWA,12-01-2023,0
953,AKWA IBOM,12-01-2023,0
953,BAUCHI,12-01-2023,0
953,BAYELSA,12-01-2023,0
953,BENUE,12-01-2023,0
953,BORNO,12-01-2023,0
953,CROSS RIVER,12-01-2023,0
953,DELTA,12-01-2023,1
953,EBONYI,12-01-2023,2
953,EDO,12-01-2023,1
953,EKITI,12-01-2023,0
953,ENUGU,12-01-2023,8
953,GOMBE,12-01-2023,0
953,IMO,12-01-2023,4
953,JIGAWA,12-01-2023,0
953,KADUNA,12-01-2023,0
953,KANO,12-01-2023,0
953,KATSINA,12-01-2023,0
953,KEBBI,12-01-2023,0
953,KOGI,12-01-2023,1
953,KWARA,12-01-2023,0
953,LAGOS,12-01-2023,0
953,NASARAWA,12-01-2023,0
953,NIGER,12-01-2023,0
953,OGUN,12-01-2023,0
953,ONDO,12-01-2023,0
953,OSUN,12-01-2023,0
953,OYO,12-01-2023,0
953,PLATEAU,12-01-2023,0
953,RIVERS,12-01-2023,0
953,SOKOTO,12-01-2023,0
953,TARABA,12-01-2023,0
953,YOBE,12-01-2023,0
953,ZAMFARA,12-01-2023,0
953,FCT,12-01-2023,0
953,FOREIGN,12-01-2023,0
951,ABIA,12-01-2023,1
951,ADAMAWA,12-01-2023,0
951,AKWA IBOM,12-01-2023,1
951,BAUCHI,12-01-2023,0
951,BAYELSA,12-01-2023,0
951,BENUE,12-01-2023,1
951,BORNO,12-01-2023,0
951,CROSS RIVER,12-01-2023,0
951,DELTA,12-01-2023,1
951,EBONYI,12-01-2023,47
951,EDO,12-01-2023,0
951,EKITI,12-01-2023,0
951,ENUGU,12-01-2023,2
951,GOMBE,12-01-2023,0
951,IMO,12-01-2023,3
951,JIGAWA,12-01-2023,0
951,KADUNA,12-01-2023,0
951,KANO,12-01-2023,0
951,KATSINA,12-01-2023,0
951,KEBBI,12-01-2023,0
951,KOGI,12-01-2023,0
951,KWARA,12-01-2023,0
951,LAGOS,12-01-2023,0
951,NASARAWA,12-01-2023,0
951,NIGER,12-01-2023,0
951,OGUN,12-01-2023,0
951,ONDO,12-01-2023,0
951,OSUN,12-01-2023,0
951,OYO,12-01-2023,0
951,PLATEAU,12-01-2023,0
951,RIVERS,12-01-2023,0
951,SOKOTO,12-01-2023,0
951,TARABA,12-01-2023,0
951,YOBE,12-01-2023,0
951,ZAMFARA,12-01-2023,0
951,FCT,12-01-2023,0
951,FOREIGN,12-01-2023,0
959,ABIA,12-01-2023,8
959,ADAMAWA,12-01-2023,0
959,AKWA IBOM,12-01-2023,0
959,BAUCHI,12-01-2023,0
959,BAYELSA,12-01-2023,0
959,BENUE,12-01-2023,0
959,BORNO,12-01-2023,0
959,CROSS RIVER,12-01-2023,0
959,DELTA,12-01-2023,0
959,EBONYI,12-01-2023,7
959,EDO,12-01-2023,0
959,EKITI,12-01-2023,0
959,ENUGU,12-01-2023,3
959,GOMBE,12-01-2023,0
959,IMO,12-01-2023,3
959,JIGAWA,12-01-2023,0
959,KADUNA,12-01-2023,0
959,KANO,12-01-2023,0
959,KATSINA,12-01-2023,0
959,KEBBI,12-01-2023,0
959,KOGI,12-01-2023,0
959,KWARA,12-01-2023,0
959,LAGOS,12-01-2023,0
959,NASARAWA,12-01-2023,0
959,NIGER,12-01-2023,0
959,OGUN,12-01-2023,0
959,ONDO,12-01-2023,0
959,OSUN,12-01-2023,0
959,OYO,12-01-2023,0
959,PLATEAU,12-01-2023,0
959,RIVERS,12-01-2023,0
959,SOKOTO,12-01-2023,0
959,TARABA,12-01-2023,0
959,YOBE,12-01-2023,0
959,ZAMFARA,12-01-2023,0
959,FCT,12-01-2023,0
959,FOREIGN,12-01-2023,0
948,ABIA,12-01-2023,2
948,ADAMAWA,12-01-2023,0
948,AKWA IBOM,12-01-2023,1
948,BAUCHI,12-01-2023,0
948,BAYELSA,12-01-2023,0
948,BENUE,12-01-2023,0
948,BORNO,12-01-2023,0
948,CROSS RIVER,12-01-2023,0
948,DELTA,12-01-2023,0
948,EBONYI,12-01-2023,1
948,EDO,12-01-2023,0
948,EKITI,12-01-2023,0
948,ENUGU,12-01-2023,4
948,GOMBE,12-01-2023,0
948,IMO,12-01-2023,10
948,JIGAWA,12-01-2023,0
948,KADUNA,12-01-2023,0
948,KANO,12-01-2023,0
948,KATSINA,12-01-2023,0
948,KEBBI,12-01-2023,0
948,KOGI,12-01-2023,0
948,KWARA,12-01-2023,0
948,LAGOS,12-01-2023,0
948,NASARAWA,12-01-2023,0
948,NIGER,12-01-2023,0
948,OGUN,12-01-2023,0
948,ONDO,12-01-2023,0
948,OSUN,12-01-2023,0
948,OYO,12-01-2023,0
948,PLATEAU,12-01-2023,0
948,RIVERS,12-01-2023,0
948,SOKOTO,12-01-2023,0
948,TARABA,12-01-2023,0
948,YOBE,12-01-2023,0
948,ZAMFARA,12-01-2023,0
948,FCT,12-01-2023,0
948,FOREIGN,12-01-2023,0
1034,ABIA,12-01-2023,2
1034,ADAMAWA,12-01-2023,1
1034,AKWA IBOM,12-01-2023,0
1034,BAUCHI,12-01-2023,0
1034,BAYELSA,12-01-2023,0
1034,BENUE,12-01-2023,0
1034,BORNO,12-01-2023,0
1034,CROSS RIVER,12-01-2023,0
1034,DELTA,12-01-2023,0
1034,EBONYI,12-01-2023,5
1034,EDO,12-01-2023,0
1034,EKITI,12-01-2023,0
1034,ENUGU,12-01-2023,3
1034,GOMBE,12-01-2023,0
1034,IMO,12-01-2023,1
1034,JIGAWA,12-01-2023,0
1034,KADUNA,12-01-2023,0
1034,KANO,12-01-2023,0
1034,KATSINA,12-01-2023,0
1034,KEBBI,12-01-2023,0
1034,KOGI,12-01-2023,0
1034,KWARA,12-01-2023,0
1034,LAGOS,12-01-2023,0
1034,NASARAWA,12-01-2023,0
1034,NIGER,12-01-2023,0
1034,OGUN,12-01-2023,0
1034,ONDO,12-01-2023,0
1034,OSUN,12-01-2023,0
1034,OYO,12-01-2023,0
1034,PLATEAU,12-01-2023,0
1034,RIVERS,12-01-2023,1
1034,SOKOTO,12-01-2023,0
1034,TARABA,12-01-2023,0
1034,YOBE,12-01-2023,0
1034,ZAMFARA,12-01-2023,0
1034,FCT,12-01-2023,0
1034,FOREIGN,12-01-2023,0
129,ABIA,12-01-2023,4
129,ADAMAWA,12-01-2023,0
129,AKWA IBOM,12-01-2023,0
129,BAUCHI,12-01-2023,0
129,BAYELSA,12-01-2023,0
129,BENUE,12-01-2023,0
129,BORNO,12-01-2023,0
129,CROSS RIVER,12-01-2023,0
129,DELTA,12-01-2023,0
129,EBONYI,12-01-2023,10
129,EDO,12-01-2023,0
129,EKITI,12-01-2023,0
129,ENUGU,12-01-2023,46
129,GOMBE,12-01-2023,0
129,IMO,12-01-2023,18
129,JIGAWA,12-01-2023,0
129,KADUNA,12-01-2023,0
129,KANO,12-01-2023,0
129,KATSINA,12-01-2023,0
129,KEBBI,12-01-2023,0
129,KOGI,12-01-2023,0
129,KWARA,12-01-2023,0
129,LAGOS,12-01-2023,0
129,NASARAWA,12-01-2023,0
129,NIGER,12-01-2023,0
129,OGUN,12-01-2023,0
129,ONDO,12-01-2023,0
129,OSUN,12-01-2023,0
129,OYO,12-01-2023,1
129,PLATEAU,12-01-2023,0
129,RIVERS,12-01-2023,1
129,SOKOTO,12-01-2023,0
129,TARABA,12-01-2023,0
129,YOBE,12-01-2023,0
129,ZAMFARA,12-01-2023,0
129,FCT,12-01-2023,0
129,FOREIGN,12-01-2023,0
124,ABIA,12-01-2023,18
124,ADAMAWA,12-01-2023,1
124,AKWA IBOM,12-01-2023,1
124,BAUCHI,12-01-2023,0
124,BAYELSA,12-01-2023,1
124,BENUE,12-01-2023,2
124,BORNO,12-01-2023,0
124,CROSS RIVER,12-01-2023,18
124,DELTA,12-01-2023,0
124,EBONYI,12-01-2023,100
124,EDO,12-01-2023,2
124,EKITI,12-01-2023,0
124,ENUGU,12-01-2023,86
124,GOMBE,12-01-2023,0
124,IMO,12-01-2023,14
124,JIGAWA,12-01-2023,0
124,KADUNA,12-01-2023,0
124,KANO,12-01-2023,0
124,KATSINA,12-01-2023,0
124,KEBBI,12-01-2023,0
124,KOGI,12-01-2023,5
124,KWARA,12-01-2023,1
124,LAGOS,12-01-2023,1
124,NASARAWA,12-01-2023,3
124,NIGER,12-01-2023,0
124,OGUN,12-01-2023,0
124,ONDO,12-01-2023,0
124,OSUN,12-01-2023,0
124,OYO,12-01-2023,0
124,PLATEAU,12-01-2023,0
124,RIVERS,12-01-2023,0
124,SOKOTO,12-01-2023,0
124,TARABA,12-01-2023,0
124,YOBE,12-01-2023,0
124,ZAMFARA,12-01-2023,0
124,FCT,12-01-2023,0
124,FOREIGN,12-01-2023,0
126,ABIA,12-01-2023,7
126,ADAMAWA,12-01-2023,0
126,AKWA IBOM,12-01-2023,1
126,BAUCHI,12-01-2023,0
126,BAYELSA,12-01-2023,0
126,BENUE,12-01-2023,0
126,BORNO,12-01-2023,0
126,CROSS RIVER,12-01-2023,0
126,DELTA,12-01-2023,3
126,EBONYI,12-01-2023,12
126,EDO,12-01-2023,1
126,EKITI,12-01-2023,0
126,ENUGU,12-01-2023,66
126,GOMBE,12-01-2023,0
126,IMO,12-01-2023,50
126,JIGAWA,12-01-2023,0
126,KADUNA,12-01-2023,0
126,KANO,12-01-2023,0
126,KATSINA,12-01-2023,0
126,KEBBI,12-01-2023,0
126,KOGI,12-01-2023,1
126,KWARA,12-01-2023,0
126,LAGOS,12-01-2023,1
126,NASARAWA,12-01-2023,0
126,NIGER,12-01-2023,0
126,OGUN,12-01-2023,0
126,ONDO,12-01-2023,0
126,OSUN,12-01-2023,0
126,OYO,12-01-2023,0
126,PLATEAU,12-01-2023,0
126,RIVERS,12-01-2023,0
126,SOKOTO,12-01-2023,0
126,TARABA,12-01-2023,0
126,YOBE,12-01-2023,0
126,ZAMFARA,12-01-2023,0
126,FCT,12-01-2023,0
126,FOREIGN,12-01-2023,0
123,ABIA,12-01-2023,15
123,ADAMAWA,12-01-2023,3
123,AKWA IBOM,12-01-2023,5
123,BAUCHI,12-01-2023,0
123,BAYELSA,12-01-2023,3
123,BENUE,12-01-2023,6
123,BORNO,12-01-2023,0
123,CROSS RIVER,12-01-2023,31
123,DELTA,12-01-2023,5
123,EBONYI,12-01-2023,107
123,EDO,12-01-2023,0
123,EKITI,12-01-2023,0
123,ENUGU,12-01-2023,83
123,GOMBE,12-01-2023,0
123,IMO,12-01-2023,19
123,JIGAWA,12-01-2023,0
123,KADUNA,12-01-2023,0
123,KANO,12-01-2023,0
123,KATSINA,12-01-2023,0
123,KEBBI,12-01-2023,0
123,KOGI,12-01-2023,1
123,KWARA,12-01-2023,0
123,LAGOS,12-01-2023,0
123,NASARAWA,12-01-2023,0
123,NIGER,12-01-2023,0
123,OGUN,12-01-2023,0
123,ONDO,12-01-2023,0
123,OSUN,12-01-2023,0
123,OYO,12-01-2023,0
123,PLATEAU,12-01-2023,2
123,RIVERS,12-01-2023,0
123,SOKOTO,12-01-2023,0
123,TARABA,12-01-2023,3
123,YOBE,12-01-2023,0
123,ZAMFARA,12-01-2023,0
123,FCT,12-01-2023,0
123,FOREIGN,12-01-2023,1
122,ABIA,12-01-2023,15
122,ADAMAWA,12-01-2023,0
122,AKWA IBOM,12-01-2023,4
122,BAUCHI,12-01-2023,0
122,BAYELSA,12-01-2023,0
122,BENUE,12-01-2023,2
122,BORNO,12-01-2023,3
122,CROSS RIVER,12-01-2023,2
122,DELTA,12-01-2023,0
122,EBONYI,12-01-2023,126
122,EDO,12-01-2023,0
122,EKITI,12-01-2023,0
122,ENUGU,12-01-2023,65
122,GOMBE,12-01-2023,0
122,IMO,12-01-2023,14
122,JIGAWA,12-01-2023,0
122,KADUNA,12-01-2023,0
122,KANO,12-01-2023,0
122,KATSINA,12-01-2023,0
122,KEBBI,12-01-2023,0
122,KOGI,12-01-2023,1
122,KWARA,12-01-2023,0
122,LAGOS,12-01-2023,0
122,NASARAWA,12-01-2023,0
122,NIGER,12-01-2023,0
122,OGUN,12-01-2023,0
122,ONDO,12-01-2023,0
122,OSUN,12-01-2023,0
122,OYO,12-01-2023,1
122,PLATEAU,12-01-2023,0
122,RIVERS,12-01-2023,1
122,SOKOTO,12-01-2023,0
122,TARABA,12-01-2023,0
122,YOBE,12-01-2023,0
122,ZAMFARA,12-01-2023,0
122,FCT,12-01-2023,0
122,FOREIGN,12-01-2023,0
119,ABIA,12-01-2023,7
119,ADAMAWA,12-01-2023,2
119,AKWA IBOM,12-01-2023,2
119,BAUCHI,12-01-2023,0
119,BAYELSA,12-01-2023,0
119,BENUE,12-01-2023,0
119,BORNO,12-01-2023,0
119,CROSS RIVER,12-01-2023,0
119,DELTA,12-01-2023,3
119,EBONYI,12-01-2023,48
119,EDO,12-01-2023,1
119,EKITI,12-01-2023,0
119,ENUGU,12-01-2023,31
119,GOMBE,12-01-2023,0
119,IMO,12-01-2023,18
119,JIGAWA,12-01-2023,0
119,KADUNA,12-01-2023,1
119,KANO,12-01-2023,0
119,KATSINA,12-01-2023,0
119,KEBBI,12-01-2023,0
119,KOGI,12-01-2023,0
119,KWARA,12-01-2023,0
119,LAGOS,12-01-2023,0
119,NASARAWA,12-01-2023,0
119,NIGER,12-01-2023,0
119,OGUN,12-01-2023,0
119,ONDO,12-01-2023,0
119,OSUN,12-01-2023,0
119,OYO,12-01-2023,0
119,PLATEAU,12-01-2023,0
119,RIVERS,12-01-2023,0
119,SOKOTO,12-01-2023,0
119,TARABA,12-01-2023,0
119,YOBE,12-01-2023,0
119,ZAMFARA,12-01-2023,0
119,FCT,12-01-2023,0
119,FOREIGN,12-01-2023,0
116,ABIA,12-01-2023,16
116,ADAMAWA,12-01-2023,0
116,AKWA IBOM,12-01-2023,4
116,BAUCHI,12-01-2023,0
116,BAYELSA,12-01-2023,0
116,BENUE,12-01-2023,0
116,BORNO,12-01-2023,0
116,CROSS RIVER,12-01-2023,2
116,DELTA,12-01-2023,4
116,EBONYI,12-01-2023,20
116,EDO,12-01-2023,2
116,EKITI,12-01-2023,0
116,ENUGU,12-01-2023,98
116,GOMBE,12-01-2023,0
116,IMO,12-01-2023,56
116,JIGAWA,12-01-2023,0
116,KADUNA,12-01-2023,0
116,KANO,12-01-2023,0
116,KATSINA,12-01-2023,0
116,KEBBI,12-01-2023,1
116,KOGI,12-01-2023,0
116,KWARA,12-01-2023,0
116,LAGOS,12-01-2023,0
116,NASARAWA,12-01-2023,0
116,NIGER,12-01-2023,0
116,OGUN,12-01-2023,0
116,ONDO,12-01-2023,0
116,OSUN,12-01-2023,0
116,OYO,12-01-2023,0
116,PLATEAU,12-01-2023,0
116,RIVERS,12-01-2023,0
116,SOKOTO,12-01-2023,0
116,TARABA,12-01-2023,0
116,YOBE,12-01-2023,0
116,ZAMFARA,12-01-2023,0
116,FCT,12-01-2023,0
116,FOREIGN,12-01-2023,1
121,ABIA,12-01-2023,3
121,ADAMAWA,12-01-2023,0
121,AKWA IBOM,12-01-2023,0
121,BAUCHI,12-01-2023,0
121,BAYELSA,12-01-2023,0
121,BENUE,12-01-2023,9
121,BORNO,12-01-2023,0
121,CROSS RIVER,12-01-2023,0
121,DELTA,12-01-2023,0
121,EBONYI,12-01-2023,3
121,EDO,12-01-2023,0
121,EKITI,12-01-2023,0
121,ENUGU,12-01-2023,1
121,GOMBE,12-01-2023,0
121,IMO,12-01-2023,0
121,JIGAWA,12-01-2023,0
121,KADUNA,12-01-2023,0
121,KANO,12-01-2023,0
121,KATSINA,12-01-2023,0
121,KEBBI,12-01-2023,0
121,KOGI,12-01-2023,0
121,KWARA,12-01-2023,0
121,LAGOS,12-01-2023,0
121,NASARAWA,12-01-2023,0
121,NIGER,12-01-2023,0
121,OGUN,12-01-2023,0
121,ONDO,12-01-2023,0
121,OSUN,12-01-2023,0
121,OYO,12-01-2023,0
121,PLATEAU,12-01-2023,0
121,RIVERS,12-01-2023,0
121,SOKOTO,12-01-2023,0
121,TARABA,12-01-2023,0
121,YOBE,12-01-2023,0
121,ZAMFARA,12-01-2023,0
121,FCT,12-01-2023,0
121,FOREIGN,12-01-2023,0
127,ABIA,12-01-2023,4
127,ADAMAWA,12-01-2023,0
127,AKWA IBOM,12-01-2023,1
127,BAUCHI,12-01-2023,2
127,BAYELSA,12-01-2023,0
127,BENUE,12-01-2023,0
127,BORNO,12-01-2023,0
127,CROSS RIVER,12-01-2023,2
127,DELTA,12-01-2023,1
127,EBONYI,12-01-2023,71
127,EDO,12-01-2023,0
127,EKITI,12-01-2023,0
127,ENUGU,12-01-2023,49
127,GOMBE,12-01-2023,0
127,IMO,12-01-2023,11
127,JIGAWA,12-01-2023,0
127,KADUNA,12-01-2023,0
127,KANO,12-01-2023,0
127,KATSINA,12-01-2023,0
127,KEBBI,12-01-2023,0
127,KOGI,12-01-2023,0
127,KWARA,12-01-2023,0
127,LAGOS,12-01-2023,0
127,NASARAWA,12-01-2023,1
127,NIGER,12-01-2023,0
127,OGUN,12-01-2023,0
127,ONDO,12-01-2023,0
127,OSUN,12-01-2023,0
127,OYO,12-01-2023,0
127,PLATEAU,12-01-2023,0
127,RIVERS,12-01-2023,1
127,SOKOTO,12-01-2023,0
127,TARABA,12-01-2023,1
127,YOBE,12-01-2023,0
127,ZAMFARA,12-01-2023,0
127,FCT,12-01-2023,0
127,FOREIGN,12-01-2023,1
130,ABIA,12-01-2023,0
130,ADAMAWA,12-01-2023,1
130,AKWA IBOM,12-01-2023,0
130,BAUCHI,12-01-2023,0
130,BAYELSA,12-01-2023,0
130,BENUE,12-01-2023,0
130,BORNO,12-01-2023,0
130,CROSS RIVER,12-01-2023,0
130,DELTA,12-01-2023,0
130,EBONYI,12-01-2023,0
130,EDO,12-01-2023,0
130,EKITI,12-01-2023,0
130,ENUGU,12-01-2023,0
130,GOMBE,12-01-2023,0
130,IMO,12-01-2023,0
130,JIGAWA,12-01-2023,0
130,KADUNA,12-01-2023,0
130,KANO,12-01-2023,0
130,KATSINA,12-01-2023,0
130,KEBBI,12-01-2023,0
130,KOGI,12-01-2023,0
130,KWARA,12-01-2023,0
130,LAGOS,12-01-2023,0
130,NASARAWA,12-01-2023,0
130,NIGER,12-01-2023,0
130,OGUN,12-01-2023,0
130,ONDO,12-01-2023,0
130,OSUN,12-01-2023,0
130,OYO,12-01-2023,0
130,PLATEAU,12-01-2023,0
130,RIVERS,12-01-2023,0
130,SOKOTO,12-01-2023,0
130,TARABA,12-01-2023,0
130,YOBE,12-01-2023,0
130,ZAMFARA,12-01-2023,0
130,FCT,12-01-2023,0
130,FOREIGN,12-01-2023,0
118,ABIA,12-01-2023,0
118,ADAMAWA,12-01-2023,0
118,AKWA IBOM,12-01-2023,2
118,BAUCHI,12-01-2023,0
118,BAYELSA,12-01-2023,0
118,BENUE,12-01-2023,0
118,BORNO,12-01-2023,0
118,CROSS RIVER,12-01-2023,1
118,DELTA,12-01-2023,1
118,EBONYI,12-01-2023,21
118,EDO,12-01-2023,0
118,EKITI,12-01-2023,0
118,ENUGU,12-01-2023,9
118,GOMBE,12-01-2023,0
118,IMO,12-01-2023,6
118,JIGAWA,12-01-2023,0
118,KADUNA,12-01-2023,0
118,KANO,12-01-2023,0
118,KATSINA,12-01-2023,0
118,KEBBI,12-01-2023,0
118,KOGI,12-01-2023,0
118,KWARA,12-01-2023,0
118,LAGOS,12-01-2023,0
118,NASARAWA,12-01-2023,0
118,NIGER,12-01-2023,0
118,OGUN,12-01-2023,0
118,ONDO,12-01-2023,0
118,OSUN,12-01-2023,0
118,OYO,12-01-2023,0
118,PLATEAU,12-01-2023,0
118,RIVERS,12-01-2023,0
118,SOKOTO,12-01-2023,0
118,TARABA,12-01-2023,0
118,YOBE,12-01-2023,0
118,ZAMFARA,12-01-2023,0
118,FCT,12-01-2023,0
118,FOREIGN,12-01-2023,0
117,ABIA,12-01-2023,0
117,ADAMAWA,12-01-2023,0
117,AKWA IBOM,12-01-2023,0
117,BAUCHI,12-01-2023,0
117,BAYELSA,12-01-2023,0
117,BENUE,12-01-2023,0
117,BORNO,12-01-2023,0
117,CROSS RIVER,12-01-2023,0
117,DELTA,12-01-2023,0
117,EBONYI,12-01-2023,0
117,EDO,12-01-2023,0
117,EKITI,12-01-2023,0
117,ENUGU,12-01-2023,0
117,GOMBE,12-01-2023,0
117,IMO,12-01-2023,0
117,JIGAWA,12-01-2023,0
117,KADUNA,12-01-2023,0
117,KANO,12-01-2023,0
117,KATSINA,12-01-2023,0
117,KEBBI,12-01-2023,0
117,KOGI,12-01-2023,0
117,KWARA,12-01-2023,0
117,LAGOS,12-01-2023,0
117,NASARAWA,12-01-2023,0
117,NIGER,12-01-2023,0
117,OGUN,12-01-2023,0
117,ONDO,12-01-2023,0
117,OSUN,12-01-2023,0
117,OYO,12-01-2023,0
117,PLATEAU,12-01-2023,0
117,RIVERS,12-01-2023,0
117,SOKOTO,12-01-2023,0
117,TARABA,12-01-2023,0
117,YOBE,12-01-2023,0
117,ZAMFARA,12-01-2023,0
117,FCT,12-01-2023,0
117,FOREIGN,12-01-2023,0
115,ABIA,12-01-2023,1
115,ADAMAWA,12-01-2023,0
115,AKWA IBOM,12-01-2023,1
115,BAUCHI,12-01-2023,0
115,BAYELSA,12-01-2023,1
115,BENUE,12-01-2023,4
115,BORNO,12-01-2023,0
115,CROSS RIVER,12-01-2023,5
115,DELTA,12-01-2023,0
115,EBONYI,12-01-2023,63
115,EDO,12-01-2023,3
115,EKITI,12-01-2023,0
115,ENUGU,12-01-2023,57
115,GOMBE,12-01-2023,0
115,IMO,12-01-2023,8
115,JIGAWA,12-01-2023,0
115,KADUNA,12-01-2023,0
115,KANO,12-01-2023,0
115,KATSINA,12-01-2023,0
115,KEBBI,12-01-2023,0
115,KOGI,12-01-2023,1
115,KWARA,12-01-2023,0
115,LAGOS,12-01-2023,0
115,NASARAWA,12-01-2023,0
115,NIGER,12-01-2023,0
115,OGUN,12-01-2023,0
115,ONDO,12-01-2023,0
115,OSUN,12-01-2023,6
115,OYO,12-01-2023,0
115,PLATEAU,12-01-2023,1
115,RIVERS,12-01-2023,1
115,SOKOTO,12-01-2023,0
115,TARABA,12-01-2023,0
115,YOBE,12-01-2023,0
115,ZAMFARA,12-01-2023,0
115,FCT,12-01-2023,0
115,FOREIGN,12-01-2023,0
125,ABIA,12-01-2023,3
125,ADAMAWA,12-01-2023,0
125,AKWA IBOM,12-01-2023,0
125,BAUCHI,12-01-2023,0
125,BAYELSA,12-01-2023,1
125,BENUE,12-01-2023,2
125,BORNO,12-01-2023,0
125,CROSS RIVER,12-01-2023,1
125,DELTA,12-01-2023,2
125,EBONYI,12-01-2023,49
125,EDO,12-01-2023,0
125,EKITI,12-01-2023,0
125,ENUGU,12-01-2023,21
125,GOMBE,12-01-2023,0
125,IMO,12-01-2023,7
125,JIGAWA,12-01-2023,0
125,KADUNA,12-01-2023,1
125,KANO,12-01-2023,0
125,KATSINA,12-01-2023,0
125,KEBBI,12-01-2023,0
125,KOGI,12-01-2023,0
125,KWARA,12-01-2023,0
125,LAGOS,12-01-2023,0
125,NASARAWA,12-01-2023,0
125,NIGER,12-01-2023,0
125,OGUN,12-01-2023,0
125,ONDO,12-01-2023,0
125,OSUN,12-01-2023,1
125,OYO,12-01-2023,0
125,PLATEAU,12-01-2023,0
125,RIVERS,12-01-2023,0
125,SOKOTO,12-01-2023,0
125,TARABA,12-01-2023,0
125,YOBE,12-01-2023,0
125,ZAMFARA,12-01-2023,0
125,FCT,12-01-2023,0
125,FOREIGN,12-01-2023,2
120,ABIA,12-01-2023,2
120,ADAMAWA,12-01-2023,0
120,AKWA IBOM,12-01-2023,0
120,BAUCHI,12-01-2023,0
120,BAYELSA,12-01-2023,0
120,BENUE,12-01-2023,1
120,BORNO,12-01-2023,0
120,CROSS RIVER,12-01-2023,4
120,DELTA,12-01-2023,0
120,EBONYI,12-01-2023,4
120,EDO,12-01-2023,0
120,EKITI,12-01-2023,0
120,ENUGU,12-01-2023,31
120,GOMBE,12-01-2023,0
120,IMO,12-01-2023,2
120,JIGAWA,12-01-2023,0
120,KADUNA,12-01-2023,0
120,KANO,12-01-2023,0
120,KATSINA,12-01-2023,0
120,KEBBI,12-01-2023,0
120,KOGI,12-01-2023,0
120,KWARA,12-01-2023,0
120,LAGOS,12-01-2023,0
120,NASARAWA,12-01-2023,0
120,NIGER,12-01-2023,0
120,OGUN,12-01-2023,0
120,ONDO,12-01-2023,0
120,OSUN,12-01-2023,0
120,OYO,12-01-2023,0
120,PLATEAU,12-01-2023,0
120,RIVERS,12-01-2023,0
120,SOKOTO,12-01-2023,0
120,TARABA,12-01-2023,0
120,YOBE,12-01-2023,0
120,ZAMFARA,12-01-2023,0
120,FCT,12-01-2023,0
120,FOREIGN,12-01-2023,0
128,ABIA,12-01-2023,8
128,ADAMAWA,12-01-2023,3
128,AKWA IBOM,12-01-2023,1
128,BAUCHI,12-01-2023,0
128,BAYELSA,12-01-2023,0
128,BENUE,12-01-2023,1
128,BORNO,12-01-2023,0
128,CROSS RIVER,12-01-2023,0
128,DELTA,12-01-2023,2
128,EBONYI,12-01-2023,18
128,EDO,12-01-2023,0
128,EKITI,12-01-2023,0
128,ENUGU,12-01-2023,25
128,GOMBE,12-01-2023,0
128,IMO,12-01-2023,7
128,JIGAWA,12-01-2023,0
128,KADUNA,12-01-2023,0
128,KANO,12-01-2023,0
128,KATSINA,12-01-2023,0
128,KEBBI,12-01-2023,0
128,KOGI,12-01-2023,0
128,KWARA,12-01-2023,0
128,LAGOS,12-01-2023,0
128,NASARAWA,12-01-2023,0
128,NIGER,12-01-2023,0
128,OGUN,12-01-2023,0
128,ONDO,12-01-2023,0
128,OSUN,12-01-2023,0
128,OYO,12-01-2023,0
128,PLATEAU,12-01-2023,0
128,RIVERS,12-01-2023,0
128,SOKOTO,12-01-2023,0
128,TARABA,12-01-2023,0
128,YOBE,12-01-2023,0
128,ZAMFARA,12-01-2023,0
128,FCT,12-01-2023,0
128,FOREIGN,12-01-2023,0
142,ABIA,12-01-2023,14
142,ADAMAWA,12-01-2023,1
142,AKWA IBOM,12-01-2023,4
142,BAUCHI,12-01-2023,0
142,BAYELSA,12-01-2023,5
142,BENUE,12-01-2023,11
142,BORNO,12-01-2023,3
142,CROSS RIVER,12-01-2023,7
142,DELTA,12-01-2023,3
142,EBONYI,12-01-2023,69
142,EDO,12-01-2023,7
142,EKITI,12-01-2023,0
142,ENUGU,12-01-2023,170
142,GOMBE,12-01-2023,0
142,IMO,12-01-2023,25
142,JIGAWA,12-01-2023,0
142,KADUNA,12-01-2023,4
142,KANO,12-01-2023,0
142,KATSINA,12-01-2023,0
142,KEBBI,12-01-2023,0
142,KOGI,12-01-2023,5
142,KWARA,12-01-2023,2
142,LAGOS,12-01-2023,0
142,NASARAWA,12-01-2023,2
142,NIGER,12-01-2023,0
142,OGUN,12-01-2023,0
142,ONDO,12-01-2023,1
142,OSUN,12-01-2023,0
142,OYO,12-01-2023,0
142,PLATEAU,12-01-2023,1
142,RIVERS,12-01-2023,4
142,SOKOTO,12-01-2023,0
142,TARABA,12-01-2023,1
142,YOBE,12-01-2023,0
142,ZAMFARA,12-01-2023,0
142,FCT,12-01-2023,0
142,FOREIGN,12-01-2023,0
146,ABIA,12-01-2023,13
146,ADAMAWA,12-01-2023,0
146,AKWA IBOM,12-01-2023,0
146,BAUCHI,12-01-2023,1
146,BAYELSA,12-01-2023,0
146,BENUE,12-01-2023,0
146,BORNO,12-01-2023,0
146,CROSS RIVER,12-01-2023,1
146,DELTA,12-01-2023,0
146,EBONYI,12-01-2023,53
146,EDO,12-01-2023,0
146,EKITI,12-01-2023,0
146,ENUGU,12-01-2023,59
146,GOMBE,12-01-2023,0
146,IMO,12-01-2023,15
146,JIGAWA,12-01-2023,0
146,KADUNA,12-01-2023,0
146,KANO,12-01-2023,0
146,KATSINA,12-01-2023,0
146,KEBBI,12-01-2023,0
146,KOGI,12-01-2023,2
146,KWARA,12-01-2023,1
146,LAGOS,12-01-2023,0
146,NASARAWA,12-01-2023,0
146,NIGER,12-01-2023,0
146,OGUN,12-01-2023,0
146,ONDO,12-01-2023,0
146,OSUN,12-01-2023,1
146,OYO,12-01-2023,0
146,PLATEAU,12-01-2023,0
146,RIVERS,12-01-2023,0
146,SOKOTO,12-01-2023,0
146,TARABA,12-01-2023,0
146,YOBE,12-01-2023,0
146,ZAMFARA,12-01-2023,0
146,FCT,12-01-2023,0
146,FOREIGN,12-01-2023,0
145,ABIA,12-01-2023,0
145,ADAMAWA,12-01-2023,0
145,AKWA IBOM,12-01-2023,0
145,BAUCHI,12-01-2023,0
145,BAYELSA,12-01-2023,0
145,BENUE,12-01-2023,0
145,BORNO,12-01-2023,0
145,CROSS RIVER,12-01-2023,0
145,DELTA,12-01-2023,0
145,EBONYI,12-01-2023,6
145,EDO,12-01-2023,0
145,EKITI,12-01-2023,0
145,ENUGU,12-01-2023,2
145,GOMBE,12-01-2023,0
145,IMO,12-01-2023,0
145,JIGAWA,12-01-2023,0
145,KADUNA,12-01-2023,0
145,KANO,12-01-2023,0
145,KATSINA,12-01-2023,0
145,KEBBI,12-01-2023,0
145,KOGI,12-01-2023,0
145,KWARA,12-01-2023,0
145,LAGOS,12-01-2023,0
145,NASARAWA,12-01-2023,0
145,NIGER,12-01-2023,0
145,OGUN,12-01-2023,0
145,ONDO,12-01-2023,0
145,OSUN,12-01-2023,0
145,OYO,12-01-2023,0
145,PLATEAU,12-01-2023,1
145,RIVERS,12-01-2023,0
145,SOKOTO,12-01-2023,0
145,TARABA,12-01-2023,0
145,YOBE,12-01-2023,0
145,ZAMFARA,12-01-2023,0
145,FCT,12-01-2023,0
145,FOREIGN,12-01-2023,0
147,ABIA,12-01-2023,0
147,ADAMAWA,12-01-2023,0
147,AKWA IBOM,12-01-2023,0
147,BAUCHI,12-01-2023,0
147,BAYELSA,12-01-2023,0
147,BENUE,12-01-2023,0
147,BORNO,12-01-2023,0
147,CROSS RIVER,12-01-2023,1
147,DELTA,12-01-2023,0
147,EBONYI,12-01-2023,3
147,EDO,12-01-2023,0
147,EKITI,12-01-2023,0
147,ENUGU,12-01-2023,9
147,GOMBE,12-01-2023,0
147,IMO,12-01-2023,3
147,JIGAWA,12-01-2023,0
147,KADUNA,12-01-2023,0
147,KANO,12-01-2023,0
147,KATSINA,12-01-2023,0
147,KEBBI,12-01-2023,0
147,KOGI,12-01-2023,0
147,KWARA,12-01-2023,0
147,LAGOS,12-01-2023,0
147,NASARAWA,12-01-2023,0
147,NIGER,12-01-2023,0
147,OGUN,12-01-2023,0
147,ONDO,12-01-2023,0
147,OSUN,12-01-2023,0
147,OYO,12-01-2023,0
147,PLATEAU,12-01-2023,0
147,RIVERS,12-01-2023,0
147,SOKOTO,12-01-2023,0
147,TARABA,12-01-2023,0
147,YOBE,12-01-2023,0
147,ZAMFARA,12-01-2023,0
147,FCT,12-01-2023,0
147,FOREIGN,12-01-2023,0
141,ABIA,12-01-2023,0
141,ADAMAWA,12-01-2023,0
141,AKWA IBOM,12-01-2023,0
141,BAUCHI,12-01-2023,0
141,BAYELSA,12-01-2023,0
141,BENUE,12-01-2023,0
141,BORNO,12-01-2023,0
141,CROSS RIVER,12-01-2023,0
141,DELTA,12-01-2023,0
141,EBONYI,12-01-2023,13
141,EDO,12-01-2023,0
141,EKITI,12-01-2023,0
141,ENUGU,12-01-2023,5
141,GOMBE,12-01-2023,0
141,IMO,12-01-2023,3
141,JIGAWA,12-01-2023,0
141,KADUNA,12-01-2023,0
141,KANO,12-01-2023,0
141,KATSINA,12-01-2023,0
141,KEBBI,12-01-2023,0
141,KOGI,12-01-2023,0
141,KWARA,12-01-2023,0
141,LAGOS,12-01-2023,0
141,NASARAWA,12-01-2023,0
141,NIGER,12-01-2023,0
141,OGUN,12-01-2023,0
141,ONDO,12-01-2023,0
141,OSUN,12-01-2023,0
141,OYO,12-01-2023,0
141,PLATEAU,12-01-2023,0
141,RIVERS,12-01-2023,0
141,SOKOTO,12-01-2023,0
141,TARABA,12-01-2023,0
141,YOBE,12-01-2023,0
141,ZAMFARA,12-01-2023,0
141,FCT,12-01-2023,0
141,FOREIGN,12-01-2023,0
143,ABIA,12-01-2023,1
143,ADAMAWA,12-01-2023,0
143,AKWA IBOM,12-01-2023,1
143,BAUCHI,12-01-2023,0
143,BAYELSA,12-01-2023,0
143,BENUE,12-01-2023,0
143,BORNO,12-01-2023,0
143,CROSS RIVER,12-01-2023,0
143,DELTA,12-01-2023,0
143,EBONYI,12-01-2023,14
143,EDO,12-01-2023,0
143,EKITI,12-01-2023,0
143,ENUGU,12-01-2023,8
143,GOMBE,12-01-2023,0
143,IMO,12-01-2023,3
143,JIGAWA,12-01-2023,0
143,KADUNA,12-01-2023,0
143,KANO,12-01-2023,0
143,KATSINA,12-01-2023,0
143,KEBBI,12-01-2023,0
143,KOGI,12-01-2023,1
143,KWARA,12-01-2023,0
143,LAGOS,12-01-2023,0
143,NASARAWA,12-01-2023,0
143,NIGER,12-01-2023,0
143,OGUN,12-01-2023,0
143,ONDO,12-01-2023,0
143,OSUN,12-01-2023,0
143,OYO,12-01-2023,0
143,PLATEAU,12-01-2023,0
143,RIVERS,12-01-2023,0
143,SOKOTO,12-01-2023,0
143,TARABA,12-01-2023,0
143,YOBE,12-01-2023,0
143,ZAMFARA,12-01-2023,0
143,FCT,12-01-2023,0
143,FOREIGN,12-01-2023,0
148,ABIA,12-01-2023,0
148,ADAMAWA,12-01-2023,0
148,AKWA IBOM,12-01-2023,0
148,BAUCHI,12-01-2023,0
148,BAYELSA,12-01-2023,0
148,BENUE,12-01-2023,0
148,BORNO,12-01-2023,0
148,CROSS RIVER,12-01-2023,0
148,DELTA,12-01-2023,0
148,EBONYI,12-01-2023,1
148,EDO,12-01-2023,0
148,EKITI,12-01-2023,0
148,ENUGU,12-01-2023,3
148,GOMBE,12-01-2023,0
148,IMO,12-01-2023,0
148,JIGAWA,12-01-2023,0
148,KADUNA,12-01-2023,0
148,KANO,12-01-2023,0
148,KATSINA,12-01-2023,0
148,KEBBI,12-01-2023,0
148,KOGI,12-01-2023,0
148,KWARA,12-01-2023,0
148,LAGOS,12-01-2023,0
148,NASARAWA,12-01-2023,0
148,NIGER,12-01-2023,0
148,OGUN,12-01-2023,0
148,ONDO,12-01-2023,0
148,OSUN,12-01-2023,0
148,OYO,12-01-2023,0
148,PLATEAU,12-01-2023,0
148,RIVERS,12-01-2023,0
148,SOKOTO,12-01-2023,0
148,TARABA,12-01-2023,0
148,YOBE,12-01-2023,0
148,ZAMFARA,12-01-2023,0
148,FCT,12-01-2023,0
148,FOREIGN,12-01-2023,0
1035,ABIA,12-01-2023,0
1035,ADAMAWA,12-01-2023,0
1035,AKWA IBOM,12-01-2023,0
1035,BAUCHI,12-01-2023,0
1035,BAYELSA,12-01-2023,0
1035,BENUE,12-01-2023,0
1035,BORNO,12-01-2023,0
1035,CROSS RIVER,12-01-2023,0
1035,DELTA,12-01-2023,0
1035,EBONYI,12-01-2023,1
1035,EDO,12-01-2023,0
1035,EKITI,12-01-2023,0
1035,ENUGU,12-01-2023,0
1035,GOMBE,12-01-2023,0
1035,IMO,12-01-2023,0
1035,JIGAWA,12-01-2023,0
1035,KADUNA,12-01-2023,0
1035,KANO,12-01-2023,0
1035,KATSINA,12-01-2023,0
1035,KEBBI,12-01-2023,0
1035,KOGI,12-01-2023,0
1035,KWARA,12-01-2023,0
1035,LAGOS,12-01-2023,0
1035,NASARAWA,12-01-2023,0
1035,NIGER,12-01-2023,0
1035,OGUN,12-01-2023,0
1035,ONDO,12-01-2023,0
1035,OSUN,12-01-2023,0
1035,OYO,12-01-2023,0
1035,PLATEAU,12-01-2023,0
1035,RIVERS,12-01-2023,0
1035,SOKOTO,12-01-2023,0
1035,TARABA,12-01-2023,0
1035,YOBE,12-01-2023,0
1035,ZAMFARA,12-01-2023,0
1035,FCT,12-01-2023,0
1035,FOREIGN,12-01-2023,0
1036,ABIA,12-01-2023,0
1036,ADAMAWA,12-01-2023,0
1036,AKWA IBOM,12-01-2023,0
1036,BAUCHI,12-01-2023,0
1036,BAYELSA,12-01-2023,0
1036,BENUE,12-01-2023,0
1036,BORNO,12-01-2023,0
1036,CROSS RIVER,12-01-2023,0
1036,DELTA,12-01-2023,0
1036,EBONYI,12-01-2023,0
1036,EDO,12-01-2023,0
1036,EKITI,12-01-2023,0
1036,ENUGU,12-01-2023,2
1036,GOMBE,12-01-2023,0
1036,IMO,12-01-2023,0
1036,JIGAWA,12-01-2023,0
1036,KADUNA,12-01-2023,0
1036,KANO,12-01-2023,0
1036,KATSINA,12-01-2023,0
1036,KEBBI,12-01-2023,0
1036,KOGI,12-01-2023,0
1036,KWARA,12-01-2023,0
1036,LAGOS,12-01-2023,0
1036,NASARAWA,12-01-2023,0
1036,NIGER,12-01-2023,0
1036,OGUN,12-01-2023,0
1036,ONDO,12-01-2023,0
1036,OSUN,12-01-2023,0
1036,OYO,12-01-2023,0
1036,PLATEAU,12-01-2023,1
1036,RIVERS,12-01-2023,0
1036,SOKOTO,12-01-2023,0
1036,TARABA,12-01-2023,0
1036,YOBE,12-01-2023,0
1036,ZAMFARA,12-01-2023,0
1036,FCT,12-01-2023,0
1036,FOREIGN,12-01-2023,0
144,ABIA,12-01-2023,0
144,ADAMAWA,12-01-2023,0
144,AKWA IBOM,12-01-2023,2
144,BAUCHI,12-01-2023,0
144,BAYELSA,12-01-2023,0
144,BENUE,12-01-2023,0
144,BORNO,12-01-2023,0
144,CROSS RIVER,12-01-2023,2
144,DELTA,12-01-2023,0
144,EBONYI,12-01-2023,5
144,EDO,12-01-2023,0
144,EKITI,12-01-2023,0
144,ENUGU,12-01-2023,1
144,GOMBE,12-01-2023,0
144,IMO,12-01-2023,0
144,JIGAWA,12-01-2023,0
144,KADUNA,12-01-2023,0
144,KANO,12-01-2023,0
144,KATSINA,12-01-2023,0
144,KEBBI,12-01-2023,0
144,KOGI,12-01-2023,0
144,KWARA,12-01-2023,0
144,LAGOS,12-01-2023,0
144,NASARAWA,12-01-2023,0
144,NIGER,12-01-2023,0
144,OGUN,12-01-2023,0
144,ONDO,12-01-2023,0
144,OSUN,12-01-2023,0
144,OYO,12-01-2023,0
144,PLATEAU,12-01-2023,0
144,RIVERS,12-01-2023,0
144,SOKOTO,12-01-2023,0
144,TARABA,12-01-2023,0
144,YOBE,12-01-2023,0
144,ZAMFARA,12-01-2023,0
144,FCT,12-01-2023,0
144,FOREIGN,12-01-2023,0
178,ABIA,12-01-2023,16
178,ADAMAWA,12-01-2023,0
178,AKWA IBOM,12-01-2023,5
178,BAUCHI,12-01-2023,0
178,BAYELSA,12-01-2023,1
178,BENUE,12-01-2023,9
178,BORNO,12-01-2023,0
178,CROSS RIVER,12-01-2023,5
178,DELTA,12-01-2023,10
178,EBONYI,12-01-2023,65
178,EDO,12-01-2023,1
178,EKITI,12-01-2023,2
178,ENUGU,12-01-2023,201
178,GOMBE,12-01-2023,0
178,IMO,12-01-2023,50
178,JIGAWA,12-01-2023,0
178,KADUNA,12-01-2023,2
178,KANO,12-01-2023,0
178,KATSINA,12-01-2023,0
178,KEBBI,12-01-2023,0
178,KOGI,12-01-2023,7
178,KWARA,12-01-2023,0
178,LAGOS,12-01-2023,1
178,NASARAWA,12-01-2023,0
178,NIGER,12-01-2023,1
178,OGUN,12-01-2023,0
178,ONDO,12-01-2023,0
178,OSUN,12-01-2023,1
178,OYO,12-01-2023,0
178,PLATEAU,12-01-2023,1
178,RIVERS,12-01-2023,1
178,SOKOTO,12-01-2023,0
178,TARABA,12-01-2023,0
178,YOBE,12-01-2023,0
178,ZAMFARA,12-01-2023,0
178,FCT,12-01-2023,0
178,FOREIGN,12-01-2023,0
175,ABIA,12-01-2023,25
175,ADAMAWA,12-01-2023,0
175,AKWA IBOM,12-01-2023,3
175,BAUCHI,12-01-2023,0
175,BAYELSA,12-01-2023,0
175,BENUE,12-01-2023,0
175,BORNO,12-01-2023,0
175,CROSS RIVER,12-01-2023,11
175,DELTA,12-01-2023,3
175,EBONYI,12-01-2023,74
175,EDO,12-01-2023,3
175,EKITI,12-01-2023,2
175,ENUGU,12-01-2023,191
175,GOMBE,12-01-2023,0
175,IMO,12-01-2023,27
175,JIGAWA,12-01-2023,0
175,KADUNA,12-01-2023,1
175,KANO,12-01-2023,0
175,KATSINA,12-01-2023,0
175,KEBBI,12-01-2023,0
175,KOGI,12-01-2023,5
175,KWARA,12-01-2023,1
175,LAGOS,12-01-2023,0
175,NASARAWA,12-01-2023,0
175,NIGER,12-01-2023,0
175,OGUN,12-01-2023,0
175,ONDO,12-01-2023,1
175,OSUN,12-01-2023,2
175,OYO,12-01-2023,5
175,PLATEAU,12-01-2023,3
175,RIVERS,12-01-2023,4
175,SOKOTO,12-01-2023,1
175,TARABA,12-01-2023,0
175,YOBE,12-01-2023,0
175,ZAMFARA,12-01-2023,0
175,FCT,12-01-2023,0
175,FOREIGN,12-01-2023,2
173,ABIA,12-01-2023,26
173,ADAMAWA,12-01-2023,0
173,AKWA IBOM,12-01-2023,4
173,BAUCHI,12-01-2023,0
173,BAYELSA,12-01-2023,2
173,BENUE,12-01-2023,7
173,BORNO,12-01-2023,0
173,CROSS RIVER,12-01-2023,3
173,DELTA,12-01-2023,13
173,EBONYI,12-01-2023,59
173,EDO,12-01-2023,2
173,EKITI,12-01-2023,0
173,ENUGU,12-01-2023,141
173,GOMBE,12-01-2023,0
173,IMO,12-01-2023,34
173,JIGAWA,12-01-2023,0
173,KADUNA,12-01-2023,0
173,KANO,12-01-2023,0
173,KATSINA,12-01-2023,0
173,KEBBI,12-01-2023,0
173,KOGI,12-01-2023,2
173,KWARA,12-01-2023,1
173,LAGOS,12-01-2023,0
173,NASARAWA,12-01-2023,0
173,NIGER,12-01-2023,0
173,OGUN,12-01-2023,0
173,ONDO,12-01-2023,0
173,OSUN,12-01-2023,3
173,OYO,12-01-2023,0
173,PLATEAU,12-01-2023,0
173,RIVERS,12-01-2023,0
173,SOKOTO,12-01-2023,0
173,TARABA,12-01-2023,0
173,YOBE,12-01-2023,0
173,ZAMFARA,12-01-2023,0
173,FCT,12-01-2023,0
173,FOREIGN,12-01-2023,1
169,ABIA,12-01-2023,34
169,ADAMAWA,12-01-2023,4
169,AKWA IBOM,12-01-2023,16
169,BAUCHI,12-01-2023,0
169,BAYELSA,12-01-2023,1
169,BENUE,12-01-2023,8
169,BORNO,12-01-2023,0
169,CROSS RIVER,12-01-2023,15
169,DELTA,12-01-2023,9
169,EBONYI,12-01-2023,148
169,EDO,12-01-2023,3
169,EKITI,12-01-2023,1
169,ENUGU,12-01-2023,254
169,GOMBE,12-01-2023,0
169,IMO,12-01-2023,46
169,JIGAWA,12-01-2023,0
169,KADUNA,12-01-2023,0
169,KANO,12-01-2023,0
169,KATSINA,12-01-2023,0
169,KEBBI,12-01-2023,0
169,KOGI,12-01-2023,11
169,KWARA,12-01-2023,0
169,LAGOS,12-01-2023,0
169,NASARAWA,12-01-2023,1
169,NIGER,12-01-2023,0
169,OGUN,12-01-2023,1
169,ONDO,12-01-2023,1
169,OSUN,12-01-2023,14
169,OYO,12-01-2023,1
169,PLATEAU,12-01-2023,4
169,RIVERS,12-01-2023,5
169,SOKOTO,12-01-2023,0
169,TARABA,12-01-2023,0
169,YOBE,12-01-2023,0
169,ZAMFARA,12-01-2023,0
169,FCT,12-01-2023,0
169,FOREIGN,12-01-2023,0
163,ABIA,12-01-2023,16
163,ADAMAWA,12-01-2023,4
163,AKWA IBOM,12-01-2023,11
163,BAUCHI,12-01-2023,0
163,BAYELSA,12-01-2023,1
163,BENUE,12-01-2023,3
163,BORNO,12-01-2023,0
163,CROSS RIVER,12-01-2023,10
163,DELTA,12-01-2023,8
163,EBONYI,12-01-2023,150
163,EDO,12-01-2023,6
163,EKITI,12-01-2023,1
163,ENUGU,12-01-2023,251
163,GOMBE,12-01-2023,0
163,IMO,12-01-2023,38
163,JIGAWA,12-01-2023,0
163,KADUNA,12-01-2023,0
163,KANO,12-01-2023,0
163,KATSINA,12-01-2023,0
163,KEBBI,12-01-2023,0
163,KOGI,12-01-2023,2
163,KWARA,12-01-2023,0
163,LAGOS,12-01-2023,0
163,NASARAWA,12-01-2023,1
163,NIGER,12-01-2023,0
163,OGUN,12-01-2023,0
163,ONDO,12-01-2023,3
163,OSUN,12-01-2023,2
163,OYO,12-01-2023,0
163,PLATEAU,12-01-2023,1
163,RIVERS,12-01-2023,1
163,SOKOTO,12-01-2023,0
163,TARABA,12-01-2023,0
163,YOBE,12-01-2023,0
163,ZAMFARA,12-01-2023,0
163,FCT,12-01-2023,0
163,FOREIGN,12-01-2023,0
176,ABIA,12-01-2023,25
176,ADAMAWA,12-01-2023,3
176,AKWA IBOM,12-01-2023,4
176,BAUCHI,12-01-2023,0
176,BAYELSA,12-01-2023,4
176,BENUE,12-01-2023,19
176,BORNO,12-01-2023,0
176,CROSS RIVER,12-01-2023,5
176,DELTA,12-01-2023,16
176,EBONYI,12-01-2023,184
176,EDO,12-01-2023,3
176,EKITI,12-01-2023,0
176,ENUGU,12-01-2023,213
176,GOMBE,12-01-2023,0
176,IMO,12-01-2023,51
176,JIGAWA,12-01-2023,0
176,KADUNA,12-01-2023,2
176,KANO,12-01-2023,4
176,KATSINA,12-01-2023,0
176,KEBBI,12-01-2023,0
176,KOGI,12-01-2023,11
176,KWARA,12-01-2023,1
176,LAGOS,12-01-2023,1
176,NASARAWA,12-01-2023,0
176,NIGER,12-01-2023,1
176,OGUN,12-01-2023,4
176,ONDO,12-01-2023,0
176,OSUN,12-01-2023,4
176,OYO,12-01-2023,0
176,PLATEAU,12-01-2023,3
176,RIVERS,12-01-2023,1
176,SOKOTO,12-01-2023,0
176,TARABA,12-01-2023,0
176,YOBE,12-01-2023,0
176,ZAMFARA,12-01-2023,0
176,FCT,12-01-2023,1
176,FOREIGN,12-01-2023,1
172,ABIA,12-01-2023,7
172,ADAMAWA,12-01-2023,0
172,AKWA IBOM,12-01-2023,0
172,BAUCHI,12-01-2023,0
172,BAYELSA,12-01-2023,0
172,BENUE,12-01-2023,4
172,BORNO,12-01-2023,0
172,CROSS RIVER,12-01-2023,5
172,DELTA,12-01-2023,3
172,EBONYI,12-01-2023,83
172,EDO,12-01-2023,0
172,EKITI,12-01-2023,0
172,ENUGU,12-01-2023,137
172,GOMBE,12-01-2023,0
172,IMO,12-01-2023,32
172,JIGAWA,12-01-2023,0
172,KADUNA,12-01-2023,0
172,KANO,12-01-2023,0
172,KATSINA,12-01-2023,0
172,KEBBI,12-01-2023,0
172,KOGI,12-01-2023,2
172,KWARA,12-01-2023,0
172,LAGOS,12-01-2023,0
172,NASARAWA,12-01-2023,0
172,NIGER,12-01-2023,0
172,OGUN,12-01-2023,0
172,ONDO,12-01-2023,0
172,OSUN,12-01-2023,4
172,OYO,12-01-2023,1
172,PLATEAU,12-01-2023,1
172,RIVERS,12-01-2023,4
172,SOKOTO,12-01-2023,0
172,TARABA,12-01-2023,1
172,YOBE,12-01-2023,0
172,ZAMFARA,12-01-2023,0
172,FCT,12-01-2023,0
172,FOREIGN,12-01-2023,1
168,ABIA,12-01-2023,34
168,ADAMAWA,12-01-2023,0
168,AKWA IBOM,12-01-2023,29
168,BAUCHI,12-01-2023,1
168,BAYELSA,12-01-2023,4
168,BENUE,12-01-2023,8
168,BORNO,12-01-2023,0
168,CROSS RIVER,12-01-2023,14
168,DELTA,12-01-2023,9
168,EBONYI,12-01-2023,113
168,EDO,12-01-2023,4
168,EKITI,12-01-2023,2
168,ENUGU,12-01-2023,250
168,GOMBE,12-01-2023,0
168,IMO,12-01-2023,66
168,JIGAWA,12-01-2023,0
168,KADUNA,12-01-2023,0
168,KANO,12-01-2023,0
168,KATSINA,12-01-2023,0
168,KEBBI,12-01-2023,0
168,KOGI,12-01-2023,11
168,KWARA,12-01-2023,0
168,LAGOS,12-01-2023,0
168,NASARAWA,12-01-2023,0
168,NIGER,12-01-2023,0
168,OGUN,12-01-2023,0
168,ONDO,12-01-2023,0
168,OSUN,12-01-2023,0
168,OYO,12-01-2023,2
168,PLATEAU,12-01-2023,1
168,RIVERS,12-01-2023,2
168,SOKOTO,12-01-2023,0
168,TARABA,12-01-2023,0
168,YOBE,12-01-2023,0
168,ZAMFARA,12-01-2023,0
168,FCT,12-01-2023,0
168,FOREIGN,12-01-2023,1
177,ABIA,12-01-2023,1
177,ADAMAWA,12-01-2023,0
177,AKWA IBOM,12-01-2023,1
177,BAUCHI,12-01-2023,0
177,BAYELSA,12-01-2023,1
177,BENUE,12-01-2023,6
177,BORNO,12-01-2023,0
177,CROSS RIVER,12-01-2023,5
177,DELTA,12-01-2023,1
177,EBONYI,12-01-2023,64
177,EDO,12-01-2023,3
177,EKITI,12-01-2023,0
177,ENUGU,12-01-2023,57
177,GOMBE,12-01-2023,0
177,IMO,12-01-2023,7
177,JIGAWA,12-01-2023,0
177,KADUNA,12-01-2023,0
177,KANO,12-01-2023,0
177,KATSINA,12-01-2023,0
177,KEBBI,12-01-2023,0
177,KOGI,12-01-2023,1
177,KWARA,12-01-2023,0
177,LAGOS,12-01-2023,0
177,NASARAWA,12-01-2023,0
177,NIGER,12-01-2023,0
177,OGUN,12-01-2023,7
177,ONDO,12-01-2023,0
177,OSUN,12-01-2023,0
177,OYO,12-01-2023,0
177,PLATEAU,12-01-2023,1
177,RIVERS,12-01-2023,1
177,SOKOTO,12-01-2023,0
177,TARABA,12-01-2023,0
177,YOBE,12-01-2023,0
177,ZAMFARA,12-01-2023,0
177,FCT,12-01-2023,0
177,FOREIGN,12-01-2023,0
167,ABIA,12-01-2023,3
167,ADAMAWA,12-01-2023,0
167,AKWA IBOM,12-01-2023,0
167,BAUCHI,12-01-2023,0
167,BAYELSA,12-01-2023,0
167,BENUE,12-01-2023,4
167,BORNO,12-01-2023,0
167,CROSS RIVER,12-01-2023,1
167,DELTA,12-01-2023,2
167,EBONYI,12-01-2023,14
167,EDO,12-01-2023,0
167,EKITI,12-01-2023,0
167,ENUGU,12-01-2023,30
167,GOMBE,12-01-2023,0
167,IMO,12-01-2023,5
167,JIGAWA,12-01-2023,0
167,KADUNA,12-01-2023,0
167,KANO,12-01-2023,0
167,KATSINA,12-01-2023,0
167,KEBBI,12-01-2023,0
167,KOGI,12-01-2023,1
167,KWARA,12-01-2023,0
167,LAGOS,12-01-2023,0
167,NASARAWA,12-01-2023,0
167,NIGER,12-01-2023,0
167,OGUN,12-01-2023,0
167,ONDO,12-01-2023,0
167,OSUN,12-01-2023,0
167,OYO,12-01-2023,0
167,PLATEAU,12-01-2023,0
167,RIVERS,12-01-2023,0
167,SOKOTO,12-01-2023,0
167,TARABA,12-01-2023,0
167,YOBE,12-01-2023,0
167,ZAMFARA,12-01-2023,0
167,FCT,12-01-2023,0
167,FOREIGN,12-01-2023,2
170,ABIA,12-01-2023,3
170,ADAMAWA,12-01-2023,0
170,AKWA IBOM,12-01-2023,13
170,BAUCHI,12-01-2023,0
170,BAYELSA,12-01-2023,0
170,BENUE,12-01-2023,0
170,BORNO,12-01-2023,0
170,CROSS RIVER,12-01-2023,10
170,DELTA,12-01-2023,0
170,EBONYI,12-01-2023,51
170,EDO,12-01-2023,0
170,EKITI,12-01-2023,0
170,ENUGU,12-01-2023,49
170,GOMBE,12-01-2023,0
170,IMO,12-01-2023,10
170,JIGAWA,12-01-2023,0
170,KADUNA,12-01-2023,0
170,KANO,12-01-2023,0
170,KATSINA,12-01-2023,0
170,KEBBI,12-01-2023,0
170,KOGI,12-01-2023,1
170,KWARA,12-01-2023,0
170,LAGOS,12-01-2023,0
170,NASARAWA,12-01-2023,0
170,NIGER,12-01-2023,0
170,OGUN,12-01-2023,0
170,ONDO,12-01-2023,0
170,OSUN,12-01-2023,0
170,OYO,12-01-2023,0
170,PLATEAU,12-01-2023,0
170,RIVERS,12-01-2023,2
170,SOKOTO,12-01-2023,0
170,TARABA,12-01-2023,0
170,YOBE,12-01-2023,0
170,ZAMFARA,12-01-2023,0
170,FCT,12-01-2023,0
170,FOREIGN,12-01-2023,0
164,ABIA,12-01-2023,6
164,ADAMAWA,12-01-2023,0
164,AKWA IBOM,12-01-2023,1
164,BAUCHI,12-01-2023,0
164,BAYELSA,12-01-2023,0
164,BENUE,12-01-2023,2
164,BORNO,12-01-2023,0
164,CROSS RIVER,12-01-2023,4
164,DELTA,12-01-2023,1
164,EBONYI,12-01-2023,26
164,EDO,12-01-2023,0
164,EKITI,12-01-2023,0
164,ENUGU,12-01-2023,27
164,GOMBE,12-01-2023,0
164,IMO,12-01-2023,9
164,JIGAWA,12-01-2023,0
164,KADUNA,12-01-2023,0
164,KANO,12-01-2023,2
164,KATSINA,12-01-2023,0
164,KEBBI,12-01-2023,0
164,KOGI,12-01-2023,1
164,KWARA,12-01-2023,0
164,LAGOS,12-01-2023,0
164,NASARAWA,12-01-2023,0
164,NIGER,12-01-2023,2
164,OGUN,12-01-2023,0
164,ONDO,12-01-2023,0
164,OSUN,12-01-2023,1
164,OYO,12-01-2023,0
164,PLATEAU,12-01-2023,0
164,RIVERS,12-01-2023,0
164,SOKOTO,12-01-2023,0
164,TARABA,12-01-2023,0
164,YOBE,12-01-2023,0
164,ZAMFARA,12-01-2023,0
164,FCT,12-01-2023,0
164,FOREIGN,12-01-2023,0
165,ABIA,12-01-2023,11
165,ADAMAWA,12-01-2023,5
165,AKWA IBOM,12-01-2023,7
165,BAUCHI,12-01-2023,0
165,BAYELSA,12-01-2023,0
165,BENUE,12-01-2023,7
165,BORNO,12-01-2023,0
165,CROSS RIVER,12-01-2023,4
165,DELTA,12-01-2023,3
165,EBONYI,12-01-2023,51
165,EDO,12-01-2023,1
165,EKITI,12-01-2023,0
165,ENUGU,12-01-2023,59
165,GOMBE,12-01-2023,0
165,IMO,12-01-2023,7
165,JIGAWA,12-01-2023,0
165,KADUNA,12-01-2023,1
165,KANO,12-01-2023,0
165,KATSINA,12-01-2023,0
165,KEBBI,12-01-2023,0
165,KOGI,12-01-2023,1
165,KWARA,12-01-2023,0
165,LAGOS,12-01-2023,0
165,NASARAWA,12-01-2023,1
165,NIGER,12-01-2023,0
165,OGUN,12-01-2023,0
165,ONDO,12-01-2023,1
165,OSUN,12-01-2023,1
165,OYO,12-01-2023,0
165,PLATEAU,12-01-2023,1
165,RIVERS,12-01-2023,0
165,SOKOTO,12-01-2023,0
165,TARABA,12-01-2023,0
165,YOBE,12-01-2023,0
165,ZAMFARA,12-01-2023,0
165,FCT,12-01-2023,0
165,FOREIGN,12-01-2023,0
181,ABIA,12-01-2023,0
181,ADAMAWA,12-01-2023,0
181,AKWA IBOM,12-01-2023,0
181,BAUCHI,12-01-2023,0
181,BAYELSA,12-01-2023,0
181,BENUE,12-01-2023,0
181,BORNO,12-01-2023,0
181,CROSS RIVER,12-01-2023,0
181,DELTA,12-01-2023,0
181,EBONYI,12-01-2023,1
181,EDO,12-01-2023,0
181,EKITI,12-01-2023,0
181,ENUGU,12-01-2023,2
181,GOMBE,12-01-2023,0
181,IMO,12-01-2023,0
181,JIGAWA,12-01-2023,0
181,KADUNA,12-01-2023,0
181,KANO,12-01-2023,0
181,KATSINA,12-01-2023,0
181,KEBBI,12-01-2023,0
181,KOGI,12-01-2023,0
181,KWARA,12-01-2023,0
181,LAGOS,12-01-2023,0
181,NASARAWA,12-01-2023,0
181,NIGER,12-01-2023,0
181,OGUN,12-01-2023,0
181,ONDO,12-01-2023,0
181,OSUN,12-01-2023,0
181,OYO,12-01-2023,0
181,PLATEAU,12-01-2023,0
181,RIVERS,12-01-2023,0
181,SOKOTO,12-01-2023,0
181,TARABA,12-01-2023,0
181,YOBE,12-01-2023,0
181,ZAMFARA,12-01-2023,0
181,FCT,12-01-2023,0
181,FOREIGN,12-01-2023,0
180,ABIA,12-01-2023,3
180,ADAMAWA,12-01-2023,7
180,AKWA IBOM,12-01-2023,1
180,BAUCHI,12-01-2023,0
180,BAYELSA,12-01-2023,0
180,BENUE,12-01-2023,1
180,BORNO,12-01-2023,0
180,CROSS RIVER,12-01-2023,2
180,DELTA,12-01-2023,0
180,EBONYI,12-01-2023,43
180,EDO,12-01-2023,1
180,EKITI,12-01-2023,0
180,ENUGU,12-01-2023,42
180,GOMBE,12-01-2023,1
180,IMO,12-01-2023,8
180,JIGAWA,12-01-2023,0
180,KADUNA,12-01-2023,1
180,KANO,12-01-2023,0
180,KATSINA,12-01-2023,0
180,KEBBI,12-01-2023,0
180,KOGI,12-01-2023,1
180,KWARA,12-01-2023,0
180,LAGOS,12-01-2023,0
180,NASARAWA,12-01-2023,0
180,NIGER,12-01-2023,0
180,OGUN,12-01-2023,0
180,ONDO,12-01-2023,0
180,OSUN,12-01-2023,2
180,OYO,12-01-2023,0
180,PLATEAU,12-01-2023,0
180,RIVERS,12-01-2023,2
180,SOKOTO,12-01-2023,0
180,TARABA,12-01-2023,0
180,YOBE,12-01-2023,0
180,ZAMFARA,12-01-2023,0
180,FCT,12-01-2023,0
180,FOREIGN,12-01-2023,0
171,ABIA,12-01-2023,3
171,ADAMAWA,12-01-2023,0
171,AKWA IBOM,12-01-2023,0
171,BAUCHI,12-01-2023,0
171,BAYELSA,12-01-2023,0
171,BENUE,12-01-2023,10
171,BORNO,12-01-2023,0
171,CROSS RIVER,12-01-2023,4
171,DELTA,12-01-2023,0
171,EBONYI,12-01-2023,21
171,EDO,12-01-2023,0
171,EKITI,12-01-2023,0
171,ENUGU,12-01-2023,38
171,GOMBE,12-01-2023,0
171,IMO,12-01-2023,6
171,JIGAWA,12-01-2023,0
171,KADUNA,12-01-2023,0
171,KANO,12-01-2023,0
171,KATSINA,12-01-2023,0
171,KEBBI,12-01-2023,0
171,KOGI,12-01-2023,1
171,KWARA,12-01-2023,0
171,LAGOS,12-01-2023,0
171,NASARAWA,12-01-2023,0
171,NIGER,12-01-2023,0
171,OGUN,12-01-2023,0
171,ONDO,12-01-2023,0
171,OSUN,12-01-2023,3
171,OYO,12-01-2023,0
171,PLATEAU,12-01-2023,2
171,RIVERS,12-01-2023,0
171,SOKOTO,12-01-2023,0
171,TARABA,12-01-2023,0
171,YOBE,12-01-2023,0
171,ZAMFARA,12-01-2023,0
171,FCT,12-01-2023,0
171,FOREIGN,12-01-2023,0
174,ABIA,12-01-2023,4
174,ADAMAWA,12-01-2023,0
174,AKWA IBOM,12-01-2023,0
174,BAUCHI,12-01-2023,0
174,BAYELSA,12-01-2023,0
174,BENUE,12-01-2023,3
174,BORNO,12-01-2023,0
174,CROSS RIVER,12-01-2023,1
174,DELTA,12-01-2023,0
174,EBONYI,12-01-2023,10
174,EDO,12-01-2023,0
174,EKITI,12-01-2023,0
174,ENUGU,12-01-2023,11
174,GOMBE,12-01-2023,0
174,IMO,12-01-2023,1
174,JIGAWA,12-01-2023,0
174,KADUNA,12-01-2023,0
174,KANO,12-01-2023,0
174,KATSINA,12-01-2023,0
174,KEBBI,12-01-2023,0
174,KOGI,12-01-2023,0
174,KWARA,12-01-2023,0
174,LAGOS,12-01-2023,0
174,NASARAWA,12-01-2023,0
174,NIGER,12-01-2023,0
174,OGUN,12-01-2023,0
174,ONDO,12-01-2023,0
174,OSUN,12-01-2023,0
174,OYO,12-01-2023,0
174,PLATEAU,12-01-2023,0
174,RIVERS,12-01-2023,0
174,SOKOTO,12-01-2023,0
174,TARABA,12-01-2023,1
174,YOBE,12-01-2023,0
174,ZAMFARA,12-01-2023,0
174,FCT,12-01-2023,0
174,FOREIGN,12-01-2023,0
166,ABIA,12-01-2023,0
166,ADAMAWA,12-01-2023,0
166,AKWA IBOM,12-01-2023,2
166,BAUCHI,12-01-2023,0
166,BAYELSA,12-01-2023,3
166,BENUE,12-01-2023,0
166,BORNO,12-01-2023,0
166,CROSS RIVER,12-01-2023,0
166,DELTA,12-01-2023,1
166,EBONYI,12-01-2023,15
166,EDO,12-01-2023,0
166,EKITI,12-01-2023,0
166,ENUGU,12-01-2023,15
166,GOMBE,12-01-2023,0
166,IMO,12-01-2023,1
166,JIGAWA,12-01-2023,0
166,KADUNA,12-01-2023,0
166,KANO,12-01-2023,0
166,KATSINA,12-01-2023,0
166,KEBBI,12-01-2023,0
166,KOGI,12-01-2023,0
166,KWARA,12-01-2023,0
166,LAGOS,12-01-2023,0
166,NASARAWA,12-01-2023,0
166,NIGER,12-01-2023,0
166,OGUN,12-01-2023,0
166,ONDO,12-01-2023,2
166,OSUN,12-01-2023,0
166,OYO,12-01-2023,0
166,PLATEAU,12-01-2023,0
166,RIVERS,12-01-2023,0
166,SOKOTO,12-01-2023,0
166,TARABA,12-01-2023,0
166,YOBE,12-01-2023,0
166,ZAMFARA,12-01-2023,0
166,FCT,12-01-2023,0
166,FOREIGN,12-01-2023,0
179,ABIA,12-01-2023,32
179,ADAMAWA,12-01-2023,5
179,AKWA IBOM,12-01-2023,15
179,BAUCHI,12-01-2023,0
179,BAYELSA,12-01-2023,0
179,BENUE,12-01-2023,6
179,BORNO,12-01-2023,0
179,CROSS RIVER,12-01-2023,7
179,DELTA,12-01-2023,6
179,EBONYI,12-01-2023,110
179,EDO,12-01-2023,2
179,EKITI,12-01-2023,0
179,ENUGU,12-01-2023,138
179,GOMBE,12-01-2023,0
179,IMO,12-01-2023,34
179,JIGAWA,12-01-2023,0
179,KADUNA,12-01-2023,1
179,KANO,12-01-2023,0
179,KATSINA,12-01-2023,0
179,KEBBI,12-01-2023,0
179,KOGI,12-01-2023,9
179,KWARA,12-01-2023,0
179,LAGOS,12-01-2023,0
179,NASARAWA,12-01-2023,3
179,NIGER,12-01-2023,1
179,OGUN,12-01-2023,0
179,ONDO,12-01-2023,0
179,OSUN,12-01-2023,0
179,OYO,12-01-2023,0
179,PLATEAU,12-01-2023,3
179,RIVERS,12-01-2023,2
179,SOKOTO,12-01-2023,0
179,TARABA,12-01-2023,0
179,YOBE,12-01-2023,0
179,ZAMFARA,12-01-2023,0
179,FCT,12-01-2023,0
179,FOREIGN,12-01-2023,1
276,ABIA,12-01-2023,10
276,ADAMAWA,12-01-2023,0
276,AKWA IBOM,12-01-2023,3
276,BAUCHI,12-01-2023,0
276,BAYELSA,12-01-2023,0
276,BENUE,12-01-2023,0
276,BORNO,12-01-2023,0
276,CROSS RIVER,12-01-2023,0
276,DELTA,12-01-2023,5
276,EBONYI,12-01-2023,38
276,EDO,12-01-2023,0
276,EKITI,12-01-2023,0
276,ENUGU,12-01-2023,86
276,GOMBE,12-01-2023,0
276,IMO,12-01-2023,30
276,JIGAWA,12-01-2023,0
276,KADUNA,12-01-2023,0
276,KANO,12-01-2023,0
276,KATSINA,12-01-2023,0
276,KEBBI,12-01-2023,0
276,KOGI,12-01-2023,1
276,KWARA,12-01-2023,0
276,LAGOS,12-01-2023,0
276,NASARAWA,12-01-2023,0
276,NIGER,12-01-2023,0
276,OGUN,12-01-2023,0
276,ONDO,12-01-2023,0
276,OSUN,12-01-2023,0
276,OYO,12-01-2023,0
276,PLATEAU,12-01-2023,0
276,RIVERS,12-01-2023,1
276,SOKOTO,12-01-2023,0
276,TARABA,12-01-2023,0
276,YOBE,12-01-2023,0
276,ZAMFARA,12-01-2023,0
276,FCT,12-01-2023,0
276,FOREIGN,12-01-2023,0
277,ABIA,12-01-2023,8
277,ADAMAWA,12-01-2023,3
277,AKWA IBOM,12-01-2023,5
277,BAUCHI,12-01-2023,0
277,BAYELSA,12-01-2023,0
277,BENUE,12-01-2023,1
277,BORNO,12-01-2023,0
277,CROSS RIVER,12-01-2023,12
277,DELTA,12-01-2023,5
277,EBONYI,12-01-2023,43
277,EDO,12-01-2023,0
277,EKITI,12-01-2023,0
277,ENUGU,12-01-2023,64
277,GOMBE,12-01-2023,0
277,IMO,12-01-2023,9
277,JIGAWA,12-01-2023,0
277,KADUNA,12-01-2023,0
277,KANO,12-01-2023,0
277,KATSINA,12-01-2023,0
277,KEBBI,12-01-2023,0
277,KOGI,12-01-2023,2
277,KWARA,12-01-2023,0
277,LAGOS,12-01-2023,0
277,NASARAWA,12-01-2023,0
277,NIGER,12-01-2023,0
277,OGUN,12-01-2023,0
277,ONDO,12-01-2023,0
277,OSUN,12-01-2023,2
277,OYO,12-01-2023,1
277,PLATEAU,12-01-2023,2
277,RIVERS,12-01-2023,0
277,SOKOTO,12-01-2023,0
277,TARABA,12-01-2023,1
277,YOBE,12-01-2023,0
277,ZAMFARA,12-01-2023,0
277,FCT,12-01-2023,0
277,FOREIGN,12-01-2023,0
270,ABIA,12-01-2023,2
270,ADAMAWA,12-01-2023,0
270,AKWA IBOM,12-01-2023,1
270,BAUCHI,12-01-2023,0
270,BAYELSA,12-01-2023,0
270,BENUE,12-01-2023,3
270,BORNO,12-01-2023,0
270,CROSS RIVER,12-01-2023,0
270,DELTA,12-01-2023,1
270,EBONYI,12-01-2023,100
270,EDO,12-01-2023,2
270,EKITI,12-01-2023,0
270,ENUGU,12-01-2023,37
270,GOMBE,12-01-2023,0
270,IMO,12-01-2023,4
270,JIGAWA,12-01-2023,0
270,KADUNA,12-01-2023,0
270,KANO,12-01-2023,0
270,KATSINA,12-01-2023,0
270,KEBBI,12-01-2023,0
270,KOGI,12-01-2023,0
270,KWARA,12-01-2023,0
270,LAGOS,12-01-2023,0
270,NASARAWA,12-01-2023,0
270,NIGER,12-01-2023,1
270,OGUN,12-01-2023,0
270,ONDO,12-01-2023,0
270,OSUN,12-01-2023,0
270,OYO,12-01-2023,0
270,PLATEAU,12-01-2023,1
270,RIVERS,12-01-2023,0
270,SOKOTO,12-01-2023,0
270,TARABA,12-01-2023,0
270,YOBE,12-01-2023,0
270,ZAMFARA,12-01-2023,0
270,FCT,12-01-2023,0
270,FOREIGN,12-01-2023,0
274,ABIA,12-01-2023,0
274,ADAMAWA,12-01-2023,0
274,AKWA IBOM,12-01-2023,1
274,BAUCHI,12-01-2023,0
274,BAYELSA,12-01-2023,0
274,BENUE,12-01-2023,0
274,BORNO,12-01-2023,0
274,CROSS RIVER,12-01-2023,0
274,DELTA,12-01-2023,4
274,EBONYI,12-01-2023,34
274,EDO,12-01-2023,0
274,EKITI,12-01-2023,0
274,ENUGU,12-01-2023,17
274,GOMBE,12-01-2023,0
274,IMO,12-01-2023,7
274,JIGAWA,12-01-2023,0
274,KADUNA,12-01-2023,0
274,KANO,12-01-2023,0
274,KATSINA,12-01-2023,0
274,KEBBI,12-01-2023,0
274,KOGI,12-01-2023,0
274,KWARA,12-01-2023,0
274,LAGOS,12-01-2023,0
274,NASARAWA,12-01-2023,0
274,NIGER,12-01-2023,0
274,OGUN,12-01-2023,0
274,ONDO,12-01-2023,0
274,OSUN,12-01-2023,1
274,OYO,12-01-2023,1
274,PLATEAU,12-01-2023,1
274,RIVERS,12-01-2023,0
274,SOKOTO,12-01-2023,0
274,TARABA,12-01-2023,0
274,YOBE,12-01-2023,0
274,ZAMFARA,12-01-2023,0
274,FCT,12-01-2023,0
274,FOREIGN,12-01-2023,3
272,ABIA,12-01-2023,0
272,ADAMAWA,12-01-2023,2
272,AKWA IBOM,12-01-2023,0
272,BAUCHI,12-01-2023,0
272,BAYELSA,12-01-2023,0
272,BENUE,12-01-2023,0
272,BORNO,12-01-2023,0
272,CROSS RIVER,12-01-2023,1
272,DELTA,12-01-2023,2
272,EBONYI,12-01-2023,42
272,EDO,12-01-2023,0
272,EKITI,12-01-2023,0
272,ENUGU,12-01-2023,18
272,GOMBE,12-01-2023,0
272,IMO,12-01-2023,8
272,JIGAWA,12-01-2023,0
272,KADUNA,12-01-2023,0
272,KANO,12-01-2023,0
272,KATSINA,12-01-2023,0
272,KEBBI,12-01-2023,0
272,KOGI,12-01-2023,0
272,KWARA,12-01-2023,0
272,LAGOS,12-01-2023,0
272,NASARAWA,12-01-2023,0
272,NIGER,12-01-2023,0
272,OGUN,12-01-2023,0
272,ONDO,12-01-2023,0
272,OSUN,12-01-2023,0
272,OYO,12-01-2023,0
272,PLATEAU,12-01-2023,0
272,RIVERS,12-01-2023,0
272,SOKOTO,12-01-2023,0
272,TARABA,12-01-2023,2
272,YOBE,12-01-2023,0
272,ZAMFARA,12-01-2023,0
272,FCT,12-01-2023,0
272,FOREIGN,12-01-2023,0
273,ABIA,12-01-2023,1
273,ADAMAWA,12-01-2023,1
273,AKWA IBOM,12-01-2023,0
273,BAUCHI,12-01-2023,0
273,BAYELSA,12-01-2023,0
273,BENUE,12-01-2023,0
273,BORNO,12-01-2023,0
273,CROSS RIVER,12-01-2023,1
273,DELTA,12-01-2023,3
273,EBONYI,12-01-2023,18
273,EDO,12-01-2023,0
273,EKITI,12-01-2023,0
273,ENUGU,12-01-2023,13
273,GOMBE,12-01-2023,0
273,IMO,12-01-2023,6
273,JIGAWA,12-01-2023,0
273,KADUNA,12-01-2023,0
273,KANO,12-01-2023,0
273,KATSINA,12-01-2023,0
273,KEBBI,12-01-2023,0
273,KOGI,12-01-2023,0
273,KWARA,12-01-2023,0
273,LAGOS,12-01-2023,0
273,NASARAWA,12-01-2023,0
273,NIGER,12-01-2023,0
273,OGUN,12-01-2023,1
273,ONDO,12-01-2023,0
273,OSUN,12-01-2023,0
273,OYO,12-01-2023,0
273,PLATEAU,12-01-2023,0
273,RIVERS,12-01-2023,1
273,SOKOTO,12-01-2023,0
273,TARABA,12-01-2023,1
273,YOBE,12-01-2023,0
273,ZAMFARA,12-01-2023,0
273,FCT,12-01-2023,0
273,FOREIGN,12-01-2023,0
275,ABIA,12-01-2023,28
275,ADAMAWA,12-01-2023,0
275,AKWA IBOM,12-01-2023,0
275,BAUCHI,12-01-2023,0
275,BAYELSA,12-01-2023,0
275,BENUE,12-01-2023,0
275,BORNO,12-01-2023,0
275,CROSS RIVER,12-01-2023,0
275,DELTA,12-01-2023,8
275,EBONYI,12-01-2023,46
275,EDO,12-01-2023,1
275,EKITI,12-01-2023,1
275,ENUGU,12-01-2023,230
275,GOMBE,12-01-2023,0
275,IMO,12-01-2023,159
275,JIGAWA,12-01-2023,0
275,KADUNA,12-01-2023,0
275,KANO,12-01-2023,0
275,KATSINA,12-01-2023,0
275,KEBBI,12-01-2023,1
275,KOGI,12-01-2023,0
275,KWARA,12-01-2023,0
275,LAGOS,12-01-2023,0
275,NASARAWA,12-01-2023,0
275,NIGER,12-01-2023,0
275,OGUN,12-01-2023,1
275,ONDO,12-01-2023,0
275,OSUN,12-01-2023,0
275,OYO,12-01-2023,0
275,PLATEAU,12-01-2023,0
275,RIVERS,12-01-2023,1
275,SOKOTO,12-01-2023,0
275,TARABA,12-01-2023,0
275,YOBE,12-01-2023,0
275,ZAMFARA,12-01-2023,0
275,FCT,12-01-2023,0
275,FOREIGN,12-01-2023,0
271,ABIA,12-01-2023,0
271,ADAMAWA,12-01-2023,0
271,AKWA IBOM,12-01-2023,0
271,BAUCHI,12-01-2023,0
271,BAYELSA,12-01-2023,0
271,BENUE,12-01-2023,0
271,BORNO,12-01-2023,0
271,CROSS RIVER,12-01-2023,0
271,DELTA,12-01-2023,0
271,EBONYI,12-01-2023,1
271,EDO,12-01-2023,0
271,EKITI,12-01-2023,0
271,ENUGU,12-01-2023,0
271,GOMBE,12-01-2023,0
271,IMO,12-01-2023,0
271,JIGAWA,12-01-2023,0
271,KADUNA,12-01-2023,0
271,KANO,12-01-2023,0
271,KATSINA,12-01-2023,0
271,KEBBI,12-01-2023,0
271,KOGI,12-01-2023,0
271,KWARA,12-01-2023,0
271,LAGOS,12-01-2023,0
271,NASARAWA,12-01-2023,0
271,NIGER,12-01-2023,0
271,OGUN,12-01-2023,0
271,ONDO,12-01-2023,0
271,OSUN,12-01-2023,0
271,OYO,12-01-2023,0
271,PLATEAU,12-01-2023,0
271,RIVERS,12-01-2023,0
271,SOKOTO,12-01-2023,0
271,TARABA,12-01-2023,0
271,YOBE,12-01-2023,0
271,ZAMFARA,12-01-2023,0
271,FCT,12-01-2023,0
271,FOREIGN,12-01-2023,0
570,ABIA,12-01-2023,8
570,ADAMAWA,12-01-2023,0
570,AKWA IBOM,12-01-2023,5
570,BAUCHI,12-01-2023,0
570,BAYELSA,12-01-2023,0
570,BENUE,12-01-2023,16
570,BORNO,12-01-2023,0
570,CROSS RIVER,12-01-2023,2
570,DELTA,12-01-2023,4
570,EBONYI,12-01-2023,30
570,EDO,12-01-2023,1
570,EKITI,12-01-2023,1
570,ENUGU,12-01-2023,15
570,GOMBE,12-01-2023,0
570,IMO,12-01-2023,20
570,JIGAWA,12-01-2023,0
570,KADUNA,12-01-2023,0
570,KANO,12-01-2023,0
570,KATSINA,12-01-2023,0
570,KEBBI,12-01-2023,0
570,KOGI,12-01-2023,1
570,KWARA,12-01-2023,0
570,LAGOS,12-01-2023,0
570,NASARAWA,12-01-2023,0
570,NIGER,12-01-2023,0
570,OGUN,12-01-2023,0
570,ONDO,12-01-2023,0
570,OSUN,12-01-2023,0
570,OYO,12-01-2023,0
570,PLATEAU,12-01-2023,0
570,RIVERS,12-01-2023,1
570,SOKOTO,12-01-2023,0
570,TARABA,12-01-2023,0
570,YOBE,12-01-2023,0
570,ZAMFARA,12-01-2023,0
570,FCT,12-01-2023,0
570,FOREIGN,12-01-2023,0
571,ABIA,12-01-2023,0
571,ADAMAWA,12-01-2023,0
571,AKWA IBOM,12-01-2023,0
571,BAUCHI,12-01-2023,0
571,BAYELSA,12-01-2023,0
571,BENUE,12-01-2023,2
571,BORNO,12-01-2023,0
571,CROSS RIVER,12-01-2023,0
571,DELTA,12-01-2023,1
571,EBONYI,12-01-2023,6
571,EDO,12-01-2023,0
571,EKITI,12-01-2023,0
571,ENUGU,12-01-2023,15
571,GOMBE,12-01-2023,0
571,IMO,12-01-2023,4
571,JIGAWA,12-01-2023,0
571,KADUNA,12-01-2023,0
571,KANO,12-01-2023,0
571,KATSINA,12-01-2023,0
571,KEBBI,12-01-2023,0
571,KOGI,12-01-2023,0
571,KWARA,12-01-2023,0
571,LAGOS,12-01-2023,0
571,NASARAWA,12-01-2023,1
571,NIGER,12-01-2023,0
571,OGUN,12-01-2023,0
571,ONDO,12-01-2023,0
571,OSUN,12-01-2023,1
571,OYO,12-01-2023,0
571,PLATEAU,12-01-2023,0
571,RIVERS,12-01-2023,0
571,SOKOTO,12-01-2023,0
571,TARABA,12-01-2023,0
571,YOBE,12-01-2023,0
571,ZAMFARA,12-01-2023,0
571,FCT,12-01-2023,0
571,FOREIGN,12-01-2023,0
575,ABIA,12-01-2023,4
575,ADAMAWA,12-01-2023,0
575,AKWA IBOM,12-01-2023,0
575,BAUCHI,12-01-2023,0
575,BAYELSA,12-01-2023,0
575,BENUE,12-01-2023,1
575,BORNO,12-01-2023,0
575,CROSS RIVER,12-01-2023,0
575,DELTA,12-01-2023,2
575,EBONYI,12-01-2023,35
575,EDO,12-01-2023,1
575,EKITI,12-01-2023,1
575,ENUGU,12-01-2023,34
575,GOMBE,12-01-2023,0
575,IMO,12-01-2023,5
575,JIGAWA,12-01-2023,0
575,KADUNA,12-01-2023,0
575,KANO,12-01-2023,0
575,KATSINA,12-01-2023,0
575,KEBBI,12-01-2023,0
575,KOGI,12-01-2023,1
575,KWARA,12-01-2023,0
575,LAGOS,12-01-2023,0
575,NASARAWA,12-01-2023,0
575,NIGER,12-01-2023,0
575,OGUN,12-01-2023,0
575,ONDO,12-01-2023,0
575,OSUN,12-01-2023,0
575,OYO,12-01-2023,0
575,PLATEAU,12-01-2023,0
575,RIVERS,12-01-2023,1
575,SOKOTO,12-01-2023,0
575,TARABA,12-01-2023,0
575,YOBE,12-01-2023,0
575,ZAMFARA,12-01-2023,0
575,FCT,12-01-2023,0
575,FOREIGN,12-01-2023,0
573,ABIA,12-01-2023,7
573,ADAMAWA,12-01-2023,0
573,AKWA IBOM,12-01-2023,2
573,BAUCHI,12-01-2023,0
573,BAYELSA,12-01-2023,0
573,BENUE,12-01-2023,1
573,BORNO,12-01-2023,0
573,CROSS RIVER,12-01-2023,2
573,DELTA,12-01-2023,1
573,EBONYI,12-01-2023,36
573,EDO,12-01-2023,1
573,EKITI,12-01-2023,0
573,ENUGU,12-01-2023,29
573,GOMBE,12-01-2023,0
573,IMO,12-01-2023,1
573,JIGAWA,12-01-2023,0
573,KADUNA,12-01-2023,0
573,KANO,12-01-2023,0
573,KATSINA,12-01-2023,0
573,KEBBI,12-01-2023,0
573,KOGI,12-01-2023,0
573,KWARA,12-01-2023,0
573,LAGOS,12-01-2023,0
573,NASARAWA,12-01-2023,0
573,NIGER,12-01-2023,1
573,OGUN,12-01-2023,0
573,ONDO,12-01-2023,0
573,OSUN,12-01-2023,0
573,OYO,12-01-2023,0
573,PLATEAU,12-01-2023,0
573,RIVERS,12-01-2023,0
573,SOKOTO,12-01-2023,0
573,TARABA,12-01-2023,0
573,YOBE,12-01-2023,0
573,ZAMFARA,12-01-2023,0
573,FCT,12-01-2023,0
573,FOREIGN,12-01-2023,1
577,ABIA,12-01-2023,0
577,ADAMAWA,12-01-2023,0
577,AKWA IBOM,12-01-2023,1
577,BAUCHI,12-01-2023,0
577,BAYELSA,12-01-2023,0
577,BENUE,12-01-2023,0
577,BORNO,12-01-2023,0
577,CROSS RIVER,12-01-2023,1
577,DELTA,12-01-2023,5
577,EBONYI,12-01-2023,24
577,EDO,12-01-2023,0
577,EKITI,12-01-2023,0
577,ENUGU,12-01-2023,78
577,GOMBE,12-01-2023,0
577,IMO,12-01-2023,10
577,JIGAWA,12-01-2023,0
577,KADUNA,12-01-2023,0
577,KANO,12-01-2023,0
577,KATSINA,12-01-2023,0
577,KEBBI,12-01-2023,0
577,KOGI,12-01-2023,0
577,KWARA,12-01-2023,0
577,LAGOS,12-01-2023,0
577,NASARAWA,12-01-2023,0
577,NIGER,12-01-2023,0
577,OGUN,12-01-2023,0
577,ONDO,12-01-2023,0
577,OSUN,12-01-2023,0
577,OYO,12-01-2023,0
577,PLATEAU,12-01-2023,0
577,RIVERS,12-01-2023,1
577,SOKOTO,12-01-2023,0
577,TARABA,12-01-2023,0
577,YOBE,12-01-2023,0
577,ZAMFARA,12-01-2023,0
577,FCT,12-01-2023,0
577,FOREIGN,12-01-2023,0
567,ABIA,12-01-2023,0
567,ADAMAWA,12-01-2023,0
567,AKWA IBOM,12-01-2023,2
567,BAUCHI,12-01-2023,0
567,BAYELSA,12-01-2023,0
567,BENUE,12-01-2023,0
567,BORNO,12-01-2023,0
567,CROSS RIVER,12-01-2023,0
567,DELTA,12-01-2023,3
567,EBONYI,12-01-2023,4
567,EDO,12-01-2023,1
567,EKITI,12-01-2023,0
567,ENUGU,12-01-2023,14
567,GOMBE,12-01-2023,0
567,IMO,12-01-2023,3
567,JIGAWA,12-01-2023,0
567,KADUNA,12-01-2023,0
567,KANO,12-01-2023,0
567,KATSINA,12-01-2023,0
567,KEBBI,12-01-2023,0
567,KOGI,12-01-2023,0
567,KWARA,12-01-2023,0
567,LAGOS,12-01-2023,0
567,NASARAWA,12-01-2023,0
567,NIGER,12-01-2023,0
567,OGUN,12-01-2023,0
567,ONDO,12-01-2023,0
567,OSUN,12-01-2023,0
567,OYO,12-01-2023,0
567,PLATEAU,12-01-2023,1
567,RIVERS,12-01-2023,0
567,SOKOTO,12-01-2023,0
567,TARABA,12-01-2023,1
567,YOBE,12-01-2023,0
567,ZAMFARA,12-01-2023,0
567,FCT,12-01-2023,0
567,FOREIGN,12-01-2023,1
568,ABIA,12-01-2023,0
568,ADAMAWA,12-01-2023,0
568,AKWA IBOM,12-01-2023,0
568,BAUCHI,12-01-2023,0
568,BAYELSA,12-01-2023,0
568,BENUE,12-01-2023,0
568,BORNO,12-01-2023,0
568,CROSS RIVER,12-01-2023,1
568,DELTA,12-01-2023,2
568,EBONYI,12-01-2023,8
568,EDO,12-01-2023,0
568,EKITI,12-01-2023,0
568,ENUGU,12-01-2023,8
568,GOMBE,12-01-2023,0
568,IMO,12-01-2023,2
568,JIGAWA,12-01-2023,0
568,KADUNA,12-01-2023,0
568,KANO,12-01-2023,0
568,KATSINA,12-01-2023,0
568,KEBBI,12-01-2023,0
568,KOGI,12-01-2023,0
568,KWARA,12-01-2023,0
568,LAGOS,12-01-2023,0
568,NASARAWA,12-01-2023,0
568,NIGER,12-01-2023,0
568,OGUN,12-01-2023,0
568,ONDO,12-01-2023,0
568,OSUN,12-01-2023,0
568,OYO,12-01-2023,0
568,PLATEAU,12-01-2023,1
568,RIVERS,12-01-2023,0
568,SOKOTO,12-01-2023,0
568,TARABA,12-01-2023,0
568,YOBE,12-01-2023,0
568,ZAMFARA,12-01-2023,0
568,FCT,12-01-2023,0
568,FOREIGN,12-01-2023,0
572,ABIA,12-01-2023,3
572,ADAMAWA,12-01-2023,0
572,AKWA IBOM,12-01-2023,0
572,BAUCHI,12-01-2023,0
572,BAYELSA,12-01-2023,0
572,BENUE,12-01-2023,6
572,BORNO,12-01-2023,0
572,CROSS RIVER,12-01-2023,0
572,DELTA,12-01-2023,0
572,EBONYI,12-01-2023,42
572,EDO,12-01-2023,0
572,EKITI,12-01-2023,0
572,ENUGU,12-01-2023,31
572,GOMBE,12-01-2023,0
572,IMO,12-01-2023,8
572,JIGAWA,12-01-2023,0
572,KADUNA,12-01-2023,0
572,KANO,12-01-2023,0
572,KATSINA,12-01-2023,0
572,KEBBI,12-01-2023,0
572,KOGI,12-01-2023,0
572,KWARA,12-01-2023,0
572,LAGOS,12-01-2023,0
572,NASARAWA,12-01-2023,0
572,NIGER,12-01-2023,0
572,OGUN,12-01-2023,0
572,ONDO,12-01-2023,0
572,OSUN,12-01-2023,0
572,OYO,12-01-2023,0
572,PLATEAU,12-01-2023,0
572,RIVERS,12-01-2023,0
572,SOKOTO,12-01-2023,0
572,TARABA,12-01-2023,0
572,YOBE,12-01-2023,0
572,ZAMFARA,12-01-2023,0
572,FCT,12-01-2023,0
572,FOREIGN,12-01-2023,0
569,ABIA,12-01-2023,3
569,ADAMAWA,12-01-2023,0
569,AKWA IBOM,12-01-2023,0
569,BAUCHI,12-01-2023,0
569,BAYELSA,12-01-2023,0
569,BENUE,12-01-2023,7
569,BORNO,12-01-2023,0
569,CROSS RIVER,12-01-2023,0
569,DELTA,12-01-2023,1
569,EBONYI,12-01-2023,48
569,EDO,12-01-2023,1
569,EKITI,12-01-2023,0
569,ENUGU,12-01-2023,15
569,GOMBE,12-01-2023,0
569,IMO,12-01-2023,5
569,JIGAWA,12-01-2023,0
569,KADUNA,12-01-2023,0
569,KANO,12-01-2023,0
569,KATSINA,12-01-2023,0
569,KEBBI,12-01-2023,0
569,KOGI,12-01-2023,1
569,KWARA,12-01-2023,0
569,LAGOS,12-01-2023,0
569,NASARAWA,12-01-2023,0
569,NIGER,12-01-2023,0
569,OGUN,12-01-2023,0
569,ONDO,12-01-2023,1
569,OSUN,12-01-2023,0
569,OYO,12-01-2023,0
569,PLATEAU,12-01-2023,0
569,RIVERS,12-01-2023,0
569,SOKOTO,12-01-2023,0
569,TARABA,12-01-2023,0
569,YOBE,12-01-2023,0
569,ZAMFARA,12-01-2023,1
569,FCT,12-01-2023,0
569,FOREIGN,12-01-2023,1
574,ABIA,12-01-2023,7
574,ADAMAWA,12-01-2023,1
574,AKWA IBOM,12-01-2023,0
574,BAUCHI,12-01-2023,0
574,BAYELSA,12-01-2023,0
574,BENUE,12-01-2023,1
574,BORNO,12-01-2023,0
574,CROSS RIVER,12-01-2023,0
574,DELTA,12-01-2023,4
574,EBONYI,12-01-2023,34
574,EDO,12-01-2023,0
574,EKITI,12-01-2023,0
574,ENUGU,12-01-2023,44
574,GOMBE,12-01-2023,0
574,IMO,12-01-2023,8
574,JIGAWA,12-01-2023,0
574,KADUNA,12-01-2023,0
574,KANO,12-01-2023,0
574,KATSINA,12-01-2023,0
574,KEBBI,12-01-2023,1
574,KOGI,12-01-2023,0
574,KWARA,12-01-2023,0
574,LAGOS,12-01-2023,0
574,NASARAWA,12-01-2023,0
574,NIGER,12-01-2023,0
574,OGUN,12-01-2023,0
574,ONDO,12-01-2023,0
574,OSUN,12-01-2023,0
574,OYO,12-01-2023,0
574,PLATEAU,12-01-2023,1
574,RIVERS,12-01-2023,1
574,SOKOTO,12-01-2023,0
574,TARABA,12-01-2023,0
574,YOBE,12-01-2023,0
574,ZAMFARA,12-01-2023,0
574,FCT,12-01-2023,0
574,FOREIGN,12-01-2023,0
576,ABIA,12-01-2023,1
576,ADAMAWA,12-01-2023,5
576,AKWA IBOM,12-01-2023,0
576,BAUCHI,12-01-2023,0
576,BAYELSA,12-01-2023,0
576,BENUE,12-01-2023,0
576,BORNO,12-01-2023,0
576,CROSS RIVER,12-01-2023,7
576,DELTA,12-01-2023,1
576,EBONYI,12-01-2023,52
576,EDO,12-01-2023,0
576,EKITI,12-01-2023,0
576,ENUGU,12-01-2023,34
576,GOMBE,12-01-2023,0
576,IMO,12-01-2023,5
576,JIGAWA,12-01-2023,0
576,KADUNA,12-01-2023,0
576,KANO,12-01-2023,0
576,KATSINA,12-01-2023,0
576,KEBBI,12-01-2023,0
576,KOGI,12-01-2023,0
576,KWARA,12-01-2023,0
576,LAGOS,12-01-2023,0
576,NASARAWA,12-01-2023,0
576,NIGER,12-01-2023,0
576,OGUN,12-01-2023,0
576,ONDO,12-01-2023,0
576,OSUN,12-01-2023,0
576,OYO,12-01-2023,0
576,PLATEAU,12-01-2023,0
576,RIVERS,12-01-2023,0
576,SOKOTO,12-01-2023,0
576,TARABA,12-01-2023,3
576,YOBE,12-01-2023,0
576,ZAMFARA,12-01-2023,0
576,FCT,12-01-2023,0
576,FOREIGN,12-01-2023,0
593,ABIA,12-01-2023,40
593,ADAMAWA,12-01-2023,0
593,AKWA IBOM,12-01-2023,6
593,BAUCHI,12-01-2023,0
593,BAYELSA,12-01-2023,0
593,BENUE,12-01-2023,2
593,BORNO,12-01-2023,0
593,CROSS RIVER,12-01-2023,1
593,DELTA,12-01-2023,4
593,EBONYI,12-01-2023,86
593,EDO,12-01-2023,4
593,EKITI,12-01-2023,0
593,ENUGU,12-01-2023,162
593,GOMBE,12-01-2023,0
593,IMO,12-01-2023,80
593,JIGAWA,12-01-2023,0
593,KADUNA,12-01-2023,0
593,KANO,12-01-2023,0
593,KATSINA,12-01-2023,0
593,KEBBI,12-01-2023,0
593,KOGI,12-01-2023,0
593,KWARA,12-01-2023,0
593,LAGOS,12-01-2023,0
593,NASARAWA,12-01-2023,0
593,NIGER,12-01-2023,0
593,OGUN,12-01-2023,0
593,ONDO,12-01-2023,1
593,OSUN,12-01-2023,1
593,OYO,12-01-2023,0
593,PLATEAU,12-01-2023,0
593,RIVERS,12-01-2023,2
593,SOKOTO,12-01-2023,0
593,TARABA,12-01-2023,0
593,YOBE,12-01-2023,0
593,ZAMFARA,12-01-2023,0
593,FCT,12-01-2023,0
593,FOREIGN,12-01-2023,0
594,ABIA,12-01-2023,25
594,ADAMAWA,12-01-2023,0
594,AKWA IBOM,12-01-2023,2
594,BAUCHI,12-01-2023,0
594,BAYELSA,12-01-2023,0
594,BENUE,12-01-2023,2
594,BORNO,12-01-2023,0
594,CROSS RIVER,12-01-2023,1
594,DELTA,12-01-2023,2
594,EBONYI,12-01-2023,52
594,EDO,12-01-2023,1
594,EKITI,12-01-2023,1
594,ENUGU,12-01-2023,211
594,GOMBE,12-01-2023,0
594,IMO,12-01-2023,93
594,JIGAWA,12-01-2023,0
594,KADUNA,12-01-2023,0
594,KANO,12-01-2023,0
594,KATSINA,12-01-2023,0
594,KEBBI,12-01-2023,0
594,KOGI,12-01-2023,0
594,KWARA,12-01-2023,0
594,LAGOS,12-01-2023,0
594,NASARAWA,12-01-2023,0
594,NIGER,12-01-2023,0
594,OGUN,12-01-2023,0
594,ONDO,12-01-2023,0
594,OSUN,12-01-2023,1
594,OYO,12-01-2023,0
594,PLATEAU,12-01-2023,0
594,RIVERS,12-01-2023,1
594,SOKOTO,12-01-2023,0
594,TARABA,12-01-2023,0
594,YOBE,12-01-2023,0
594,ZAMFARA,12-01-2023,0
594,FCT,12-01-2023,0
594,FOREIGN,12-01-2023,0
596,ABIA,12-01-2023,64
596,ADAMAWA,12-01-2023,1
596,AKWA IBOM,12-01-2023,19
596,BAUCHI,12-01-2023,0
596,BAYELSA,12-01-2023,0
596,BENUE,12-01-2023,5
596,BORNO,12-01-2023,0
596,CROSS RIVER,12-01-2023,4
596,DELTA,12-01-2023,16
596,EBONYI,12-01-2023,222
596,EDO,12-01-2023,3
596,EKITI,12-01-2023,0
596,ENUGU,12-01-2023,364
596,GOMBE,12-01-2023,0
596,IMO,12-01-2023,139
596,JIGAWA,12-01-2023,0
596,KADUNA,12-01-2023,0
596,KANO,12-01-2023,0
596,KATSINA,12-01-2023,0
596,KEBBI,12-01-2023,0
596,KOGI,12-01-2023,2
596,KWARA,12-01-2023,0
596,LAGOS,12-01-2023,0
596,NASARAWA,12-01-2023,1
596,NIGER,12-01-2023,0
596,OGUN,12-01-2023,0
596,ONDO,12-01-2023,2
596,OSUN,12-01-2023,1
596,OYO,12-01-2023,0
596,PLATEAU,12-01-2023,7
596,RIVERS,12-01-2023,2
596,SOKOTO,12-01-2023,0
596,TARABA,12-01-2023,1
596,YOBE,12-01-2023,0
596,ZAMFARA,12-01-2023,0
596,FCT,12-01-2023,0
596,FOREIGN,12-01-2023,0
595,ABIA,12-01-2023,38
595,ADAMAWA,12-01-2023,1
595,AKWA IBOM,12-01-2023,13
595,BAUCHI,12-01-2023,0
595,BAYELSA,12-01-2023,0
595,BENUE,12-01-2023,7
595,BORNO,12-01-2023,0
595,CROSS RIVER,12-01-2023,3
595,DELTA,12-01-2023,3
595,EBONYI,12-01-2023,113
595,EDO,12-01-2023,2
595,EKITI,12-01-2023,0
595,ENUGU,12-01-2023,178
595,GOMBE,12-01-2023,0
595,IMO,12-01-2023,99
595,JIGAWA,12-01-2023,1
595,KADUNA,12-01-2023,0
595,KANO,12-01-2023,0
595,KATSINA,12-01-2023,0
595,KEBBI,12-01-2023,0
595,KOGI,12-01-2023,4
595,KWARA,12-01-2023,1
595,LAGOS,12-01-2023,0
595,NASARAWA,12-01-2023,1
595,NIGER,12-01-2023,0
595,OGUN,12-01-2023,0
595,ONDO,12-01-2023,0
595,OSUN,12-01-2023,0
595,OYO,12-01-2023,0
595,PLATEAU,12-01-2023,13
595,RIVERS,12-01-2023,12
595,SOKOTO,12-01-2023,0
595,TARABA,12-01-2023,0
595,YOBE,12-01-2023,0
595,ZAMFARA,12-01-2023,0
595,FCT,12-01-2023,0
595,FOREIGN,12-01-2023,0
597,ABIA,12-01-2023,46
597,ADAMAWA,12-01-2023,1
597,AKWA IBOM,12-01-2023,14
597,BAUCHI,12-01-2023,0
597,BAYELSA,12-01-2023,3
597,BENUE,12-01-2023,1
597,BORNO,12-01-2023,0
597,CROSS RIVER,12-01-2023,6
597,DELTA,12-01-2023,11
597,EBONYI,12-01-2023,99
597,EDO,12-01-2023,4
597,EKITI,12-01-2023,0
597,ENUGU,12-01-2023,192
597,GOMBE,12-01-2023,0
597,IMO,12-01-2023,89
597,JIGAWA,12-01-2023,0
597,KADUNA,12-01-2023,0
597,KANO,12-01-2023,0
597,KATSINA,12-01-2023,0
597,KEBBI,12-01-2023,4
597,KOGI,12-01-2023,0
597,KWARA,12-01-2023,0
597,LAGOS,12-01-2023,0
597,NASARAWA,12-01-2023,0
597,NIGER,12-01-2023,0
597,OGUN,12-01-2023,0
597,ONDO,12-01-2023,1
597,OSUN,12-01-2023,1
597,OYO,12-01-2023,1
597,PLATEAU,12-01-2023,5
597,RIVERS,12-01-2023,1
597,SOKOTO,12-01-2023,0
597,TARABA,12-01-2023,1
597,YOBE,12-01-2023,0
597,ZAMFARA,12-01-2023,0
597,FCT,12-01-2023,0
597,FOREIGN,12-01-2023,1
598,ABIA,12-01-2023,29
598,ADAMAWA,12-01-2023,0
598,AKWA IBOM,12-01-2023,10
598,BAUCHI,12-01-2023,0
598,BAYELSA,12-01-2023,0
598,BENUE,12-01-2023,1
598,BORNO,12-01-2023,0
598,CROSS RIVER,12-01-2023,1
598,DELTA,12-01-2023,1
598,EBONYI,12-01-2023,107
598,EDO,12-01-2023,3
598,EKITI,12-01-2023,0
598,ENUGU,12-01-2023,109
598,GOMBE,12-01-2023,0
598,IMO,12-01-2023,40
598,JIGAWA,12-01-2023,0
598,KADUNA,12-01-2023,0
598,KANO,12-01-2023,0
598,KATSINA,12-01-2023,0
598,KEBBI,12-01-2023,0
598,KOGI,12-01-2023,2
598,KWARA,12-01-2023,0
598,LAGOS,12-01-2023,0
598,NASARAWA,12-01-2023,0
598,NIGER,12-01-2023,0
598,OGUN,12-01-2023,0
598,ONDO,12-01-2023,0
598,OSUN,12-01-2023,0
598,OYO,12-01-2023,1
598,PLATEAU,12-01-2023,1
598,RIVERS,12-01-2023,0
598,SOKOTO,12-01-2023,0
598,TARABA,12-01-2023,1
598,YOBE,12-01-2023,0
598,ZAMFARA,12-01-2023,0
598,FCT,12-01-2023,0
598,FOREIGN,12-01-2023,1
592,ABIA,12-01-2023,70
592,ADAMAWA,12-01-2023,4
592,AKWA IBOM,12-01-2023,16
592,BAUCHI,12-01-2023,0
592,BAYELSA,12-01-2023,0
592,BENUE,12-01-2023,4
592,BORNO,12-01-2023,0
592,CROSS RIVER,12-01-2023,4
592,DELTA,12-01-2023,5
592,EBONYI,12-01-2023,239
592,EDO,12-01-2023,0
592,EKITI,12-01-2023,0
592,ENUGU,12-01-2023,340
592,GOMBE,12-01-2023,0
592,IMO,12-01-2023,160
592,JIGAWA,12-01-2023,0
592,KADUNA,12-01-2023,1
592,KANO,12-01-2023,0
592,KATSINA,12-01-2023,0
592,KEBBI,12-01-2023,1
592,KOGI,12-01-2023,0
592,KWARA,12-01-2023,0
592,LAGOS,12-01-2023,0
592,NASARAWA,12-01-2023,0
592,NIGER,12-01-2023,0
592,OGUN,12-01-2023,0
592,ONDO,12-01-2023,0
592,OSUN,12-01-2023,2
592,OYO,12-01-2023,1
592,PLATEAU,12-01-2023,1
592,RIVERS,12-01-2023,4
592,SOKOTO,12-01-2023,0
592,TARABA,12-01-2023,0
592,YOBE,12-01-2023,0
592,ZAMFARA,12-01-2023,0
592,FCT,12-01-2023,0
592,FOREIGN,12-01-2023,0
591,ABIA,12-01-2023,37
591,ADAMAWA,12-01-2023,0
591,AKWA IBOM,12-01-2023,1
591,BAUCHI,12-01-2023,0
591,BAYELSA,12-01-2023,0
591,BENUE,12-01-2023,2
591,BORNO,12-01-2023,0
591,CROSS RIVER,12-01-2023,1
591,DELTA,12-01-2023,13
591,EBONYI,12-01-2023,317
591,EDO,12-01-2023,1
591,EKITI,12-01-2023,0
591,ENUGU,12-01-2023,218
591,GOMBE,12-01-2023,0
591,IMO,12-01-2023,89
591,JIGAWA,12-01-2023,0
591,KADUNA,12-01-2023,0
591,KANO,12-01-2023,0
591,KATSINA,12-01-2023,1
591,KEBBI,12-01-2023,0
591,KOGI,12-01-2023,0
591,KWARA,12-01-2023,0
591,LAGOS,12-01-2023,0
591,NASARAWA,12-01-2023,1
591,NIGER,12-01-2023,0
591,OGUN,12-01-2023,0
591,ONDO,12-01-2023,0
591,OSUN,12-01-2023,0
591,OYO,12-01-2023,0
591,PLATEAU,12-01-2023,2
591,RIVERS,12-01-2023,0
591,SOKOTO,12-01-2023,0
591,TARABA,12-01-2023,0
591,YOBE,12-01-2023,0
591,ZAMFARA,12-01-2023,0
591,FCT,12-01-2023,0
591,FOREIGN,12-01-2023,0
680,ABIA,12-01-2023,7
680,ADAMAWA,12-01-2023,0
680,AKWA IBOM,12-01-2023,2
680,BAUCHI,12-01-2023,0
680,BAYELSA,12-01-2023,0
680,BENUE,12-01-2023,0
680,BORNO,12-01-2023,0
680,CROSS RIVER,12-01-2023,0
680,DELTA,12-01-2023,0
680,EBONYI,12-01-2023,56
680,EDO,12-01-2023,0
680,EKITI,12-01-2023,0
680,ENUGU,12-01-2023,47
680,GOMBE,12-01-2023,0
680,IMO,12-01-2023,13
680,JIGAWA,12-01-2023,0
680,KADUNA,12-01-2023,0
680,KANO,12-01-2023,0
680,KATSINA,12-01-2023,0
680,KEBBI,12-01-2023,0
680,KOGI,12-01-2023,1
680,KWARA,12-01-2023,1
680,LAGOS,12-01-2023,0
680,NASARAWA,12-01-2023,0
680,NIGER,12-01-2023,0
680,OGUN,12-01-2023,1
680,ONDO,12-01-2023,0
680,OSUN,12-01-2023,1
680,OYO,12-01-2023,0
680,PLATEAU,12-01-2023,1
680,RIVERS,12-01-2023,2
680,SOKOTO,12-01-2023,0
680,TARABA,12-01-2023,0
680,YOBE,12-01-2023,0
680,ZAMFARA,12-01-2023,0
680,FCT,12-01-2023,0
680,FOREIGN,12-01-2023,0
671,ABIA,12-01-2023,3
671,ADAMAWA,12-01-2023,0
671,AKWA IBOM,12-01-2023,1
671,BAUCHI,12-01-2023,0
671,BAYELSA,12-01-2023,0
671,BENUE,12-01-2023,0
671,BORNO,12-01-2023,0
671,CROSS RIVER,12-01-2023,1
671,DELTA,12-01-2023,3
671,EBONYI,12-01-2023,74
671,EDO,12-01-2023,0
671,EKITI,12-01-2023,1
671,ENUGU,12-01-2023,58
671,GOMBE,12-01-2023,0
671,IMO,12-01-2023,36
671,JIGAWA,12-01-2023,0
671,KADUNA,12-01-2023,0
671,KANO,12-01-2023,0
671,KATSINA,12-01-2023,0
671,KEBBI,12-01-2023,0
671,KOGI,12-01-2023,1
671,KWARA,12-01-2023,0
671,LAGOS,12-01-2023,1
671,NASARAWA,12-01-2023,0
671,NIGER,12-01-2023,0
671,OGUN,12-01-2023,0
671,ONDO,12-01-2023,0
671,OSUN,12-01-2023,0
671,OYO,12-01-2023,0
671,PLATEAU,12-01-2023,1
671,RIVERS,12-01-2023,0
671,SOKOTO,12-01-2023,0
671,TARABA,12-01-2023,0
671,YOBE,12-01-2023,0
671,ZAMFARA,12-01-2023,0
671,FCT,12-01-2023,0
671,FOREIGN,12-01-2023,0
669,ABIA,12-01-2023,2
669,ADAMAWA,12-01-2023,0
669,AKWA IBOM,12-01-2023,1
669,BAUCHI,12-01-2023,1
669,BAYELSA,12-01-2023,0
669,BENUE,12-01-2023,0
669,BORNO,12-01-2023,0
669,CROSS RIVER,12-01-2023,1
669,DELTA,12-01-2023,0
669,EBONYI,12-01-2023,29
669,EDO,12-01-2023,0
669,EKITI,12-01-2023,0
669,ENUGU,12-01-2023,15
669,GOMBE,12-01-2023,0
669,IMO,12-01-2023,9
669,JIGAWA,12-01-2023,0
669,KADUNA,12-01-2023,0
669,KANO,12-01-2023,0
669,KATSINA,12-01-2023,0
669,KEBBI,12-01-2023,0
669,KOGI,12-01-2023,0
669,KWARA,12-01-2023,0
669,LAGOS,12-01-2023,0
669,NASARAWA,12-01-2023,0
669,NIGER,12-01-2023,0
669,OGUN,12-01-2023,0
669,ONDO,12-01-2023,0
669,OSUN,12-01-2023,0
669,OYO,12-01-2023,0
669,PLATEAU,12-01-2023,0
669,RIVERS,12-01-2023,0
669,SOKOTO,12-01-2023,0
669,TARABA,12-01-2023,0
669,YOBE,12-01-2023,0
669,ZAMFARA,12-01-2023,0
669,FCT,12-01-2023,0
669,FOREIGN,12-01-2023,0
672,ABIA,12-01-2023,1
672,ADAMAWA,12-01-2023,0
672,AKWA IBOM,12-01-2023,0
672,BAUCHI,12-01-2023,0
672,BAYELSA,12-01-2023,0
672,BENUE,12-01-2023,0
672,BORNO,12-01-2023,0
672,CROSS RIVER,12-01-2023,0
672,DELTA,12-01-2023,1
672,EBONYI,12-01-2023,4
672,EDO,12-01-2023,0
672,EKITI,12-01-2023,0
672,ENUGU,12-01-2023,2
672,GOMBE,12-01-2023,0
672,IMO,12-01-2023,4
672,JIGAWA,12-01-2023,0
672,KADUNA,12-01-2023,0
672,KANO,12-01-2023,0
672,KATSINA,12-01-2023,0
672,KEBBI,12-01-2023,0
672,KOGI,12-01-2023,0
672,KWARA,12-01-2023,0
672,LAGOS,12-01-2023,0
672,NASARAWA,12-01-2023,0
672,NIGER,12-01-2023,0
672,OGUN,12-01-2023,0
672,ONDO,12-01-2023,0
672,OSUN,12-01-2023,0
672,OYO,12-01-2023,0
672,PLATEAU,12-01-2023,0
672,RIVERS,12-01-2023,1
672,SOKOTO,12-01-2023,0
672,TARABA,12-01-2023,0
672,YOBE,12-01-2023,0
672,ZAMFARA,12-01-2023,0
672,FCT,12-01-2023,0
672,FOREIGN,12-01-2023,0
673,ABIA,12-01-2023,2
673,ADAMAWA,12-01-2023,0
673,AKWA IBOM,12-01-2023,2
673,BAUCHI,12-01-2023,0
673,BAYELSA,12-01-2023,0
673,BENUE,12-01-2023,1
673,BORNO,12-01-2023,0
673,CROSS RIVER,12-01-2023,0
673,DELTA,12-01-2023,2
673,EBONYI,12-01-2023,26
673,EDO,12-01-2023,0
673,EKITI,12-01-2023,0
673,ENUGU,12-01-2023,8
673,GOMBE,12-01-2023,0
673,IMO,12-01-2023,5
673,JIGAWA,12-01-2023,0
673,KADUNA,12-01-2023,0
673,KANO,12-01-2023,0
673,KATSINA,12-01-2023,0
673,KEBBI,12-01-2023,0
673,KOGI,12-01-2023,1
673,KWARA,12-01-2023,0
673,LAGOS,12-01-2023,0
673,NASARAWA,12-01-2023,0
673,NIGER,12-01-2023,0
673,OGUN,12-01-2023,0
673,ONDO,12-01-2023,0
673,OSUN,12-01-2023,0
673,OYO,12-01-2023,0
673,PLATEAU,12-01-2023,0
673,RIVERS,12-01-2023,1
673,SOKOTO,12-01-2023,0
673,TARABA,12-01-2023,0
673,YOBE,12-01-2023,0
673,ZAMFARA,12-01-2023,0
673,FCT,12-01-2023,0
673,FOREIGN,12-01-2023,0
667,ABIA,12-01-2023,0
667,ADAMAWA,12-01-2023,0
667,AKWA IBOM,12-01-2023,0
667,BAUCHI,12-01-2023,0
667,BAYELSA,12-01-2023,0
667,BENUE,12-01-2023,0
667,BORNO,12-01-2023,0
667,CROSS RIVER,12-01-2023,0
667,DELTA,12-01-2023,0
667,EBONYI,12-01-2023,0
667,EDO,12-01-2023,0
667,EKITI,12-01-2023,0
667,ENUGU,12-01-2023,0
667,GOMBE,12-01-2023,0
667,IMO,12-01-2023,0
667,JIGAWA,12-01-2023,0
667,KADUNA,12-01-2023,0
667,KANO,12-01-2023,0
667,KATSINA,12-01-2023,0
667,KEBBI,12-01-2023,0
667,KOGI,12-01-2023,0
667,KWARA,12-01-2023,0
667,LAGOS,12-01-2023,0
667,NASARAWA,12-01-2023,0
667,NIGER,12-01-2023,0
667,OGUN,12-01-2023,0
667,ONDO,12-01-2023,0
667,OSUN,12-01-2023,0
667,OYO,12-01-2023,0
667,PLATEAU,12-01-2023,0
667,RIVERS,12-01-2023,0
667,SOKOTO,12-01-2023,0
667,TARABA,12-01-2023,0
667,YOBE,12-01-2023,0
667,ZAMFARA,12-01-2023,0
667,FCT,12-01-2023,0
667,FOREIGN,12-01-2023,0
666,ABIA,12-01-2023,0
666,ADAMAWA,12-01-2023,0
666,AKWA IBOM,12-01-2023,0
666,BAUCHI,12-01-2023,0
666,BAYELSA,12-01-2023,0
666,BENUE,12-01-2023,0
666,BORNO,12-01-2023,0
666,CROSS RIVER,12-01-2023,0
666,DELTA,12-01-2023,0
666,EBONYI,12-01-2023,3
666,EDO,12-01-2023,0
666,EKITI,12-01-2023,0
666,ENUGU,12-01-2023,2
666,GOMBE,12-01-2023,0
666,IMO,12-01-2023,9
666,JIGAWA,12-01-2023,0
666,KADUNA,12-01-2023,0
666,KANO,12-01-2023,0
666,KATSINA,12-01-2023,0
666,KEBBI,12-01-2023,0
666,KOGI,12-01-2023,0
666,KWARA,12-01-2023,0
666,LAGOS,12-01-2023,0
666,NASARAWA,12-01-2023,0
666,NIGER,12-01-2023,0
666,OGUN,12-01-2023,0
666,ONDO,12-01-2023,0
666,OSUN,12-01-2023,0
666,OYO,12-01-2023,0
666,PLATEAU,12-01-2023,0
666,RIVERS,12-01-2023,0
666,SOKOTO,12-01-2023,0
666,TARABA,12-01-2023,0
666,YOBE,12-01-2023,0
666,ZAMFARA,12-01-2023,0
666,FCT,12-01-2023,0
666,FOREIGN,12-01-2023,0
677,ABIA,12-01-2023,0
677,ADAMAWA,12-01-2023,0
677,AKWA IBOM,12-01-2023,0
677,BAUCHI,12-01-2023,0
677,BAYELSA,12-01-2023,0
677,BENUE,12-01-2023,0
677,BORNO,12-01-2023,0
677,CROSS RIVER,12-01-2023,0
677,DELTA,12-01-2023,0
677,EBONYI,12-01-2023,5
677,EDO,12-01-2023,0
677,EKITI,12-01-2023,0
677,ENUGU,12-01-2023,1
677,GOMBE,12-01-2023,0
677,IMO,12-01-2023,4
677,JIGAWA,12-01-2023,0
677,KADUNA,12-01-2023,0
677,KANO,12-01-2023,0
677,KATSINA,12-01-2023,0
677,KEBBI,12-01-2023,0
677,KOGI,12-01-2023,0
677,KWARA,12-01-2023,0
677,LAGOS,12-01-2023,0
677,NASARAWA,12-01-2023,0
677,NIGER,12-01-2023,0
677,OGUN,12-01-2023,0
677,ONDO,12-01-2023,0
677,OSUN,12-01-2023,0
677,OYO,12-01-2023,0
677,PLATEAU,12-01-2023,0
677,RIVERS,12-01-2023,0
677,SOKOTO,12-01-2023,0
677,TARABA,12-01-2023,0
677,YOBE,12-01-2023,0
677,ZAMFARA,12-01-2023,0
677,FCT,12-01-2023,0
677,FOREIGN,12-01-2023,0
668,ABIA,12-01-2023,14
668,ADAMAWA,12-01-2023,0
668,AKWA IBOM,12-01-2023,6
668,BAUCHI,12-01-2023,0
668,BAYELSA,12-01-2023,0
668,BENUE,12-01-2023,0
668,BORNO,12-01-2023,0
668,CROSS RIVER,12-01-2023,0
668,DELTA,12-01-2023,0
668,EBONYI,12-01-2023,26
668,EDO,12-01-2023,0
668,EKITI,12-01-2023,1
668,ENUGU,12-01-2023,29
668,GOMBE,12-01-2023,0
668,IMO,12-01-2023,18
668,JIGAWA,12-01-2023,0
668,KADUNA,12-01-2023,0
668,KANO,12-01-2023,0
668,KATSINA,12-01-2023,0
668,KEBBI,12-01-2023,0
668,KOGI,12-01-2023,1
668,KWARA,12-01-2023,0
668,LAGOS,12-01-2023,0
668,NASARAWA,12-01-2023,0
668,NIGER,12-01-2023,0
668,OGUN,12-01-2023,0
668,ONDO,12-01-2023,0
668,OSUN,12-01-2023,0
668,OYO,12-01-2023,0
668,PLATEAU,12-01-2023,0
668,RIVERS,12-01-2023,0
668,SOKOTO,12-01-2023,0
668,TARABA,12-01-2023,0
668,YOBE,12-01-2023,0
668,ZAMFARA,12-01-2023,0
668,FCT,12-01-2023,0
668,FOREIGN,12-01-2023,0
674,ABIA,12-01-2023,0
674,ADAMAWA,12-01-2023,0
674,AKWA IBOM,12-01-2023,0
674,BAUCHI,12-01-2023,0
674,BAYELSA,12-01-2023,0
674,BENUE,12-01-2023,0
674,BORNO,12-01-2023,0
674,CROSS RIVER,12-01-2023,0
674,DELTA,12-01-2023,0
674,EBONYI,12-01-2023,0
674,EDO,12-01-2023,0
674,EKITI,12-01-2023,0
674,ENUGU,12-01-2023,0
674,GOMBE,12-01-2023,0
674,IMO,12-01-2023,0
674,JIGAWA,12-01-2023,0
674,KADUNA,12-01-2023,0
674,KANO,12-01-2023,0
674,KATSINA,12-01-2023,0
674,KEBBI,12-01-2023,0
674,KOGI,12-01-2023,0
674,KWARA,12-01-2023,0
674,LAGOS,12-01-2023,0
674,NASARAWA,12-01-2023,0
674,NIGER,12-01-2023,0
674,OGUN,12-01-2023,0
674,ONDO,12-01-2023,0
674,OSUN,12-01-2023,0
674,OYO,12-01-2023,0
674,PLATEAU,12-01-2023,0
674,RIVERS,12-01-2023,0
674,SOKOTO,12-01-2023,0
674,TARABA,12-01-2023,0
674,YOBE,12-01-2023,0
674,ZAMFARA,12-01-2023,0
674,FCT,12-01-2023,0
674,FOREIGN,12-01-2023,0
679,ABIA,12-01-2023,10
679,ADAMAWA,12-01-2023,0
679,AKWA IBOM,12-01-2023,1
679,BAUCHI,12-01-2023,0
679,BAYELSA,12-01-2023,0
679,BENUE,12-01-2023,2
679,BORNO,12-01-2023,0
679,CROSS RIVER,12-01-2023,2
679,DELTA,12-01-2023,1
679,EBONYI,12-01-2023,23
679,EDO,12-01-2023,0
679,EKITI,12-01-2023,0
679,ENUGU,12-01-2023,36
679,GOMBE,12-01-2023,0
679,IMO,12-01-2023,24
679,JIGAWA,12-01-2023,0
679,KADUNA,12-01-2023,0
679,KANO,12-01-2023,0
679,KATSINA,12-01-2023,0
679,KEBBI,12-01-2023,0
679,KOGI,12-01-2023,0
679,KWARA,12-01-2023,2
679,LAGOS,12-01-2023,0
679,NASARAWA,12-01-2023,0
679,NIGER,12-01-2023,0
679,OGUN,12-01-2023,0
679,ONDO,12-01-2023,1
679,OSUN,12-01-2023,0
679,OYO,12-01-2023,0
679,PLATEAU,12-01-2023,0
679,RIVERS,12-01-2023,1
679,SOKOTO,12-01-2023,0
679,TARABA,12-01-2023,0
679,YOBE,12-01-2023,0
679,ZAMFARA,12-01-2023,0
679,FCT,12-01-2023,0
679,FOREIGN,12-01-2023,0
681,ABIA,12-01-2023,2
681,ADAMAWA,12-01-2023,0
681,AKWA IBOM,12-01-2023,0
681,BAUCHI,12-01-2023,0
681,BAYELSA,12-01-2023,1
681,BENUE,12-01-2023,0
681,BORNO,12-01-2023,0
681,CROSS RIVER,12-01-2023,1
681,DELTA,12-01-2023,0
681,EBONYI,12-01-2023,3
681,EDO,12-01-2023,0
681,EKITI,12-01-2023,0
681,ENUGU,12-01-2023,1
681,GOMBE,12-01-2023,0
681,IMO,12-01-2023,2
681,JIGAWA,12-01-2023,0
681,KADUNA,12-01-2023,0
681,KANO,12-01-2023,0
681,KATSINA,12-01-2023,0
681,KEBBI,12-01-2023,0
681,KOGI,12-01-2023,0
681,KWARA,12-01-2023,0
681,LAGOS,12-01-2023,0
681,NASARAWA,12-01-2023,0
681,NIGER,12-01-2023,0
681,OGUN,12-01-2023,0
681,ONDO,12-01-2023,0
681,OSUN,12-01-2023,0
681,OYO,12-01-2023,0
681,PLATEAU,12-01-2023,0
681,RIVERS,12-01-2023,0
681,SOKOTO,12-01-2023,0
681,TARABA,12-01-2023,0
681,YOBE,12-01-2023,0
681,ZAMFARA,12-01-2023,0
681,FCT,12-01-2023,0
681,FOREIGN,12-01-2023,0
678,ABIA,12-01-2023,4
678,ADAMAWA,12-01-2023,0
678,AKWA IBOM,12-01-2023,0
678,BAUCHI,12-01-2023,0
678,BAYELSA,12-01-2023,0
678,BENUE,12-01-2023,0
678,BORNO,12-01-2023,0
678,CROSS RIVER,12-01-2023,1
678,DELTA,12-01-2023,0
678,EBONYI,12-01-2023,3
678,EDO,12-01-2023,0
678,EKITI,12-01-2023,0
678,ENUGU,12-01-2023,5
678,GOMBE,12-01-2023,0
678,IMO,12-01-2023,7
678,JIGAWA,12-01-2023,0
678,KADUNA,12-01-2023,0
678,KANO,12-01-2023,0
678,KATSINA,12-01-2023,0
678,KEBBI,12-01-2023,0
678,KOGI,12-01-2023,0
678,KWARA,12-01-2023,0
678,LAGOS,12-01-2023,0
678,NASARAWA,12-01-2023,0
678,NIGER,12-01-2023,0
678,OGUN,12-01-2023,0
678,ONDO,12-01-2023,0
678,OSUN,12-01-2023,0
678,OYO,12-01-2023,0
678,PLATEAU,12-01-2023,0
678,RIVERS,12-01-2023,0
678,SOKOTO,12-01-2023,0
678,TARABA,12-01-2023,0
678,YOBE,12-01-2023,0
678,ZAMFARA,12-01-2023,0
678,FCT,12-01-2023,0
678,FOREIGN,12-01-2023,0
682,ABIA,12-01-2023,12
682,ADAMAWA,12-01-2023,0
682,AKWA IBOM,12-01-2023,2
682,BAUCHI,12-01-2023,0
682,BAYELSA,12-01-2023,0
682,BENUE,12-01-2023,1
682,BORNO,12-01-2023,0
682,CROSS RIVER,12-01-2023,5
682,DELTA,12-01-2023,0
682,EBONYI,12-01-2023,23
682,EDO,12-01-2023,0
682,EKITI,12-01-2023,0
682,ENUGU,12-01-2023,25
682,GOMBE,12-01-2023,0
682,IMO,12-01-2023,8
682,JIGAWA,12-01-2023,0
682,KADUNA,12-01-2023,0
682,KANO,12-01-2023,0
682,KATSINA,12-01-2023,0
682,KEBBI,12-01-2023,0
682,KOGI,12-01-2023,1
682,KWARA,12-01-2023,0
682,LAGOS,12-01-2023,0
682,NASARAWA,12-01-2023,0
682,NIGER,12-01-2023,0
682,OGUN,12-01-2023,0
682,ONDO,12-01-2023,1
682,OSUN,12-01-2023,0
682,OYO,12-01-2023,0
682,PLATEAU,12-01-2023,0
682,RIVERS,12-01-2023,0
682,SOKOTO,12-01-2023,0
682,TARABA,12-01-2023,0
682,YOBE,12-01-2023,0
682,ZAMFARA,12-01-2023,0
682,FCT,12-01-2023,0
682,FOREIGN,12-01-2023,0
676,ABIA,12-01-2023,0
676,ADAMAWA,12-01-2023,0
676,AKWA IBOM,12-01-2023,1
676,BAUCHI,12-01-2023,0
676,BAYELSA,12-01-2023,0
676,BENUE,12-01-2023,0
676,BORNO,12-01-2023,0
676,CROSS RIVER,12-01-2023,1
676,DELTA,12-01-2023,0
676,EBONYI,12-01-2023,2
676,EDO,12-01-2023,0
676,EKITI,12-01-2023,0
676,ENUGU,12-01-2023,4
676,GOMBE,12-01-2023,0
676,IMO,12-01-2023,1
676,JIGAWA,12-01-2023,0
676,KADUNA,12-01-2023,0
676,KANO,12-01-2023,0
676,KATSINA,12-01-2023,0
676,KEBBI,12-01-2023,0
676,KOGI,12-01-2023,0
676,KWARA,12-01-2023,0
676,LAGOS,12-01-2023,0
676,NASARAWA,12-01-2023,0
676,NIGER,12-01-2023,0
676,OGUN,12-01-2023,0
676,ONDO,12-01-2023,0
676,OSUN,12-01-2023,0
676,OYO,12-01-2023,0
676,PLATEAU,12-01-2023,0
676,RIVERS,12-01-2023,0
676,SOKOTO,12-01-2023,0
676,TARABA,12-01-2023,0
676,YOBE,12-01-2023,0
676,ZAMFARA,12-01-2023,0
676,FCT,12-01-2023,0
676,FOREIGN,12-01-2023,0
670,ABIA,12-01-2023,0
670,ADAMAWA,12-01-2023,0
670,AKWA IBOM,12-01-2023,0
670,BAUCHI,12-01-2023,0
670,BAYELSA,12-01-2023,0
670,BENUE,12-01-2023,0
670,BORNO,12-01-2023,0
670,CROSS RIVER,12-01-2023,0
670,DELTA,12-01-2023,0
670,EBONYI,12-01-2023,0
670,EDO,12-01-2023,0
670,EKITI,12-01-2023,0
670,ENUGU,12-01-2023,2
670,GOMBE,12-01-2023,0
670,IMO,12-01-2023,5
670,JIGAWA,12-01-2023,0
670,KADUNA,12-01-2023,0
670,KANO,12-01-2023,0
670,KATSINA,12-01-2023,0
670,KEBBI,12-01-2023,0
670,KOGI,12-01-2023,0
670,KWARA,12-01-2023,0
670,LAGOS,12-01-2023,0
670,NASARAWA,12-01-2023,0
670,NIGER,12-01-2023,0
670,OGUN,12-01-2023,0
670,ONDO,12-01-2023,0
670,OSUN,12-01-2023,0
670,OYO,12-01-2023,0
670,PLATEAU,12-01-2023,0
670,RIVERS,12-01-2023,0
670,SOKOTO,12-01-2023,0
670,TARABA,12-01-2023,0
670,YOBE,12-01-2023,0
670,ZAMFARA,12-01-2023,0
670,FCT,12-01-2023,0
670,FOREIGN,12-01-2023,0
675,ABIA,12-01-2023,0
675,ADAMAWA,12-01-2023,0
675,AKWA IBOM,12-01-2023,0
675,BAUCHI,12-01-2023,0
675,BAYELSA,12-01-2023,0
675,BENUE,12-01-2023,0
675,BORNO,12-01-2023,0
675,CROSS RIVER,12-01-2023,0
675,DELTA,12-01-2023,0
675,EBONYI,12-01-2023,3
675,EDO,12-01-2023,0
675,EKITI,12-01-2023,0
675,ENUGU,12-01-2023,0
675,GOMBE,12-01-2023,0
675,IMO,12-01-2023,5
675,JIGAWA,12-01-2023,0
675,KADUNA,12-01-2023,0
675,KANO,12-01-2023,0
675,KATSINA,12-01-2023,0
675,KEBBI,12-01-2023,0
675,KOGI,12-01-2023,0
675,KWARA,12-01-2023,0
675,LAGOS,12-01-2023,1
675,NASARAWA,12-01-2023,0
675,NIGER,12-01-2023,0
675,OGUN,12-01-2023,0
675,ONDO,12-01-2023,0
675,OSUN,12-01-2023,0
675,OYO,12-01-2023,0
675,PLATEAU,12-01-2023,0
675,RIVERS,12-01-2023,0
675,SOKOTO,12-01-2023,0
675,TARABA,12-01-2023,0
675,YOBE,12-01-2023,0
675,ZAMFARA,12-01-2023,0
675,FCT,12-01-2023,0
675,FOREIGN,12-01-2023,0
292,ABIA,12-01-2023,26
292,ADAMAWA,12-01-2023,0
292,AKWA IBOM,12-01-2023,5
292,BAUCHI,12-01-2023,0
292,BAYELSA,12-01-2023,0
292,BENUE,12-01-2023,0
292,BORNO,12-01-2023,0
292,CROSS RIVER,12-01-2023,2
292,DELTA,12-01-2023,13
292,EBONYI,12-01-2023,161
292,EDO,12-01-2023,1
292,EKITI,12-01-2023,0
292,ENUGU,12-01-2023,77
292,GOMBE,12-01-2023,0
292,IMO,12-01-2023,33
292,JIGAWA,12-01-2023,0
292,KADUNA,12-01-2023,0
292,KANO,12-01-2023,0
292,KATSINA,12-01-2023,0
292,KEBBI,12-01-2023,0
292,KOGI,12-01-2023,3
292,KWARA,12-01-2023,0
292,LAGOS,12-01-2023,0
292,NASARAWA,12-01-2023,2
292,NIGER,12-01-2023,0
292,OGUN,12-01-2023,6
292,ONDO,12-01-2023,2
292,OSUN,12-01-2023,1
292,OYO,12-01-2023,0
292,PLATEAU,12-01-2023,2
292,RIVERS,12-01-2023,0
292,SOKOTO,12-01-2023,0
292,TARABA,12-01-2023,0
292,YOBE,12-01-2023,0
292,ZAMFARA,12-01-2023,0
292,FCT,12-01-2023,0
292,FOREIGN,12-01-2023,3
290,ABIA,12-01-2023,1
290,ADAMAWA,12-01-2023,0
290,AKWA IBOM,12-01-2023,0
290,BAUCHI,12-01-2023,0
290,BAYELSA,12-01-2023,0
290,BENUE,12-01-2023,0
290,BORNO,12-01-2023,0
290,CROSS RIVER,12-01-2023,0
290,DELTA,12-01-2023,0
290,EBONYI,12-01-2023,4
290,EDO,12-01-2023,0
290,EKITI,12-01-2023,0
290,ENUGU,12-01-2023,6
290,GOMBE,12-01-2023,0
290,IMO,12-01-2023,9
290,JIGAWA,12-01-2023,0
290,KADUNA,12-01-2023,0
290,KANO,12-01-2023,0
290,KATSINA,12-01-2023,0
290,KEBBI,12-01-2023,0
290,KOGI,12-01-2023,0
290,KWARA,12-01-2023,0
290,LAGOS,12-01-2023,0
290,NASARAWA,12-01-2023,0
290,NIGER,12-01-2023,0
290,OGUN,12-01-2023,0
290,ONDO,12-01-2023,0
290,OSUN,12-01-2023,0
290,OYO,12-01-2023,0
290,PLATEAU,12-01-2023,0
290,RIVERS,12-01-2023,0
290,SOKOTO,12-01-2023,0
290,TARABA,12-01-2023,0
290,YOBE,12-01-2023,0
290,ZAMFARA,12-01-2023,0
290,FCT,12-01-2023,0
290,FOREIGN,12-01-2023,0
286,ABIA,12-01-2023,3
286,ADAMAWA,12-01-2023,0
286,AKWA IBOM,12-01-2023,0
286,BAUCHI,12-01-2023,0
286,BAYELSA,12-01-2023,0
286,BENUE,12-01-2023,0
286,BORNO,12-01-2023,0
286,CROSS RIVER,12-01-2023,1
286,DELTA,12-01-2023,0
286,EBONYI,12-01-2023,5
286,EDO,12-01-2023,0
286,EKITI,12-01-2023,0
286,ENUGU,12-01-2023,15
286,GOMBE,12-01-2023,0
286,IMO,12-01-2023,18
286,JIGAWA,12-01-2023,0
286,KADUNA,12-01-2023,0
286,KANO,12-01-2023,0
286,KATSINA,12-01-2023,0
286,KEBBI,12-01-2023,0
286,KOGI,12-01-2023,0
286,KWARA,12-01-2023,0
286,LAGOS,12-01-2023,0
286,NASARAWA,12-01-2023,0
286,NIGER,12-01-2023,0
286,OGUN,12-01-2023,0
286,ONDO,12-01-2023,0
286,OSUN,12-01-2023,0
286,OYO,12-01-2023,0
286,PLATEAU,12-01-2023,0
286,RIVERS,12-01-2023,0
286,SOKOTO,12-01-2023,0
286,TARABA,12-01-2023,0
286,YOBE,12-01-2023,0
286,ZAMFARA,12-01-2023,0
286,FCT,12-01-2023,0
286,FOREIGN,12-01-2023,0
288,ABIA,12-01-2023,13
288,ADAMAWA,12-01-2023,0
288,AKWA IBOM,12-01-2023,11
288,BAUCHI,12-01-2023,0
288,BAYELSA,12-01-2023,0
288,BENUE,12-01-2023,0
288,BORNO,12-01-2023,0
288,CROSS RIVER,12-01-2023,23
288,DELTA,12-01-2023,2
288,EBONYI,12-01-2023,93
288,EDO,12-01-2023,3
288,EKITI,12-01-2023,0
288,ENUGU,12-01-2023,63
288,GOMBE,12-01-2023,0
288,IMO,12-01-2023,68
288,JIGAWA,12-01-2023,0
288,KADUNA,12-01-2023,0
288,KANO,12-01-2023,0
288,KATSINA,12-01-2023,0
288,KEBBI,12-01-2023,0
288,KOGI,12-01-2023,4
288,KWARA,12-01-2023,0
288,LAGOS,12-01-2023,1
288,NASARAWA,12-01-2023,0
288,NIGER,12-01-2023,0
288,OGUN,12-01-2023,0
288,ONDO,12-01-2023,0
288,OSUN,12-01-2023,3
288,OYO,12-01-2023,0
288,PLATEAU,12-01-2023,4
288,RIVERS,12-01-2023,4
288,SOKOTO,12-01-2023,0
288,TARABA,12-01-2023,0
288,YOBE,12-01-2023,0
288,ZAMFARA,12-01-2023,0
288,FCT,12-01-2023,0
288,FOREIGN,12-01-2023,2
291,ABIA,12-01-2023,12
291,ADAMAWA,12-01-2023,0
291,AKWA IBOM,12-01-2023,1
291,BAUCHI,12-01-2023,0
291,BAYELSA,12-01-2023,0
291,BENUE,12-01-2023,0
291,BORNO,12-01-2023,0
291,CROSS RIVER,12-01-2023,2
291,DELTA,12-01-2023,2
291,EBONYI,12-01-2023,15
291,EDO,12-01-2023,0
291,EKITI,12-01-2023,0
291,ENUGU,12-01-2023,6
291,GOMBE,12-01-2023,0
291,IMO,12-01-2023,10
291,JIGAWA,12-01-2023,0
291,KADUNA,12-01-2023,0
291,KANO,12-01-2023,0
291,KATSINA,12-01-2023,0
291,KEBBI,12-01-2023,0
291,KOGI,12-01-2023,0
291,KWARA,12-01-2023,0
291,LAGOS,12-01-2023,0
291,NASARAWA,12-01-2023,0
291,NIGER,12-01-2023,0
291,OGUN,12-01-2023,0
291,ONDO,12-01-2023,1
291,OSUN,12-01-2023,0
291,OYO,12-01-2023,0
291,PLATEAU,12-01-2023,0
291,RIVERS,12-01-2023,0
291,SOKOTO,12-01-2023,0
291,TARABA,12-01-2023,0
291,YOBE,12-01-2023,0
291,ZAMFARA,12-01-2023,0
291,FCT,12-01-2023,0
291,FOREIGN,12-01-2023,1
287,ABIA,12-01-2023,11
287,ADAMAWA,12-01-2023,0
287,AKWA IBOM,12-01-2023,2
287,BAUCHI,12-01-2023,0
287,BAYELSA,12-01-2023,0
287,BENUE,12-01-2023,1
287,BORNO,12-01-2023,0
287,CROSS RIVER,12-01-2023,0
287,DELTA,12-01-2023,0
287,EBONYI,12-01-2023,13
287,EDO,12-01-2023,0
287,EKITI,12-01-2023,0
287,ENUGU,12-01-2023,56
287,GOMBE,12-01-2023,0
287,IMO,12-01-2023,27
287,JIGAWA,12-01-2023,0
287,KADUNA,12-01-2023,0
287,KANO,12-01-2023,0
287,KATSINA,12-01-2023,0
287,KEBBI,12-01-2023,0
287,KOGI,12-01-2023,1
287,KWARA,12-01-2023,0
287,LAGOS,12-01-2023,0
287,NASARAWA,12-01-2023,0
287,NIGER,12-01-2023,0
287,OGUN,12-01-2023,0
287,ONDO,12-01-2023,0
287,OSUN,12-01-2023,0
287,OYO,12-01-2023,0
287,PLATEAU,12-01-2023,0
287,RIVERS,12-01-2023,1
287,SOKOTO,12-01-2023,0
287,TARABA,12-01-2023,0
287,YOBE,12-01-2023,0
287,ZAMFARA,12-01-2023,0
287,FCT,12-01-2023,0
287,FOREIGN,12-01-2023,0
293,ABIA,12-01-2023,2
293,ADAMAWA,12-01-2023,0
293,AKWA IBOM,12-01-2023,0
293,BAUCHI,12-01-2023,0
293,BAYELSA,12-01-2023,0
293,BENUE,12-01-2023,0
293,BORNO,12-01-2023,0
293,CROSS RIVER,12-01-2023,1
293,DELTA,12-01-2023,0
293,EBONYI,12-01-2023,8
293,EDO,12-01-2023,0
293,EKITI,12-01-2023,0
293,ENUGU,12-01-2023,10
293,GOMBE,12-01-2023,0
293,IMO,12-01-2023,6
293,JIGAWA,12-01-2023,0
293,KADUNA,12-01-2023,0
293,KANO,12-01-2023,0
293,KATSINA,12-01-2023,0
293,KEBBI,12-01-2023,0
293,KOGI,12-01-2023,0
293,KWARA,12-01-2023,0
293,LAGOS,12-01-2023,0
293,NASARAWA,12-01-2023,0
293,NIGER,12-01-2023,0
293,OGUN,12-01-2023,0
293,ONDO,12-01-2023,0
293,OSUN,12-01-2023,0
293,OYO,12-01-2023,0
293,PLATEAU,12-01-2023,0
293,RIVERS,12-01-2023,0
293,SOKOTO,12-01-2023,0
293,TARABA,12-01-2023,0
293,YOBE,12-01-2023,0
293,ZAMFARA,12-01-2023,0
293,FCT,12-01-2023,0
293,FOREIGN,12-01-2023,0
289,ABIA,12-01-2023,57
289,ADAMAWA,12-01-2023,0
289,AKWA IBOM,12-01-2023,8
289,BAUCHI,12-01-2023,0
289,BAYELSA,12-01-2023,0
289,BENUE,12-01-2023,3
289,BORNO,12-01-2023,0
289,CROSS RIVER,12-01-2023,13
289,DELTA,12-01-2023,13
289,EBONYI,12-01-2023,246
289,EDO,12-01-2023,1
289,EKITI,12-01-2023,2
289,ENUGU,12-01-2023,160
289,GOMBE,12-01-2023,0
289,IMO,12-01-2023,106
289,JIGAWA,12-01-2023,0
289,KADUNA,12-01-2023,0
289,KANO,12-01-2023,1
289,KATSINA,12-01-2023,0
289,KEBBI,12-01-2023,0
289,KOGI,12-01-2023,6
289,KWARA,12-01-2023,0
289,LAGOS,12-01-2023,1
289,NASARAWA,12-01-2023,0
289,NIGER,12-01-2023,0
289,OGUN,12-01-2023,3
289,ONDO,12-01-2023,0
289,OSUN,12-01-2023,1
289,OYO,12-01-2023,1
289,PLATEAU,12-01-2023,0
289,RIVERS,12-01-2023,0
289,SOKOTO,12-01-2023,0
289,TARABA,12-01-2023,0
289,YOBE,12-01-2023,0
289,ZAMFARA,12-01-2023,0
289,FCT,12-01-2023,0
289,FOREIGN,12-01-2023,0
504,ABIA,12-01-2023,0
504,ADAMAWA,12-01-2023,0
504,AKWA IBOM,12-01-2023,0
504,BAUCHI,12-01-2023,0
504,BAYELSA,12-01-2023,0
504,BENUE,12-01-2023,0
504,BORNO,12-01-2023,0
504,CROSS RIVER,12-01-2023,0
504,DELTA,12-01-2023,0
504,EBONYI,12-01-2023,3
504,EDO,12-01-2023,0
504,EKITI,12-01-2023,0
504,ENUGU,12-01-2023,0
504,GOMBE,12-01-2023,0
504,IMO,12-01-2023,5
504,JIGAWA,12-01-2023,0
504,KADUNA,12-01-2023,0
504,KANO,12-01-2023,0
504,KATSINA,12-01-2023,0
504,KEBBI,12-01-2023,0
504,KOGI,12-01-2023,0
504,KWARA,12-01-2023,0
504,LAGOS,12-01-2023,1
504,NASARAWA,12-01-2023,0
504,NIGER,12-01-2023,0
504,OGUN,12-01-2023,0
504,ONDO,12-01-2023,0
504,OSUN,12-01-2023,0
504,OYO,12-01-2023,0
504,PLATEAU,12-01-2023,0
504,RIVERS,12-01-2023,0
504,SOKOTO,12-01-2023,0
504,TARABA,12-01-2023,0
504,YOBE,12-01-2023,0
504,ZAMFARA,12-01-2023,0
504,FCT,12-01-2023,0
504,FOREIGN,12-01-2023,0
506,ABIA,12-01-2023,0
506,ADAMAWA,12-01-2023,0
506,AKWA IBOM,12-01-2023,0
506,BAUCHI,12-01-2023,0
506,BAYELSA,12-01-2023,0
506,BENUE,12-01-2023,0
506,BORNO,12-01-2023,0
506,CROSS RIVER,12-01-2023,1
506,DELTA,12-01-2023,0
506,EBONYI,12-01-2023,0
506,EDO,12-01-2023,0
506,EKITI,12-01-2023,0
506,ENUGU,12-01-2023,2
506,GOMBE,12-01-2023,0
506,IMO,12-01-2023,6
506,JIGAWA,12-01-2023,0
506,KADUNA,12-01-2023,0
506,KANO,12-01-2023,0
506,KATSINA,12-01-2023,0
506,KEBBI,12-01-2023,0
506,KOGI,12-01-2023,0
506,KWARA,12-01-2023,0
506,LAGOS,12-01-2023,0
506,NASARAWA,12-01-2023,0
506,NIGER,12-01-2023,0
506,OGUN,12-01-2023,0
506,ONDO,12-01-2023,0
506,OSUN,12-01-2023,0
506,OYO,12-01-2023,0
506,PLATEAU,12-01-2023,0
506,RIVERS,12-01-2023,1
506,SOKOTO,12-01-2023,0
506,TARABA,12-01-2023,0
506,YOBE,12-01-2023,0
506,ZAMFARA,12-01-2023,0
506,FCT,12-01-2023,0
506,FOREIGN,12-01-2023,0
511,ABIA,12-01-2023,0
511,ADAMAWA,12-01-2023,0
511,AKWA IBOM,12-01-2023,0
511,BAUCHI,12-01-2023,0
511,BAYELSA,12-01-2023,0
511,BENUE,12-01-2023,0
511,BORNO,12-01-2023,0
511,CROSS RIVER,12-01-2023,0
511,DELTA,12-01-2023,0
511,EBONYI,12-01-2023,0
511,EDO,12-01-2023,0
511,EKITI,12-01-2023,0
511,ENUGU,12-01-2023,0
511,GOMBE,12-01-2023,0
511,IMO,12-01-2023,0
511,JIGAWA,12-01-2023,0
511,KADUNA,12-01-2023,0
511,KANO,12-01-2023,0
511,KATSINA,12-01-2023,0
511,KEBBI,12-01-2023,0
511,KOGI,12-01-2023,0
511,KWARA,12-01-2023,0
511,LAGOS,12-01-2023,0
511,NASARAWA,12-01-2023,0
511,NIGER,12-01-2023,0
511,OGUN,12-01-2023,0
511,ONDO,12-01-2023,0
511,OSUN,12-01-2023,0
511,OYO,12-01-2023,0
511,PLATEAU,12-01-2023,0
511,RIVERS,12-01-2023,0
511,SOKOTO,12-01-2023,0
511,TARABA,12-01-2023,0
511,YOBE,12-01-2023,0
511,ZAMFARA,12-01-2023,0
511,FCT,12-01-2023,0
511,FOREIGN,12-01-2023,0
500,ABIA,12-01-2023,6
500,ADAMAWA,12-01-2023,0
500,AKWA IBOM,12-01-2023,3
500,BAUCHI,12-01-2023,0
500,BAYELSA,12-01-2023,0
500,BENUE,12-01-2023,2
500,BORNO,12-01-2023,0
500,CROSS RIVER,12-01-2023,1
500,DELTA,12-01-2023,4
500,EBONYI,12-01-2023,6
500,EDO,12-01-2023,0
500,EKITI,12-01-2023,0
500,ENUGU,12-01-2023,16
500,GOMBE,12-01-2023,0
500,IMO,12-01-2023,49
500,JIGAWA,12-01-2023,0
500,KADUNA,12-01-2023,0
500,KANO,12-01-2023,0
500,KATSINA,12-01-2023,0
500,KEBBI,12-01-2023,0
500,KOGI,12-01-2023,4
500,KWARA,12-01-2023,0
500,LAGOS,12-01-2023,0
500,NASARAWA,12-01-2023,2
500,NIGER,12-01-2023,0
500,OGUN,12-01-2023,0
500,ONDO,12-01-2023,0
500,OSUN,12-01-2023,0
500,OYO,12-01-2023,0
500,PLATEAU,12-01-2023,0
500,RIVERS,12-01-2023,0
500,SOKOTO,12-01-2023,0
500,TARABA,12-01-2023,0
500,YOBE,12-01-2023,0
500,ZAMFARA,12-01-2023,0
500,FCT,12-01-2023,0
500,FOREIGN,12-01-2023,1
499,ABIA,12-01-2023,4
499,ADAMAWA,12-01-2023,0
499,AKWA IBOM,12-01-2023,3
499,BAUCHI,12-01-2023,0
499,BAYELSA,12-01-2023,0
499,BENUE,12-01-2023,0
499,BORNO,12-01-2023,0
499,CROSS RIVER,12-01-2023,0
499,DELTA,12-01-2023,1
499,EBONYI,12-01-2023,3
499,EDO,12-01-2023,0
499,EKITI,12-01-2023,0
499,ENUGU,12-01-2023,4
499,GOMBE,12-01-2023,0
499,IMO,12-01-2023,21
499,JIGAWA,12-01-2023,0
499,KADUNA,12-01-2023,0
499,KANO,12-01-2023,0
499,KATSINA,12-01-2023,0
499,KEBBI,12-01-2023,0
499,KOGI,12-01-2023,0
499,KWARA,12-01-2023,0
499,LAGOS,12-01-2023,0
499,NASARAWA,12-01-2023,0
499,NIGER,12-01-2023,0
499,OGUN,12-01-2023,0
499,ONDO,12-01-2023,0
499,OSUN,12-01-2023,1
499,OYO,12-01-2023,1
499,PLATEAU,12-01-2023,0
499,RIVERS,12-01-2023,0
499,SOKOTO,12-01-2023,0
499,TARABA,12-01-2023,0
499,YOBE,12-01-2023,0
499,ZAMFARA,12-01-2023,0
499,FCT,12-01-2023,0
499,FOREIGN,12-01-2023,0
509,ABIA,12-01-2023,0
509,ADAMAWA,12-01-2023,0
509,AKWA IBOM,12-01-2023,2
509,BAUCHI,12-01-2023,0
509,BAYELSA,12-01-2023,0
509,BENUE,12-01-2023,0
509,BORNO,12-01-2023,0
509,CROSS RIVER,12-01-2023,2
509,DELTA,12-01-2023,0
509,EBONYI,12-01-2023,9
509,EDO,12-01-2023,2
509,EKITI,12-01-2023,0
509,ENUGU,12-01-2023,5
509,GOMBE,12-01-2023,0
509,IMO,12-01-2023,40
509,JIGAWA,12-01-2023,0
509,KADUNA,12-01-2023,0
509,KANO,12-01-2023,0
509,KATSINA,12-01-2023,0
509,KEBBI,12-01-2023,0
509,KOGI,12-01-2023,0
509,KWARA,12-01-2023,0
509,LAGOS,12-01-2023,0
509,NASARAWA,12-01-2023,3
509,NIGER,12-01-2023,0
509,OGUN,12-01-2023,2
509,ONDO,12-01-2023,1
509,OSUN,12-01-2023,1
509,OYO,12-01-2023,0
509,PLATEAU,12-01-2023,0
509,RIVERS,12-01-2023,0
509,SOKOTO,12-01-2023,0
509,TARABA,12-01-2023,1
509,YOBE,12-01-2023,0
509,ZAMFARA,12-01-2023,0
509,FCT,12-01-2023,0
509,FOREIGN,12-01-2023,0
513,ABIA,12-01-2023,4
513,ADAMAWA,12-01-2023,0
513,AKWA IBOM,12-01-2023,7
513,BAUCHI,12-01-2023,0
513,BAYELSA,12-01-2023,0
513,BENUE,12-01-2023,0
513,BORNO,12-01-2023,0
513,CROSS RIVER,12-01-2023,1
513,DELTA,12-01-2023,1
513,EBONYI,12-01-2023,9
513,EDO,12-01-2023,0
513,EKITI,12-01-2023,0
513,ENUGU,12-01-2023,12
513,GOMBE,12-01-2023,0
513,IMO,12-01-2023,41
513,JIGAWA,12-01-2023,0
513,KADUNA,12-01-2023,0
513,KANO,12-01-2023,0
513,KATSINA,12-01-2023,0
513,KEBBI,12-01-2023,0
513,KOGI,12-01-2023,0
513,KWARA,12-01-2023,1
513,LAGOS,12-01-2023,1
513,NASARAWA,12-01-2023,2
513,NIGER,12-01-2023,0
513,OGUN,12-01-2023,0
513,ONDO,12-01-2023,0
513,OSUN,12-01-2023,0
513,OYO,12-01-2023,1
513,PLATEAU,12-01-2023,2
513,RIVERS,12-01-2023,0
513,SOKOTO,12-01-2023,0
513,TARABA,12-01-2023,0
513,YOBE,12-01-2023,0
513,ZAMFARA,12-01-2023,0
513,FCT,12-01-2023,0
513,FOREIGN,12-01-2023,0
507,ABIA,12-01-2023,1
507,ADAMAWA,12-01-2023,0
507,AKWA IBOM,12-01-2023,0
507,BAUCHI,12-01-2023,0
507,BAYELSA,12-01-2023,0
507,BENUE,12-01-2023,0
507,BORNO,12-01-2023,0
507,CROSS RIVER,12-01-2023,0
507,DELTA,12-01-2023,0
507,EBONYI,12-01-2023,0
507,EDO,12-01-2023,0
507,EKITI,12-01-2023,0
507,ENUGU,12-01-2023,0
507,GOMBE,12-01-2023,0
507,IMO,12-01-2023,26
507,JIGAWA,12-01-2023,0
507,KADUNA,12-01-2023,0
507,KANO,12-01-2023,0
507,KATSINA,12-01-2023,0
507,KEBBI,12-01-2023,0
507,KOGI,12-01-2023,0
507,KWARA,12-01-2023,0
507,LAGOS,12-01-2023,0
507,NASARAWA,12-01-2023,0
507,NIGER,12-01-2023,0
507,OGUN,12-01-2023,0
507,ONDO,12-01-2023,0
507,OSUN,12-01-2023,0
507,OYO,12-01-2023,0
507,PLATEAU,12-01-2023,0
507,RIVERS,12-01-2023,0
507,SOKOTO,12-01-2023,0
507,TARABA,12-01-2023,0
507,YOBE,12-01-2023,0
507,ZAMFARA,12-01-2023,0
507,FCT,12-01-2023,0
507,FOREIGN,12-01-2023,0
508,ABIA,12-01-2023,0
508,ADAMAWA,12-01-2023,0
508,AKWA IBOM,12-01-2023,0
508,BAUCHI,12-01-2023,0
508,BAYELSA,12-01-2023,0
508,BENUE,12-01-2023,3
508,BORNO,12-01-2023,0
508,CROSS RIVER,12-01-2023,0
508,DELTA,12-01-2023,0
508,EBONYI,12-01-2023,0
508,EDO,12-01-2023,1
508,EKITI,12-01-2023,0
508,ENUGU,12-01-2023,3
508,GOMBE,12-01-2023,0
508,IMO,12-01-2023,20
508,JIGAWA,12-01-2023,0
508,KADUNA,12-01-2023,0
508,KANO,12-01-2023,0
508,KATSINA,12-01-2023,0
508,KEBBI,12-01-2023,0
508,KOGI,12-01-2023,0
508,KWARA,12-01-2023,0
508,LAGOS,12-01-2023,0
508,NASARAWA,12-01-2023,0
508,NIGER,12-01-2023,0
508,OGUN,12-01-2023,0
508,ONDO,12-01-2023,0
508,OSUN,12-01-2023,0
508,OYO,12-01-2023,0
508,PLATEAU,12-01-2023,0
508,RIVERS,12-01-2023,0
508,SOKOTO,12-01-2023,0
508,TARABA,12-01-2023,0
508,YOBE,12-01-2023,0
508,ZAMFARA,12-01-2023,0
508,FCT,12-01-2023,0
508,FOREIGN,12-01-2023,0
512,ABIA,12-01-2023,1
512,ADAMAWA,12-01-2023,0
512,AKWA IBOM,12-01-2023,1
512,BAUCHI,12-01-2023,0
512,BAYELSA,12-01-2023,0
512,BENUE,12-01-2023,0
512,BORNO,12-01-2023,0
512,CROSS RIVER,12-01-2023,0
512,DELTA,12-01-2023,1
512,EBONYI,12-01-2023,4
512,EDO,12-01-2023,0
512,EKITI,12-01-2023,0
512,ENUGU,12-01-2023,5
512,GOMBE,12-01-2023,0
512,IMO,12-01-2023,30
512,JIGAWA,12-01-2023,0
512,KADUNA,12-01-2023,0
512,KANO,12-01-2023,0
512,KATSINA,12-01-2023,0
512,KEBBI,12-01-2023,0
512,KOGI,12-01-2023,0
512,KWARA,12-01-2023,0
512,LAGOS,12-01-2023,1
512,NASARAWA,12-01-2023,0
512,NIGER,12-01-2023,0
512,OGUN,12-01-2023,0
512,ONDO,12-01-2023,0
512,OSUN,12-01-2023,0
512,OYO,12-01-2023,0
512,PLATEAU,12-01-2023,0
512,RIVERS,12-01-2023,0
512,SOKOTO,12-01-2023,0
512,TARABA,12-01-2023,0
512,YOBE,12-01-2023,0
512,ZAMFARA,12-01-2023,0
512,FCT,12-01-2023,0
512,FOREIGN,12-01-2023,0
515,ABIA,12-01-2023,12
515,ADAMAWA,12-01-2023,0
515,AKWA IBOM,12-01-2023,2
515,BAUCHI,12-01-2023,0
515,BAYELSA,12-01-2023,0
515,BENUE,12-01-2023,1
515,BORNO,12-01-2023,0
515,CROSS RIVER,12-01-2023,5
515,DELTA,12-01-2023,6
515,EBONYI,12-01-2023,62
515,EDO,12-01-2023,1
515,EKITI,12-01-2023,0
515,ENUGU,12-01-2023,55
515,GOMBE,12-01-2023,0
515,IMO,12-01-2023,28
515,JIGAWA,12-01-2023,0
515,KADUNA,12-01-2023,0
515,KANO,12-01-2023,0
515,KATSINA,12-01-2023,0
515,KEBBI,12-01-2023,0
515,KOGI,12-01-2023,5
515,KWARA,12-01-2023,0
515,LAGOS,12-01-2023,0
515,NASARAWA,12-01-2023,0
515,NIGER,12-01-2023,0
515,OGUN,12-01-2023,1
515,ONDO,12-01-2023,0
515,OSUN,12-01-2023,0
515,OYO,12-01-2023,0
515,PLATEAU,12-01-2023,0
515,RIVERS,12-01-2023,1
515,SOKOTO,12-01-2023,0
515,TARABA,12-01-2023,0
515,YOBE,12-01-2023,0
515,ZAMFARA,12-01-2023,0
515,FCT,12-01-2023,0
515,FOREIGN,12-01-2023,0
510,ABIA,12-01-2023,1
510,ADAMAWA,12-01-2023,0
510,AKWA IBOM,12-01-2023,3
510,BAUCHI,12-01-2023,0
510,BAYELSA,12-01-2023,0
510,BENUE,12-01-2023,1
510,BORNO,12-01-2023,0
510,CROSS RIVER,12-01-2023,0
510,DELTA,12-01-2023,1
510,EBONYI,12-01-2023,4
510,EDO,12-01-2023,1
510,EKITI,12-01-2023,0
510,ENUGU,12-01-2023,10
510,GOMBE,12-01-2023,0
510,IMO,12-01-2023,9
510,JIGAWA,12-01-2023,0
510,KADUNA,12-01-2023,0
510,KANO,12-01-2023,0
510,KATSINA,12-01-2023,0
510,KEBBI,12-01-2023,0
510,KOGI,12-01-2023,0
510,KWARA,12-01-2023,0
510,LAGOS,12-01-2023,0
510,NASARAWA,12-01-2023,0
510,NIGER,12-01-2023,0
510,OGUN,12-01-2023,0
510,ONDO,12-01-2023,0
510,OSUN,12-01-2023,0
510,OYO,12-01-2023,0
510,PLATEAU,12-01-2023,0
510,RIVERS,12-01-2023,0
510,SOKOTO,12-01-2023,0
510,TARABA,12-01-2023,0
510,YOBE,12-01-2023,0
510,ZAMFARA,12-01-2023,0
510,FCT,12-01-2023,0
510,FOREIGN,12-01-2023,0
505,ABIA,12-01-2023,0
505,ADAMAWA,12-01-2023,0
505,AKWA IBOM,12-01-2023,0
505,BAUCHI,12-01-2023,0
505,BAYELSA,12-01-2023,0
505,BENUE,12-01-2023,0
505,BORNO,12-01-2023,0
505,CROSS RIVER,12-01-2023,0
505,DELTA,12-01-2023,0
505,EBONYI,12-01-2023,1
505,EDO,12-01-2023,0
505,EKITI,12-01-2023,0
505,ENUGU,12-01-2023,0
505,GOMBE,12-01-2023,0
505,IMO,12-01-2023,1
505,JIGAWA,12-01-2023,0
505,KADUNA,12-01-2023,0
505,KANO,12-01-2023,0
505,KATSINA,12-01-2023,0
505,KEBBI,12-01-2023,0
505,KOGI,12-01-2023,0
505,KWARA,12-01-2023,0
505,LAGOS,12-01-2023,0
505,NASARAWA,12-01-2023,0
505,NIGER,12-01-2023,0
505,OGUN,12-01-2023,0
505,ONDO,12-01-2023,0
505,OSUN,12-01-2023,0
505,OYO,12-01-2023,0
505,PLATEAU,12-01-2023,0
505,RIVERS,12-01-2023,0
505,SOKOTO,12-01-2023,0
505,TARABA,12-01-2023,0
505,YOBE,12-01-2023,0
505,ZAMFARA,12-01-2023,0
505,FCT,12-01-2023,0
505,FOREIGN,12-01-2023,0
514,ABIA,12-01-2023,0
514,ADAMAWA,12-01-2023,0
514,AKWA IBOM,12-01-2023,0
514,BAUCHI,12-01-2023,0
514,BAYELSA,12-01-2023,0
514,BENUE,12-01-2023,0
514,BORNO,12-01-2023,0
514,CROSS RIVER,12-01-2023,0
514,DELTA,12-01-2023,0
514,EBONYI,12-01-2023,0
514,EDO,12-01-2023,0
514,EKITI,12-01-2023,0
514,ENUGU,12-01-2023,0
514,GOMBE,12-01-2023,0
514,IMO,12-01-2023,1
514,JIGAWA,12-01-2023,0
514,KADUNA,12-01-2023,0
514,KANO,12-01-2023,0
514,KATSINA,12-01-2023,0
514,KEBBI,12-01-2023,0
514,KOGI,12-01-2023,0
514,KWARA,12-01-2023,0
514,LAGOS,12-01-2023,0
514,NASARAWA,12-01-2023,0
514,NIGER,12-01-2023,0
514,OGUN,12-01-2023,0
514,ONDO,12-01-2023,0
514,OSUN,12-01-2023,0
514,OYO,12-01-2023,0
514,PLATEAU,12-01-2023,0
514,RIVERS,12-01-2023,0
514,SOKOTO,12-01-2023,0
514,TARABA,12-01-2023,0
514,YOBE,12-01-2023,0
514,ZAMFARA,12-01-2023,0
514,FCT,12-01-2023,0
514,FOREIGN,12-01-2023,0
503,ABIA,12-01-2023,0
503,ADAMAWA,12-01-2023,0
503,AKWA IBOM,12-01-2023,0
503,BAUCHI,12-01-2023,0
503,BAYELSA,12-01-2023,0
503,BENUE,12-01-2023,0
503,BORNO,12-01-2023,0
503,CROSS RIVER,12-01-2023,0
503,DELTA,12-01-2023,0
503,EBONYI,12-01-2023,0
503,EDO,12-01-2023,0
503,EKITI,12-01-2023,0
503,ENUGU,12-01-2023,0
503,GOMBE,12-01-2023,0
503,IMO,12-01-2023,0
503,JIGAWA,12-01-2023,0
503,KADUNA,12-01-2023,0
503,KANO,12-01-2023,0
503,KATSINA,12-01-2023,0
503,KEBBI,12-01-2023,0
503,KOGI,12-01-2023,0
503,KWARA,12-01-2023,0
503,LAGOS,12-01-2023,0
503,NASARAWA,12-01-2023,0
503,NIGER,12-01-2023,0
503,OGUN,12-01-2023,0
503,ONDO,12-01-2023,0
503,OSUN,12-01-2023,0
503,OYO,12-01-2023,0
503,PLATEAU,12-01-2023,0
503,RIVERS,12-01-2023,0
503,SOKOTO,12-01-2023,0
503,TARABA,12-01-2023,0
503,YOBE,12-01-2023,0
503,ZAMFARA,12-01-2023,0
503,FCT,12-01-2023,0
503,FOREIGN,12-01-2023,0
501,ABIA,12-01-2023,2
501,ADAMAWA,12-01-2023,0
501,AKWA IBOM,12-01-2023,1
501,BAUCHI,12-01-2023,0
501,BAYELSA,12-01-2023,0
501,BENUE,12-01-2023,0
501,BORNO,12-01-2023,0
501,CROSS RIVER,12-01-2023,1
501,DELTA,12-01-2023,0
501,EBONYI,12-01-2023,2
501,EDO,12-01-2023,0
501,EKITI,12-01-2023,0
501,ENUGU,12-01-2023,1
501,GOMBE,12-01-2023,0
501,IMO,12-01-2023,25
501,JIGAWA,12-01-2023,0
501,KADUNA,12-01-2023,0
501,KANO,12-01-2023,0
501,KATSINA,12-01-2023,0
501,KEBBI,12-01-2023,0
501,KOGI,12-01-2023,0
501,KWARA,12-01-2023,0
501,LAGOS,12-01-2023,0
501,NASARAWA,12-01-2023,0
501,NIGER,12-01-2023,0
501,OGUN,12-01-2023,0
501,ONDO,12-01-2023,0
501,OSUN,12-01-2023,0
501,OYO,12-01-2023,0
501,PLATEAU,12-01-2023,0
501,RIVERS,12-01-2023,0
501,SOKOTO,12-01-2023,0
501,TARABA,12-01-2023,0
501,YOBE,12-01-2023,0
501,ZAMFARA,12-01-2023,0
501,FCT,12-01-2023,0
501,FOREIGN,12-01-2023,0
502,ABIA,12-01-2023,0
502,ADAMAWA,12-01-2023,0
502,AKWA IBOM,12-01-2023,0
502,BAUCHI,12-01-2023,0
502,BAYELSA,12-01-2023,0
502,BENUE,12-01-2023,0
502,BORNO,12-01-2023,0
502,CROSS RIVER,12-01-2023,0
502,DELTA,12-01-2023,0
502,EBONYI,12-01-2023,0
502,EDO,12-01-2023,0
502,EKITI,12-01-2023,0
502,ENUGU,12-01-2023,0
502,GOMBE,12-01-2023,0
502,IMO,12-01-2023,0
502,JIGAWA,12-01-2023,0
502,KADUNA,12-01-2023,0
502,KANO,12-01-2023,0
502,KATSINA,12-01-2023,0
502,KEBBI,12-01-2023,0
502,KOGI,12-01-2023,0
502,KWARA,12-01-2023,0
502,LAGOS,12-01-2023,0
502,NASARAWA,12-01-2023,0
502,NIGER,12-01-2023,0
502,OGUN,12-01-2023,0
502,ONDO,12-01-2023,0
502,OSUN,12-01-2023,0
502,OYO,12-01-2023,0
502,PLATEAU,12-01-2023,0
502,RIVERS,12-01-2023,0
502,SOKOTO,12-01-2023,0
502,TARABA,12-01-2023,0
502,YOBE,12-01-2023,0
502,ZAMFARA,12-01-2023,0
502,FCT,12-01-2023,0
502,FOREIGN,12-01-2023,0
335,ABIA,12-01-2023,2
335,ADAMAWA,12-01-2023,0
335,AKWA IBOM,12-01-2023,2
335,BAUCHI,12-01-2023,0
335,BAYELSA,12-01-2023,0
335,BENUE,12-01-2023,2
335,BORNO,12-01-2023,0
335,CROSS RIVER,12-01-2023,2
335,DELTA,12-01-2023,1
335,EBONYI,12-01-2023,46
335,EDO,12-01-2023,0
335,EKITI,12-01-2023,0
335,ENUGU,12-01-2023,52
335,GOMBE,12-01-2023,0
335,IMO,12-01-2023,12
335,JIGAWA,12-01-2023,0
335,KADUNA,12-01-2023,0
335,KANO,12-01-2023,0
335,KATSINA,12-01-2023,0
335,KEBBI,12-01-2023,0
335,KOGI,12-01-2023,0
335,KWARA,12-01-2023,0
335,LAGOS,12-01-2023,0
335,NASARAWA,12-01-2023,0
335,NIGER,12-01-2023,0
335,OGUN,12-01-2023,0
335,ONDO,12-01-2023,0
335,OSUN,12-01-2023,0
335,OYO,12-01-2023,0
335,PLATEAU,12-01-2023,0
335,RIVERS,12-01-2023,0
335,SOKOTO,12-01-2023,0
335,TARABA,12-01-2023,1
335,YOBE,12-01-2023,0
335,ZAMFARA,12-01-2023,1
335,FCT,12-01-2023,0
335,FOREIGN,12-01-2023,0
323,ABIA,12-01-2023,1
323,ADAMAWA,12-01-2023,0
323,AKWA IBOM,12-01-2023,0
323,BAUCHI,12-01-2023,0
323,BAYELSA,12-01-2023,0
323,BENUE,12-01-2023,0
323,BORNO,12-01-2023,0
323,CROSS RIVER,12-01-2023,0
323,DELTA,12-01-2023,0
323,EBONYI,12-01-2023,10
323,EDO,12-01-2023,0
323,EKITI,12-01-2023,0
323,ENUGU,12-01-2023,23
323,GOMBE,12-01-2023,0
323,IMO,12-01-2023,2
323,JIGAWA,12-01-2023,0
323,KADUNA,12-01-2023,1
323,KANO,12-01-2023,0
323,KATSINA,12-01-2023,0
323,KEBBI,12-01-2023,0
323,KOGI,12-01-2023,0
323,KWARA,12-01-2023,0
323,LAGOS,12-01-2023,0
323,NASARAWA,12-01-2023,0
323,NIGER,12-01-2023,0
323,OGUN,12-01-2023,0
323,ONDO,12-01-2023,0
323,OSUN,12-01-2023,0
323,OYO,12-01-2023,0
323,PLATEAU,12-01-2023,8
323,RIVERS,12-01-2023,0
323,SOKOTO,12-01-2023,0
323,TARABA,12-01-2023,0
323,YOBE,12-01-2023,0
323,ZAMFARA,12-01-2023,0
323,FCT,12-01-2023,0
323,FOREIGN,12-01-2023,0
326,ABIA,12-01-2023,3
326,ADAMAWA,12-01-2023,0
326,AKWA IBOM,12-01-2023,1
326,BAUCHI,12-01-2023,0
326,BAYELSA,12-01-2023,0
326,BENUE,12-01-2023,0
326,BORNO,12-01-2023,0
326,CROSS RIVER,12-01-2023,0
326,DELTA,12-01-2023,0
326,EBONYI,12-01-2023,12
326,EDO,12-01-2023,0
326,EKITI,12-01-2023,0
326,ENUGU,12-01-2023,5
326,GOMBE,12-01-2023,0
326,IMO,12-01-2023,2
326,JIGAWA,12-01-2023,0
326,KADUNA,12-01-2023,0
326,KANO,12-01-2023,0
326,KATSINA,12-01-2023,0
326,KEBBI,12-01-2023,0
326,KOGI,12-01-2023,0
326,KWARA,12-01-2023,0
326,LAGOS,12-01-2023,0
326,NASARAWA,12-01-2023,0
326,NIGER,12-01-2023,0
326,OGUN,12-01-2023,0
326,ONDO,12-01-2023,0
326,OSUN,12-01-2023,0
326,OYO,12-01-2023,0
326,PLATEAU,12-01-2023,0
326,RIVERS,12-01-2023,0
326,SOKOTO,12-01-2023,0
326,TARABA,12-01-2023,1
326,YOBE,12-01-2023,0
326,ZAMFARA,12-01-2023,0
326,FCT,12-01-2023,0
326,FOREIGN,12-01-2023,0
327,ABIA,12-01-2023,0
327,ADAMAWA,12-01-2023,0
327,AKWA IBOM,12-01-2023,0
327,BAUCHI,12-01-2023,0
327,BAYELSA,12-01-2023,0
327,BENUE,12-01-2023,0
327,BORNO,12-01-2023,0
327,CROSS RIVER,12-01-2023,0
327,DELTA,12-01-2023,0
327,EBONYI,12-01-2023,0
327,EDO,12-01-2023,0
327,EKITI,12-01-2023,0
327,ENUGU,12-01-2023,5
327,GOMBE,12-01-2023,0
327,IMO,12-01-2023,2
327,JIGAWA,12-01-2023,0
327,KADUNA,12-01-2023,0
327,KANO,12-01-2023,0
327,KATSINA,12-01-2023,0
327,KEBBI,12-01-2023,0
327,KOGI,12-01-2023,0
327,KWARA,12-01-2023,0
327,LAGOS,12-01-2023,0
327,NASARAWA,12-01-2023,0
327,NIGER,12-01-2023,0
327,OGUN,12-01-2023,0
327,ONDO,12-01-2023,0
327,OSUN,12-01-2023,0
327,OYO,12-01-2023,0
327,PLATEAU,12-01-2023,1
327,RIVERS,12-01-2023,0
327,SOKOTO,12-01-2023,0
327,TARABA,12-01-2023,0
327,YOBE,12-01-2023,0
327,ZAMFARA,12-01-2023,0
327,FCT,12-01-2023,0
327,FOREIGN,12-01-2023,0
333,ABIA,12-01-2023,43
333,ADAMAWA,12-01-2023,0
333,AKWA IBOM,12-01-2023,7
333,BAUCHI,12-01-2023,0
333,BAYELSA,12-01-2023,0
333,BENUE,12-01-2023,4
333,BORNO,12-01-2023,0
333,CROSS RIVER,12-01-2023,11
333,DELTA,12-01-2023,10
333,EBONYI,12-01-2023,174
333,EDO,12-01-2023,2
333,EKITI,12-01-2023,0
333,ENUGU,12-01-2023,388
333,GOMBE,12-01-2023,1
333,IMO,12-01-2023,58
333,JIGAWA,12-01-2023,0
333,KADUNA,12-01-2023,0
333,KANO,12-01-2023,0
333,KATSINA,12-01-2023,0
333,KEBBI,12-01-2023,0
333,KOGI,12-01-2023,4
333,KWARA,12-01-2023,0
333,LAGOS,12-01-2023,1
333,NASARAWA,12-01-2023,0
333,NIGER,12-01-2023,0
333,OGUN,12-01-2023,0
333,ONDO,12-01-2023,0
333,OSUN,12-01-2023,2
333,OYO,12-01-2023,0
333,PLATEAU,12-01-2023,0
333,RIVERS,12-01-2023,0
333,SOKOTO,12-01-2023,0
333,TARABA,12-01-2023,1
333,YOBE,12-01-2023,0
333,ZAMFARA,12-01-2023,0
333,FCT,12-01-2023,0
333,FOREIGN,12-01-2023,1
338,ABIA,12-01-2023,39
338,ADAMAWA,12-01-2023,1
338,AKWA IBOM,12-01-2023,9
338,BAUCHI,12-01-2023,0
338,BAYELSA,12-01-2023,0
338,BENUE,12-01-2023,5
338,BORNO,12-01-2023,0
338,CROSS RIVER,12-01-2023,0
338,DELTA,12-01-2023,9
338,EBONYI,12-01-2023,148
338,EDO,12-01-2023,3
338,EKITI,12-01-2023,0
338,ENUGU,12-01-2023,289
338,GOMBE,12-01-2023,0
338,IMO,12-01-2023,65
338,JIGAWA,12-01-2023,0
338,KADUNA,12-01-2023,0
338,KANO,12-01-2023,0
338,KATSINA,12-01-2023,0
338,KEBBI,12-01-2023,0
338,KOGI,12-01-2023,5
338,KWARA,12-01-2023,0
338,LAGOS,12-01-2023,0
338,NASARAWA,12-01-2023,1
338,NIGER,12-01-2023,0
338,OGUN,12-01-2023,0
338,ONDO,12-01-2023,0
338,OSUN,12-01-2023,1
338,OYO,12-01-2023,2
338,PLATEAU,12-01-2023,0
338,RIVERS,12-01-2023,4
338,SOKOTO,12-01-2023,0
338,TARABA,12-01-2023,0
338,YOBE,12-01-2023,0
338,ZAMFARA,12-01-2023,0
338,FCT,12-01-2023,0
338,FOREIGN,12-01-2023,0
328,ABIA,12-01-2023,34
328,ADAMAWA,12-01-2023,0
328,AKWA IBOM,12-01-2023,5
328,BAUCHI,12-01-2023,0
328,BAYELSA,12-01-2023,0
328,BENUE,12-01-2023,0
328,BORNO,12-01-2023,0
328,CROSS RIVER,12-01-2023,0
328,DELTA,12-01-2023,7
328,EBONYI,12-01-2023,105
328,EDO,12-01-2023,0
328,EKITI,12-01-2023,1
328,ENUGU,12-01-2023,77
328,GOMBE,12-01-2023,0
328,IMO,12-01-2023,51
328,JIGAWA,12-01-2023,0
328,KADUNA,12-01-2023,0
328,KANO,12-01-2023,0
328,KATSINA,12-01-2023,0
328,KEBBI,12-01-2023,0
328,KOGI,12-01-2023,1
328,KWARA,12-01-2023,0
328,LAGOS,12-01-2023,0
328,NASARAWA,12-01-2023,0
328,NIGER,12-01-2023,0
328,OGUN,12-01-2023,1
328,ONDO,12-01-2023,0
328,OSUN,12-01-2023,0
328,OYO,12-01-2023,0
328,PLATEAU,12-01-2023,0
328,RIVERS,12-01-2023,3
328,SOKOTO,12-01-2023,0
328,TARABA,12-01-2023,0
328,YOBE,12-01-2023,0
328,ZAMFARA,12-01-2023,0
328,FCT,12-01-2023,0
328,FOREIGN,12-01-2023,0
337,ABIA,12-01-2023,58
337,ADAMAWA,12-01-2023,0
337,AKWA IBOM,12-01-2023,6
337,BAUCHI,12-01-2023,0
337,BAYELSA,12-01-2023,0
337,BENUE,12-01-2023,7
337,BORNO,12-01-2023,0
337,CROSS RIVER,12-01-2023,6
337,DELTA,12-01-2023,3
337,EBONYI,12-01-2023,185
337,EDO,12-01-2023,0
337,EKITI,12-01-2023,0
337,ENUGU,12-01-2023,144
337,GOMBE,12-01-2023,0
337,IMO,12-01-2023,38
337,JIGAWA,12-01-2023,0
337,KADUNA,12-01-2023,0
337,KANO,12-01-2023,0
337,KATSINA,12-01-2023,0
337,KEBBI,12-01-2023,0
337,KOGI,12-01-2023,3
337,KWARA,12-01-2023,0
337,LAGOS,12-01-2023,0
337,NASARAWA,12-01-2023,0
337,NIGER,12-01-2023,0
337,OGUN,12-01-2023,0
337,ONDO,12-01-2023,0
337,OSUN,12-01-2023,3
337,OYO,12-01-2023,0
337,PLATEAU,12-01-2023,2
337,RIVERS,12-01-2023,0
337,SOKOTO,12-01-2023,0
337,TARABA,12-01-2023,0
337,YOBE,12-01-2023,0
337,ZAMFARA,12-01-2023,0
337,FCT,12-01-2023,0
337,FOREIGN,12-01-2023,0
324,ABIA,12-01-2023,6
324,ADAMAWA,12-01-2023,0
324,AKWA IBOM,12-01-2023,0
324,BAUCHI,12-01-2023,0
324,BAYELSA,12-01-2023,0
324,BENUE,12-01-2023,1
324,BORNO,12-01-2023,0
324,CROSS RIVER,12-01-2023,0
324,DELTA,12-01-2023,6
324,EBONYI,12-01-2023,13
324,EDO,12-01-2023,0
324,EKITI,12-01-2023,0
324,ENUGU,12-01-2023,55
324,GOMBE,12-01-2023,0
324,IMO,12-01-2023,22
324,JIGAWA,12-01-2023,0
324,KADUNA,12-01-2023,0
324,KANO,12-01-2023,0
324,KATSINA,12-01-2023,0
324,KEBBI,12-01-2023,0
324,KOGI,12-01-2023,0
324,KWARA,12-01-2023,0
324,LAGOS,12-01-2023,0
324,NASARAWA,12-01-2023,0
324,NIGER,12-01-2023,0
324,OGUN,12-01-2023,0
324,ONDO,12-01-2023,0
324,OSUN,12-01-2023,0
324,OYO,12-01-2023,0
324,PLATEAU,12-01-2023,0
324,RIVERS,12-01-2023,0
324,SOKOTO,12-01-2023,0
324,TARABA,12-01-2023,0
324,YOBE,12-01-2023,0
324,ZAMFARA,12-01-2023,0
324,FCT,12-01-2023,0
324,FOREIGN,12-01-2023,0
332,ABIA,12-01-2023,6
332,ADAMAWA,12-01-2023,0
332,AKWA IBOM,12-01-2023,0
332,BAUCHI,12-01-2023,0
332,BAYELSA,12-01-2023,1
332,BENUE,12-01-2023,0
332,BORNO,12-01-2023,0
332,CROSS RIVER,12-01-2023,2
332,DELTA,12-01-2023,1
332,EBONYI,12-01-2023,6
332,EDO,12-01-2023,2
332,EKITI,12-01-2023,0
332,ENUGU,12-01-2023,23
332,GOMBE,12-01-2023,0
332,IMO,12-01-2023,12
332,JIGAWA,12-01-2023,0
332,KADUNA,12-01-2023,0
332,KANO,12-01-2023,0
332,KATSINA,12-01-2023,0
332,KEBBI,12-01-2023,0
332,KOGI,12-01-2023,1
332,KWARA,12-01-2023,0
332,LAGOS,12-01-2023,0
332,NASARAWA,12-01-2023,0
332,NIGER,12-01-2023,0
332,OGUN,12-01-2023,0
332,ONDO,12-01-2023,0
332,OSUN,12-01-2023,0
332,OYO,12-01-2023,0
332,PLATEAU,12-01-2023,0
332,RIVERS,12-01-2023,0
332,SOKOTO,12-01-2023,0
332,TARABA,12-01-2023,0
332,YOBE,12-01-2023,0
332,ZAMFARA,12-01-2023,0
332,FCT,12-01-2023,0
332,FOREIGN,12-01-2023,0
329,ABIA,12-01-2023,1
329,ADAMAWA,12-01-2023,2
329,AKWA IBOM,12-01-2023,1
329,BAUCHI,12-01-2023,3
329,BAYELSA,12-01-2023,0
329,BENUE,12-01-2023,0
329,BORNO,12-01-2023,0
329,CROSS RIVER,12-01-2023,1
329,DELTA,12-01-2023,0
329,EBONYI,12-01-2023,30
329,EDO,12-01-2023,0
329,EKITI,12-01-2023,0
329,ENUGU,12-01-2023,42
329,GOMBE,12-01-2023,0
329,IMO,12-01-2023,1
329,JIGAWA,12-01-2023,0
329,KADUNA,12-01-2023,0
329,KANO,12-01-2023,0
329,KATSINA,12-01-2023,0
329,KEBBI,12-01-2023,0
329,KOGI,12-01-2023,0
329,KWARA,12-01-2023,0
329,LAGOS,12-01-2023,0
329,NASARAWA,12-01-2023,0
329,NIGER,12-01-2023,0
329,OGUN,12-01-2023,0
329,ONDO,12-01-2023,0
329,OSUN,12-01-2023,0
329,OYO,12-01-2023,0
329,PLATEAU,12-01-2023,1
329,RIVERS,12-01-2023,0
329,SOKOTO,12-01-2023,0
329,TARABA,12-01-2023,0
329,YOBE,12-01-2023,0
329,ZAMFARA,12-01-2023,0
329,FCT,12-01-2023,0
329,FOREIGN,12-01-2023,0
336,ABIA,12-01-2023,3
336,ADAMAWA,12-01-2023,0
336,AKWA IBOM,12-01-2023,0
336,BAUCHI,12-01-2023,0
336,BAYELSA,12-01-2023,0
336,BENUE,12-01-2023,0
336,BORNO,12-01-2023,0
336,CROSS RIVER,12-01-2023,1
336,DELTA,12-01-2023,0
336,EBONYI,12-01-2023,3
336,EDO,12-01-2023,0
336,EKITI,12-01-2023,0
336,ENUGU,12-01-2023,18
336,GOMBE,12-01-2023,0
336,IMO,12-01-2023,5
336,JIGAWA,12-01-2023,0
336,KADUNA,12-01-2023,0
336,KANO,12-01-2023,0
336,KATSINA,12-01-2023,0
336,KEBBI,12-01-2023,0
336,KOGI,12-01-2023,0
336,KWARA,12-01-2023,0
336,LAGOS,12-01-2023,0
336,NASARAWA,12-01-2023,0
336,NIGER,12-01-2023,0
336,OGUN,12-01-2023,0
336,ONDO,12-01-2023,0
336,OSUN,12-01-2023,0
336,OYO,12-01-2023,0
336,PLATEAU,12-01-2023,0
336,RIVERS,12-01-2023,0
336,SOKOTO,12-01-2023,0
336,TARABA,12-01-2023,0
336,YOBE,12-01-2023,0
336,ZAMFARA,12-01-2023,0
336,FCT,12-01-2023,0
336,FOREIGN,12-01-2023,0
330,ABIA,12-01-2023,3
330,ADAMAWA,12-01-2023,0
330,AKWA IBOM,12-01-2023,0
330,BAUCHI,12-01-2023,0
330,BAYELSA,12-01-2023,0
330,BENUE,12-01-2023,0
330,BORNO,12-01-2023,0
330,CROSS RIVER,12-01-2023,0
330,DELTA,12-01-2023,3
330,EBONYI,12-01-2023,17
330,EDO,12-01-2023,0
330,EKITI,12-01-2023,0
330,ENUGU,12-01-2023,27
330,GOMBE,12-01-2023,0
330,IMO,12-01-2023,7
330,JIGAWA,12-01-2023,0
330,KADUNA,12-01-2023,0
330,KANO,12-01-2023,0
330,KATSINA,12-01-2023,0
330,KEBBI,12-01-2023,0
330,KOGI,12-01-2023,1
330,KWARA,12-01-2023,0
330,LAGOS,12-01-2023,0
330,NASARAWA,12-01-2023,0
330,NIGER,12-01-2023,0
330,OGUN,12-01-2023,0
330,ONDO,12-01-2023,0
330,OSUN,12-01-2023,0
330,OYO,12-01-2023,0
330,PLATEAU,12-01-2023,1
330,RIVERS,12-01-2023,1
330,SOKOTO,12-01-2023,0
330,TARABA,12-01-2023,0
330,YOBE,12-01-2023,0
330,ZAMFARA,12-01-2023,0
330,FCT,12-01-2023,0
330,FOREIGN,12-01-2023,0
334,ABIA,12-01-2023,24
334,ADAMAWA,12-01-2023,0
334,AKWA IBOM,12-01-2023,3
334,BAUCHI,12-01-2023,0
334,BAYELSA,12-01-2023,0
334,BENUE,12-01-2023,1
334,BORNO,12-01-2023,0
334,CROSS RIVER,12-01-2023,3
334,DELTA,12-01-2023,9
334,EBONYI,12-01-2023,45
334,EDO,12-01-2023,2
334,EKITI,12-01-2023,0
334,ENUGU,12-01-2023,178
334,GOMBE,12-01-2023,0
334,IMO,12-01-2023,135
334,JIGAWA,12-01-2023,0
334,KADUNA,12-01-2023,0
334,KANO,12-01-2023,0
334,KATSINA,12-01-2023,0
334,KEBBI,12-01-2023,0
334,KOGI,12-01-2023,1
334,KWARA,12-01-2023,0
334,LAGOS,12-01-2023,0
334,NASARAWA,12-01-2023,0
334,NIGER,12-01-2023,0
334,OGUN,12-01-2023,0
334,ONDO,12-01-2023,0
334,OSUN,12-01-2023,0
334,OYO,12-01-2023,0
334,PLATEAU,12-01-2023,0
334,RIVERS,12-01-2023,0
334,SOKOTO,12-01-2023,0
334,TARABA,12-01-2023,0
334,YOBE,12-01-2023,0
334,ZAMFARA,12-01-2023,0
334,FCT,12-01-2023,0
334,FOREIGN,12-01-2023,0
331,ABIA,12-01-2023,12
331,ADAMAWA,12-01-2023,0
331,AKWA IBOM,12-01-2023,0
331,BAUCHI,12-01-2023,0
331,BAYELSA,12-01-2023,0
331,BENUE,12-01-2023,2
331,BORNO,12-01-2023,0
331,CROSS RIVER,12-01-2023,2
331,DELTA,12-01-2023,3
331,EBONYI,12-01-2023,79
331,EDO,12-01-2023,0
331,EKITI,12-01-2023,0
331,ENUGU,12-01-2023,59
331,GOMBE,12-01-2023,0
331,IMO,12-01-2023,19
331,JIGAWA,12-01-2023,0
331,KADUNA,12-01-2023,0
331,KANO,12-01-2023,0
331,KATSINA,12-01-2023,0
331,KEBBI,12-01-2023,0
331,KOGI,12-01-2023,0
331,KWARA,12-01-2023,0
331,LAGOS,12-01-2023,0
331,NASARAWA,12-01-2023,0
331,NIGER,12-01-2023,0
331,OGUN,12-01-2023,0
331,ONDO,12-01-2023,0
331,OSUN,12-01-2023,0
331,OYO,12-01-2023,0
331,PLATEAU,12-01-2023,1
331,RIVERS,12-01-2023,0
331,SOKOTO,12-01-2023,0
331,TARABA,12-01-2023,0
331,YOBE,12-01-2023,0
331,ZAMFARA,12-01-2023,0
331,FCT,12-01-2023,0
331,FOREIGN,12-01-2023,0
325,ABIA,12-01-2023,132
325,ADAMAWA,12-01-2023,0
325,AKWA IBOM,12-01-2023,11
325,BAUCHI,12-01-2023,0
325,BAYELSA,12-01-2023,0
325,BENUE,12-01-2023,3
325,BORNO,12-01-2023,0
325,CROSS RIVER,12-01-2023,5
325,DELTA,12-01-2023,16
325,EBONYI,12-01-2023,455
325,EDO,12-01-2023,5
325,EKITI,12-01-2023,0
325,ENUGU,12-01-2023,524
325,GOMBE,12-01-2023,0
325,IMO,12-01-2023,469
325,JIGAWA,12-01-2023,0
325,KADUNA,12-01-2023,0
325,KANO,12-01-2023,0
325,KATSINA,12-01-2023,0
325,KEBBI,12-01-2023,0
325,KOGI,12-01-2023,4
325,KWARA,12-01-2023,0
325,LAGOS,12-01-2023,0
325,NASARAWA,12-01-2023,0
325,NIGER,12-01-2023,0
325,OGUN,12-01-2023,0
325,ONDO,12-01-2023,0
325,OSUN,12-01-2023,5
325,OYO,12-01-2023,1
325,PLATEAU,12-01-2023,3
325,RIVERS,12-01-2023,2
325,SOKOTO,12-01-2023,0
325,TARABA,12-01-2023,0
325,YOBE,12-01-2023,0
325,ZAMFARA,12-01-2023,0
325,FCT,12-01-2023,0
325,FOREIGN,12-01-2023,0
477,ABIA,12-01-2023,8
477,ADAMAWA,12-01-2023,0
477,AKWA IBOM,12-01-2023,8
477,BAUCHI,12-01-2023,0
477,BAYELSA,12-01-2023,0
477,BENUE,12-01-2023,1
477,BORNO,12-01-2023,0
477,CROSS RIVER,12-01-2023,8
477,DELTA,12-01-2023,1
477,EBONYI,12-01-2023,24
477,EDO,12-01-2023,0
477,EKITI,12-01-2023,0
477,ENUGU,12-01-2023,37
477,GOMBE,12-01-2023,0
477,IMO,12-01-2023,53
477,JIGAWA,12-01-2023,0
477,KADUNA,12-01-2023,0
477,KANO,12-01-2023,0
477,KATSINA,12-01-2023,0
477,KEBBI,12-01-2023,0
477,KOGI,12-01-2023,1
477,KWARA,12-01-2023,0
477,LAGOS,12-01-2023,0
477,NASARAWA,12-01-2023,0
477,NIGER,12-01-2023,0
477,OGUN,12-01-2023,0
477,ONDO,12-01-2023,0
477,OSUN,12-01-2023,2
477,OYO,12-01-2023,0
477,PLATEAU,12-01-2023,0
477,RIVERS,12-01-2023,0
477,SOKOTO,12-01-2023,0
477,TARABA,12-01-2023,0
477,YOBE,12-01-2023,0
477,ZAMFARA,12-01-2023,0
477,FCT,12-01-2023,0
477,FOREIGN,12-01-2023,0
478,ABIA,12-01-2023,0
478,ADAMAWA,12-01-2023,0
478,AKWA IBOM,12-01-2023,0
478,BAUCHI,12-01-2023,0
478,BAYELSA,12-01-2023,0
478,BENUE,12-01-2023,0
478,BORNO,12-01-2023,0
478,CROSS RIVER,12-01-2023,0
478,DELTA,12-01-2023,0
478,EBONYI,12-01-2023,0
478,EDO,12-01-2023,0
478,EKITI,12-01-2023,0
478,ENUGU,12-01-2023,0
478,GOMBE,12-01-2023,0
478,IMO,12-01-2023,0
478,JIGAWA,12-01-2023,0
478,KADUNA,12-01-2023,0
478,KANO,12-01-2023,0
478,KATSINA,12-01-2023,0
478,KEBBI,12-01-2023,0
478,KOGI,12-01-2023,0
478,KWARA,12-01-2023,0
478,LAGOS,12-01-2023,0
478,NASARAWA,12-01-2023,0
478,NIGER,12-01-2023,0
478,OGUN,12-01-2023,0
478,ONDO,12-01-2023,0
478,OSUN,12-01-2023,0
478,OYO,12-01-2023,0
478,PLATEAU,12-01-2023,0
478,RIVERS,12-01-2023,0
478,SOKOTO,12-01-2023,0
478,TARABA,12-01-2023,0
478,YOBE,12-01-2023,0
478,ZAMFARA,12-01-2023,0
478,FCT,12-01-2023,0
478,FOREIGN,12-01-2023,0
471,ABIA,12-01-2023,8
471,ADAMAWA,12-01-2023,0
471,AKWA IBOM,12-01-2023,2
471,BAUCHI,12-01-2023,0
471,BAYELSA,12-01-2023,0
471,BENUE,12-01-2023,1
471,BORNO,12-01-2023,0
471,CROSS RIVER,12-01-2023,1
471,DELTA,12-01-2023,2
471,EBONYI,12-01-2023,11
471,EDO,12-01-2023,0
471,EKITI,12-01-2023,0
471,ENUGU,12-01-2023,37
471,GOMBE,12-01-2023,0
471,IMO,12-01-2023,10
471,JIGAWA,12-01-2023,0
471,KADUNA,12-01-2023,0
471,KANO,12-01-2023,0
471,KATSINA,12-01-2023,0
471,KEBBI,12-01-2023,0
471,KOGI,12-01-2023,1
471,KWARA,12-01-2023,0
471,LAGOS,12-01-2023,0
471,NASARAWA,12-01-2023,0
471,NIGER,12-01-2023,0
471,OGUN,12-01-2023,0
471,ONDO,12-01-2023,0
471,OSUN,12-01-2023,0
471,OYO,12-01-2023,0
471,PLATEAU,12-01-2023,0
471,RIVERS,12-01-2023,1
471,SOKOTO,12-01-2023,0
471,TARABA,12-01-2023,0
471,YOBE,12-01-2023,0
471,ZAMFARA,12-01-2023,0
471,FCT,12-01-2023,0
471,FOREIGN,12-01-2023,0
472,ABIA,12-01-2023,19
472,ADAMAWA,12-01-2023,0
472,AKWA IBOM,12-01-2023,12
472,BAUCHI,12-01-2023,0
472,BAYELSA,12-01-2023,0
472,BENUE,12-01-2023,0
472,BORNO,12-01-2023,0
472,CROSS RIVER,12-01-2023,1
472,DELTA,12-01-2023,4
472,EBONYI,12-01-2023,139
472,EDO,12-01-2023,0
472,EKITI,12-01-2023,1
472,ENUGU,12-01-2023,165
472,GOMBE,12-01-2023,0
472,IMO,12-01-2023,39
472,JIGAWA,12-01-2023,0
472,KADUNA,12-01-2023,0
472,KANO,12-01-2023,0
472,KATSINA,12-01-2023,0
472,KEBBI,12-01-2023,0
472,KOGI,12-01-2023,1
472,KWARA,12-01-2023,0
472,LAGOS,12-01-2023,0
472,NASARAWA,12-01-2023,0
472,NIGER,12-01-2023,0
472,OGUN,12-01-2023,0
472,ONDO,12-01-2023,0
472,OSUN,12-01-2023,0
472,OYO,12-01-2023,0
472,PLATEAU,12-01-2023,1
472,RIVERS,12-01-2023,1
472,SOKOTO,12-01-2023,0
472,TARABA,12-01-2023,0
472,YOBE,12-01-2023,0
472,ZAMFARA,12-01-2023,0
472,FCT,12-01-2023,1
472,FOREIGN,12-01-2023,0
479,ABIA,12-01-2023,20
479,ADAMAWA,12-01-2023,0
479,AKWA IBOM,12-01-2023,1
479,BAUCHI,12-01-2023,0
479,BAYELSA,12-01-2023,0
479,BENUE,12-01-2023,2
479,BORNO,12-01-2023,0
479,CROSS RIVER,12-01-2023,0
479,DELTA,12-01-2023,6
479,EBONYI,12-01-2023,46
479,EDO,12-01-2023,1
479,EKITI,12-01-2023,0
479,ENUGU,12-01-2023,225
479,GOMBE,12-01-2023,0
479,IMO,12-01-2023,144
479,JIGAWA,12-01-2023,0
479,KADUNA,12-01-2023,0
479,KANO,12-01-2023,0
479,KATSINA,12-01-2023,0
479,KEBBI,12-01-2023,0
479,KOGI,12-01-2023,1
479,KWARA,12-01-2023,0
479,LAGOS,12-01-2023,0
479,NASARAWA,12-01-2023,0
479,NIGER,12-01-2023,0
479,OGUN,12-01-2023,0
479,ONDO,12-01-2023,0
479,OSUN,12-01-2023,0
479,OYO,12-01-2023,0
479,PLATEAU,12-01-2023,0
479,RIVERS,12-01-2023,1
479,SOKOTO,12-01-2023,0
479,TARABA,12-01-2023,0
479,YOBE,12-01-2023,0
479,ZAMFARA,12-01-2023,0
479,FCT,12-01-2023,0
479,FOREIGN,12-01-2023,0
476,ABIA,12-01-2023,12
476,ADAMAWA,12-01-2023,0
476,AKWA IBOM,12-01-2023,0
476,BAUCHI,12-01-2023,0
476,BAYELSA,12-01-2023,0
476,BENUE,12-01-2023,2
476,BORNO,12-01-2023,0
476,CROSS RIVER,12-01-2023,0
476,DELTA,12-01-2023,0
476,EBONYI,12-01-2023,20
476,EDO,12-01-2023,0
476,EKITI,12-01-2023,0
476,ENUGU,12-01-2023,76
476,GOMBE,12-01-2023,0
476,IMO,12-01-2023,31
476,JIGAWA,12-01-2023,0
476,KADUNA,12-01-2023,0
476,KANO,12-01-2023,0
476,KATSINA,12-01-2023,0
476,KEBBI,12-01-2023,0
476,KOGI,12-01-2023,0
476,KWARA,12-01-2023,0
476,LAGOS,12-01-2023,0
476,NASARAWA,12-01-2023,0
476,NIGER,12-01-2023,0
476,OGUN,12-01-2023,0
476,ONDO,12-01-2023,0
476,OSUN,12-01-2023,0
476,OYO,12-01-2023,0
476,PLATEAU,12-01-2023,0
476,RIVERS,12-01-2023,0
476,SOKOTO,12-01-2023,0
476,TARABA,12-01-2023,0
476,YOBE,12-01-2023,0
476,ZAMFARA,12-01-2023,0
476,FCT,12-01-2023,0
476,FOREIGN,12-01-2023,0
469,ABIA,12-01-2023,2
469,ADAMAWA,12-01-2023,0
469,AKWA IBOM,12-01-2023,0
469,BAUCHI,12-01-2023,0
469,BAYELSA,12-01-2023,0
469,BENUE,12-01-2023,0
469,BORNO,12-01-2023,0
469,CROSS RIVER,12-01-2023,0
469,DELTA,12-01-2023,2
469,EBONYI,12-01-2023,21
469,EDO,12-01-2023,1
469,EKITI,12-01-2023,0
469,ENUGU,12-01-2023,46
469,GOMBE,12-01-2023,0
469,IMO,12-01-2023,11
469,JIGAWA,12-01-2023,0
469,KADUNA,12-01-2023,0
469,KANO,12-01-2023,0
469,KATSINA,12-01-2023,0
469,KEBBI,12-01-2023,0
469,KOGI,12-01-2023,1
469,KWARA,12-01-2023,0
469,LAGOS,12-01-2023,0
469,NASARAWA,12-01-2023,0
469,NIGER,12-01-2023,0
469,OGUN,12-01-2023,1
469,ONDO,12-01-2023,0
469,OSUN,12-01-2023,0
469,OYO,12-01-2023,0
469,PLATEAU,12-01-2023,0
469,RIVERS,12-01-2023,0
469,SOKOTO,12-01-2023,0
469,TARABA,12-01-2023,0
469,YOBE,12-01-2023,0
469,ZAMFARA,12-01-2023,0
469,FCT,12-01-2023,0
469,FOREIGN,12-01-2023,0
470,ABIA,12-01-2023,9
470,ADAMAWA,12-01-2023,0
470,AKWA IBOM,12-01-2023,2
470,BAUCHI,12-01-2023,0
470,BAYELSA,12-01-2023,0
470,BENUE,12-01-2023,0
470,BORNO,12-01-2023,0
470,CROSS RIVER,12-01-2023,2
470,DELTA,12-01-2023,0
470,EBONYI,12-01-2023,53
470,EDO,12-01-2023,0
470,EKITI,12-01-2023,0
470,ENUGU,12-01-2023,54
470,GOMBE,12-01-2023,0
470,IMO,12-01-2023,12
470,JIGAWA,12-01-2023,0
470,KADUNA,12-01-2023,0
470,KANO,12-01-2023,0
470,KATSINA,12-01-2023,0
470,KEBBI,12-01-2023,0
470,KOGI,12-01-2023,0
470,KWARA,12-01-2023,0
470,LAGOS,12-01-2023,0
470,NASARAWA,12-01-2023,0
470,NIGER,12-01-2023,0
470,OGUN,12-01-2023,0
470,ONDO,12-01-2023,0
470,OSUN,12-01-2023,0
470,OYO,12-01-2023,0
470,PLATEAU,12-01-2023,1
470,RIVERS,12-01-2023,0
470,SOKOTO,12-01-2023,0
470,TARABA,12-01-2023,0
470,YOBE,12-01-2023,0
470,ZAMFARA,12-01-2023,0
470,FCT,12-01-2023,0
470,FOREIGN,12-01-2023,0
480,ABIA,12-01-2023,3
480,ADAMAWA,12-01-2023,0
480,AKWA IBOM,12-01-2023,2
480,BAUCHI,12-01-2023,0
480,BAYELSA,12-01-2023,0
480,BENUE,12-01-2023,0
480,BORNO,12-01-2023,0
480,CROSS RIVER,12-01-2023,2
480,DELTA,12-01-2023,0
480,EBONYI,12-01-2023,68
480,EDO,12-01-2023,0
480,EKITI,12-01-2023,0
480,ENUGU,12-01-2023,103
480,GOMBE,12-01-2023,0
480,IMO,12-01-2023,6
480,JIGAWA,12-01-2023,0
480,KADUNA,12-01-2023,3
480,KANO,12-01-2023,0
480,KATSINA,12-01-2023,0
480,KEBBI,12-01-2023,0
480,KOGI,12-01-2023,0
480,KWARA,12-01-2023,0
480,LAGOS,12-01-2023,0
480,NASARAWA,12-01-2023,0
480,NIGER,12-01-2023,0
480,OGUN,12-01-2023,0
480,ONDO,12-01-2023,0
480,OSUN,12-01-2023,0
480,OYO,12-01-2023,0
480,PLATEAU,12-01-2023,0
480,RIVERS,12-01-2023,0
480,SOKOTO,12-01-2023,0
480,TARABA,12-01-2023,0
480,YOBE,12-01-2023,0
480,ZAMFARA,12-01-2023,0
480,FCT,12-01-2023,0
480,FOREIGN,12-01-2023,0
473,ABIA,12-01-2023,53
473,ADAMAWA,12-01-2023,0
473,AKWA IBOM,12-01-2023,3
473,BAUCHI,12-01-2023,0
473,BAYELSA,12-01-2023,0
473,BENUE,12-01-2023,5
473,BORNO,12-01-2023,0
473,CROSS RIVER,12-01-2023,5
473,DELTA,12-01-2023,7
473,EBONYI,12-01-2023,142
473,EDO,12-01-2023,2
473,EKITI,12-01-2023,0
473,ENUGU,12-01-2023,138
473,GOMBE,12-01-2023,0
473,IMO,12-01-2023,72
473,JIGAWA,12-01-2023,0
473,KADUNA,12-01-2023,0
473,KANO,12-01-2023,0
473,KATSINA,12-01-2023,0
473,KEBBI,12-01-2023,0
473,KOGI,12-01-2023,3
473,KWARA,12-01-2023,0
473,LAGOS,12-01-2023,0
473,NASARAWA,12-01-2023,0
473,NIGER,12-01-2023,0
473,OGUN,12-01-2023,0
473,ONDO,12-01-2023,0
473,OSUN,12-01-2023,3
473,OYO,12-01-2023,0
473,PLATEAU,12-01-2023,2
473,RIVERS,12-01-2023,0
473,SOKOTO,12-01-2023,0
473,TARABA,12-01-2023,0
473,YOBE,12-01-2023,0
473,ZAMFARA,12-01-2023,0
473,FCT,12-01-2023,0
473,FOREIGN,12-01-2023,0
475,ABIA,12-01-2023,31
475,ADAMAWA,12-01-2023,0
475,AKWA IBOM,12-01-2023,5
475,BAUCHI,12-01-2023,0
475,BAYELSA,12-01-2023,0
475,BENUE,12-01-2023,1
475,BORNO,12-01-2023,0
475,CROSS RIVER,12-01-2023,3
475,DELTA,12-01-2023,1
475,EBONYI,12-01-2023,64
475,EDO,12-01-2023,2
475,EKITI,12-01-2023,0
475,ENUGU,12-01-2023,55
475,GOMBE,12-01-2023,0
475,IMO,12-01-2023,46
475,JIGAWA,12-01-2023,0
475,KADUNA,12-01-2023,0
475,KANO,12-01-2023,0
475,KATSINA,12-01-2023,0
475,KEBBI,12-01-2023,0
475,KOGI,12-01-2023,0
475,KWARA,12-01-2023,0
475,LAGOS,12-01-2023,0
475,NASARAWA,12-01-2023,0
475,NIGER,12-01-2023,0
475,OGUN,12-01-2023,0
475,ONDO,12-01-2023,0
475,OSUN,12-01-2023,2
475,OYO,12-01-2023,0
475,PLATEAU,12-01-2023,0
475,RIVERS,12-01-2023,3
475,SOKOTO,12-01-2023,0
475,TARABA,12-01-2023,0
475,YOBE,12-01-2023,0
475,ZAMFARA,12-01-2023,0
475,FCT,12-01-2023,0
475,FOREIGN,12-01-2023,0
468,ABIA,12-01-2023,17
468,ADAMAWA,12-01-2023,0
468,AKWA IBOM,12-01-2023,2
468,BAUCHI,12-01-2023,0
468,BAYELSA,12-01-2023,0
468,BENUE,12-01-2023,0
468,BORNO,12-01-2023,0
468,CROSS RIVER,12-01-2023,2
468,DELTA,12-01-2023,2
468,EBONYI,12-01-2023,66
468,EDO,12-01-2023,0
468,EKITI,12-01-2023,1
468,ENUGU,12-01-2023,34
468,GOMBE,12-01-2023,0
468,IMO,12-01-2023,30
468,JIGAWA,12-01-2023,0
468,KADUNA,12-01-2023,0
468,KANO,12-01-2023,0
468,KATSINA,12-01-2023,0
468,KEBBI,12-01-2023,0
468,KOGI,12-01-2023,0
468,KWARA,12-01-2023,0
468,LAGOS,12-01-2023,1
468,NASARAWA,12-01-2023,0
468,NIGER,12-01-2023,0
468,OGUN,12-01-2023,4
468,ONDO,12-01-2023,0
468,OSUN,12-01-2023,1
468,OYO,12-01-2023,1
468,PLATEAU,12-01-2023,0
468,RIVERS,12-01-2023,0
468,SOKOTO,12-01-2023,0
468,TARABA,12-01-2023,2
468,YOBE,12-01-2023,0
468,ZAMFARA,12-01-2023,0
468,FCT,12-01-2023,0
468,FOREIGN,12-01-2023,0
474,ABIA,12-01-2023,17
474,ADAMAWA,12-01-2023,0
474,AKWA IBOM,12-01-2023,2
474,BAUCHI,12-01-2023,0
474,BAYELSA,12-01-2023,0
474,BENUE,12-01-2023,2
474,BORNO,12-01-2023,0
474,CROSS RIVER,12-01-2023,4
474,DELTA,12-01-2023,3
474,EBONYI,12-01-2023,116
474,EDO,12-01-2023,2
474,EKITI,12-01-2023,0
474,ENUGU,12-01-2023,43
474,GOMBE,12-01-2023,0
474,IMO,12-01-2023,0
474,JIGAWA,12-01-2023,0
474,KADUNA,12-01-2023,0
474,KANO,12-01-2023,0
474,KATSINA,12-01-2023,0
474,KEBBI,12-01-2023,0
474,KOGI,12-01-2023,0
474,KWARA,12-01-2023,0
474,LAGOS,12-01-2023,0
474,NASARAWA,12-01-2023,0
474,NIGER,12-01-2023,0
474,OGUN,12-01-2023,0
474,ONDO,12-01-2023,0
474,OSUN,12-01-2023,2
474,OYO,12-01-2023,1
474,PLATEAU,12-01-2023,0
474,RIVERS,12-01-2023,0
474,SOKOTO,12-01-2023,0
474,TARABA,12-01-2023,0
474,YOBE,12-01-2023,0
474,ZAMFARA,12-01-2023,0
474,FCT,12-01-2023,1
474,FOREIGN,12-01-2023,0
986,ABIA,12-01-2023,0
986,ADAMAWA,12-01-2023,0
986,AKWA IBOM,12-01-2023,1
986,BAUCHI,12-01-2023,0
986,BAYELSA,12-01-2023,0
986,BENUE,12-01-2023,0
986,BORNO,12-01-2023,0
986,CROSS RIVER,12-01-2023,0
986,DELTA,12-01-2023,0
986,EBONYI,12-01-2023,6
986,EDO,12-01-2023,0
986,EKITI,12-01-2023,0
986,ENUGU,12-01-2023,6
986,GOMBE,12-01-2023,0
986,IMO,12-01-2023,1
986,JIGAWA,12-01-2023,0
986,KADUNA,12-01-2023,0
986,KANO,12-01-2023,0
986,KATSINA,12-01-2023,0
986,KEBBI,12-01-2023,0
986,KOGI,12-01-2023,0
986,KWARA,12-01-2023,0
986,LAGOS,12-01-2023,0
986,NASARAWA,12-01-2023,0
986,NIGER,12-01-2023,0
986,OGUN,12-01-2023,0
986,ONDO,12-01-2023,0
986,OSUN,12-01-2023,0
986,OYO,12-01-2023,0
986,PLATEAU,12-01-2023,1
986,RIVERS,12-01-2023,0
986,SOKOTO,12-01-2023,0
986,TARABA,12-01-2023,0
986,YOBE,12-01-2023,0
986,ZAMFARA,12-01-2023,0
986,FCT,12-01-2023,0
986,FOREIGN,12-01-2023,0
992,ABIA,12-01-2023,0
992,ADAMAWA,12-01-2023,0
992,AKWA IBOM,12-01-2023,0
992,BAUCHI,12-01-2023,0
992,BAYELSA,12-01-2023,1
992,BENUE,12-01-2023,0
992,BORNO,12-01-2023,0
992,CROSS RIVER,12-01-2023,0
992,DELTA,12-01-2023,0
992,EBONYI,12-01-2023,2
992,EDO,12-01-2023,0
992,EKITI,12-01-2023,0
992,ENUGU,12-01-2023,3
992,GOMBE,12-01-2023,0
992,IMO,12-01-2023,0
992,JIGAWA,12-01-2023,0
992,KADUNA,12-01-2023,0
992,KANO,12-01-2023,0
992,KATSINA,12-01-2023,0
992,KEBBI,12-01-2023,0
992,KOGI,12-01-2023,0
992,KWARA,12-01-2023,0
992,LAGOS,12-01-2023,0
992,NASARAWA,12-01-2023,0
992,NIGER,12-01-2023,0
992,OGUN,12-01-2023,0
992,ONDO,12-01-2023,0
992,OSUN,12-01-2023,0
992,OYO,12-01-2023,0
992,PLATEAU,12-01-2023,0
992,RIVERS,12-01-2023,0
992,SOKOTO,12-01-2023,0
992,TARABA,12-01-2023,0
992,YOBE,12-01-2023,0
992,ZAMFARA,12-01-2023,0
992,FCT,12-01-2023,0
992,FOREIGN,12-01-2023,0
988,ABIA,12-01-2023,4
988,ADAMAWA,12-01-2023,0
988,AKWA IBOM,12-01-2023,3
988,BAUCHI,12-01-2023,0
988,BAYELSA,12-01-2023,0
988,BENUE,12-01-2023,1
988,BORNO,12-01-2023,0
988,CROSS RIVER,12-01-2023,4
988,DELTA,12-01-2023,1
988,EBONYI,12-01-2023,32
988,EDO,12-01-2023,1
988,EKITI,12-01-2023,0
988,ENUGU,12-01-2023,30
988,GOMBE,12-01-2023,0
988,IMO,12-01-2023,12
988,JIGAWA,12-01-2023,0
988,KADUNA,12-01-2023,0
988,KANO,12-01-2023,0
988,KATSINA,12-01-2023,0
988,KEBBI,12-01-2023,0
988,KOGI,12-01-2023,3
988,KWARA,12-01-2023,0
988,LAGOS,12-01-2023,0
988,NASARAWA,12-01-2023,0
988,NIGER,12-01-2023,0
988,OGUN,12-01-2023,1
988,ONDO,12-01-2023,0
988,OSUN,12-01-2023,0
988,OYO,12-01-2023,0
988,PLATEAU,12-01-2023,1
988,RIVERS,12-01-2023,1
988,SOKOTO,12-01-2023,0
988,TARABA,12-01-2023,0
988,YOBE,12-01-2023,0
988,ZAMFARA,12-01-2023,0
988,FCT,12-01-2023,0
988,FOREIGN,12-01-2023,0
985,ABIA,12-01-2023,28
985,ADAMAWA,12-01-2023,0
985,AKWA IBOM,12-01-2023,3
985,BAUCHI,12-01-2023,0
985,BAYELSA,12-01-2023,0
985,BENUE,12-01-2023,0
985,BORNO,12-01-2023,0
985,CROSS RIVER,12-01-2023,4
985,DELTA,12-01-2023,2
985,EBONYI,12-01-2023,102
985,EDO,12-01-2023,0
985,EKITI,12-01-2023,0
985,ENUGU,12-01-2023,161
985,GOMBE,12-01-2023,0
985,IMO,12-01-2023,41
985,JIGAWA,12-01-2023,0
985,KADUNA,12-01-2023,0
985,KANO,12-01-2023,0
985,KATSINA,12-01-2023,1
985,KEBBI,12-01-2023,0
985,KOGI,12-01-2023,16
985,KWARA,12-01-2023,0
985,LAGOS,12-01-2023,0
985,NASARAWA,12-01-2023,0
985,NIGER,12-01-2023,0
985,OGUN,12-01-2023,0
985,ONDO,12-01-2023,0
985,OSUN,12-01-2023,0
985,OYO,12-01-2023,0
985,PLATEAU,12-01-2023,1
985,RIVERS,12-01-2023,0
985,SOKOTO,12-01-2023,0
985,TARABA,12-01-2023,0
985,YOBE,12-01-2023,0
985,ZAMFARA,12-01-2023,0
985,FCT,12-01-2023,0
985,FOREIGN,12-01-2023,0
983,ABIA,12-01-2023,0
983,ADAMAWA,12-01-2023,0
983,AKWA IBOM,12-01-2023,0
983,BAUCHI,12-01-2023,0
983,BAYELSA,12-01-2023,0
983,BENUE,12-01-2023,0
983,BORNO,12-01-2023,0
983,CROSS RIVER,12-01-2023,1
983,DELTA,12-01-2023,4
983,EBONYI,12-01-2023,24
983,EDO,12-01-2023,0
983,EKITI,12-01-2023,0
983,ENUGU,12-01-2023,3
983,GOMBE,12-01-2023,0
983,IMO,12-01-2023,0
983,JIGAWA,12-01-2023,0
983,KADUNA,12-01-2023,0
983,KANO,12-01-2023,0
983,KATSINA,12-01-2023,0
983,KEBBI,12-01-2023,0
983,KOGI,12-01-2023,0
983,KWARA,12-01-2023,0
983,LAGOS,12-01-2023,0
983,NASARAWA,12-01-2023,0
983,NIGER,12-01-2023,0
983,OGUN,12-01-2023,0
983,ONDO,12-01-2023,0
983,OSUN,12-01-2023,0
983,OYO,12-01-2023,0
983,PLATEAU,12-01-2023,0
983,RIVERS,12-01-2023,0
983,SOKOTO,12-01-2023,0
983,TARABA,12-01-2023,0
983,YOBE,12-01-2023,0
983,ZAMFARA,12-01-2023,0
983,FCT,12-01-2023,0
983,FOREIGN,12-01-2023,0
989,ABIA,12-01-2023,1
989,ADAMAWA,12-01-2023,0
989,AKWA IBOM,12-01-2023,1
989,BAUCHI,12-01-2023,0
989,BAYELSA,12-01-2023,0
989,BENUE,12-01-2023,1
989,BORNO,12-01-2023,0
989,CROSS RIVER,12-01-2023,1
989,DELTA,12-01-2023,3
989,EBONYI,12-01-2023,44
989,EDO,12-01-2023,0
989,EKITI,12-01-2023,1
989,ENUGU,12-01-2023,16
989,GOMBE,12-01-2023,0
989,IMO,12-01-2023,3
989,JIGAWA,12-01-2023,0
989,KADUNA,12-01-2023,0
989,KANO,12-01-2023,0
989,KATSINA,12-01-2023,0
989,KEBBI,12-01-2023,0
989,KOGI,12-01-2023,1
989,KWARA,12-01-2023,0
989,LAGOS,12-01-2023,0
989,NASARAWA,12-01-2023,0
989,NIGER,12-01-2023,0
989,OGUN,12-01-2023,0
989,ONDO,12-01-2023,0
989,OSUN,12-01-2023,1
989,OYO,12-01-2023,0
989,PLATEAU,12-01-2023,0
989,RIVERS,12-01-2023,2
989,SOKOTO,12-01-2023,0
989,TARABA,12-01-2023,0
989,YOBE,12-01-2023,0
989,ZAMFARA,12-01-2023,0
989,FCT,12-01-2023,0
989,FOREIGN,12-01-2023,0
984,ABIA,12-01-2023,8
984,ADAMAWA,12-01-2023,1
984,AKWA IBOM,12-01-2023,1
984,BAUCHI,12-01-2023,0
984,BAYELSA,12-01-2023,0
984,BENUE,12-01-2023,1
984,BORNO,12-01-2023,0
984,CROSS RIVER,12-01-2023,7
984,DELTA,12-01-2023,8
984,EBONYI,12-01-2023,86
984,EDO,12-01-2023,1
984,EKITI,12-01-2023,0
984,ENUGU,12-01-2023,92
984,GOMBE,12-01-2023,0
984,IMO,12-01-2023,12
984,JIGAWA,12-01-2023,0
984,KADUNA,12-01-2023,0
984,KANO,12-01-2023,0
984,KATSINA,12-01-2023,0
984,KEBBI,12-01-2023,0
984,KOGI,12-01-2023,1
984,KWARA,12-01-2023,0
984,LAGOS,12-01-2023,0
984,NASARAWA,12-01-2023,0
984,NIGER,12-01-2023,0
984,OGUN,12-01-2023,0
984,ONDO,12-01-2023,1
984,OSUN,12-01-2023,0
984,OYO,12-01-2023,0
984,PLATEAU,12-01-2023,0
984,RIVERS,12-01-2023,1
984,SOKOTO,12-01-2023,0
984,TARABA,12-01-2023,1
984,YOBE,12-01-2023,0
984,ZAMFARA,12-01-2023,0
984,FCT,12-01-2023,0
984,FOREIGN,12-01-2023,0
991,ABIA,12-01-2023,17
991,ADAMAWA,12-01-2023,0
991,AKWA IBOM,12-01-2023,0
991,BAUCHI,12-01-2023,0
991,BAYELSA,12-01-2023,0
991,BENUE,12-01-2023,0
991,BORNO,12-01-2023,0
991,CROSS RIVER,12-01-2023,1
991,DELTA,12-01-2023,0
991,EBONYI,12-01-2023,17
991,EDO,12-01-2023,1
991,EKITI,12-01-2023,0
991,ENUGU,12-01-2023,67
991,GOMBE,12-01-2023,0
991,IMO,12-01-2023,33
991,JIGAWA,12-01-2023,0
991,KADUNA,12-01-2023,0
991,KANO,12-01-2023,0
991,KATSINA,12-01-2023,0
991,KEBBI,12-01-2023,0
991,KOGI,12-01-2023,0
991,KWARA,12-01-2023,0
991,LAGOS,12-01-2023,0
991,NASARAWA,12-01-2023,0
991,NIGER,12-01-2023,0
991,OGUN,12-01-2023,0
991,ONDO,12-01-2023,0
991,OSUN,12-01-2023,0
991,OYO,12-01-2023,0
991,PLATEAU,12-01-2023,0
991,RIVERS,12-01-2023,0
991,SOKOTO,12-01-2023,0
991,TARABA,12-01-2023,0
991,YOBE,12-01-2023,0
991,ZAMFARA,12-01-2023,0
991,FCT,12-01-2023,0
991,FOREIGN,12-01-2023,0
990,ABIA,12-01-2023,9
990,ADAMAWA,12-01-2023,0
990,AKWA IBOM,12-01-2023,0
990,BAUCHI,12-01-2023,0
990,BAYELSA,12-01-2023,1
990,BENUE,12-01-2023,0
990,BORNO,12-01-2023,0
990,CROSS RIVER,12-01-2023,0
990,DELTA,12-01-2023,2
990,EBONYI,12-01-2023,30
990,EDO,12-01-2023,1
990,EKITI,12-01-2023,0
990,ENUGU,12-01-2023,48
990,GOMBE,12-01-2023,0
990,IMO,12-01-2023,7
990,JIGAWA,12-01-2023,0
990,KADUNA,12-01-2023,0
990,KANO,12-01-2023,0
990,KATSINA,12-01-2023,0
990,KEBBI,12-01-2023,0
990,KOGI,12-01-2023,3
990,KWARA,12-01-2023,0
990,LAGOS,12-01-2023,0
990,NASARAWA,12-01-2023,0
990,NIGER,12-01-2023,0
990,OGUN,12-01-2023,0
990,ONDO,12-01-2023,0
990,OSUN,12-01-2023,0
990,OYO,12-01-2023,0
990,PLATEAU,12-01-2023,0
990,RIVERS,12-01-2023,0
990,SOKOTO,12-01-2023,0
990,TARABA,12-01-2023,0
990,YOBE,12-01-2023,0
990,ZAMFARA,12-01-2023,0
990,FCT,12-01-2023,0
990,FOREIGN,12-01-2023,0
987,ABIA,12-01-2023,3
987,ADAMAWA,12-01-2023,0
987,AKWA IBOM,12-01-2023,2
987,BAUCHI,12-01-2023,0
987,BAYELSA,12-01-2023,0
987,BENUE,12-01-2023,0
987,BORNO,12-01-2023,0
987,CROSS RIVER,12-01-2023,1
987,DELTA,12-01-2023,1
987,EBONYI,12-01-2023,23
987,EDO,12-01-2023,1
987,EKITI,12-01-2023,0
987,ENUGU,12-01-2023,36
987,GOMBE,12-01-2023,0
987,IMO,12-01-2023,13
987,JIGAWA,12-01-2023,0
987,KADUNA,12-01-2023,0
987,KANO,12-01-2023,0
987,KATSINA,12-01-2023,0
987,KEBBI,12-01-2023,0
987,KOGI,12-01-2023,0
987,KWARA,12-01-2023,0
987,LAGOS,12-01-2023,0
987,NASARAWA,12-01-2023,0
987,NIGER,12-01-2023,0
987,OGUN,12-01-2023,0
987,ONDO,12-01-2023,0
987,OSUN,12-01-2023,0
987,OYO,12-01-2023,0
987,PLATEAU,12-01-2023,0
987,RIVERS,12-01-2023,0
987,SOKOTO,12-01-2023,0
987,TARABA,12-01-2023,0
987,YOBE,12-01-2023,0
987,ZAMFARA,12-01-2023,0
987,FCT,12-01-2023,0
987,FOREIGN,12-01-2023,0
993,ABIA,12-01-2023,0
993,ADAMAWA,12-01-2023,0
993,AKWA IBOM,12-01-2023,0
993,BAUCHI,12-01-2023,0
993,BAYELSA,12-01-2023,0
993,BENUE,12-01-2023,0
993,BORNO,12-01-2023,0
993,CROSS RIVER,12-01-2023,1
993,DELTA,12-01-2023,0
993,EBONYI,12-01-2023,2
993,EDO,12-01-2023,0
993,EKITI,12-01-2023,0
993,ENUGU,12-01-2023,0
993,GOMBE,12-01-2023,0
993,IMO,12-01-2023,1
993,JIGAWA,12-01-2023,0
993,KADUNA,12-01-2023,0
993,KANO,12-01-2023,0
993,KATSINA,12-01-2023,0
993,KEBBI,12-01-2023,0
993,KOGI,12-01-2023,0
993,KWARA,12-01-2023,0
993,LAGOS,12-01-2023,0
993,NASARAWA,12-01-2023,0
993,NIGER,12-01-2023,0
993,OGUN,12-01-2023,0
993,ONDO,12-01-2023,0
993,OSUN,12-01-2023,0
993,OYO,12-01-2023,0
993,PLATEAU,12-01-2023,0
993,RIVERS,12-01-2023,0
993,SOKOTO,12-01-2023,0
993,TARABA,12-01-2023,0
993,YOBE,12-01-2023,0
993,ZAMFARA,12-01-2023,0
993,FCT,12-01-2023,0
993,FOREIGN,12-01-2023,0
792,ABIA,12-01-2023,49
792,ADAMAWA,12-01-2023,0
792,AKWA IBOM,12-01-2023,3
792,BAUCHI,12-01-2023,0
792,BAYELSA,12-01-2023,0
792,BENUE,12-01-2023,1
792,BORNO,12-01-2023,0
792,CROSS RIVER,12-01-2023,3
792,DELTA,12-01-2023,10
792,EBONYI,12-01-2023,29
792,EDO,12-01-2023,6
792,EKITI,12-01-2023,0
792,ENUGU,12-01-2023,131
792,GOMBE,12-01-2023,0
792,IMO,12-01-2023,137
792,JIGAWA,12-01-2023,0
792,KADUNA,12-01-2023,0
792,KANO,12-01-2023,0
792,KATSINA,12-01-2023,0
792,KEBBI,12-01-2023,0
792,KOGI,12-01-2023,0
792,KWARA,12-01-2023,0
792,LAGOS,12-01-2023,0
792,NASARAWA,12-01-2023,0
792,NIGER,12-01-2023,0
792,OGUN,12-01-2023,0
792,ONDO,12-01-2023,0
792,OSUN,12-01-2023,0
792,OYO,12-01-2023,1
792,PLATEAU,12-01-2023,1
792,RIVERS,12-01-2023,1
792,SOKOTO,12-01-2023,0
792,TARABA,12-01-2023,0
792,YOBE,12-01-2023,0
792,ZAMFARA,12-01-2023,0
792,FCT,12-01-2023,0
792,FOREIGN,12-01-2023,0
790,ABIA,12-01-2023,52
790,ADAMAWA,12-01-2023,0
790,AKWA IBOM,12-01-2023,6
790,BAUCHI,12-01-2023,0
790,BAYELSA,12-01-2023,0
790,BENUE,12-01-2023,3
790,BORNO,12-01-2023,0
790,CROSS RIVER,12-01-2023,3
790,DELTA,12-01-2023,7
790,EBONYI,12-01-2023,42
790,EDO,12-01-2023,3
790,EKITI,12-01-2023,0
790,ENUGU,12-01-2023,188
790,GOMBE,12-01-2023,0
790,IMO,12-01-2023,160
790,JIGAWA,12-01-2023,0
790,KADUNA,12-01-2023,0
790,KANO,12-01-2023,0
790,KATSINA,12-01-2023,0
790,KEBBI,12-01-2023,0
790,KOGI,12-01-2023,1
790,KWARA,12-01-2023,0
790,LAGOS,12-01-2023,0
790,NASARAWA,12-01-2023,0
790,NIGER,12-01-2023,0
790,OGUN,12-01-2023,1
790,ONDO,12-01-2023,0
790,OSUN,12-01-2023,0
790,OYO,12-01-2023,2
790,PLATEAU,12-01-2023,0
790,RIVERS,12-01-2023,0
790,SOKOTO,12-01-2023,0
790,TARABA,12-01-2023,0
790,YOBE,12-01-2023,0
790,ZAMFARA,12-01-2023,0
790,FCT,12-01-2023,0
790,FOREIGN,12-01-2023,0
802,ABIA,12-01-2023,44
802,ADAMAWA,12-01-2023,0
802,AKWA IBOM,12-01-2023,0
802,BAUCHI,12-01-2023,0
802,BAYELSA,12-01-2023,0
802,BENUE,12-01-2023,1
802,BORNO,12-01-2023,0
802,CROSS RIVER,12-01-2023,1
802,DELTA,12-01-2023,21
802,EBONYI,12-01-2023,48
802,EDO,12-01-2023,1
802,EKITI,12-01-2023,0
802,ENUGU,12-01-2023,294
802,GOMBE,12-01-2023,0
802,IMO,12-01-2023,293
802,JIGAWA,12-01-2023,0
802,KADUNA,12-01-2023,0
802,KANO,12-01-2023,0
802,KATSINA,12-01-2023,0
802,KEBBI,12-01-2023,0
802,KOGI,12-01-2023,0
802,KWARA,12-01-2023,0
802,LAGOS,12-01-2023,0
802,NASARAWA,12-01-2023,0
802,NIGER,12-01-2023,0
802,OGUN,12-01-2023,0
802,ONDO,12-01-2023,0
802,OSUN,12-01-2023,2
802,OYO,12-01-2023,0
802,PLATEAU,12-01-2023,0
802,RIVERS,12-01-2023,3
802,SOKOTO,12-01-2023,0
802,TARABA,12-01-2023,0
802,YOBE,12-01-2023,0
802,ZAMFARA,12-01-2023,0
802,FCT,12-01-2023,0
802,FOREIGN,12-01-2023,0
789,ABIA,12-01-2023,101
789,ADAMAWA,12-01-2023,0
789,AKWA IBOM,12-01-2023,23
789,BAUCHI,12-01-2023,0
789,BAYELSA,12-01-2023,0
789,BENUE,12-01-2023,8
789,BORNO,12-01-2023,0
789,CROSS RIVER,12-01-2023,9
789,DELTA,12-01-2023,37
789,EBONYI,12-01-2023,236
789,EDO,12-01-2023,6
789,EKITI,12-01-2023,0
789,ENUGU,12-01-2023,535
789,GOMBE,12-01-2023,0
789,IMO,12-01-2023,203
789,JIGAWA,12-01-2023,0
789,KADUNA,12-01-2023,0
789,KANO,12-01-2023,0
789,KATSINA,12-01-2023,1
789,KEBBI,12-01-2023,0
789,KOGI,12-01-2023,9
789,KWARA,12-01-2023,2
789,LAGOS,12-01-2023,0
789,NASARAWA,12-01-2023,1
789,NIGER,12-01-2023,2
789,OGUN,12-01-2023,0
789,ONDO,12-01-2023,0
789,OSUN,12-01-2023,9
789,OYO,12-01-2023,3
789,PLATEAU,12-01-2023,2
789,RIVERS,12-01-2023,1
789,SOKOTO,12-01-2023,0
789,TARABA,12-01-2023,0
789,YOBE,12-01-2023,0
789,ZAMFARA,12-01-2023,0
789,FCT,12-01-2023,1
789,FOREIGN,12-01-2023,0
803,ABIA,12-01-2023,24
803,ADAMAWA,12-01-2023,0
803,AKWA IBOM,12-01-2023,1
803,BAUCHI,12-01-2023,0
803,BAYELSA,12-01-2023,0
803,BENUE,12-01-2023,1
803,BORNO,12-01-2023,0
803,CROSS RIVER,12-01-2023,0
803,DELTA,12-01-2023,6
803,EBONYI,12-01-2023,46
803,EDO,12-01-2023,0
803,EKITI,12-01-2023,0
803,ENUGU,12-01-2023,225
803,GOMBE,12-01-2023,0
803,IMO,12-01-2023,145
803,JIGAWA,12-01-2023,0
803,KADUNA,12-01-2023,0
803,KANO,12-01-2023,0
803,KATSINA,12-01-2023,0
803,KEBBI,12-01-2023,0
803,KOGI,12-01-2023,0
803,KWARA,12-01-2023,0
803,LAGOS,12-01-2023,0
803,NASARAWA,12-01-2023,0
803,NIGER,12-01-2023,0
803,OGUN,12-01-2023,0
803,ONDO,12-01-2023,0
803,OSUN,12-01-2023,0
803,OYO,12-01-2023,0
803,PLATEAU,12-01-2023,0
803,RIVERS,12-01-2023,1
803,SOKOTO,12-01-2023,0
803,TARABA,12-01-2023,0
803,YOBE,12-01-2023,0
803,ZAMFARA,12-01-2023,0
803,FCT,12-01-2023,0
803,FOREIGN,12-01-2023,0
793,ABIA,12-01-2023,108
793,ADAMAWA,12-01-2023,1
793,AKWA IBOM,12-01-2023,15
793,BAUCHI,12-01-2023,0
793,BAYELSA,12-01-2023,0
793,BENUE,12-01-2023,3
793,BORNO,12-01-2023,0
793,CROSS RIVER,12-01-2023,5
793,DELTA,12-01-2023,13
793,EBONYI,12-01-2023,268
793,EDO,12-01-2023,2
793,EKITI,12-01-2023,0
793,ENUGU,12-01-2023,379
793,GOMBE,12-01-2023,0
793,IMO,12-01-2023,322
793,JIGAWA,12-01-2023,0
793,KADUNA,12-01-2023,0
793,KANO,12-01-2023,0
793,KATSINA,12-01-2023,1
793,KEBBI,12-01-2023,0
793,KOGI,12-01-2023,2
793,KWARA,12-01-2023,2
793,LAGOS,12-01-2023,0
793,NASARAWA,12-01-2023,1
793,NIGER,12-01-2023,0
793,OGUN,12-01-2023,0
793,ONDO,12-01-2023,0
793,OSUN,12-01-2023,1
793,OYO,12-01-2023,0
793,PLATEAU,12-01-2023,0
793,RIVERS,12-01-2023,3
793,SOKOTO,12-01-2023,0
793,TARABA,12-01-2023,0
793,YOBE,12-01-2023,0
793,ZAMFARA,12-01-2023,0
793,FCT,12-01-2023,0
793,FOREIGN,12-01-2023,0
797,ABIA,12-01-2023,55
797,ADAMAWA,12-01-2023,0
797,AKWA IBOM,12-01-2023,18
797,BAUCHI,12-01-2023,1
797,BAYELSA,12-01-2023,0
797,BENUE,12-01-2023,11
797,BORNO,12-01-2023,0
797,CROSS RIVER,12-01-2023,6
797,DELTA,12-01-2023,19
797,EBONYI,12-01-2023,201
797,EDO,12-01-2023,6
797,EKITI,12-01-2023,0
797,ENUGU,12-01-2023,418
797,GOMBE,12-01-2023,0
797,IMO,12-01-2023,143
797,JIGAWA,12-01-2023,0
797,KADUNA,12-01-2023,0
797,KANO,12-01-2023,0
797,KATSINA,12-01-2023,0
797,KEBBI,12-01-2023,0
797,KOGI,12-01-2023,6
797,KWARA,12-01-2023,0
797,LAGOS,12-01-2023,0
797,NASARAWA,12-01-2023,0
797,NIGER,12-01-2023,1
797,OGUN,12-01-2023,2
797,ONDO,12-01-2023,2
797,OSUN,12-01-2023,3
797,OYO,12-01-2023,0
797,PLATEAU,12-01-2023,0
797,RIVERS,12-01-2023,1
797,SOKOTO,12-01-2023,0
797,TARABA,12-01-2023,1
797,YOBE,12-01-2023,0
797,ZAMFARA,12-01-2023,0
797,FCT,12-01-2023,0
797,FOREIGN,12-01-2023,2
795,ABIA,12-01-2023,103
795,ADAMAWA,12-01-2023,0
795,AKWA IBOM,12-01-2023,33
795,BAUCHI,12-01-2023,0
795,BAYELSA,12-01-2023,0
795,BENUE,12-01-2023,12
795,BORNO,12-01-2023,0
795,CROSS RIVER,12-01-2023,14
795,DELTA,12-01-2023,38
795,EBONYI,12-01-2023,346
795,EDO,12-01-2023,10
795,EKITI,12-01-2023,0
795,ENUGU,12-01-2023,652
795,GOMBE,12-01-2023,1
795,IMO,12-01-2023,327
795,JIGAWA,12-01-2023,0
795,KADUNA,12-01-2023,0
795,KANO,12-01-2023,0
795,KATSINA,12-01-2023,0
795,KEBBI,12-01-2023,0
795,KOGI,12-01-2023,17
795,KWARA,12-01-2023,0
795,LAGOS,12-01-2023,0
795,NASARAWA,12-01-2023,1
795,NIGER,12-01-2023,0
795,OGUN,12-01-2023,0
795,ONDO,12-01-2023,2
795,OSUN,12-01-2023,5
795,OYO,12-01-2023,4
795,PLATEAU,12-01-2023,0
795,RIVERS,12-01-2023,4
795,SOKOTO,12-01-2023,0
795,TARABA,12-01-2023,0
795,YOBE,12-01-2023,0
795,ZAMFARA,12-01-2023,0
795,FCT,12-01-2023,0
795,FOREIGN,12-01-2023,1
804,ABIA,12-01-2023,66
804,ADAMAWA,12-01-2023,0
804,AKWA IBOM,12-01-2023,23
804,BAUCHI,12-01-2023,0
804,BAYELSA,12-01-2023,2
804,BENUE,12-01-2023,4
804,BORNO,12-01-2023,0
804,CROSS RIVER,12-01-2023,12
804,DELTA,12-01-2023,31
804,EBONYI,12-01-2023,209
804,EDO,12-01-2023,4
804,EKITI,12-01-2023,0
804,ENUGU,12-01-2023,351
804,GOMBE,12-01-2023,0
804,IMO,12-01-2023,124
804,JIGAWA,12-01-2023,0
804,KADUNA,12-01-2023,0
804,KANO,12-01-2023,0
804,KATSINA,12-01-2023,0
804,KEBBI,12-01-2023,0
804,KOGI,12-01-2023,10
804,KWARA,12-01-2023,0
804,LAGOS,12-01-2023,0
804,NASARAWA,12-01-2023,0
804,NIGER,12-01-2023,0
804,OGUN,12-01-2023,2
804,ONDO,12-01-2023,0
804,OSUN,12-01-2023,6
804,OYO,12-01-2023,2
804,PLATEAU,12-01-2023,0
804,RIVERS,12-01-2023,5
804,SOKOTO,12-01-2023,0
804,TARABA,12-01-2023,0
804,YOBE,12-01-2023,0
804,ZAMFARA,12-01-2023,0
804,FCT,12-01-2023,0
804,FOREIGN,12-01-2023,2
800,ABIA,12-01-2023,37
800,ADAMAWA,12-01-2023,0
800,AKWA IBOM,12-01-2023,0
800,BAUCHI,12-01-2023,0
800,BAYELSA,12-01-2023,0
800,BENUE,12-01-2023,0
800,BORNO,12-01-2023,0
800,CROSS RIVER,12-01-2023,1
800,DELTA,12-01-2023,4
800,EBONYI,12-01-2023,16
800,EDO,12-01-2023,0
800,EKITI,12-01-2023,0
800,ENUGU,12-01-2023,73
800,GOMBE,12-01-2023,0
800,IMO,12-01-2023,80
800,JIGAWA,12-01-2023,0
800,KADUNA,12-01-2023,0
800,KANO,12-01-2023,0
800,KATSINA,12-01-2023,0
800,KEBBI,12-01-2023,0
800,KOGI,12-01-2023,2
800,KWARA,12-01-2023,0
800,LAGOS,12-01-2023,0
800,NASARAWA,12-01-2023,0
800,NIGER,12-01-2023,0
800,OGUN,12-01-2023,0
800,ONDO,12-01-2023,0
800,OSUN,12-01-2023,0
800,OYO,12-01-2023,0
800,PLATEAU,12-01-2023,0
800,RIVERS,12-01-2023,1
800,SOKOTO,12-01-2023,0
800,TARABA,12-01-2023,0
800,YOBE,12-01-2023,0
800,ZAMFARA,12-01-2023,0
800,FCT,12-01-2023,0
800,FOREIGN,12-01-2023,0
801,ABIA,12-01-2023,85
801,ADAMAWA,12-01-2023,0
801,AKWA IBOM,12-01-2023,17
801,BAUCHI,12-01-2023,1
801,BAYELSA,12-01-2023,0
801,BENUE,12-01-2023,9
801,BORNO,12-01-2023,0
801,CROSS RIVER,12-01-2023,5
801,DELTA,12-01-2023,42
801,EBONYI,12-01-2023,265
801,EDO,12-01-2023,3
801,EKITI,12-01-2023,1
801,ENUGU,12-01-2023,430
801,GOMBE,12-01-2023,0
801,IMO,12-01-2023,152
801,JIGAWA,12-01-2023,0
801,KADUNA,12-01-2023,2
801,KANO,12-01-2023,0
801,KATSINA,12-01-2023,1
801,KEBBI,12-01-2023,0
801,KOGI,12-01-2023,7
801,KWARA,12-01-2023,0
801,LAGOS,12-01-2023,0
801,NASARAWA,12-01-2023,0
801,NIGER,12-01-2023,1
801,OGUN,12-01-2023,0
801,ONDO,12-01-2023,3
801,OSUN,12-01-2023,2
801,OYO,12-01-2023,2
801,PLATEAU,12-01-2023,0
801,RIVERS,12-01-2023,6
801,SOKOTO,12-01-2023,0
801,TARABA,12-01-2023,1
801,YOBE,12-01-2023,0
801,ZAMFARA,12-01-2023,0
801,FCT,12-01-2023,0
801,FOREIGN,12-01-2023,0
791,ABIA,12-01-2023,78
791,ADAMAWA,12-01-2023,7
791,AKWA IBOM,12-01-2023,42
791,BAUCHI,12-01-2023,3
791,BAYELSA,12-01-2023,0
791,BENUE,12-01-2023,26
791,BORNO,12-01-2023,1
791,CROSS RIVER,12-01-2023,42
791,DELTA,12-01-2023,39
791,EBONYI,12-01-2023,335
791,EDO,12-01-2023,13
791,EKITI,12-01-2023,2
791,ENUGU,12-01-2023,493
791,GOMBE,12-01-2023,2
791,IMO,12-01-2023,257
791,JIGAWA,12-01-2023,2
791,KADUNA,12-01-2023,5
791,KANO,12-01-2023,3
791,KATSINA,12-01-2023,6
791,KEBBI,12-01-2023,0
791,KOGI,12-01-2023,32
791,KWARA,12-01-2023,6
791,LAGOS,12-01-2023,1
791,NASARAWA,12-01-2023,9
791,NIGER,12-01-2023,0
791,OGUN,12-01-2023,4
791,ONDO,12-01-2023,1
791,OSUN,12-01-2023,13
791,OYO,12-01-2023,5
791,PLATEAU,12-01-2023,7
791,RIVERS,12-01-2023,3
791,SOKOTO,12-01-2023,1
791,TARABA,12-01-2023,3
791,YOBE,12-01-2023,25
791,ZAMFARA,12-01-2023,0
791,FCT,12-01-2023,0
791,FOREIGN,12-01-2023,0
796,ABIA,12-01-2023,22
796,ADAMAWA,12-01-2023,0
796,AKWA IBOM,12-01-2023,11
796,BAUCHI,12-01-2023,0
796,BAYELSA,12-01-2023,0
796,BENUE,12-01-2023,0
796,BORNO,12-01-2023,0
796,CROSS RIVER,12-01-2023,6
796,DELTA,12-01-2023,8
796,EBONYI,12-01-2023,56
796,EDO,12-01-2023,2
796,EKITI,12-01-2023,0
796,ENUGU,12-01-2023,87
796,GOMBE,12-01-2023,0
796,IMO,12-01-2023,57
796,JIGAWA,12-01-2023,0
796,KADUNA,12-01-2023,0
796,KANO,12-01-2023,0
796,KATSINA,12-01-2023,0
796,KEBBI,12-01-2023,0
796,KOGI,12-01-2023,8
796,KWARA,12-01-2023,0
796,LAGOS,12-01-2023,0
796,NASARAWA,12-01-2023,0
796,NIGER,12-01-2023,0
796,OGUN,12-01-2023,1
796,ONDO,12-01-2023,0
796,OSUN,12-01-2023,3
796,OYO,12-01-2023,1
796,PLATEAU,12-01-2023,1
796,RIVERS,12-01-2023,4
796,SOKOTO,12-01-2023,0
796,TARABA,12-01-2023,0
796,YOBE,12-01-2023,0
796,ZAMFARA,12-01-2023,0
796,FCT,12-01-2023,0
796,FOREIGN,12-01-2023,1
794,ABIA,12-01-2023,74
794,ADAMAWA,12-01-2023,1
794,AKWA IBOM,12-01-2023,22
794,BAUCHI,12-01-2023,0
794,BAYELSA,12-01-2023,0
794,BENUE,12-01-2023,8
794,BORNO,12-01-2023,0
794,CROSS RIVER,12-01-2023,10
794,DELTA,12-01-2023,21
794,EBONYI,12-01-2023,217
794,EDO,12-01-2023,7
794,EKITI,12-01-2023,0
794,ENUGU,12-01-2023,426
794,GOMBE,12-01-2023,0
794,IMO,12-01-2023,204
794,JIGAWA,12-01-2023,1
794,KADUNA,12-01-2023,2
794,KANO,12-01-2023,1
794,KATSINA,12-01-2023,0
794,KEBBI,12-01-2023,0
794,KOGI,12-01-2023,7
794,KWARA,12-01-2023,1
794,LAGOS,12-01-2023,0
794,NASARAWA,12-01-2023,0
794,NIGER,12-01-2023,0
794,OGUN,12-01-2023,2
794,ONDO,12-01-2023,1
794,OSUN,12-01-2023,4
794,OYO,12-01-2023,0
794,PLATEAU,12-01-2023,1
794,RIVERS,12-01-2023,5
794,SOKOTO,12-01-2023,0
794,TARABA,12-01-2023,0
794,YOBE,12-01-2023,0
794,ZAMFARA,12-01-2023,0
794,FCT,12-01-2023,0
794,FOREIGN,12-01-2023,0
798,ABIA,12-01-2023,35
798,ADAMAWA,12-01-2023,0
798,AKWA IBOM,12-01-2023,10
798,BAUCHI,12-01-2023,0
798,BAYELSA,12-01-2023,0
798,BENUE,12-01-2023,8
798,BORNO,12-01-2023,0
798,CROSS RIVER,12-01-2023,8
798,DELTA,12-01-2023,20
798,EBONYI,12-01-2023,166
798,EDO,12-01-2023,5
798,EKITI,12-01-2023,0
798,ENUGU,12-01-2023,284
798,GOMBE,12-01-2023,3
798,IMO,12-01-2023,128
798,JIGAWA,12-01-2023,0
798,KADUNA,12-01-2023,0
798,KANO,12-01-2023,4
798,KATSINA,12-01-2023,0
798,KEBBI,12-01-2023,0
798,KOGI,12-01-2023,14
798,KWARA,12-01-2023,5
798,LAGOS,12-01-2023,0
798,NASARAWA,12-01-2023,0
798,NIGER,12-01-2023,0
798,OGUN,12-01-2023,0
798,ONDO,12-01-2023,1
798,OSUN,12-01-2023,6
798,OYO,12-01-2023,0
798,PLATEAU,12-01-2023,2
798,RIVERS,12-01-2023,2
798,SOKOTO,12-01-2023,0
798,TARABA,12-01-2023,0
798,YOBE,12-01-2023,0
798,ZAMFARA,12-01-2023,0
798,FCT,12-01-2023,0
798,FOREIGN,12-01-2023,3
799,ABIA,12-01-2023,61
799,ADAMAWA,12-01-2023,0
799,AKWA IBOM,12-01-2023,6
799,BAUCHI,12-01-2023,0
799,BAYELSA,12-01-2023,0
799,BENUE,12-01-2023,2
799,BORNO,12-01-2023,0
799,CROSS RIVER,12-01-2023,2
799,DELTA,12-01-2023,13
799,EBONYI,12-01-2023,142
799,EDO,12-01-2023,0
799,EKITI,12-01-2023,0
799,ENUGU,12-01-2023,192
799,GOMBE,12-01-2023,0
799,IMO,12-01-2023,203
799,JIGAWA,12-01-2023,0
799,KADUNA,12-01-2023,1
799,KANO,12-01-2023,0
799,KATSINA,12-01-2023,0
799,KEBBI,12-01-2023,0
799,KOGI,12-01-2023,3
799,KWARA,12-01-2023,3
799,LAGOS,12-01-2023,0
799,NASARAWA,12-01-2023,0
799,NIGER,12-01-2023,0
799,OGUN,12-01-2023,0
799,ONDO,12-01-2023,0
799,OSUN,12-01-2023,4
799,OYO,12-01-2023,0
799,PLATEAU,12-01-2023,0
799,RIVERS,12-01-2023,4
799,SOKOTO,12-01-2023,0
799,TARABA,12-01-2023,1
799,YOBE,12-01-2023,0
799,ZAMFARA,12-01-2023,0
799,FCT,12-01-2023,0
799,FOREIGN,12-01-2023,0
877,ABIA,12-01-2023,9
877,ADAMAWA,12-01-2023,0
877,AKWA IBOM,12-01-2023,0
877,BAUCHI,12-01-2023,0
877,BAYELSA,12-01-2023,0
877,BENUE,12-01-2023,0
877,BORNO,12-01-2023,0
877,CROSS RIVER,12-01-2023,0
877,DELTA,12-01-2023,4
877,EBONYI,12-01-2023,6
877,EDO,12-01-2023,1
877,EKITI,12-01-2023,0
877,ENUGU,12-01-2023,58
877,GOMBE,12-01-2023,0
877,IMO,12-01-2023,44
877,JIGAWA,12-01-2023,0
877,KADUNA,12-01-2023,0
877,KANO,12-01-2023,0
877,KATSINA,12-01-2023,0
877,KEBBI,12-01-2023,0
877,KOGI,12-01-2023,0
877,KWARA,12-01-2023,0
877,LAGOS,12-01-2023,0
877,NASARAWA,12-01-2023,0
877,NIGER,12-01-2023,0
877,OGUN,12-01-2023,1
877,ONDO,12-01-2023,0
877,OSUN,12-01-2023,0
877,OYO,12-01-2023,0
877,PLATEAU,12-01-2023,0
877,RIVERS,12-01-2023,0
877,SOKOTO,12-01-2023,0
877,TARABA,12-01-2023,0
877,YOBE,12-01-2023,0
877,ZAMFARA,12-01-2023,0
877,FCT,12-01-2023,0
877,FOREIGN,12-01-2023,0
879,ABIA,12-01-2023,74
879,ADAMAWA,12-01-2023,0
879,AKWA IBOM,12-01-2023,10
879,BAUCHI,12-01-2023,0
879,BAYELSA,12-01-2023,0
879,BENUE,12-01-2023,14
879,BORNO,12-01-2023,0
879,CROSS RIVER,12-01-2023,6
879,DELTA,12-01-2023,27
879,EBONYI,12-01-2023,260
879,EDO,12-01-2023,2
879,EKITI,12-01-2023,2
879,ENUGU,12-01-2023,616
879,GOMBE,12-01-2023,0
879,IMO,12-01-2023,335
879,JIGAWA,12-01-2023,0
879,KADUNA,12-01-2023,0
879,KANO,12-01-2023,0
879,KATSINA,12-01-2023,0
879,KEBBI,12-01-2023,0
879,KOGI,12-01-2023,8
879,KWARA,12-01-2023,3
879,LAGOS,12-01-2023,0
879,NASARAWA,12-01-2023,1
879,NIGER,12-01-2023,0
879,OGUN,12-01-2023,0
879,ONDO,12-01-2023,2
879,OSUN,12-01-2023,14
879,OYO,12-01-2023,0
879,PLATEAU,12-01-2023,3
879,RIVERS,12-01-2023,8
879,SOKOTO,12-01-2023,0
879,TARABA,12-01-2023,0
879,YOBE,12-01-2023,0
879,ZAMFARA,12-01-2023,0
879,FCT,12-01-2023,0
879,FOREIGN,12-01-2023,0
878,ABIA,12-01-2023,77
878,ADAMAWA,12-01-2023,2
878,AKWA IBOM,12-01-2023,10
878,BAUCHI,12-01-2023,0
878,BAYELSA,12-01-2023,0
878,BENUE,12-01-2023,6
878,BORNO,12-01-2023,0
878,CROSS RIVER,12-01-2023,2
878,DELTA,12-01-2023,16
878,EBONYI,12-01-2023,140
878,EDO,12-01-2023,1
878,EKITI,12-01-2023,0
878,ENUGU,12-01-2023,229
878,GOMBE,12-01-2023,0
878,IMO,12-01-2023,230
878,JIGAWA,12-01-2023,0
878,KADUNA,12-01-2023,0
878,KANO,12-01-2023,0
878,KATSINA,12-01-2023,0
878,KEBBI,12-01-2023,0
878,KOGI,12-01-2023,3
878,KWARA,12-01-2023,2
878,LAGOS,12-01-2023,0
878,NASARAWA,12-01-2023,1
878,NIGER,12-01-2023,0
878,OGUN,12-01-2023,0
878,ONDO,12-01-2023,0
878,OSUN,12-01-2023,6
878,OYO,12-01-2023,1
878,PLATEAU,12-01-2023,1
878,RIVERS,12-01-2023,0
878,SOKOTO,12-01-2023,0
878,TARABA,12-01-2023,0
878,YOBE,12-01-2023,0
878,ZAMFARA,12-01-2023,0
878,FCT,12-01-2023,0
878,FOREIGN,12-01-2023,0
882,ABIA,12-01-2023,122
882,ADAMAWA,12-01-2023,0
882,AKWA IBOM,12-01-2023,12
882,BAUCHI,12-01-2023,0
882,BAYELSA,12-01-2023,0
882,BENUE,12-01-2023,7
882,BORNO,12-01-2023,0
882,CROSS RIVER,12-01-2023,11
882,DELTA,12-01-2023,48
882,EBONYI,12-01-2023,299
882,EDO,12-01-2023,2
882,EKITI,12-01-2023,0
882,ENUGU,12-01-2023,496
882,GOMBE,12-01-2023,0
882,IMO,12-01-2023,491
882,JIGAWA,12-01-2023,0
882,KADUNA,12-01-2023,0
882,KANO,12-01-2023,1
882,KATSINA,12-01-2023,2
882,KEBBI,12-01-2023,0
882,KOGI,12-01-2023,12
882,KWARA,12-01-2023,16
882,LAGOS,12-01-2023,0
882,NASARAWA,12-01-2023,1
882,NIGER,12-01-2023,2
882,OGUN,12-01-2023,0
882,ONDO,12-01-2023,2
882,OSUN,12-01-2023,11
882,OYO,12-01-2023,1
882,PLATEAU,12-01-2023,1
882,RIVERS,12-01-2023,4
882,SOKOTO,12-01-2023,0
882,TARABA,12-01-2023,0
882,YOBE,12-01-2023,0
882,ZAMFARA,12-01-2023,0
882,FCT,12-01-2023,0
882,FOREIGN,12-01-2023,0
881,ABIA,12-01-2023,64
881,ADAMAWA,12-01-2023,0
881,AKWA IBOM,12-01-2023,9
881,BAUCHI,12-01-2023,0
881,BAYELSA,12-01-2023,0
881,BENUE,12-01-2023,6
881,BORNO,12-01-2023,0
881,CROSS RIVER,12-01-2023,1
881,DELTA,12-01-2023,10
881,EBONYI,12-01-2023,124
881,EDO,12-01-2023,0
881,EKITI,12-01-2023,1
881,ENUGU,12-01-2023,180
881,GOMBE,12-01-2023,0
881,IMO,12-01-2023,237
881,JIGAWA,12-01-2023,0
881,KADUNA,12-01-2023,0
881,KANO,12-01-2023,0
881,KATSINA,12-01-2023,0
881,KEBBI,12-01-2023,0
881,KOGI,12-01-2023,6
881,KWARA,12-01-2023,2
881,LAGOS,12-01-2023,0
881,NASARAWA,12-01-2023,0
881,NIGER,12-01-2023,1
881,OGUN,12-01-2023,0
881,ONDO,12-01-2023,0
881,OSUN,12-01-2023,8
881,OYO,12-01-2023,0
881,PLATEAU,12-01-2023,0
881,RIVERS,12-01-2023,4
881,SOKOTO,12-01-2023,0
881,TARABA,12-01-2023,0
881,YOBE,12-01-2023,0
881,ZAMFARA,12-01-2023,0
881,FCT,12-01-2023,0
881,FOREIGN,12-01-2023,0
880,ABIA,12-01-2023,3
880,ADAMAWA,12-01-2023,0
880,AKWA IBOM,12-01-2023,0
880,BAUCHI,12-01-2023,0
880,BAYELSA,12-01-2023,0
880,BENUE,12-01-2023,0
880,BORNO,12-01-2023,0
880,CROSS RIVER,12-01-2023,0
880,DELTA,12-01-2023,1
880,EBONYI,12-01-2023,6
880,EDO,12-01-2023,0
880,EKITI,12-01-2023,0
880,ENUGU,12-01-2023,18
880,GOMBE,12-01-2023,0
880,IMO,12-01-2023,15
880,JIGAWA,12-01-2023,0
880,KADUNA,12-01-2023,1
880,KANO,12-01-2023,0
880,KATSINA,12-01-2023,0
880,KEBBI,12-01-2023,0
880,KOGI,12-01-2023,1
880,KWARA,12-01-2023,0
880,LAGOS,12-01-2023,0
880,NASARAWA,12-01-2023,0
880,NIGER,12-01-2023,0
880,OGUN,12-01-2023,0
880,ONDO,12-01-2023,0
880,OSUN,12-01-2023,0
880,OYO,12-01-2023,0
880,PLATEAU,12-01-2023,0
880,RIVERS,12-01-2023,1
880,SOKOTO,12-01-2023,0
880,TARABA,12-01-2023,0
880,YOBE,12-01-2023,0
880,ZAMFARA,12-01-2023,0
880,FCT,12-01-2023,0
880,FOREIGN,12-01-2023,0
722,ABIA,12-01-2023,1
722,ADAMAWA,12-01-2023,0
722,AKWA IBOM,12-01-2023,0
722,BAUCHI,12-01-2023,0
722,BAYELSA,12-01-2023,0
722,BENUE,12-01-2023,0
722,BORNO,12-01-2023,0
722,CROSS RIVER,12-01-2023,0
722,DELTA,12-01-2023,4
722,EBONYI,12-01-2023,35
722,EDO,12-01-2023,0
722,EKITI,12-01-2023,0
722,ENUGU,12-01-2023,53
722,GOMBE,12-01-2023,0
722,IMO,12-01-2023,60
722,JIGAWA,12-01-2023,0
722,KADUNA,12-01-2023,0
722,KANO,12-01-2023,0
722,KATSINA,12-01-2023,0
722,KEBBI,12-01-2023,0
722,KOGI,12-01-2023,0
722,KWARA,12-01-2023,0
722,LAGOS,12-01-2023,0
722,NASARAWA,12-01-2023,0
722,NIGER,12-01-2023,0
722,OGUN,12-01-2023,0
722,ONDO,12-01-2023,0
722,OSUN,12-01-2023,0
722,OYO,12-01-2023,2
722,PLATEAU,12-01-2023,0
722,RIVERS,12-01-2023,0
722,SOKOTO,12-01-2023,0
722,TARABA,12-01-2023,0
722,YOBE,12-01-2023,0
722,ZAMFARA,12-01-2023,0
722,FCT,12-01-2023,0
722,FOREIGN,12-01-2023,0
720,ABIA,12-01-2023,14
720,ADAMAWA,12-01-2023,0
720,AKWA IBOM,12-01-2023,0
720,BAUCHI,12-01-2023,0
720,BAYELSA,12-01-2023,0
720,BENUE,12-01-2023,2
720,BORNO,12-01-2023,0
720,CROSS RIVER,12-01-2023,1
720,DELTA,12-01-2023,51
720,EBONYI,12-01-2023,49
720,EDO,12-01-2023,0
720,EKITI,12-01-2023,0
720,ENUGU,12-01-2023,82
720,GOMBE,12-01-2023,0
720,IMO,12-01-2023,70
720,JIGAWA,12-01-2023,0
720,KADUNA,12-01-2023,0
720,KANO,12-01-2023,0
720,KATSINA,12-01-2023,0
720,KEBBI,12-01-2023,0
720,KOGI,12-01-2023,0
720,KWARA,12-01-2023,2
720,LAGOS,12-01-2023,1
720,NASARAWA,12-01-2023,0
720,NIGER,12-01-2023,0
720,OGUN,12-01-2023,1
720,ONDO,12-01-2023,0
720,OSUN,12-01-2023,0
720,OYO,12-01-2023,0
720,PLATEAU,12-01-2023,0
720,RIVERS,12-01-2023,4
720,SOKOTO,12-01-2023,0
720,TARABA,12-01-2023,0
720,YOBE,12-01-2023,0
720,ZAMFARA,12-01-2023,0
720,FCT,12-01-2023,0
720,FOREIGN,12-01-2023,0
723,ABIA,12-01-2023,117
723,ADAMAWA,12-01-2023,0
723,AKWA IBOM,12-01-2023,10
723,BAUCHI,12-01-2023,0
723,BAYELSA,12-01-2023,0
723,BENUE,12-01-2023,3
723,BORNO,12-01-2023,0
723,CROSS RIVER,12-01-2023,3
723,DELTA,12-01-2023,0
723,EBONYI,12-01-2023,238
723,EDO,12-01-2023,2
723,EKITI,12-01-2023,0
723,ENUGU,12-01-2023,230
723,GOMBE,12-01-2023,0
723,IMO,12-01-2023,376
723,JIGAWA,12-01-2023,0
723,KADUNA,12-01-2023,0
723,KANO,12-01-2023,0
723,KATSINA,12-01-2023,0
723,KEBBI,12-01-2023,0
723,KOGI,12-01-2023,8
723,KWARA,12-01-2023,0
723,LAGOS,12-01-2023,0
723,NASARAWA,12-01-2023,0
723,NIGER,12-01-2023,0
723,OGUN,12-01-2023,0
723,ONDO,12-01-2023,0
723,OSUN,12-01-2023,0
723,OYO,12-01-2023,0
723,PLATEAU,12-01-2023,1
723,RIVERS,12-01-2023,1
723,SOKOTO,12-01-2023,0
723,TARABA,12-01-2023,0
723,YOBE,12-01-2023,0
723,ZAMFARA,12-01-2023,0
723,FCT,12-01-2023,0
723,FOREIGN,12-01-2023,0
716,ABIA,12-01-2023,22
716,ADAMAWA,12-01-2023,0
716,AKWA IBOM,12-01-2023,4
716,BAUCHI,12-01-2023,0
716,BAYELSA,12-01-2023,0
716,BENUE,12-01-2023,0
716,BORNO,12-01-2023,0
716,CROSS RIVER,12-01-2023,0
716,DELTA,12-01-2023,3
716,EBONYI,12-01-2023,63
716,EDO,12-01-2023,0
716,EKITI,12-01-2023,0
716,ENUGU,12-01-2023,41
716,GOMBE,12-01-2023,0
716,IMO,12-01-2023,24
716,JIGAWA,12-01-2023,0
716,KADUNA,12-01-2023,0
716,KANO,12-01-2023,0
716,KATSINA,12-01-2023,0
716,KEBBI,12-01-2023,0
716,KOGI,12-01-2023,0
716,KWARA,12-01-2023,0
716,LAGOS,12-01-2023,0
716,NASARAWA,12-01-2023,0
716,NIGER,12-01-2023,0
716,OGUN,12-01-2023,0
716,ONDO,12-01-2023,0
716,OSUN,12-01-2023,0
716,OYO,12-01-2023,0
716,PLATEAU,12-01-2023,0
716,RIVERS,12-01-2023,0
716,SOKOTO,12-01-2023,0
716,TARABA,12-01-2023,0
716,YOBE,12-01-2023,0
716,ZAMFARA,12-01-2023,0
716,FCT,12-01-2023,0
716,FOREIGN,12-01-2023,0
719,ABIA,12-01-2023,15
719,ADAMAWA,12-01-2023,0
719,AKWA IBOM,12-01-2023,3
719,BAUCHI,12-01-2023,0
719,BAYELSA,12-01-2023,0
719,BENUE,12-01-2023,0
719,BORNO,12-01-2023,0
719,CROSS RIVER,12-01-2023,0
719,DELTA,12-01-2023,3
719,EBONYI,12-01-2023,45
719,EDO,12-01-2023,0
719,EKITI,12-01-2023,0
719,ENUGU,12-01-2023,43
719,GOMBE,12-01-2023,0
719,IMO,12-01-2023,21
719,JIGAWA,12-01-2023,0
719,KADUNA,12-01-2023,0
719,KANO,12-01-2023,0
719,KATSINA,12-01-2023,0
719,KEBBI,12-01-2023,0
719,KOGI,12-01-2023,0
719,KWARA,12-01-2023,0
719,LAGOS,12-01-2023,0
719,NASARAWA,12-01-2023,0
719,NIGER,12-01-2023,0
719,OGUN,12-01-2023,0
719,ONDO,12-01-2023,0
719,OSUN,12-01-2023,0
719,OYO,12-01-2023,0
719,PLATEAU,12-01-2023,0
719,RIVERS,12-01-2023,0
719,SOKOTO,12-01-2023,0
719,TARABA,12-01-2023,0
719,YOBE,12-01-2023,0
719,ZAMFARA,12-01-2023,0
719,FCT,12-01-2023,0
719,FOREIGN,12-01-2023,0
717,ABIA,12-01-2023,3
717,ADAMAWA,12-01-2023,0
717,AKWA IBOM,12-01-2023,0
717,BAUCHI,12-01-2023,0
717,BAYELSA,12-01-2023,1
717,BENUE,12-01-2023,0
717,BORNO,12-01-2023,0
717,CROSS RIVER,12-01-2023,0
717,DELTA,12-01-2023,4
717,EBONYI,12-01-2023,4
717,EDO,12-01-2023,0
717,EKITI,12-01-2023,0
717,ENUGU,12-01-2023,8
717,GOMBE,12-01-2023,0
717,IMO,12-01-2023,10
717,JIGAWA,12-01-2023,0
717,KADUNA,12-01-2023,0
717,KANO,12-01-2023,0
717,KATSINA,12-01-2023,0
717,KEBBI,12-01-2023,0
717,KOGI,12-01-2023,1
717,KWARA,12-01-2023,0
717,LAGOS,12-01-2023,0
717,NASARAWA,12-01-2023,0
717,NIGER,12-01-2023,0
717,OGUN,12-01-2023,0
717,ONDO,12-01-2023,0
717,OSUN,12-01-2023,0
717,OYO,12-01-2023,1
717,PLATEAU,12-01-2023,0
717,RIVERS,12-01-2023,0
717,SOKOTO,12-01-2023,0
717,TARABA,12-01-2023,0
717,YOBE,12-01-2023,0
717,ZAMFARA,12-01-2023,0
717,FCT,12-01-2023,0
717,FOREIGN,12-01-2023,0
714,ABIA,12-01-2023,0
714,ADAMAWA,12-01-2023,0
714,AKWA IBOM,12-01-2023,0
714,BAUCHI,12-01-2023,0
714,BAYELSA,12-01-2023,0
714,BENUE,12-01-2023,0
714,BORNO,12-01-2023,0
714,CROSS RIVER,12-01-2023,0
714,DELTA,12-01-2023,0
714,EBONYI,12-01-2023,0
714,EDO,12-01-2023,0
714,EKITI,12-01-2023,0
714,ENUGU,12-01-2023,4
714,GOMBE,12-01-2023,0
714,IMO,12-01-2023,15
714,JIGAWA,12-01-2023,0
714,KADUNA,12-01-2023,0
714,KANO,12-01-2023,0
714,KATSINA,12-01-2023,0
714,KEBBI,12-01-2023,0
714,KOGI,12-01-2023,0
714,KWARA,12-01-2023,0
714,LAGOS,12-01-2023,0
714,NASARAWA,12-01-2023,0
714,NIGER,12-01-2023,0
714,OGUN,12-01-2023,0
714,ONDO,12-01-2023,0
714,OSUN,12-01-2023,1
714,OYO,12-01-2023,1
714,PLATEAU,12-01-2023,0
714,RIVERS,12-01-2023,0
714,SOKOTO,12-01-2023,0
714,TARABA,12-01-2023,0
714,YOBE,12-01-2023,0
714,ZAMFARA,12-01-2023,0
714,FCT,12-01-2023,0
714,FOREIGN,12-01-2023,0
718,ABIA,12-01-2023,17
718,ADAMAWA,12-01-2023,0
718,AKWA IBOM,12-01-2023,0
718,BAUCHI,12-01-2023,0
718,BAYELSA,12-01-2023,0
718,BENUE,12-01-2023,0
718,BORNO,12-01-2023,0
718,CROSS RIVER,12-01-2023,0
718,DELTA,12-01-2023,19
718,EBONYI,12-01-2023,78
718,EDO,12-01-2023,0
718,EKITI,12-01-2023,0
718,ENUGU,12-01-2023,71
718,GOMBE,12-01-2023,0
718,IMO,12-01-2023,88
718,JIGAWA,12-01-2023,0
718,KADUNA,12-01-2023,0
718,KANO,12-01-2023,0
718,KATSINA,12-01-2023,0
718,KEBBI,12-01-2023,0
718,KOGI,12-01-2023,11
718,KWARA,12-01-2023,0
718,LAGOS,12-01-2023,0
718,NASARAWA,12-01-2023,0
718,NIGER,12-01-2023,0
718,OGUN,12-01-2023,0
718,ONDO,12-01-2023,6
718,OSUN,12-01-2023,0
718,OYO,12-01-2023,2
718,PLATEAU,12-01-2023,0
718,RIVERS,12-01-2023,0
718,SOKOTO,12-01-2023,0
718,TARABA,12-01-2023,0
718,YOBE,12-01-2023,0
718,ZAMFARA,12-01-2023,0
718,FCT,12-01-2023,0
718,FOREIGN,12-01-2023,0
721,ABIA,12-01-2023,1
721,ADAMAWA,12-01-2023,0
721,AKWA IBOM,12-01-2023,0
721,BAUCHI,12-01-2023,0
721,BAYELSA,12-01-2023,0
721,BENUE,12-01-2023,3
721,BORNO,12-01-2023,0
721,CROSS RIVER,12-01-2023,0
721,DELTA,12-01-2023,8
721,EBONYI,12-01-2023,9
721,EDO,12-01-2023,0
721,EKITI,12-01-2023,0
721,ENUGU,12-01-2023,10
721,GOMBE,12-01-2023,0
721,IMO,12-01-2023,32
721,JIGAWA,12-01-2023,0
721,KADUNA,12-01-2023,0
721,KANO,12-01-2023,0
721,KATSINA,12-01-2023,0
721,KEBBI,12-01-2023,0
721,KOGI,12-01-2023,0
721,KWARA,12-01-2023,0
721,LAGOS,12-01-2023,0
721,NASARAWA,12-01-2023,1
721,NIGER,12-01-2023,0
721,OGUN,12-01-2023,0
721,ONDO,12-01-2023,0
721,OSUN,12-01-2023,0
721,OYO,12-01-2023,0
721,PLATEAU,12-01-2023,0
721,RIVERS,12-01-2023,6
721,SOKOTO,12-01-2023,0
721,TARABA,12-01-2023,0
721,YOBE,12-01-2023,0
721,ZAMFARA,12-01-2023,0
721,FCT,12-01-2023,0
721,FOREIGN,12-01-2023,0
715,ABIA,12-01-2023,1
715,ADAMAWA,12-01-2023,0
715,AKWA IBOM,12-01-2023,0
715,BAUCHI,12-01-2023,0
715,BAYELSA,12-01-2023,0
715,BENUE,12-01-2023,0
715,BORNO,12-01-2023,0
715,CROSS RIVER,12-01-2023,0
715,DELTA,12-01-2023,0
715,EBONYI,12-01-2023,2
715,EDO,12-01-2023,1
715,EKITI,12-01-2023,0
715,ENUGU,12-01-2023,6
715,GOMBE,12-01-2023,0
715,IMO,12-01-2023,7
715,JIGAWA,12-01-2023,0
715,KADUNA,12-01-2023,0
715,KANO,12-01-2023,0
715,KATSINA,12-01-2023,0
715,KEBBI,12-01-2023,0
715,KOGI,12-01-2023,0
715,KWARA,12-01-2023,0
715,LAGOS,12-01-2023,0
715,NASARAWA,12-01-2023,0
715,NIGER,12-01-2023,0
715,OGUN,12-01-2023,0
715,ONDO,12-01-2023,0
715,OSUN,12-01-2023,0
715,OYO,12-01-2023,0
715,PLATEAU,12-01-2023,0
715,RIVERS,12-01-2023,0
715,SOKOTO,12-01-2023,0
715,TARABA,12-01-2023,0
715,YOBE,12-01-2023,0
715,ZAMFARA,12-01-2023,0
715,FCT,12-01-2023,0
715,FOREIGN,12-01-2023,0
63,ABIA,12-01-2023,14
63,ADAMAWA,12-01-2023,0
63,AKWA IBOM,12-01-2023,1
63,BAUCHI,12-01-2023,0
63,BAYELSA,12-01-2023,0
63,BENUE,12-01-2023,2
63,BORNO,12-01-2023,0
63,CROSS RIVER,12-01-2023,2
63,DELTA,12-01-2023,5
63,EBONYI,12-01-2023,20
63,EDO,12-01-2023,1
63,EKITI,12-01-2023,0
63,ENUGU,12-01-2023,21
63,GOMBE,12-01-2023,0
63,IMO,12-01-2023,20
63,JIGAWA,12-01-2023,0
63,KADUNA,12-01-2023,0
63,KANO,12-01-2023,0
63,KATSINA,12-01-2023,0
63,KEBBI,12-01-2023,0
63,KOGI,12-01-2023,0
63,KWARA,12-01-2023,0
63,LAGOS,12-01-2023,0
63,NASARAWA,12-01-2023,0
63,NIGER,12-01-2023,0
63,OGUN,12-01-2023,0
63,ONDO,12-01-2023,0
63,OSUN,12-01-2023,0
63,OYO,12-01-2023,0
63,PLATEAU,12-01-2023,0
63,RIVERS,12-01-2023,0
63,SOKOTO,12-01-2023,0
63,TARABA,12-01-2023,0
63,YOBE,12-01-2023,0
63,ZAMFARA,12-01-2023,0
63,FCT,12-01-2023,0
63,FOREIGN,12-01-2023,0
62,ABIA,12-01-2023,0
62,ADAMAWA,12-01-2023,0
62,AKWA IBOM,12-01-2023,0
62,BAUCHI,12-01-2023,0
62,BAYELSA,12-01-2023,1
62,BENUE,12-01-2023,0
62,BORNO,12-01-2023,0
62,CROSS RIVER,12-01-2023,0
62,DELTA,12-01-2023,0
62,EBONYI,12-01-2023,3
62,EDO,12-01-2023,0
62,EKITI,12-01-2023,0
62,ENUGU,12-01-2023,6
62,GOMBE,12-01-2023,0
62,IMO,12-01-2023,0
62,JIGAWA,12-01-2023,0
62,KADUNA,12-01-2023,0
62,KANO,12-01-2023,0
62,KATSINA,12-01-2023,0
62,KEBBI,12-01-2023,0
62,KOGI,12-01-2023,0
62,KWARA,12-01-2023,0
62,LAGOS,12-01-2023,0
62,NASARAWA,12-01-2023,0
62,NIGER,12-01-2023,0
62,OGUN,12-01-2023,0
62,ONDO,12-01-2023,0
62,OSUN,12-01-2023,0
62,OYO,12-01-2023,0
62,PLATEAU,12-01-2023,0
62,RIVERS,12-01-2023,0
62,SOKOTO,12-01-2023,0
62,TARABA,12-01-2023,0
62,YOBE,12-01-2023,0
62,ZAMFARA,12-01-2023,0
62,FCT,12-01-2023,0
62,FOREIGN,12-01-2023,0
65,ABIA,12-01-2023,1
65,ADAMAWA,12-01-2023,0
65,AKWA IBOM,12-01-2023,1
65,BAUCHI,12-01-2023,0
65,BAYELSA,12-01-2023,0
65,BENUE,12-01-2023,2
65,BORNO,12-01-2023,0
65,CROSS RIVER,12-01-2023,0
65,DELTA,12-01-2023,2
65,EBONYI,12-01-2023,2
65,EDO,12-01-2023,0
65,EKITI,12-01-2023,0
65,ENUGU,12-01-2023,13
65,GOMBE,12-01-2023,0
65,IMO,12-01-2023,4
65,JIGAWA,12-01-2023,0
65,KADUNA,12-01-2023,0
65,KANO,12-01-2023,0
65,KATSINA,12-01-2023,0
65,KEBBI,12-01-2023,0
65,KOGI,12-01-2023,0
65,KWARA,12-01-2023,0
65,LAGOS,12-01-2023,0
65,NASARAWA,12-01-2023,0
65,NIGER,12-01-2023,0
65,OGUN,12-01-2023,0
65,ONDO,12-01-2023,0
65,OSUN,12-01-2023,0
65,OYO,12-01-2023,0
65,PLATEAU,12-01-2023,0
65,RIVERS,12-01-2023,0
65,SOKOTO,12-01-2023,0
65,TARABA,12-01-2023,0
65,YOBE,12-01-2023,0
65,ZAMFARA,12-01-2023,0
65,FCT,12-01-2023,0
65,FOREIGN,12-01-2023,0
66,ABIA,12-01-2023,27
66,ADAMAWA,12-01-2023,0
66,AKWA IBOM,12-01-2023,1
66,BAUCHI,12-01-2023,0
66,BAYELSA,12-01-2023,0
66,BENUE,12-01-2023,1
66,BORNO,12-01-2023,0
66,CROSS RIVER,12-01-2023,1
66,DELTA,12-01-2023,6
66,EBONYI,12-01-2023,0
66,EDO,12-01-2023,0
66,EKITI,12-01-2023,0
66,ENUGU,12-01-2023,128
66,GOMBE,12-01-2023,0
66,IMO,12-01-2023,69
66,JIGAWA,12-01-2023,0
66,KADUNA,12-01-2023,0
66,KANO,12-01-2023,0
66,KATSINA,12-01-2023,0
66,KEBBI,12-01-2023,0
66,KOGI,12-01-2023,1
66,KWARA,12-01-2023,0
66,LAGOS,12-01-2023,0
66,NASARAWA,12-01-2023,0
66,NIGER,12-01-2023,0
66,OGUN,12-01-2023,0
66,ONDO,12-01-2023,0
66,OSUN,12-01-2023,0
66,OYO,12-01-2023,0
66,PLATEAU,12-01-2023,0
66,RIVERS,12-01-2023,0
66,SOKOTO,12-01-2023,0
66,TARABA,12-01-2023,0
66,YOBE,12-01-2023,0
66,ZAMFARA,12-01-2023,0
66,FCT,12-01-2023,0
66,FOREIGN,12-01-2023,0
60,ABIA,12-01-2023,0
60,ADAMAWA,12-01-2023,0
60,AKWA IBOM,12-01-2023,0
60,BAUCHI,12-01-2023,0
60,BAYELSA,12-01-2023,0
60,BENUE,12-01-2023,0
60,BORNO,12-01-2023,0
60,CROSS RIVER,12-01-2023,0
60,DELTA,12-01-2023,2
60,EBONYI,12-01-2023,10
60,EDO,12-01-2023,1
60,EKITI,12-01-2023,0
60,ENUGU,12-01-2023,2
60,GOMBE,12-01-2023,0
60,IMO,12-01-2023,2
60,JIGAWA,12-01-2023,0
60,KADUNA,12-01-2023,0
60,KANO,12-01-2023,0
60,KATSINA,12-01-2023,0
60,KEBBI,12-01-2023,0
60,KOGI,12-01-2023,0
60,KWARA,12-01-2023,0
60,LAGOS,12-01-2023,0
60,NASARAWA,12-01-2023,0
60,NIGER,12-01-2023,0
60,OGUN,12-01-2023,0
60,ONDO,12-01-2023,0
60,OSUN,12-01-2023,0
60,OYO,12-01-2023,0
60,PLATEAU,12-01-2023,0
60,RIVERS,12-01-2023,0
60,SOKOTO,12-01-2023,0
60,TARABA,12-01-2023,0
60,YOBE,12-01-2023,0
60,ZAMFARA,12-01-2023,0
60,FCT,12-01-2023,0
60,FOREIGN,12-01-2023,0
64,ABIA,12-01-2023,4
64,ADAMAWA,12-01-2023,0
64,AKWA IBOM,12-01-2023,0
64,BAUCHI,12-01-2023,0
64,BAYELSA,12-01-2023,0
64,BENUE,12-01-2023,1
64,BORNO,12-01-2023,0
64,CROSS RIVER,12-01-2023,0
64,DELTA,12-01-2023,2
64,EBONYI,12-01-2023,20
64,EDO,12-01-2023,0
64,EKITI,12-01-2023,0
64,ENUGU,12-01-2023,14
64,GOMBE,12-01-2023,0
64,IMO,12-01-2023,7
64,JIGAWA,12-01-2023,0
64,KADUNA,12-01-2023,0
64,KANO,12-01-2023,0
64,KATSINA,12-01-2023,0
64,KEBBI,12-01-2023,0
64,KOGI,12-01-2023,7
64,KWARA,12-01-2023,0
64,LAGOS,12-01-2023,0
64,NASARAWA,12-01-2023,0
64,NIGER,12-01-2023,0
64,OGUN,12-01-2023,0
64,ONDO,12-01-2023,0
64,OSUN,12-01-2023,0
64,OYO,12-01-2023,0
64,PLATEAU,12-01-2023,0
64,RIVERS,12-01-2023,0
64,SOKOTO,12-01-2023,0
64,TARABA,12-01-2023,0
64,YOBE,12-01-2023,0
64,ZAMFARA,12-01-2023,0
64,FCT,12-01-2023,0
64,FOREIGN,12-01-2023,0
61,ABIA,12-01-2023,1
61,ADAMAWA,12-01-2023,0
61,AKWA IBOM,12-01-2023,0
61,BAUCHI,12-01-2023,0
61,BAYELSA,12-01-2023,0
61,BENUE,12-01-2023,0
61,BORNO,12-01-2023,0
61,CROSS RIVER,12-01-2023,0
61,DELTA,12-01-2023,0
61,EBONYI,12-01-2023,9
61,EDO,12-01-2023,0
61,EKITI,12-01-2023,0
61,ENUGU,12-01-2023,5
61,GOMBE,12-01-2023,0
61,IMO,12-01-2023,0
61,JIGAWA,12-01-2023,0
61,KADUNA,12-01-2023,0
61,KANO,12-01-2023,0
61,KATSINA,12-01-2023,0
61,KEBBI,12-01-2023,0
61,KOGI,12-01-2023,0
61,KWARA,12-01-2023,0
61,LAGOS,12-01-2023,0
61,NASARAWA,12-01-2023,0
61,NIGER,12-01-2023,0
61,OGUN,12-01-2023,0
61,ONDO,12-01-2023,0
61,OSUN,12-01-2023,0
61,OYO,12-01-2023,0
61,PLATEAU,12-01-2023,0
61,RIVERS,12-01-2023,0
61,SOKOTO,12-01-2023,0
61,TARABA,12-01-2023,0
61,YOBE,12-01-2023,0
61,ZAMFARA,12-01-2023,0
61,FCT,12-01-2023,0
61,FOREIGN,12-01-2023,0
58,ABIA,12-01-2023,1
58,ADAMAWA,12-01-2023,0
58,AKWA IBOM,12-01-2023,0
58,BAUCHI,12-01-2023,0
58,BAYELSA,12-01-2023,0
58,BENUE,12-01-2023,0
58,BORNO,12-01-2023,0
58,CROSS RIVER,12-01-2023,0
58,DELTA,12-01-2023,0
58,EBONYI,12-01-2023,6
58,EDO,12-01-2023,0
58,EKITI,12-01-2023,0
58,ENUGU,12-01-2023,1
58,GOMBE,12-01-2023,0
58,IMO,12-01-2023,0
58,JIGAWA,12-01-2023,0
58,KADUNA,12-01-2023,0
58,KANO,12-01-2023,0
58,KATSINA,12-01-2023,0
58,KEBBI,12-01-2023,0
58,KOGI,12-01-2023,0
58,KWARA,12-01-2023,0
58,LAGOS,12-01-2023,1
58,NASARAWA,12-01-2023,0
58,NIGER,12-01-2023,0
58,OGUN,12-01-2023,0
58,ONDO,12-01-2023,0
58,OSUN,12-01-2023,0
58,OYO,12-01-2023,0
58,PLATEAU,12-01-2023,0
58,RIVERS,12-01-2023,0
58,SOKOTO,12-01-2023,0
58,TARABA,12-01-2023,0
58,YOBE,12-01-2023,0
58,ZAMFARA,12-01-2023,0
58,FCT,12-01-2023,0
58,FOREIGN,12-01-2023,0
57,ABIA,12-01-2023,9
57,ADAMAWA,12-01-2023,0
57,AKWA IBOM,12-01-2023,2
57,BAUCHI,12-01-2023,0
57,BAYELSA,12-01-2023,0
57,BENUE,12-01-2023,0
57,BORNO,12-01-2023,0
57,CROSS RIVER,12-01-2023,2
57,DELTA,12-01-2023,2
57,EBONYI,12-01-2023,43
57,EDO,12-01-2023,4
57,EKITI,12-01-2023,0
57,ENUGU,12-01-2023,48
57,GOMBE,12-01-2023,0
57,IMO,12-01-2023,6
57,JIGAWA,12-01-2023,0
57,KADUNA,12-01-2023,0
57,KANO,12-01-2023,0
57,KATSINA,12-01-2023,0
57,KEBBI,12-01-2023,0
57,KOGI,12-01-2023,5
57,KWARA,12-01-2023,0
57,LAGOS,12-01-2023,0
57,NASARAWA,12-01-2023,0
57,NIGER,12-01-2023,0
57,OGUN,12-01-2023,1
57,ONDO,12-01-2023,0
57,OSUN,12-01-2023,0
57,OYO,12-01-2023,0
57,PLATEAU,12-01-2023,0
57,RIVERS,12-01-2023,0
57,SOKOTO,12-01-2023,0
57,TARABA,12-01-2023,0
57,YOBE,12-01-2023,0
57,ZAMFARA,12-01-2023,0
57,FCT,12-01-2023,0
57,FOREIGN,12-01-2023,0
67,ABIA,12-01-2023,2
67,ADAMAWA,12-01-2023,0
67,AKWA IBOM,12-01-2023,0
67,BAUCHI,12-01-2023,0
67,BAYELSA,12-01-2023,0
67,BENUE,12-01-2023,0
67,BORNO,12-01-2023,0
67,CROSS RIVER,12-01-2023,1
67,DELTA,12-01-2023,0
67,EBONYI,12-01-2023,8
67,EDO,12-01-2023,0
67,EKITI,12-01-2023,0
67,ENUGU,12-01-2023,10
67,GOMBE,12-01-2023,0
67,IMO,12-01-2023,6
67,JIGAWA,12-01-2023,0
67,KADUNA,12-01-2023,0
67,KANO,12-01-2023,0
67,KATSINA,12-01-2023,0
67,KEBBI,12-01-2023,0
67,KOGI,12-01-2023,0
67,KWARA,12-01-2023,0
67,LAGOS,12-01-2023,0
67,NASARAWA,12-01-2023,0
67,NIGER,12-01-2023,0
67,OGUN,12-01-2023,0
67,ONDO,12-01-2023,0
67,OSUN,12-01-2023,0
67,OYO,12-01-2023,0
67,PLATEAU,12-01-2023,0
67,RIVERS,12-01-2023,0
67,SOKOTO,12-01-2023,0
67,TARABA,12-01-2023,0
67,YOBE,12-01-2023,0
67,ZAMFARA,12-01-2023,0
67,FCT,12-01-2023,0
67,FOREIGN,12-01-2023,0
59,ABIA,12-01-2023,0
59,ADAMAWA,12-01-2023,0
59,AKWA IBOM,12-01-2023,0
59,BAUCHI,12-01-2023,0
59,BAYELSA,12-01-2023,0
59,BENUE,12-01-2023,0
59,BORNO,12-01-2023,0
59,CROSS RIVER,12-01-2023,0
59,DELTA,12-01-2023,0
59,EBONYI,12-01-2023,0
59,EDO,12-01-2023,0
59,EKITI,12-01-2023,0
59,ENUGU,12-01-2023,0
59,GOMBE,12-01-2023,0
59,IMO,12-01-2023,0
59,JIGAWA,12-01-2023,0
59,KADUNA,12-01-2023,0
59,KANO,12-01-2023,0
59,KATSINA,12-01-2023,0
59,KEBBI,12-01-2023,0
59,KOGI,12-01-2023,0
59,KWARA,12-01-2023,0
59,LAGOS,12-01-2023,0
59,NASARAWA,12-01-2023,0
59,NIGER,12-01-2023,0
59,OGUN,12-01-2023,0
59,ONDO,12-01-2023,0
59,OSUN,12-01-2023,0
59,OYO,12-01-2023,0
59,PLATEAU,12-01-2023,0
59,RIVERS,12-01-2023,0
59,SOKOTO,12-01-2023,0
59,TARABA,12-01-2023,0
59,YOBE,12-01-2023,0
59,ZAMFARA,12-01-2023,0
59,FCT,12-01-2023,0
59,FOREIGN,12-01-2023,0
106,ABIA,12-01-2023,1
106,ADAMAWA,12-01-2023,0
106,AKWA IBOM,12-01-2023,0
106,BAUCHI,12-01-2023,0
106,BAYELSA,12-01-2023,0
106,BENUE,12-01-2023,0
106,BORNO,12-01-2023,0
106,CROSS RIVER,12-01-2023,0
106,DELTA,12-01-2023,0
106,EBONYI,12-01-2023,4
106,EDO,12-01-2023,0
106,EKITI,12-01-2023,0
106,ENUGU,12-01-2023,5
106,GOMBE,12-01-2023,0
106,IMO,12-01-2023,1
106,JIGAWA,12-01-2023,0
106,KADUNA,12-01-2023,0
106,KANO,12-01-2023,0
106,KATSINA,12-01-2023,0
106,KEBBI,12-01-2023,0
106,KOGI,12-01-2023,0
106,KWARA,12-01-2023,0
106,LAGOS,12-01-2023,0
106,NASARAWA,12-01-2023,0
106,NIGER,12-01-2023,0
106,OGUN,12-01-2023,0
106,ONDO,12-01-2023,0
106,OSUN,12-01-2023,0
106,OYO,12-01-2023,0
106,PLATEAU,12-01-2023,0
106,RIVERS,12-01-2023,0
106,SOKOTO,12-01-2023,0
106,TARABA,12-01-2023,0
106,YOBE,12-01-2023,0
106,ZAMFARA,12-01-2023,0
106,FCT,12-01-2023,0
106,FOREIGN,12-01-2023,0
103,ABIA,12-01-2023,0
103,ADAMAWA,12-01-2023,0
103,AKWA IBOM,12-01-2023,0
103,BAUCHI,12-01-2023,0
103,BAYELSA,12-01-2023,0
103,BENUE,12-01-2023,0
103,BORNO,12-01-2023,0
103,CROSS RIVER,12-01-2023,0
103,DELTA,12-01-2023,0
103,EBONYI,12-01-2023,0
103,EDO,12-01-2023,0
103,EKITI,12-01-2023,0
103,ENUGU,12-01-2023,0
103,GOMBE,12-01-2023,0
103,IMO,12-01-2023,0
103,JIGAWA,12-01-2023,0
103,KADUNA,12-01-2023,0
103,KANO,12-01-2023,0
103,KATSINA,12-01-2023,0
103,KEBBI,12-01-2023,0
103,KOGI,12-01-2023,0
103,KWARA,12-01-2023,0
103,LAGOS,12-01-2023,0
103,NASARAWA,12-01-2023,0
103,NIGER,12-01-2023,0
103,OGUN,12-01-2023,0
103,ONDO,12-01-2023,0
103,OSUN,12-01-2023,0
103,OYO,12-01-2023,0
103,PLATEAU,12-01-2023,0
103,RIVERS,12-01-2023,0
103,SOKOTO,12-01-2023,0
103,TARABA,12-01-2023,0
103,YOBE,12-01-2023,0
103,ZAMFARA,12-01-2023,0
103,FCT,12-01-2023,0
103,FOREIGN,12-01-2023,0
100,ABIA,12-01-2023,0
100,ADAMAWA,12-01-2023,0
100,AKWA IBOM,12-01-2023,0
100,BAUCHI,12-01-2023,0
100,BAYELSA,12-01-2023,0
100,BENUE,12-01-2023,0
100,BORNO,12-01-2023,0
100,CROSS RIVER,12-01-2023,0
100,DELTA,12-01-2023,0
100,EBONYI,12-01-2023,1
100,EDO,12-01-2023,0
100,EKITI,12-01-2023,0
100,ENUGU,12-01-2023,0
100,GOMBE,12-01-2023,0
100,IMO,12-01-2023,0
100,JIGAWA,12-01-2023,0
100,KADUNA,12-01-2023,0
100,KANO,12-01-2023,0
100,KATSINA,12-01-2023,0
100,KEBBI,12-01-2023,0
100,KOGI,12-01-2023,1
100,KWARA,12-01-2023,0
100,LAGOS,12-01-2023,0
100,NASARAWA,12-01-2023,0
100,NIGER,12-01-2023,0
100,OGUN,12-01-2023,0
100,ONDO,12-01-2023,0
100,OSUN,12-01-2023,0
100,OYO,12-01-2023,0
100,PLATEAU,12-01-2023,0
100,RIVERS,12-01-2023,0
100,SOKOTO,12-01-2023,0
100,TARABA,12-01-2023,0
100,YOBE,12-01-2023,0
100,ZAMFARA,12-01-2023,0
100,FCT,12-01-2023,0
100,FOREIGN,12-01-2023,0
102,ABIA,12-01-2023,0
102,ADAMAWA,12-01-2023,0
102,AKWA IBOM,12-01-2023,0
102,BAUCHI,12-01-2023,0
102,BAYELSA,12-01-2023,0
102,BENUE,12-01-2023,0
102,BORNO,12-01-2023,0
102,CROSS RIVER,12-01-2023,0
102,DELTA,12-01-2023,0
102,EBONYI,12-01-2023,1
102,EDO,12-01-2023,0
102,EKITI,12-01-2023,0
102,ENUGU,12-01-2023,4
102,GOMBE,12-01-2023,0
102,IMO,12-01-2023,1
102,JIGAWA,12-01-2023,0
102,KADUNA,12-01-2023,0
102,KANO,12-01-2023,0
102,KATSINA,12-01-2023,0
102,KEBBI,12-01-2023,0
102,KOGI,12-01-2023,2
102,KWARA,12-01-2023,0
102,LAGOS,12-01-2023,0
102,NASARAWA,12-01-2023,0
102,NIGER,12-01-2023,0
102,OGUN,12-01-2023,0
102,ONDO,12-01-2023,0
102,OSUN,12-01-2023,0
102,OYO,12-01-2023,0
102,PLATEAU,12-01-2023,0
102,RIVERS,12-01-2023,0
102,SOKOTO,12-01-2023,0
102,TARABA,12-01-2023,0
102,YOBE,12-01-2023,0
102,ZAMFARA,12-01-2023,0
102,FCT,12-01-2023,0
102,FOREIGN,12-01-2023,0
107,ABIA,12-01-2023,0
107,ADAMAWA,12-01-2023,0
107,AKWA IBOM,12-01-2023,0
107,BAUCHI,12-01-2023,0
107,BAYELSA,12-01-2023,0
107,BENUE,12-01-2023,0
107,BORNO,12-01-2023,0
107,CROSS RIVER,12-01-2023,0
107,DELTA,12-01-2023,0
107,EBONYI,12-01-2023,0
107,EDO,12-01-2023,0
107,EKITI,12-01-2023,0
107,ENUGU,12-01-2023,0
107,GOMBE,12-01-2023,0
107,IMO,12-01-2023,0
107,JIGAWA,12-01-2023,0
107,KADUNA,12-01-2023,0
107,KANO,12-01-2023,0
107,KATSINA,12-01-2023,0
107,KEBBI,12-01-2023,0
107,KOGI,12-01-2023,0
107,KWARA,12-01-2023,0
107,LAGOS,12-01-2023,0
107,NASARAWA,12-01-2023,0
107,NIGER,12-01-2023,0
107,OGUN,12-01-2023,0
107,ONDO,12-01-2023,0
107,OSUN,12-01-2023,0
107,OYO,12-01-2023,0
107,PLATEAU,12-01-2023,0
107,RIVERS,12-01-2023,0
107,SOKOTO,12-01-2023,0
107,TARABA,12-01-2023,0
107,YOBE,12-01-2023,0
107,ZAMFARA,12-01-2023,0
107,FCT,12-01-2023,0
107,FOREIGN,12-01-2023,0
101,ABIA,12-01-2023,0
101,ADAMAWA,12-01-2023,0
101,AKWA IBOM,12-01-2023,0
101,BAUCHI,12-01-2023,0
101,BAYELSA,12-01-2023,0
101,BENUE,12-01-2023,0
101,BORNO,12-01-2023,0
101,CROSS RIVER,12-01-2023,0
101,DELTA,12-01-2023,1
101,EBONYI,12-01-2023,0
101,EDO,12-01-2023,0
101,EKITI,12-01-2023,0
101,ENUGU,12-01-2023,2
101,GOMBE,12-01-2023,0
101,IMO,12-01-2023,0
101,JIGAWA,12-01-2023,0
101,KADUNA,12-01-2023,0
101,KANO,12-01-2023,0
101,KATSINA,12-01-2023,0
101,KEBBI,12-01-2023,0
101,KOGI,12-01-2023,3
101,KWARA,12-01-2023,0
101,LAGOS,12-01-2023,0
101,NASARAWA,12-01-2023,0
101,NIGER,12-01-2023,0
101,OGUN,12-01-2023,0
101,ONDO,12-01-2023,0
101,OSUN,12-01-2023,0
101,OYO,12-01-2023,0
101,PLATEAU,12-01-2023,0
101,RIVERS,12-01-2023,0
101,SOKOTO,12-01-2023,0
101,TARABA,12-01-2023,0
101,YOBE,12-01-2023,0
101,ZAMFARA,12-01-2023,0
101,FCT,12-01-2023,0
101,FOREIGN,12-01-2023,0
104,ABIA,12-01-2023,0
104,ADAMAWA,12-01-2023,0
104,AKWA IBOM,12-01-2023,0
104,BAUCHI,12-01-2023,0
104,BAYELSA,12-01-2023,0
104,BENUE,12-01-2023,0
104,BORNO,12-01-2023,0
104,CROSS RIVER,12-01-2023,0
104,DELTA,12-01-2023,0
104,EBONYI,12-01-2023,0
104,EDO,12-01-2023,0
104,EKITI,12-01-2023,0
104,ENUGU,12-01-2023,0
104,GOMBE,12-01-2023,0
104,IMO,12-01-2023,0
104,JIGAWA,12-01-2023,0
104,KADUNA,12-01-2023,0
104,KANO,12-01-2023,0
104,KATSINA,12-01-2023,0
104,KEBBI,12-01-2023,0
104,KOGI,12-01-2023,0
104,KWARA,12-01-2023,0
104,LAGOS,12-01-2023,0
104,NASARAWA,12-01-2023,0
104,NIGER,12-01-2023,0
104,OGUN,12-01-2023,0
104,ONDO,12-01-2023,0
104,OSUN,12-01-2023,0
104,OYO,12-01-2023,0
104,PLATEAU,12-01-2023,0
104,RIVERS,12-01-2023,0
104,SOKOTO,12-01-2023,0
104,TARABA,12-01-2023,0
104,YOBE,12-01-2023,0
104,ZAMFARA,12-01-2023,0
104,FCT,12-01-2023,0
104,FOREIGN,12-01-2023,0
105,ABIA,12-01-2023,0
105,ADAMAWA,12-01-2023,0
105,AKWA IBOM,12-01-2023,0
105,BAUCHI,12-01-2023,0
105,BAYELSA,12-01-2023,0
105,BENUE,12-01-2023,0
105,BORNO,12-01-2023,0
105,CROSS RIVER,12-01-2023,0
105,DELTA,12-01-2023,0
105,EBONYI,12-01-2023,0
105,EDO,12-01-2023,0
105,EKITI,12-01-2023,0
105,ENUGU,12-01-2023,0
105,GOMBE,12-01-2023,0
105,IMO,12-01-2023,0
105,JIGAWA,12-01-2023,0
105,KADUNA,12-01-2023,0
105,KANO,12-01-2023,0
105,KATSINA,12-01-2023,0
105,KEBBI,12-01-2023,0
105,KOGI,12-01-2023,0
105,KWARA,12-01-2023,0
105,LAGOS,12-01-2023,0
105,NASARAWA,12-01-2023,0
105,NIGER,12-01-2023,0
105,OGUN,12-01-2023,0
105,ONDO,12-01-2023,0
105,OSUN,12-01-2023,0
105,OYO,12-01-2023,0
105,PLATEAU,12-01-2023,0
105,RIVERS,12-01-2023,0
105,SOKOTO,12-01-2023,0
105,TARABA,12-01-2023,0
105,YOBE,12-01-2023,0
105,ZAMFARA,12-01-2023,0
105,FCT,12-01-2023,0
105,FOREIGN,12-01-2023,0
256,ABIA,12-01-2023,0
256,ADAMAWA,12-01-2023,0
256,AKWA IBOM,12-01-2023,0
256,BAUCHI,12-01-2023,0
256,BAYELSA,12-01-2023,0
256,BENUE,12-01-2023,0
256,BORNO,12-01-2023,0
256,CROSS RIVER,12-01-2023,0
256,DELTA,12-01-2023,0
256,EBONYI,12-01-2023,1
256,EDO,12-01-2023,0
256,EKITI,12-01-2023,0
256,ENUGU,12-01-2023,1
256,GOMBE,12-01-2023,0
256,IMO,12-01-2023,9
256,JIGAWA,12-01-2023,0
256,KADUNA,12-01-2023,0
256,KANO,12-01-2023,0
256,KATSINA,12-01-2023,0
256,KEBBI,12-01-2023,0
256,KOGI,12-01-2023,0
256,KWARA,12-01-2023,0
256,LAGOS,12-01-2023,0
256,NASARAWA,12-01-2023,0
256,NIGER,12-01-2023,0
256,OGUN,12-01-2023,0
256,ONDO,12-01-2023,0
256,OSUN,12-01-2023,0
256,OYO,12-01-2023,0
256,PLATEAU,12-01-2023,0
256,RIVERS,12-01-2023,0
256,SOKOTO,12-01-2023,0
256,TARABA,12-01-2023,0
256,YOBE,12-01-2023,0
256,ZAMFARA,12-01-2023,0
256,FCT,12-01-2023,0
256,FOREIGN,12-01-2023,0
250,ABIA,12-01-2023,3
250,ADAMAWA,12-01-2023,0
250,AKWA IBOM,12-01-2023,0
250,BAUCHI,12-01-2023,0
250,BAYELSA,12-01-2023,0
250,BENUE,12-01-2023,0
250,BORNO,12-01-2023,0
250,CROSS RIVER,12-01-2023,0
250,DELTA,12-01-2023,0
250,EBONYI,12-01-2023,4
250,EDO,12-01-2023,1
250,EKITI,12-01-2023,0
250,ENUGU,12-01-2023,7
250,GOMBE,12-01-2023,0
250,IMO,12-01-2023,4
250,JIGAWA,12-01-2023,0
250,KADUNA,12-01-2023,0
250,KANO,12-01-2023,0
250,KATSINA,12-01-2023,0
250,KEBBI,12-01-2023,0
250,KOGI,12-01-2023,0
250,KWARA,12-01-2023,0
250,LAGOS,12-01-2023,0
250,NASARAWA,12-01-2023,0
250,NIGER,12-01-2023,0
250,OGUN,12-01-2023,0
250,ONDO,12-01-2023,0
250,OSUN,12-01-2023,0
250,OYO,12-01-2023,0
250,PLATEAU,12-01-2023,0
250,RIVERS,12-01-2023,0
250,SOKOTO,12-01-2023,0
250,TARABA,12-01-2023,0
250,YOBE,12-01-2023,0
250,ZAMFARA,12-01-2023,0
250,FCT,12-01-2023,0
250,FOREIGN,12-01-2023,0
253,ABIA,12-01-2023,0
253,ADAMAWA,12-01-2023,0
253,AKWA IBOM,12-01-2023,0
253,BAUCHI,12-01-2023,0
253,BAYELSA,12-01-2023,0
253,BENUE,12-01-2023,0
253,BORNO,12-01-2023,0
253,CROSS RIVER,12-01-2023,0
253,DELTA,12-01-2023,0
253,EBONYI,12-01-2023,0
253,EDO,12-01-2023,0
253,EKITI,12-01-2023,0
253,ENUGU,12-01-2023,20
253,GOMBE,12-01-2023,0
253,IMO,12-01-2023,0
253,JIGAWA,12-01-2023,0
253,KADUNA,12-01-2023,0
253,KANO,12-01-2023,0
253,KATSINA,12-01-2023,0
253,KEBBI,12-01-2023,0
253,KOGI,12-01-2023,6
253,KWARA,12-01-2023,0
253,LAGOS,12-01-2023,0
253,NASARAWA,12-01-2023,0
253,NIGER,12-01-2023,0
253,OGUN,12-01-2023,0
253,ONDO,12-01-2023,0
253,OSUN,12-01-2023,0
253,OYO,12-01-2023,0
253,PLATEAU,12-01-2023,0
253,RIVERS,12-01-2023,0
253,SOKOTO,12-01-2023,0
253,TARABA,12-01-2023,0
253,YOBE,12-01-2023,0
253,ZAMFARA,12-01-2023,0
253,FCT,12-01-2023,0
253,FOREIGN,12-01-2023,0
252,ABIA,12-01-2023,0
252,ADAMAWA,12-01-2023,0
252,AKWA IBOM,12-01-2023,0
252,BAUCHI,12-01-2023,0
252,BAYELSA,12-01-2023,0
252,BENUE,12-01-2023,0
252,BORNO,12-01-2023,0
252,CROSS RIVER,12-01-2023,0
252,DELTA,12-01-2023,0
252,EBONYI,12-01-2023,0
252,EDO,12-01-2023,0
252,EKITI,12-01-2023,0
252,ENUGU,12-01-2023,5
252,GOMBE,12-01-2023,0
252,IMO,12-01-2023,1
252,JIGAWA,12-01-2023,0
252,KADUNA,12-01-2023,0
252,KANO,12-01-2023,0
252,KATSINA,12-01-2023,0
252,KEBBI,12-01-2023,0
252,KOGI,12-01-2023,0
252,KWARA,12-01-2023,0
252,LAGOS,12-01-2023,0
252,NASARAWA,12-01-2023,0
252,NIGER,12-01-2023,0
252,OGUN,12-01-2023,0
252,ONDO,12-01-2023,0
252,OSUN,12-01-2023,0
252,OYO,12-01-2023,0
252,PLATEAU,12-01-2023,0
252,RIVERS,12-01-2023,0
252,SOKOTO,12-01-2023,0
252,TARABA,12-01-2023,0
252,YOBE,12-01-2023,0
252,ZAMFARA,12-01-2023,0
252,FCT,12-01-2023,0
252,FOREIGN,12-01-2023,0
251,ABIA,12-01-2023,0
251,ADAMAWA,12-01-2023,0
251,AKWA IBOM,12-01-2023,0
251,BAUCHI,12-01-2023,0
251,BAYELSA,12-01-2023,0
251,BENUE,12-01-2023,0
251,BORNO,12-01-2023,0
251,CROSS RIVER,12-01-2023,0
251,DELTA,12-01-2023,0
251,EBONYI,12-01-2023,0
251,EDO,12-01-2023,0
251,EKITI,12-01-2023,0
251,ENUGU,12-01-2023,0
251,GOMBE,12-01-2023,0
251,IMO,12-01-2023,0
251,JIGAWA,12-01-2023,0
251,KADUNA,12-01-2023,0
251,KANO,12-01-2023,0
251,KATSINA,12-01-2023,0
251,KEBBI,12-01-2023,0
251,KOGI,12-01-2023,0
251,KWARA,12-01-2023,0
251,LAGOS,12-01-2023,0
251,NASARAWA,12-01-2023,0
251,NIGER,12-01-2023,0
251,OGUN,12-01-2023,0
251,ONDO,12-01-2023,0
251,OSUN,12-01-2023,0
251,OYO,12-01-2023,0
251,PLATEAU,12-01-2023,0
251,RIVERS,12-01-2023,0
251,SOKOTO,12-01-2023,0
251,TARABA,12-01-2023,0
251,YOBE,12-01-2023,0
251,ZAMFARA,12-01-2023,0
251,FCT,12-01-2023,0
251,FOREIGN,12-01-2023,0
255,ABIA,12-01-2023,0
255,ADAMAWA,12-01-2023,0
255,AKWA IBOM,12-01-2023,0
255,BAUCHI,12-01-2023,0
255,BAYELSA,12-01-2023,0
255,BENUE,12-01-2023,0
255,BORNO,12-01-2023,0
255,CROSS RIVER,12-01-2023,0
255,DELTA,12-01-2023,0
255,EBONYI,12-01-2023,0
255,EDO,12-01-2023,0
255,EKITI,12-01-2023,0
255,ENUGU,12-01-2023,0
255,GOMBE,12-01-2023,0
255,IMO,12-01-2023,0
255,JIGAWA,12-01-2023,0
255,KADUNA,12-01-2023,0
255,KANO,12-01-2023,0
255,KATSINA,12-01-2023,0
255,KEBBI,12-01-2023,0
255,KOGI,12-01-2023,0
255,KWARA,12-01-2023,0
255,LAGOS,12-01-2023,0
255,NASARAWA,12-01-2023,0
255,NIGER,12-01-2023,0
255,OGUN,12-01-2023,0
255,ONDO,12-01-2023,0
255,OSUN,12-01-2023,0
255,OYO,12-01-2023,0
255,PLATEAU,12-01-2023,0
255,RIVERS,12-01-2023,0
255,SOKOTO,12-01-2023,0
255,TARABA,12-01-2023,0
255,YOBE,12-01-2023,0
255,ZAMFARA,12-01-2023,0
255,FCT,12-01-2023,0
255,FOREIGN,12-01-2023,0
257,ABIA,12-01-2023,0
257,ADAMAWA,12-01-2023,0
257,AKWA IBOM,12-01-2023,0
257,BAUCHI,12-01-2023,0
257,BAYELSA,12-01-2023,0
257,BENUE,12-01-2023,1
257,BORNO,12-01-2023,0
257,CROSS RIVER,12-01-2023,0
257,DELTA,12-01-2023,0
257,EBONYI,12-01-2023,0
257,EDO,12-01-2023,0
257,EKITI,12-01-2023,0
257,ENUGU,12-01-2023,3
257,GOMBE,12-01-2023,0
257,IMO,12-01-2023,0
257,JIGAWA,12-01-2023,0
257,KADUNA,12-01-2023,0
257,KANO,12-01-2023,0
257,KATSINA,12-01-2023,0
257,KEBBI,12-01-2023,0
257,KOGI,12-01-2023,0
257,KWARA,12-01-2023,0
257,LAGOS,12-01-2023,0
257,NASARAWA,12-01-2023,0
257,NIGER,12-01-2023,0
257,OGUN,12-01-2023,0
257,ONDO,12-01-2023,0
257,OSUN,12-01-2023,0
257,OYO,12-01-2023,0
257,PLATEAU,12-01-2023,0
257,RIVERS,12-01-2023,0
257,SOKOTO,12-01-2023,0
257,TARABA,12-01-2023,0
257,YOBE,12-01-2023,0
257,ZAMFARA,12-01-2023,0
257,FCT,12-01-2023,0
257,FOREIGN,12-01-2023,0
258,ABIA,12-01-2023,0
258,ADAMAWA,12-01-2023,0
258,AKWA IBOM,12-01-2023,0
258,BAUCHI,12-01-2023,0
258,BAYELSA,12-01-2023,0
258,BENUE,12-01-2023,0
258,BORNO,12-01-2023,0
258,CROSS RIVER,12-01-2023,0
258,DELTA,12-01-2023,0
258,EBONYI,12-01-2023,0
258,EDO,12-01-2023,0
258,EKITI,12-01-2023,0
258,ENUGU,12-01-2023,0
258,GOMBE,12-01-2023,0
258,IMO,12-01-2023,0
258,JIGAWA,12-01-2023,0
258,KADUNA,12-01-2023,0
258,KANO,12-01-2023,0
258,KATSINA,12-01-2023,0
258,KEBBI,12-01-2023,0
258,KOGI,12-01-2023,2
258,KWARA,12-01-2023,0
258,LAGOS,12-01-2023,0
258,NASARAWA,12-01-2023,0
258,NIGER,12-01-2023,0
258,OGUN,12-01-2023,0
258,ONDO,12-01-2023,0
258,OSUN,12-01-2023,0
258,OYO,12-01-2023,0
258,PLATEAU,12-01-2023,0
258,RIVERS,12-01-2023,0
258,SOKOTO,12-01-2023,0
258,TARABA,12-01-2023,0
258,YOBE,12-01-2023,0
258,ZAMFARA,12-01-2023,0
258,FCT,12-01-2023,0
258,FOREIGN,12-01-2023,0
254,ABIA,12-01-2023,0
254,ADAMAWA,12-01-2023,0
254,AKWA IBOM,12-01-2023,0
254,BAUCHI,12-01-2023,0
254,BAYELSA,12-01-2023,0
254,BENUE,12-01-2023,0
254,BORNO,12-01-2023,0
254,CROSS RIVER,12-01-2023,0
254,DELTA,12-01-2023,0
254,EBONYI,12-01-2023,0
254,EDO,12-01-2023,0
254,EKITI,12-01-2023,0
254,ENUGU,12-01-2023,0
254,GOMBE,12-01-2023,0
254,IMO,12-01-2023,0
254,JIGAWA,12-01-2023,0
254,KADUNA,12-01-2023,0
254,KANO,12-01-2023,0
254,KATSINA,12-01-2023,0
254,KEBBI,12-01-2023,0
254,KOGI,12-01-2023,0
254,KWARA,12-01-2023,0
254,LAGOS,12-01-2023,0
254,NASARAWA,12-01-2023,0
254,NIGER,12-01-2023,0
254,OGUN,12-01-2023,0
254,ONDO,12-01-2023,0
254,OSUN,12-01-2023,0
254,OYO,12-01-2023,0
254,PLATEAU,12-01-2023,0
254,RIVERS,12-01-2023,0
254,SOKOTO,12-01-2023,0
254,TARABA,12-01-2023,0
254,YOBE,12-01-2023,0
254,ZAMFARA,12-01-2023,0
254,FCT,12-01-2023,0
254,FOREIGN,12-01-2023,0
