school_id,state,timestamp,population
21,ABIA,02-01-2024,10
21,ADAMAWA,02-01-2024,1
21,AKWA IBOM,02-01-2024,5
21,BAUCHI,02-01-2024,0
21,BAYELSA,02-01-2024,2
21,BENUE,02-01-2024,3
21,BORNO,02-01-2024,0
21,CROSS RIVER,02-01-2024,3
21,DELTA,02-01-2024,2
21,EBONYI,02-01-2024,55
21,EDO,02-01-2024,0
21,EKITI,02-01-2024,1
21,ENUGU,02-01-2024,80
21,GOMBE,02-01-2024,0
21,IMO,02-01-2024,18
21,JIGAWA,02-01-2024,0
21,KADUNA,02-01-2024,0
21,KANO,02-01-2024,0
21,KATSINA,02-01-2024,0
21,KEBBI,02-01-2024,0
21,KOGI,02-01-2024,0
21,KWARA,02-01-2024,0
21,LAGOS,02-01-2024,0
21,NASARAWA,02-01-2024,2
21,NIGER,02-01-2024,1
21,OGUN,02-01-2024,0
21,ONDO,02-01-2024,1
21,OSUN,02-01-2024,0
21,OYO,02-01-2024,0
21,PLATEAU,02-01-2024,1
21,RIVERS,02-01-2024,0
21,SOKOTO,02-01-2024,0
21,TARABA,02-01-2024,0
21,YOBE,02-01-2024,0
21,ZAMFARA,02-01-2024,0
21,FCT,02-01-2024,0
21,FOREIGN,02-01-2024,2
14,ABIA,02-01-2024,23
14,ADAMAWA,02-01-2024,0
14,AKWA IBOM,02-01-2024,3
14,BAUCHI,02-01-2024,0
14,BAYELSA,02-01-2024,0
14,BENUE,02-01-2024,1
14,BORNO,02-01-2024,0
14,CROSS RIVER,02-01-2024,4
14,DELTA,02-01-2024,0
14,EBONYI,02-01-2024,94
14,EDO,02-01-2024,1
14,EKITI,02-01-2024,0
14,ENUGU,02-01-2024,86
14,GOMBE,02-01-2024,0
14,IMO,02-01-2024,19
14,JIGAWA,02-01-2024,0
14,KADUNA,02-01-2024,2
14,KANO,02-01-2024,0
14,KATSINA,02-01-2024,0
14,KEBBI,02-01-2024,0
14,KOGI,02-01-2024,0
14,KWARA,02-01-2024,0
14,LAGOS,02-01-2024,0
14,NASARAWA,02-01-2024,0
14,NIGER,02-01-2024,0
14,OGUN,02-01-2024,0
14,ONDO,02-01-2024,1
14,OSUN,02-01-2024,0
14,OYO,02-01-2024,0
14,PLATEAU,02-01-2024,0
14,RIVERS,02-01-2024,1
14,SOKOTO,02-01-2024,0
14,TARABA,02-01-2024,0
14,YOBE,02-01-2024,0
14,ZAMFARA,02-01-2024,0
14,FCT,02-01-2024,0
14,FOREIGN,02-01-2024,0
12,ABIA,02-01-2024,19
12,ADAMAWA,02-01-2024,3
12,AKWA IBOM,02-01-2024,3
12,BAUCHI,02-01-2024,0
12,BAYELSA,02-01-2024,0
12,BENUE,02-01-2024,12
12,BORNO,02-01-2024,1
12,CROSS RIVER,02-01-2024,3
12,DELTA,02-01-2024,1
12,EBONYI,02-01-2024,194
12,EDO,02-01-2024,0
12,EKITI,02-01-2024,0
12,ENUGU,02-01-2024,106
12,GOMBE,02-01-2024,0
12,IMO,02-01-2024,44
12,JIGAWA,02-01-2024,0
12,KADUNA,02-01-2024,0
12,KANO,02-01-2024,0
12,KATSINA,02-01-2024,0
12,KEBBI,02-01-2024,0
12,KOGI,02-01-2024,0
12,KWARA,02-01-2024,0
12,LAGOS,02-01-2024,0
12,NASARAWA,02-01-2024,0
12,NIGER,02-01-2024,0
12,OGUN,02-01-2024,1
12,ONDO,02-01-2024,0
12,OSUN,02-01-2024,2
12,OYO,02-01-2024,0
12,PLATEAU,02-01-2024,0
12,RIVERS,02-01-2024,1
12,SOKOTO,02-01-2024,0
12,TARABA,02-01-2024,0
12,YOBE,02-01-2024,0
12,ZAMFARA,02-01-2024,0
12,FCT,02-01-2024,0
12,FOREIGN,02-01-2024,0
1,ABIA,02-01-2024,3
1,ADAMAWA,02-01-2024,0
1,AKWA IBOM,02-01-2024,2
1,BAUCHI,02-01-2024,0
1,BAYELSA,02-01-2024,0
1,BENUE,02-01-2024,0
1,BORNO,02-01-2024,0
1,CROSS RIVER,02-01-2024,2
1,DELTA,02-01-2024,3
1,EBONYI,02-01-2024,13
1,EDO,02-01-2024,0
1,EKITI,02-01-2024,0
1,ENUGU,02-01-2024,12
1,GOMBE,02-01-2024,0
1,IMO,02-01-2024,2
1,JIGAWA,02-01-2024,0
1,KADUNA,02-01-2024,0
1,KANO,02-01-2024,0
1,KATSINA,02-01-2024,0
1,KEBBI,02-01-2024,0
1,KOGI,02-01-2024,1
1,KWARA,02-01-2024,0
1,LAGOS,02-01-2024,0
1,NASARAWA,02-01-2024,0
1,NIGER,02-01-2024,0
1,OGUN,02-01-2024,0
1,ONDO,02-01-2024,0
1,OSUN,02-01-2024,0
1,OYO,02-01-2024,1
1,PLATEAU,02-01-2024,0
1,RIVERS,02-01-2024,0
1,SOKOTO,02-01-2024,0
1,TARABA,02-01-2024,0
1,YOBE,02-01-2024,0
1,ZAMFARA,02-01-2024,0
1,FCT,02-01-2024,0
1,FOREIGN,02-01-2024,0
15,ABIA,02-01-2024,8
15,ADAMAWA,02-01-2024,0
15,AKWA IBOM,02-01-2024,6
15,BAUCHI,02-01-2024,0
15,BAYELSA,02-01-2024,0
15,BENUE,02-01-2024,0
15,BORNO,02-01-2024,0
15,CROSS RIVER,02-01-2024,1
15,DELTA,02-01-2024,0
15,EBONYI,02-01-2024,32
15,EDO,02-01-2024,0
15,EKITI,02-01-2024,0
15,ENUGU,02-01-2024,28
15,GOMBE,02-01-2024,0
15,IMO,02-01-2024,49
15,JIGAWA,02-01-2024,0
15,KADUNA,02-01-2024,0
15,KANO,02-01-2024,0
15,KATSINA,02-01-2024,0
15,KEBBI,02-01-2024,0
15,KOGI,02-01-2024,0
15,KWARA,02-01-2024,0
15,LAGOS,02-01-2024,0
15,NASARAWA,02-01-2024,1
15,NIGER,02-01-2024,0
15,OGUN,02-01-2024,1
15,ONDO,02-01-2024,0
15,OSUN,02-01-2024,1
15,OYO,02-01-2024,0
15,PLATEAU,02-01-2024,0
15,RIVERS,02-01-2024,0
15,SOKOTO,02-01-2024,0
15,TARABA,02-01-2024,0
15,YOBE,02-01-2024,0
15,ZAMFARA,02-01-2024,0
15,FCT,02-01-2024,0
15,FOREIGN,02-01-2024,0
19,ABIA,02-01-2024,8
19,ADAMAWA,02-01-2024,0
19,AKWA IBOM,02-01-2024,1
19,BAUCHI,02-01-2024,0
19,BAYELSA,02-01-2024,0
19,BENUE,02-01-2024,0
19,BORNO,02-01-2024,0
19,CROSS RIVER,02-01-2024,0
19,DELTA,02-01-2024,0
19,EBONYI,02-01-2024,27
19,EDO,02-01-2024,2
19,EKITI,02-01-2024,0
19,ENUGU,02-01-2024,17
19,GOMBE,02-01-2024,0
19,IMO,02-01-2024,20
19,JIGAWA,02-01-2024,0
19,KADUNA,02-01-2024,0
19,KANO,02-01-2024,0
19,KATSINA,02-01-2024,0
19,KEBBI,02-01-2024,0
19,KOGI,02-01-2024,0
19,KWARA,02-01-2024,0
19,LAGOS,02-01-2024,0
19,NASARAWA,02-01-2024,0
19,NIGER,02-01-2024,0
19,OGUN,02-01-2024,1
19,ONDO,02-01-2024,0
19,OSUN,02-01-2024,0
19,OYO,02-01-2024,0
19,PLATEAU,02-01-2024,0
19,RIVERS,02-01-2024,0
19,SOKOTO,02-01-2024,0
19,TARABA,02-01-2024,0
19,YOBE,02-01-2024,0
19,ZAMFARA,02-01-2024,0
19,FCT,02-01-2024,0
19,FOREIGN,02-01-2024,1
11,ABIA,02-01-2024,10
11,ADAMAWA,02-01-2024,1
11,AKWA IBOM,02-01-2024,8
11,BAUCHI,02-01-2024,0
11,BAYELSA,02-01-2024,0
11,BENUE,02-01-2024,1
11,BORNO,02-01-2024,0
11,CROSS RIVER,02-01-2024,2
11,DELTA,02-01-2024,0
11,EBONYI,02-01-2024,11
11,EDO,02-01-2024,0
11,EKITI,02-01-2024,0
11,ENUGU,02-01-2024,13
11,GOMBE,02-01-2024,0
11,IMO,02-01-2024,9
11,JIGAWA,02-01-2024,0
11,KADUNA,02-01-2024,0
11,KANO,02-01-2024,0
11,KATSINA,02-01-2024,0
11,KEBBI,02-01-2024,0
11,KOGI,02-01-2024,0
11,KWARA,02-01-2024,0
11,LAGOS,02-01-2024,0
11,NASARAWA,02-01-2024,0
11,NIGER,02-01-2024,0
11,OGUN,02-01-2024,0
11,ONDO,02-01-2024,0
11,OSUN,02-01-2024,0
11,OYO,02-01-2024,0
11,PLATEAU,02-01-2024,0
11,RIVERS,02-01-2024,0
11,SOKOTO,02-01-2024,0
11,TARABA,02-01-2024,0
11,YOBE,02-01-2024,0
11,ZAMFARA,02-01-2024,0
11,FCT,02-01-2024,0
11,FOREIGN,02-01-2024,0
17,ABIA,02-01-2024,3
17,ADAMAWA,02-01-2024,0
17,AKWA IBOM,02-01-2024,2
17,BAUCHI,02-01-2024,0
17,BAYELSA,02-01-2024,0
17,BENUE,02-01-2024,0
17,BORNO,02-01-2024,0
17,CROSS RIVER,02-01-2024,0
17,DELTA,02-01-2024,0
17,EBONYI,02-01-2024,12
17,EDO,02-01-2024,0
17,EKITI,02-01-2024,0
17,ENUGU,02-01-2024,14
17,GOMBE,02-01-2024,0
17,IMO,02-01-2024,8
17,JIGAWA,02-01-2024,0
17,KADUNA,02-01-2024,0
17,KANO,02-01-2024,0
17,KATSINA,02-01-2024,0
17,KEBBI,02-01-2024,0
17,KOGI,02-01-2024,1
17,KWARA,02-01-2024,0
17,LAGOS,02-01-2024,0
17,NASARAWA,02-01-2024,0
17,NIGER,02-01-2024,0
17,OGUN,02-01-2024,0
17,ONDO,02-01-2024,0
17,OSUN,02-01-2024,1
17,OYO,02-01-2024,0
17,PLATEAU,02-01-2024,0
17,RIVERS,02-01-2024,0
17,SOKOTO,02-01-2024,0
17,TARABA,02-01-2024,0
17,YOBE,02-01-2024,0
17,ZAMFARA,02-01-2024,0
17,FCT,02-01-2024,0
17,FOREIGN,02-01-2024,0
8,ABIA,02-01-2024,3
8,ADAMAWA,02-01-2024,0
8,AKWA IBOM,02-01-2024,0
8,BAUCHI,02-01-2024,0
8,BAYELSA,02-01-2024,0
8,BENUE,02-01-2024,0
8,BORNO,02-01-2024,0
8,CROSS RIVER,02-01-2024,0
8,DELTA,02-01-2024,1
8,EBONYI,02-01-2024,11
8,EDO,02-01-2024,0
8,EKITI,02-01-2024,0
8,ENUGU,02-01-2024,7
8,GOMBE,02-01-2024,0
8,IMO,02-01-2024,12
8,JIGAWA,02-01-2024,0
8,KADUNA,02-01-2024,0
8,KANO,02-01-2024,0
8,KATSINA,02-01-2024,0
8,KEBBI,02-01-2024,0
8,KOGI,02-01-2024,0
8,KWARA,02-01-2024,0
8,LAGOS,02-01-2024,0
8,NASARAWA,02-01-2024,0
8,NIGER,02-01-2024,0
8,OGUN,02-01-2024,1
8,ONDO,02-01-2024,0
8,OSUN,02-01-2024,0
8,OYO,02-01-2024,0
8,PLATEAU,02-01-2024,0
8,RIVERS,02-01-2024,0
8,SOKOTO,02-01-2024,0
8,TARABA,02-01-2024,0
8,YOBE,02-01-2024,0
8,ZAMFARA,02-01-2024,0
8,FCT,02-01-2024,0
8,FOREIGN,02-01-2024,2
20,ABIA,02-01-2024,2
20,ADAMAWA,02-01-2024,0
20,AKWA IBOM,02-01-2024,0
20,BAUCHI,02-01-2024,0
20,BAYELSA,02-01-2024,0
20,BENUE,02-01-2024,0
20,BORNO,02-01-2024,0
20,CROSS RIVER,02-01-2024,1
20,DELTA,02-01-2024,0
20,EBONYI,02-01-2024,5
20,EDO,02-01-2024,0
20,EKITI,02-01-2024,0
20,ENUGU,02-01-2024,3
20,GOMBE,02-01-2024,0
20,IMO,02-01-2024,4
20,JIGAWA,02-01-2024,0
20,KADUNA,02-01-2024,0
20,KANO,02-01-2024,0
20,KATSINA,02-01-2024,0
20,KEBBI,02-01-2024,0
20,KOGI,02-01-2024,0
20,KWARA,02-01-2024,0
20,LAGOS,02-01-2024,0
20,NASARAWA,02-01-2024,0
20,NIGER,02-01-2024,0
20,OGUN,02-01-2024,0
20,ONDO,02-01-2024,0
20,OSUN,02-01-2024,0
20,OYO,02-01-2024,0
20,PLATEAU,02-01-2024,1
20,RIVERS,02-01-2024,0
20,SOKOTO,02-01-2024,0
20,TARABA,02-01-2024,0
20,YOBE,02-01-2024,0
20,ZAMFARA,02-01-2024,0
20,FCT,02-01-2024,0
20,FOREIGN,02-01-2024,0
16,ABIA,02-01-2024,6
16,ADAMAWA,02-01-2024,0
16,AKWA IBOM,02-01-2024,6
16,BAUCHI,02-01-2024,0
16,BAYELSA,02-01-2024,0
16,BENUE,02-01-2024,0
16,BORNO,02-01-2024,0
16,CROSS RIVER,02-01-2024,0
16,DELTA,02-01-2024,1
16,EBONYI,02-01-2024,22
16,EDO,02-01-2024,1
16,EKITI,02-01-2024,0
16,ENUGU,02-01-2024,42
16,GOMBE,02-01-2024,0
16,IMO,02-01-2024,79
16,JIGAWA,02-01-2024,0
16,KADUNA,02-01-2024,0
16,KANO,02-01-2024,0
16,KATSINA,02-01-2024,0
16,KEBBI,02-01-2024,0
16,KOGI,02-01-2024,0
16,KWARA,02-01-2024,0
16,LAGOS,02-01-2024,0
16,NASARAWA,02-01-2024,1
16,NIGER,02-01-2024,0
16,OGUN,02-01-2024,1
16,ONDO,02-01-2024,1
16,OSUN,02-01-2024,0
16,OYO,02-01-2024,0
16,PLATEAU,02-01-2024,0
16,RIVERS,02-01-2024,0
16,SOKOTO,02-01-2024,0
16,TARABA,02-01-2024,0
16,YOBE,02-01-2024,0
16,ZAMFARA,02-01-2024,0
16,FCT,02-01-2024,0
16,FOREIGN,02-01-2024,0
18,ABIA,02-01-2024,2
18,ADAMAWA,02-01-2024,0
18,AKWA IBOM,02-01-2024,3
18,BAUCHI,02-01-2024,0
18,BAYELSA,02-01-2024,0
18,BENUE,02-01-2024,0
18,BORNO,02-01-2024,0
18,CROSS RIVER,02-01-2024,1
18,DELTA,02-01-2024,0
18,EBONYI,02-01-2024,9
18,EDO,02-01-2024,0
18,EKITI,02-01-2024,0
18,ENUGU,02-01-2024,10
18,GOMBE,02-01-2024,0
18,IMO,02-01-2024,6
18,JIGAWA,02-01-2024,0
18,KADUNA,02-01-2024,0
18,KANO,02-01-2024,0
18,KATSINA,02-01-2024,0
18,KEBBI,02-01-2024,0
18,KOGI,02-01-2024,0
18,KWARA,02-01-2024,0
18,LAGOS,02-01-2024,0
18,NASARAWA,02-01-2024,0
18,NIGER,02-01-2024,0
18,OGUN,02-01-2024,0
18,ONDO,02-01-2024,0
18,OSUN,02-01-2024,0
18,OYO,02-01-2024,0
18,PLATEAU,02-01-2024,0
18,RIVERS,02-01-2024,0
18,SOKOTO,02-01-2024,0
18,TARABA,02-01-2024,0
18,YOBE,02-01-2024,0
18,ZAMFARA,02-01-2024,0
18,FCT,02-01-2024,0
18,FOREIGN,02-01-2024,0
9,ABIA,02-01-2024,0
9,ADAMAWA,02-01-2024,0
9,AKWA IBOM,02-01-2024,0
9,BAUCHI,02-01-2024,0
9,BAYELSA,02-01-2024,0
9,BENUE,02-01-2024,0
9,BORNO,02-01-2024,0
9,CROSS RIVER,02-01-2024,0
9,DELTA,02-01-2024,1
9,EBONYI,02-01-2024,5
9,EDO,02-01-2024,0
9,EKITI,02-01-2024,0
9,ENUGU,02-01-2024,11
9,GOMBE,02-01-2024,0
9,IMO,02-01-2024,9
9,JIGAWA,02-01-2024,0
9,KADUNA,02-01-2024,0
9,KANO,02-01-2024,0
9,KATSINA,02-01-2024,0
9,KEBBI,02-01-2024,0
9,KOGI,02-01-2024,0
9,KWARA,02-01-2024,0
9,LAGOS,02-01-2024,0
9,NASARAWA,02-01-2024,0
9,NIGER,02-01-2024,0
9,OGUN,02-01-2024,0
9,ONDO,02-01-2024,0
9,OSUN,02-01-2024,0
9,OYO,02-01-2024,0
9,PLATEAU,02-01-2024,0
9,RIVERS,02-01-2024,0
9,SOKOTO,02-01-2024,0
9,TARABA,02-01-2024,0
9,YOBE,02-01-2024,0
9,ZAMFARA,02-01-2024,0
9,FCT,02-01-2024,0
9,FOREIGN,02-01-2024,0
10,ABIA,02-01-2024,0
10,ADAMAWA,02-01-2024,0
10,AKWA IBOM,02-01-2024,0
10,BAUCHI,02-01-2024,0
10,BAYELSA,02-01-2024,0
10,BENUE,02-01-2024,0
10,BORNO,02-01-2024,0
10,CROSS RIVER,02-01-2024,0
10,DELTA,02-01-2024,1
10,EBONYI,02-01-2024,5
10,EDO,02-01-2024,0
10,EKITI,02-01-2024,0
10,ENUGU,02-01-2024,11
10,GOMBE,02-01-2024,0
10,IMO,02-01-2024,9
10,JIGAWA,02-01-2024,0
10,KADUNA,02-01-2024,0
10,KANO,02-01-2024,0
10,KATSINA,02-01-2024,0
10,KEBBI,02-01-2024,0
10,KOGI,02-01-2024,0
10,KWARA,02-01-2024,0
10,LAGOS,02-01-2024,0
10,NASARAWA,02-01-2024,0
10,NIGER,02-01-2024,0
10,OGUN,02-01-2024,0
10,ONDO,02-01-2024,0
10,OSUN,02-01-2024,0
10,OYO,02-01-2024,0
10,PLATEAU,02-01-2024,0
10,RIVERS,02-01-2024,0
10,SOKOTO,02-01-2024,0
10,TARABA,02-01-2024,0
10,YOBE,02-01-2024,0
10,ZAMFARA,02-01-2024,0
10,FCT,02-01-2024,0
10,FOREIGN,02-01-2024,0
7,ABIA,02-01-2024,2
7,ADAMAWA,02-01-2024,0
7,AKWA IBOM,02-01-2024,0
7,BAUCHI,02-01-2024,0
7,BAYELSA,02-01-2024,0
7,BENUE,02-01-2024,0
7,BORNO,02-01-2024,0
7,CROSS RIVER,02-01-2024,0
7,DELTA,02-01-2024,0
7,EBONYI,02-01-2024,19
7,EDO,02-01-2024,0
7,EKITI,02-01-2024,0
7,ENUGU,02-01-2024,16
7,GOMBE,02-01-2024,0
7,IMO,02-01-2024,6
7,JIGAWA,02-01-2024,0
7,KADUNA,02-01-2024,0
7,KANO,02-01-2024,0
7,KATSINA,02-01-2024,0
7,KEBBI,02-01-2024,0
7,KOGI,02-01-2024,0
7,KWARA,02-01-2024,0
7,LAGOS,02-01-2024,0
7,NASARAWA,02-01-2024,0
7,NIGER,02-01-2024,0
7,OGUN,02-01-2024,0
7,ONDO,02-01-2024,0
7,OSUN,02-01-2024,0
7,OYO,02-01-2024,0
7,PLATEAU,02-01-2024,1
7,RIVERS,02-01-2024,0
7,SOKOTO,02-01-2024,0
7,TARABA,02-01-2024,0
7,YOBE,02-01-2024,0
7,ZAMFARA,02-01-2024,0
7,FCT,02-01-2024,0
7,FOREIGN,02-01-2024,0
5,ABIA,02-01-2024,4
5,ADAMAWA,02-01-2024,0
5,AKWA IBOM,02-01-2024,1
5,BAUCHI,02-01-2024,0
5,BAYELSA,02-01-2024,0
5,BENUE,02-01-2024,0
5,BORNO,02-01-2024,0
5,CROSS RIVER,02-01-2024,0
5,DELTA,02-01-2024,0
5,EBONYI,02-01-2024,24
5,EDO,02-01-2024,0
5,EKITI,02-01-2024,0
5,ENUGU,02-01-2024,12
5,GOMBE,02-01-2024,0
5,IMO,02-01-2024,6
5,JIGAWA,02-01-2024,0
5,KADUNA,02-01-2024,1
5,KANO,02-01-2024,0
5,KATSINA,02-01-2024,0
5,KEBBI,02-01-2024,0
5,KOGI,02-01-2024,0
5,KWARA,02-01-2024,0
5,LAGOS,02-01-2024,0
5,NASARAWA,02-01-2024,0
5,NIGER,02-01-2024,0
5,OGUN,02-01-2024,0
5,ONDO,02-01-2024,0
5,OSUN,02-01-2024,0
5,OYO,02-01-2024,0
5,PLATEAU,02-01-2024,0
5,RIVERS,02-01-2024,0
5,SOKOTO,02-01-2024,0
5,TARABA,02-01-2024,0
5,YOBE,02-01-2024,0
5,ZAMFARA,02-01-2024,0
5,FCT,02-01-2024,0
5,FOREIGN,02-01-2024,0
6,ABIA,02-01-2024,0
6,ADAMAWA,02-01-2024,0
6,AKWA IBOM,02-01-2024,0
6,BAUCHI,02-01-2024,0
6,BAYELSA,02-01-2024,0
6,BENUE,02-01-2024,1
6,BORNO,02-01-2024,0
6,CROSS RIVER,02-01-2024,0
6,DELTA,02-01-2024,0
6,EBONYI,02-01-2024,3
6,EDO,02-01-2024,0
6,EKITI,02-01-2024,0
6,ENUGU,02-01-2024,10
6,GOMBE,02-01-2024,0
6,IMO,02-01-2024,2
6,JIGAWA,02-01-2024,0
6,KADUNA,02-01-2024,0
6,KANO,02-01-2024,0
6,KATSINA,02-01-2024,0
6,KEBBI,02-01-2024,0
6,KOGI,02-01-2024,0
6,KWARA,02-01-2024,0
6,LAGOS,02-01-2024,0
6,NASARAWA,02-01-2024,0
6,NIGER,02-01-2024,0
6,OGUN,02-01-2024,0
6,ONDO,02-01-2024,0
6,OSUN,02-01-2024,0
6,OYO,02-01-2024,0
6,PLATEAU,02-01-2024,1
6,RIVERS,02-01-2024,0
6,SOKOTO,02-01-2024,0
6,TARABA,02-01-2024,0
6,YOBE,02-01-2024,0
6,ZAMFARA,02-01-2024,0
6,FCT,02-01-2024,0
6,FOREIGN,02-01-2024,0
2,ABIA,02-01-2024,1
2,ADAMAWA,02-01-2024,0
2,AKWA IBOM,02-01-2024,6
2,BAUCHI,02-01-2024,0
2,BAYELSA,02-01-2024,0
2,BENUE,02-01-2024,3
2,BORNO,02-01-2024,0
2,CROSS RIVER,02-01-2024,0
2,DELTA,02-01-2024,0
2,EBONYI,02-01-2024,21
2,EDO,02-01-2024,0
2,EKITI,02-01-2024,0
2,ENUGU,02-01-2024,2
2,GOMBE,02-01-2024,0
2,IMO,02-01-2024,30
2,JIGAWA,02-01-2024,0
2,KADUNA,02-01-2024,0
2,KANO,02-01-2024,0
2,KATSINA,02-01-2024,0
2,KEBBI,02-01-2024,0
2,KOGI,02-01-2024,0
2,KWARA,02-01-2024,0
2,LAGOS,02-01-2024,0
2,NASARAWA,02-01-2024,0
2,NIGER,02-01-2024,0
2,OGUN,02-01-2024,0
2,ONDO,02-01-2024,0
2,OSUN,02-01-2024,0
2,OYO,02-01-2024,0
2,PLATEAU,02-01-2024,0
2,RIVERS,02-01-2024,0
2,SOKOTO,02-01-2024,0
2,TARABA,02-01-2024,0
2,YOBE,02-01-2024,0
2,ZAMFARA,02-01-2024,0
2,FCT,02-01-2024,0
2,FOREIGN,02-01-2024,0
4,ABIA,02-01-2024,6
4,ADAMAWA,02-01-2024,0
4,AKWA IBOM,02-01-2024,0
4,BAUCHI,02-01-2024,0
4,BAYELSA,02-01-2024,1
4,BENUE,02-01-2024,0
4,BORNO,02-01-2024,0
4,CROSS RIVER,02-01-2024,0
4,DELTA,02-01-2024,3
4,EBONYI,02-01-2024,33
4,EDO,02-01-2024,0
4,EKITI,02-01-2024,0
4,ENUGU,02-01-2024,34
4,GOMBE,02-01-2024,0
4,IMO,02-01-2024,14
4,JIGAWA,02-01-2024,0
4,KADUNA,02-01-2024,0
4,KANO,02-01-2024,0
4,KATSINA,02-01-2024,0
4,KEBBI,02-01-2024,0
4,KOGI,02-01-2024,1
4,KWARA,02-01-2024,0
4,LAGOS,02-01-2024,0
4,NASARAWA,02-01-2024,0
4,NIGER,02-01-2024,0
4,OGUN,02-01-2024,0
4,ONDO,02-01-2024,0
4,OSUN,02-01-2024,0
4,OYO,02-01-2024,0
4,PLATEAU,02-01-2024,2
4,RIVERS,02-01-2024,0
4,SOKOTO,02-01-2024,0
4,TARABA,02-01-2024,0
4,YOBE,02-01-2024,0
4,ZAMFARA,02-01-2024,0
4,FCT,02-01-2024,0
4,FOREIGN,02-01-2024,0
3,ABIA,02-01-2024,0
3,ADAMAWA,02-01-2024,0
3,AKWA IBOM,02-01-2024,0
3,BAUCHI,02-01-2024,0
3,BAYELSA,02-01-2024,0
3,BENUE,02-01-2024,0
3,BORNO,02-01-2024,0
3,CROSS RIVER,02-01-2024,1
3,DELTA,02-01-2024,0
3,EBONYI,02-01-2024,3
3,EDO,02-01-2024,0
3,EKITI,02-01-2024,0
3,ENUGU,02-01-2024,3
3,GOMBE,02-01-2024,0
3,IMO,02-01-2024,2
3,JIGAWA,02-01-2024,0
3,KADUNA,02-01-2024,0
3,KANO,02-01-2024,0
3,KATSINA,02-01-2024,0
3,KEBBI,02-01-2024,0
3,KOGI,02-01-2024,0
3,KWARA,02-01-2024,0
3,LAGOS,02-01-2024,0
3,NASARAWA,02-01-2024,0
3,NIGER,02-01-2024,0
3,OGUN,02-01-2024,0
3,ONDO,02-01-2024,0
3,OSUN,02-01-2024,0
3,OYO,02-01-2024,0
3,PLATEAU,02-01-2024,0
3,RIVERS,02-01-2024,0
3,SOKOTO,02-01-2024,0
3,TARABA,02-01-2024,0
3,YOBE,02-01-2024,0
3,ZAMFARA,02-01-2024,0
3,FCT,02-01-2024,0
3,FOREIGN,02-01-2024,0
13,ABIA,02-01-2024,0
13,ADAMAWA,02-01-2024,0
13,AKWA IBOM,02-01-2024,0
13,BAUCHI,02-01-2024,0
13,BAYELSA,02-01-2024,0
13,BENUE,02-01-2024,0
13,BORNO,02-01-2024,1
13,CROSS RIVER,02-01-2024,0
13,DELTA,02-01-2024,0
13,EBONYI,02-01-2024,13
13,EDO,02-01-2024,0
13,EKITI,02-01-2024,0
13,ENUGU,02-01-2024,3
13,GOMBE,02-01-2024,0
13,IMO,02-01-2024,6
13,JIGAWA,02-01-2024,0
13,KADUNA,02-01-2024,0
13,KANO,02-01-2024,0
13,KATSINA,02-01-2024,0
13,KEBBI,02-01-2024,0
13,KOGI,02-01-2024,0
13,KWARA,02-01-2024,0
13,LAGOS,02-01-2024,0
13,NASARAWA,02-01-2024,0
13,NIGER,02-01-2024,0
13,OGUN,02-01-2024,0
13,ONDO,02-01-2024,0
13,OSUN,02-01-2024,0
13,OYO,02-01-2024,0
13,PLATEAU,02-01-2024,0
13,RIVERS,02-01-2024,0
13,SOKOTO,02-01-2024,0
13,TARABA,02-01-2024,0
13,YOBE,02-01-2024,0
13,ZAMFARA,02-01-2024,0
13,FCT,02-01-2024,0
13,FOREIGN,02-01-2024,0
920,ABIA,02-01-2024,5
920,ADAMAWA,02-01-2024,0
920,AKWA IBOM,02-01-2024,3
920,BAUCHI,02-01-2024,0
920,BAYELSA,02-01-2024,0
920,BENUE,02-01-2024,4
920,BORNO,02-01-2024,0
920,CROSS RIVER,02-01-2024,4
920,DELTA,02-01-2024,0
920,EBONYI,02-01-2024,28
920,EDO,02-01-2024,0
920,EKITI,02-01-2024,0
920,ENUGU,02-01-2024,33
920,GOMBE,02-01-2024,0
920,IMO,02-01-2024,8
920,JIGAWA,02-01-2024,0
920,KADUNA,02-01-2024,0
920,KANO,02-01-2024,0
920,KATSINA,02-01-2024,0
920,KEBBI,02-01-2024,0
920,KOGI,02-01-2024,0
920,KWARA,02-01-2024,0
920,LAGOS,02-01-2024,0
920,NASARAWA,02-01-2024,0
920,NIGER,02-01-2024,0
920,OGUN,02-01-2024,0
920,ONDO,02-01-2024,0
920,OSUN,02-01-2024,0
920,OYO,02-01-2024,0
920,PLATEAU,02-01-2024,0
920,RIVERS,02-01-2024,0
920,SOKOTO,02-01-2024,0
920,TARABA,02-01-2024,0
920,YOBE,02-01-2024,0
920,ZAMFARA,02-01-2024,0
920,FCT,02-01-2024,0
920,FOREIGN,02-01-2024,0
924,ABIA,02-01-2024,10
924,ADAMAWA,02-01-2024,0
924,AKWA IBOM,02-01-2024,3
924,BAUCHI,02-01-2024,0
924,BAYELSA,02-01-2024,0
924,BENUE,02-01-2024,4
924,BORNO,02-01-2024,0
924,CROSS RIVER,02-01-2024,0
924,DELTA,02-01-2024,0
924,EBONYI,02-01-2024,19
924,EDO,02-01-2024,0
924,EKITI,02-01-2024,0
924,ENUGU,02-01-2024,9
924,GOMBE,02-01-2024,0
924,IMO,02-01-2024,5
924,JIGAWA,02-01-2024,0
924,KADUNA,02-01-2024,0
924,KANO,02-01-2024,0
924,KATSINA,02-01-2024,0
924,KEBBI,02-01-2024,0
924,KOGI,02-01-2024,1
924,KWARA,02-01-2024,1
924,LAGOS,02-01-2024,0
924,NASARAWA,02-01-2024,0
924,NIGER,02-01-2024,0
924,OGUN,02-01-2024,0
924,ONDO,02-01-2024,0
924,OSUN,02-01-2024,0
924,OYO,02-01-2024,0
924,PLATEAU,02-01-2024,0
924,RIVERS,02-01-2024,0
924,SOKOTO,02-01-2024,0
924,TARABA,02-01-2024,0
924,YOBE,02-01-2024,0
924,ZAMFARA,02-01-2024,0
924,FCT,02-01-2024,0
924,FOREIGN,02-01-2024,2
926,ABIA,02-01-2024,11
926,ADAMAWA,02-01-2024,0
926,AKWA IBOM,02-01-2024,6
926,BAUCHI,02-01-2024,0
926,BAYELSA,02-01-2024,0
926,BENUE,02-01-2024,0
926,BORNO,02-01-2024,0
926,CROSS RIVER,02-01-2024,0
926,DELTA,02-01-2024,0
926,EBONYI,02-01-2024,82
926,EDO,02-01-2024,0
926,EKITI,02-01-2024,0
926,ENUGU,02-01-2024,85
926,GOMBE,02-01-2024,0
926,IMO,02-01-2024,25
926,JIGAWA,02-01-2024,0
926,KADUNA,02-01-2024,0
926,KANO,02-01-2024,0
926,KATSINA,02-01-2024,0
926,KEBBI,02-01-2024,0
926,KOGI,02-01-2024,0
926,KWARA,02-01-2024,0
926,LAGOS,02-01-2024,0
926,NASARAWA,02-01-2024,0
926,NIGER,02-01-2024,0
926,OGUN,02-01-2024,0
926,ONDO,02-01-2024,0
926,OSUN,02-01-2024,0
926,OYO,02-01-2024,2
926,PLATEAU,02-01-2024,0
926,RIVERS,02-01-2024,1
926,SOKOTO,02-01-2024,0
926,TARABA,02-01-2024,1
926,YOBE,02-01-2024,0
926,ZAMFARA,02-01-2024,0
926,FCT,02-01-2024,0
926,FOREIGN,02-01-2024,1
925,ABIA,02-01-2024,1
925,ADAMAWA,02-01-2024,0
925,AKWA IBOM,02-01-2024,0
925,BAUCHI,02-01-2024,0
925,BAYELSA,02-01-2024,0
925,BENUE,02-01-2024,0
925,BORNO,02-01-2024,0
925,CROSS RIVER,02-01-2024,0
925,DELTA,02-01-2024,0
925,EBONYI,02-01-2024,11
925,EDO,02-01-2024,0
925,EKITI,02-01-2024,0
925,ENUGU,02-01-2024,5
925,GOMBE,02-01-2024,0
925,IMO,02-01-2024,0
925,JIGAWA,02-01-2024,0
925,KADUNA,02-01-2024,0
925,KANO,02-01-2024,0
925,KATSINA,02-01-2024,0
925,KEBBI,02-01-2024,0
925,KOGI,02-01-2024,1
925,KWARA,02-01-2024,0
925,LAGOS,02-01-2024,0
925,NASARAWA,02-01-2024,0
925,NIGER,02-01-2024,0
925,OGUN,02-01-2024,0
925,ONDO,02-01-2024,0
925,OSUN,02-01-2024,0
925,OYO,02-01-2024,0
925,PLATEAU,02-01-2024,0
925,RIVERS,02-01-2024,0
925,SOKOTO,02-01-2024,0
925,TARABA,02-01-2024,0
925,YOBE,02-01-2024,0
925,ZAMFARA,02-01-2024,0
925,FCT,02-01-2024,0
925,FOREIGN,02-01-2024,0
918,ABIA,02-01-2024,8
918,ADAMAWA,02-01-2024,2
918,AKWA IBOM,02-01-2024,2
918,BAUCHI,02-01-2024,0
918,BAYELSA,02-01-2024,0
918,BENUE,02-01-2024,3
918,BORNO,02-01-2024,0
918,CROSS RIVER,02-01-2024,2
918,DELTA,02-01-2024,3
918,EBONYI,02-01-2024,39
918,EDO,02-01-2024,1
918,EKITI,02-01-2024,0
918,ENUGU,02-01-2024,32
918,GOMBE,02-01-2024,0
918,IMO,02-01-2024,6
918,JIGAWA,02-01-2024,0
918,KADUNA,02-01-2024,0
918,KANO,02-01-2024,0
918,KATSINA,02-01-2024,0
918,KEBBI,02-01-2024,0
918,KOGI,02-01-2024,0
918,KWARA,02-01-2024,0
918,LAGOS,02-01-2024,0
918,NASARAWA,02-01-2024,0
918,NIGER,02-01-2024,0
918,OGUN,02-01-2024,0
918,ONDO,02-01-2024,0
918,OSUN,02-01-2024,2
918,OYO,02-01-2024,0
918,PLATEAU,02-01-2024,1
918,RIVERS,02-01-2024,0
918,SOKOTO,02-01-2024,0
918,TARABA,02-01-2024,1
918,YOBE,02-01-2024,0
918,ZAMFARA,02-01-2024,0
918,FCT,02-01-2024,0
918,FOREIGN,02-01-2024,0
927,ABIA,02-01-2024,1
927,ADAMAWA,02-01-2024,0
927,AKWA IBOM,02-01-2024,1
927,BAUCHI,02-01-2024,0
927,BAYELSA,02-01-2024,1
927,BENUE,02-01-2024,1
927,BORNO,02-01-2024,0
927,CROSS RIVER,02-01-2024,0
927,DELTA,02-01-2024,0
927,EBONYI,02-01-2024,22
927,EDO,02-01-2024,0
927,EKITI,02-01-2024,0
927,ENUGU,02-01-2024,6
927,GOMBE,02-01-2024,0
927,IMO,02-01-2024,3
927,JIGAWA,02-01-2024,0
927,KADUNA,02-01-2024,0
927,KANO,02-01-2024,0
927,KATSINA,02-01-2024,0
927,KEBBI,02-01-2024,0
927,KOGI,02-01-2024,0
927,KWARA,02-01-2024,0
927,LAGOS,02-01-2024,0
927,NASARAWA,02-01-2024,0
927,NIGER,02-01-2024,0
927,OGUN,02-01-2024,0
927,ONDO,02-01-2024,0
927,OSUN,02-01-2024,0
927,OYO,02-01-2024,0
927,PLATEAU,02-01-2024,0
927,RIVERS,02-01-2024,1
927,SOKOTO,02-01-2024,0
927,TARABA,02-01-2024,0
927,YOBE,02-01-2024,0
927,ZAMFARA,02-01-2024,0
927,FCT,02-01-2024,0
927,FOREIGN,02-01-2024,0
923,ABIA,02-01-2024,5
923,ADAMAWA,02-01-2024,0
923,AKWA IBOM,02-01-2024,0
923,BAUCHI,02-01-2024,0
923,BAYELSA,02-01-2024,0
923,BENUE,02-01-2024,0
923,BORNO,02-01-2024,0
923,CROSS RIVER,02-01-2024,0
923,DELTA,02-01-2024,0
923,EBONYI,02-01-2024,27
923,EDO,02-01-2024,0
923,EKITI,02-01-2024,0
923,ENUGU,02-01-2024,15
923,GOMBE,02-01-2024,0
923,IMO,02-01-2024,9
923,JIGAWA,02-01-2024,0
923,KADUNA,02-01-2024,1
923,KANO,02-01-2024,0
923,KATSINA,02-01-2024,0
923,KEBBI,02-01-2024,0
923,KOGI,02-01-2024,0
923,KWARA,02-01-2024,0
923,LAGOS,02-01-2024,0
923,NASARAWA,02-01-2024,0
923,NIGER,02-01-2024,0
923,OGUN,02-01-2024,0
923,ONDO,02-01-2024,0
923,OSUN,02-01-2024,0
923,OYO,02-01-2024,0
923,PLATEAU,02-01-2024,0
923,RIVERS,02-01-2024,0
923,SOKOTO,02-01-2024,0
923,TARABA,02-01-2024,0
923,YOBE,02-01-2024,0
923,ZAMFARA,02-01-2024,0
923,FCT,02-01-2024,0
923,FOREIGN,02-01-2024,0
929,ABIA,02-01-2024,1
929,ADAMAWA,02-01-2024,0
929,AKWA IBOM,02-01-2024,0
929,BAUCHI,02-01-2024,0
929,BAYELSA,02-01-2024,0
929,BENUE,02-01-2024,1
929,BORNO,02-01-2024,0
929,CROSS RIVER,02-01-2024,0
929,DELTA,02-01-2024,0
929,EBONYI,02-01-2024,5
929,EDO,02-01-2024,0
929,EKITI,02-01-2024,0
929,ENUGU,02-01-2024,1
929,GOMBE,02-01-2024,0
929,IMO,02-01-2024,2
929,JIGAWA,02-01-2024,0
929,KADUNA,02-01-2024,0
929,KANO,02-01-2024,0
929,KATSINA,02-01-2024,0
929,KEBBI,02-01-2024,0
929,KOGI,02-01-2024,0
929,KWARA,02-01-2024,0
929,LAGOS,02-01-2024,0
929,NASARAWA,02-01-2024,0
929,NIGER,02-01-2024,0
929,OGUN,02-01-2024,0
929,ONDO,02-01-2024,0
929,OSUN,02-01-2024,0
929,OYO,02-01-2024,0
929,PLATEAU,02-01-2024,0
929,RIVERS,02-01-2024,0
929,SOKOTO,02-01-2024,0
929,TARABA,02-01-2024,0
929,YOBE,02-01-2024,0
929,ZAMFARA,02-01-2024,0
929,FCT,02-01-2024,0
929,FOREIGN,02-01-2024,0
921,ABIA,02-01-2024,2
921,ADAMAWA,02-01-2024,0
921,AKWA IBOM,02-01-2024,4
921,BAUCHI,02-01-2024,0
921,BAYELSA,02-01-2024,0
921,BENUE,02-01-2024,4
921,BORNO,02-01-2024,0
921,CROSS RIVER,02-01-2024,0
921,DELTA,02-01-2024,0
921,EBONYI,02-01-2024,4
921,EDO,02-01-2024,0
921,EKITI,02-01-2024,0
921,ENUGU,02-01-2024,6
921,GOMBE,02-01-2024,0
921,IMO,02-01-2024,2
921,JIGAWA,02-01-2024,0
921,KADUNA,02-01-2024,0
921,KANO,02-01-2024,0
921,KATSINA,02-01-2024,0
921,KEBBI,02-01-2024,0
921,KOGI,02-01-2024,0
921,KWARA,02-01-2024,0
921,LAGOS,02-01-2024,0
921,NASARAWA,02-01-2024,0
921,NIGER,02-01-2024,0
921,OGUN,02-01-2024,0
921,ONDO,02-01-2024,0
921,OSUN,02-01-2024,0
921,OYO,02-01-2024,0
921,PLATEAU,02-01-2024,0
921,RIVERS,02-01-2024,0
921,SOKOTO,02-01-2024,0
921,TARABA,02-01-2024,0
921,YOBE,02-01-2024,0
921,ZAMFARA,02-01-2024,0
921,FCT,02-01-2024,0
921,FOREIGN,02-01-2024,0
916,ABIA,02-01-2024,0
916,ADAMAWA,02-01-2024,0
916,AKWA IBOM,02-01-2024,0
916,BAUCHI,02-01-2024,0
916,BAYELSA,02-01-2024,0
916,BENUE,02-01-2024,0
916,BORNO,02-01-2024,0
916,CROSS RIVER,02-01-2024,0
916,DELTA,02-01-2024,0
916,EBONYI,02-01-2024,2
916,EDO,02-01-2024,0
916,EKITI,02-01-2024,0
916,ENUGU,02-01-2024,7
916,GOMBE,02-01-2024,0
916,IMO,02-01-2024,0
916,JIGAWA,02-01-2024,0
916,KADUNA,02-01-2024,0
916,KANO,02-01-2024,0
916,KATSINA,02-01-2024,0
916,KEBBI,02-01-2024,0
916,KOGI,02-01-2024,0
916,KWARA,02-01-2024,0
916,LAGOS,02-01-2024,0
916,NASARAWA,02-01-2024,0
916,NIGER,02-01-2024,0
916,OGUN,02-01-2024,0
916,ONDO,02-01-2024,0
916,OSUN,02-01-2024,0
916,OYO,02-01-2024,0
916,PLATEAU,02-01-2024,0
916,RIVERS,02-01-2024,0
916,SOKOTO,02-01-2024,0
916,TARABA,02-01-2024,0
916,YOBE,02-01-2024,0
916,ZAMFARA,02-01-2024,0
916,FCT,02-01-2024,0
916,FOREIGN,02-01-2024,0
919,ABIA,02-01-2024,4
919,ADAMAWA,02-01-2024,1
919,AKWA IBOM,02-01-2024,0
919,BAUCHI,02-01-2024,0
919,BAYELSA,02-01-2024,0
919,BENUE,02-01-2024,0
919,BORNO,02-01-2024,0
919,CROSS RIVER,02-01-2024,2
919,DELTA,02-01-2024,1
919,EBONYI,02-01-2024,23
919,EDO,02-01-2024,0
919,EKITI,02-01-2024,0
919,ENUGU,02-01-2024,19
919,GOMBE,02-01-2024,0
919,IMO,02-01-2024,10
919,JIGAWA,02-01-2024,0
919,KADUNA,02-01-2024,2
919,KANO,02-01-2024,0
919,KATSINA,02-01-2024,0
919,KEBBI,02-01-2024,0
919,KOGI,02-01-2024,1
919,KWARA,02-01-2024,0
919,LAGOS,02-01-2024,0
919,NASARAWA,02-01-2024,0
919,NIGER,02-01-2024,0
919,OGUN,02-01-2024,0
919,ONDO,02-01-2024,0
919,OSUN,02-01-2024,0
919,OYO,02-01-2024,0
919,PLATEAU,02-01-2024,0
919,RIVERS,02-01-2024,0
919,SOKOTO,02-01-2024,0
919,TARABA,02-01-2024,0
919,YOBE,02-01-2024,0
919,ZAMFARA,02-01-2024,0
919,FCT,02-01-2024,0
919,FOREIGN,02-01-2024,2
928,ABIA,02-01-2024,0
928,ADAMAWA,02-01-2024,0
928,AKWA IBOM,02-01-2024,0
928,BAUCHI,02-01-2024,0
928,BAYELSA,02-01-2024,0
928,BENUE,02-01-2024,0
928,BORNO,02-01-2024,0
928,CROSS RIVER,02-01-2024,0
928,DELTA,02-01-2024,0
928,EBONYI,02-01-2024,38
928,EDO,02-01-2024,0
928,EKITI,02-01-2024,0
928,ENUGU,02-01-2024,10
928,GOMBE,02-01-2024,0
928,IMO,02-01-2024,7
928,JIGAWA,02-01-2024,0
928,KADUNA,02-01-2024,1
928,KANO,02-01-2024,0
928,KATSINA,02-01-2024,0
928,KEBBI,02-01-2024,0
928,KOGI,02-01-2024,0
928,KWARA,02-01-2024,0
928,LAGOS,02-01-2024,0
928,NASARAWA,02-01-2024,0
928,NIGER,02-01-2024,0
928,OGUN,02-01-2024,0
928,ONDO,02-01-2024,0
928,OSUN,02-01-2024,0
928,OYO,02-01-2024,0
928,PLATEAU,02-01-2024,0
928,RIVERS,02-01-2024,0
928,SOKOTO,02-01-2024,0
928,TARABA,02-01-2024,0
928,YOBE,02-01-2024,0
928,ZAMFARA,02-01-2024,0
928,FCT,02-01-2024,0
928,FOREIGN,02-01-2024,0
922,ABIA,02-01-2024,1
922,ADAMAWA,02-01-2024,0
922,AKWA IBOM,02-01-2024,0
922,BAUCHI,02-01-2024,0
922,BAYELSA,02-01-2024,0
922,BENUE,02-01-2024,0
922,BORNO,02-01-2024,0
922,CROSS RIVER,02-01-2024,0
922,DELTA,02-01-2024,0
922,EBONYI,02-01-2024,39
922,EDO,02-01-2024,0
922,EKITI,02-01-2024,0
922,ENUGU,02-01-2024,7
922,GOMBE,02-01-2024,0
922,IMO,02-01-2024,0
922,JIGAWA,02-01-2024,0
922,KADUNA,02-01-2024,0
922,KANO,02-01-2024,0
922,KATSINA,02-01-2024,0
922,KEBBI,02-01-2024,0
922,KOGI,02-01-2024,0
922,KWARA,02-01-2024,0
922,LAGOS,02-01-2024,0
922,NASARAWA,02-01-2024,0
922,NIGER,02-01-2024,0
922,OGUN,02-01-2024,0
922,ONDO,02-01-2024,0
922,OSUN,02-01-2024,0
922,OYO,02-01-2024,0
922,PLATEAU,02-01-2024,0
922,RIVERS,02-01-2024,0
922,SOKOTO,02-01-2024,0
922,TARABA,02-01-2024,0
922,YOBE,02-01-2024,0
922,ZAMFARA,02-01-2024,0
922,FCT,02-01-2024,0
922,FOREIGN,02-01-2024,0
917,ABIA,02-01-2024,0
917,ADAMAWA,02-01-2024,0
917,AKWA IBOM,02-01-2024,0
917,BAUCHI,02-01-2024,0
917,BAYELSA,02-01-2024,0
917,BENUE,02-01-2024,4
917,BORNO,02-01-2024,0
917,CROSS RIVER,02-01-2024,0
917,DELTA,02-01-2024,0
917,EBONYI,02-01-2024,3
917,EDO,02-01-2024,0
917,EKITI,02-01-2024,0
917,ENUGU,02-01-2024,8
917,GOMBE,02-01-2024,0
917,IMO,02-01-2024,0
917,JIGAWA,02-01-2024,0
917,KADUNA,02-01-2024,0
917,KANO,02-01-2024,0
917,KATSINA,02-01-2024,0
917,KEBBI,02-01-2024,0
917,KOGI,02-01-2024,0
917,KWARA,02-01-2024,0
917,LAGOS,02-01-2024,0
917,NASARAWA,02-01-2024,0
917,NIGER,02-01-2024,0
917,OGUN,02-01-2024,0
917,ONDO,02-01-2024,0
917,OSUN,02-01-2024,0
917,OYO,02-01-2024,0
917,PLATEAU,02-01-2024,0
917,RIVERS,02-01-2024,0
917,SOKOTO,02-01-2024,0
917,TARABA,02-01-2024,0
917,YOBE,02-01-2024,0
917,ZAMFARA,02-01-2024,0
917,FCT,02-01-2024,0
917,FOREIGN,02-01-2024,0
930,ABIA,02-01-2024,0
930,ADAMAWA,02-01-2024,0
930,AKWA IBOM,02-01-2024,0
930,BAUCHI,02-01-2024,0
930,BAYELSA,02-01-2024,0
930,BENUE,02-01-2024,0
930,BORNO,02-01-2024,0
930,CROSS RIVER,02-01-2024,0
930,DELTA,02-01-2024,0
930,EBONYI,02-01-2024,4
930,EDO,02-01-2024,0
930,EKITI,02-01-2024,0
930,ENUGU,02-01-2024,0
930,GOMBE,02-01-2024,0
930,IMO,02-01-2024,4
930,JIGAWA,02-01-2024,0
930,KADUNA,02-01-2024,0
930,KANO,02-01-2024,0
930,KATSINA,02-01-2024,0
930,KEBBI,02-01-2024,0
930,KOGI,02-01-2024,0
930,KWARA,02-01-2024,0
930,LAGOS,02-01-2024,0
930,NASARAWA,02-01-2024,0
930,NIGER,02-01-2024,0
930,OGUN,02-01-2024,0
930,ONDO,02-01-2024,0
930,OSUN,02-01-2024,0
930,OYO,02-01-2024,0
930,PLATEAU,02-01-2024,0
930,RIVERS,02-01-2024,0
930,SOKOTO,02-01-2024,0
930,TARABA,02-01-2024,0
930,YOBE,02-01-2024,0
930,ZAMFARA,02-01-2024,0
930,FCT,02-01-2024,0
930,FOREIGN,02-01-2024,0
931,ABIA,02-01-2024,0
931,ADAMAWA,02-01-2024,0
931,AKWA IBOM,02-01-2024,0
931,BAUCHI,02-01-2024,0
931,BAYELSA,02-01-2024,0
931,BENUE,02-01-2024,0
931,BORNO,02-01-2024,0
931,CROSS RIVER,02-01-2024,0
931,DELTA,02-01-2024,0
931,EBONYI,02-01-2024,1
931,EDO,02-01-2024,0
931,EKITI,02-01-2024,0
931,ENUGU,02-01-2024,0
931,GOMBE,02-01-2024,0
931,IMO,02-01-2024,0
931,JIGAWA,02-01-2024,0
931,KADUNA,02-01-2024,0
931,KANO,02-01-2024,0
931,KATSINA,02-01-2024,0
931,KEBBI,02-01-2024,0
931,KOGI,02-01-2024,0
931,KWARA,02-01-2024,0
931,LAGOS,02-01-2024,0
931,NASARAWA,02-01-2024,0
931,NIGER,02-01-2024,0
931,OGUN,02-01-2024,0
931,ONDO,02-01-2024,0
931,OSUN,02-01-2024,0
931,OYO,02-01-2024,0
931,PLATEAU,02-01-2024,0
931,RIVERS,02-01-2024,0
931,SOKOTO,02-01-2024,0
931,TARABA,02-01-2024,0
931,YOBE,02-01-2024,0
931,ZAMFARA,02-01-2024,0
931,FCT,02-01-2024,0
931,FOREIGN,02-01-2024,0
947,ABIA,02-01-2024,21
947,ADAMAWA,02-01-2024,0
947,AKWA IBOM,02-01-2024,0
947,BAUCHI,02-01-2024,0
947,BAYELSA,02-01-2024,0
947,BENUE,02-01-2024,0
947,BORNO,02-01-2024,0
947,CROSS RIVER,02-01-2024,0
947,DELTA,02-01-2024,0
947,EBONYI,02-01-2024,19
947,EDO,02-01-2024,0
947,EKITI,02-01-2024,0
947,ENUGU,02-01-2024,12
947,GOMBE,02-01-2024,0
947,IMO,02-01-2024,28
947,JIGAWA,02-01-2024,0
947,KADUNA,02-01-2024,0
947,KANO,02-01-2024,0
947,KATSINA,02-01-2024,0
947,KEBBI,02-01-2024,0
947,KOGI,02-01-2024,0
947,KWARA,02-01-2024,0
947,LAGOS,02-01-2024,0
947,NASARAWA,02-01-2024,0
947,NIGER,02-01-2024,0
947,OGUN,02-01-2024,0
947,ONDO,02-01-2024,0
947,OSUN,02-01-2024,0
947,OYO,02-01-2024,0
947,PLATEAU,02-01-2024,0
947,RIVERS,02-01-2024,1
947,SOKOTO,02-01-2024,0
947,TARABA,02-01-2024,0
947,YOBE,02-01-2024,0
947,ZAMFARA,02-01-2024,0
947,FCT,02-01-2024,0
947,FOREIGN,02-01-2024,0
950,ABIA,02-01-2024,9
950,ADAMAWA,02-01-2024,0
950,AKWA IBOM,02-01-2024,0
950,BAUCHI,02-01-2024,0
950,BAYELSA,02-01-2024,0
950,BENUE,02-01-2024,1
950,BORNO,02-01-2024,0
950,CROSS RIVER,02-01-2024,1
950,DELTA,02-01-2024,0
950,EBONYI,02-01-2024,21
950,EDO,02-01-2024,1
950,EKITI,02-01-2024,0
950,ENUGU,02-01-2024,17
950,GOMBE,02-01-2024,0
950,IMO,02-01-2024,26
950,JIGAWA,02-01-2024,0
950,KADUNA,02-01-2024,1
950,KANO,02-01-2024,0
950,KATSINA,02-01-2024,0
950,KEBBI,02-01-2024,0
950,KOGI,02-01-2024,0
950,KWARA,02-01-2024,0
950,LAGOS,02-01-2024,0
950,NASARAWA,02-01-2024,0
950,NIGER,02-01-2024,0
950,OGUN,02-01-2024,0
950,ONDO,02-01-2024,0
950,OSUN,02-01-2024,0
950,OYO,02-01-2024,0
950,PLATEAU,02-01-2024,0
950,RIVERS,02-01-2024,0
950,SOKOTO,02-01-2024,0
950,TARABA,02-01-2024,0
950,YOBE,02-01-2024,0
950,ZAMFARA,02-01-2024,0
950,FCT,02-01-2024,0
950,FOREIGN,02-01-2024,0
955,ABIA,02-01-2024,31
955,ADAMAWA,02-01-2024,0
955,AKWA IBOM,02-01-2024,0
955,BAUCHI,02-01-2024,0
955,BAYELSA,02-01-2024,0
955,BENUE,02-01-2024,0
955,BORNO,02-01-2024,0
955,CROSS RIVER,02-01-2024,0
955,DELTA,02-01-2024,0
955,EBONYI,02-01-2024,21
955,EDO,02-01-2024,0
955,EKITI,02-01-2024,0
955,ENUGU,02-01-2024,27
955,GOMBE,02-01-2024,0
955,IMO,02-01-2024,40
955,JIGAWA,02-01-2024,0
955,KADUNA,02-01-2024,0
955,KANO,02-01-2024,0
955,KATSINA,02-01-2024,0
955,KEBBI,02-01-2024,0
955,KOGI,02-01-2024,6
955,KWARA,02-01-2024,0
955,LAGOS,02-01-2024,0
955,NASARAWA,02-01-2024,0
955,NIGER,02-01-2024,0
955,OGUN,02-01-2024,0
955,ONDO,02-01-2024,2
955,OSUN,02-01-2024,0
955,OYO,02-01-2024,0
955,PLATEAU,02-01-2024,0
955,RIVERS,02-01-2024,0
955,SOKOTO,02-01-2024,0
955,TARABA,02-01-2024,0
955,YOBE,02-01-2024,0
955,ZAMFARA,02-01-2024,0
955,FCT,02-01-2024,0
955,FOREIGN,02-01-2024,0
952,ABIA,02-01-2024,9
952,ADAMAWA,02-01-2024,0
952,AKWA IBOM,02-01-2024,0
952,BAUCHI,02-01-2024,0
952,BAYELSA,02-01-2024,0
952,BENUE,02-01-2024,0
952,BORNO,02-01-2024,0
952,CROSS RIVER,02-01-2024,0
952,DELTA,02-01-2024,0
952,EBONYI,02-01-2024,12
952,EDO,02-01-2024,0
952,EKITI,02-01-2024,0
952,ENUGU,02-01-2024,2
952,GOMBE,02-01-2024,0
952,IMO,02-01-2024,107
952,JIGAWA,02-01-2024,0
952,KADUNA,02-01-2024,0
952,KANO,02-01-2024,0
952,KATSINA,02-01-2024,0
952,KEBBI,02-01-2024,0
952,KOGI,02-01-2024,2
952,KWARA,02-01-2024,0
952,LAGOS,02-01-2024,0
952,NASARAWA,02-01-2024,0
952,NIGER,02-01-2024,0
952,OGUN,02-01-2024,0
952,ONDO,02-01-2024,0
952,OSUN,02-01-2024,0
952,OYO,02-01-2024,0
952,PLATEAU,02-01-2024,0
952,RIVERS,02-01-2024,0
952,SOKOTO,02-01-2024,0
952,TARABA,02-01-2024,0
952,YOBE,02-01-2024,0
952,ZAMFARA,02-01-2024,0
952,FCT,02-01-2024,0
952,FOREIGN,02-01-2024,0
949,ABIA,02-01-2024,5
949,ADAMAWA,02-01-2024,0
949,AKWA IBOM,02-01-2024,1
949,BAUCHI,02-01-2024,0
949,BAYELSA,02-01-2024,0
949,BENUE,02-01-2024,1
949,BORNO,02-01-2024,0
949,CROSS RIVER,02-01-2024,0
949,DELTA,02-01-2024,0
949,EBONYI,02-01-2024,10
949,EDO,02-01-2024,0
949,EKITI,02-01-2024,0
949,ENUGU,02-01-2024,6
949,GOMBE,02-01-2024,0
949,IMO,02-01-2024,2
949,JIGAWA,02-01-2024,0
949,KADUNA,02-01-2024,0
949,KANO,02-01-2024,0
949,KATSINA,02-01-2024,0
949,KEBBI,02-01-2024,0
949,KOGI,02-01-2024,0
949,KWARA,02-01-2024,0
949,LAGOS,02-01-2024,0
949,NASARAWA,02-01-2024,0
949,NIGER,02-01-2024,0
949,OGUN,02-01-2024,0
949,ONDO,02-01-2024,0
949,OSUN,02-01-2024,0
949,OYO,02-01-2024,0
949,PLATEAU,02-01-2024,0
949,RIVERS,02-01-2024,0
949,SOKOTO,02-01-2024,0
949,TARABA,02-01-2024,0
949,YOBE,02-01-2024,0
949,ZAMFARA,02-01-2024,0
949,FCT,02-01-2024,0
949,FOREIGN,02-01-2024,0
956,ABIA,02-01-2024,11
956,ADAMAWA,02-01-2024,0
956,AKWA IBOM,02-01-2024,0
956,BAUCHI,02-01-2024,0
956,BAYELSA,02-01-2024,0
956,BENUE,02-01-2024,0
956,BORNO,02-01-2024,0
956,CROSS RIVER,02-01-2024,0
956,DELTA,02-01-2024,1
956,EBONYI,02-01-2024,14
956,EDO,02-01-2024,0
956,EKITI,02-01-2024,0
956,ENUGU,02-01-2024,5
956,GOMBE,02-01-2024,0
956,IMO,02-01-2024,4
956,JIGAWA,02-01-2024,0
956,KADUNA,02-01-2024,0
956,KANO,02-01-2024,0
956,KATSINA,02-01-2024,0
956,KEBBI,02-01-2024,0
956,KOGI,02-01-2024,0
956,KWARA,02-01-2024,0
956,LAGOS,02-01-2024,0
956,NASARAWA,02-01-2024,0
956,NIGER,02-01-2024,0
956,OGUN,02-01-2024,0
956,ONDO,02-01-2024,0
956,OSUN,02-01-2024,0
956,OYO,02-01-2024,0
956,PLATEAU,02-01-2024,0
956,RIVERS,02-01-2024,0
956,SOKOTO,02-01-2024,0
956,TARABA,02-01-2024,0
956,YOBE,02-01-2024,0
956,ZAMFARA,02-01-2024,0
956,FCT,02-01-2024,0
956,FOREIGN,02-01-2024,0
960,ABIA,02-01-2024,1
960,ADAMAWA,02-01-2024,0
960,AKWA IBOM,02-01-2024,0
960,BAUCHI,02-01-2024,0
960,BAYELSA,02-01-2024,0
960,BENUE,02-01-2024,0
960,BORNO,02-01-2024,0
960,CROSS RIVER,02-01-2024,0
960,DELTA,02-01-2024,0
960,EBONYI,02-01-2024,7
960,EDO,02-01-2024,0
960,EKITI,02-01-2024,0
960,ENUGU,02-01-2024,2
960,GOMBE,02-01-2024,0
960,IMO,02-01-2024,2
960,JIGAWA,02-01-2024,0
960,KADUNA,02-01-2024,0
960,KANO,02-01-2024,0
960,KATSINA,02-01-2024,0
960,KEBBI,02-01-2024,0
960,KOGI,02-01-2024,0
960,KWARA,02-01-2024,0
960,LAGOS,02-01-2024,0
960,NASARAWA,02-01-2024,0
960,NIGER,02-01-2024,0
960,OGUN,02-01-2024,0
960,ONDO,02-01-2024,0
960,OSUN,02-01-2024,0
960,OYO,02-01-2024,0
960,PLATEAU,02-01-2024,0
960,RIVERS,02-01-2024,0
960,SOKOTO,02-01-2024,0
960,TARABA,02-01-2024,0
960,YOBE,02-01-2024,0
960,ZAMFARA,02-01-2024,0
960,FCT,02-01-2024,0
960,FOREIGN,02-01-2024,0
957,ABIA,02-01-2024,6
957,ADAMAWA,02-01-2024,0
957,AKWA IBOM,02-01-2024,0
957,BAUCHI,02-01-2024,0
957,BAYELSA,02-01-2024,0
957,BENUE,02-01-2024,0
957,BORNO,02-01-2024,0
957,CROSS RIVER,02-01-2024,0
957,DELTA,02-01-2024,0
957,EBONYI,02-01-2024,7
957,EDO,02-01-2024,0
957,EKITI,02-01-2024,0
957,ENUGU,02-01-2024,5
957,GOMBE,02-01-2024,0
957,IMO,02-01-2024,3
957,JIGAWA,02-01-2024,0
957,KADUNA,02-01-2024,0
957,KANO,02-01-2024,0
957,KATSINA,02-01-2024,0
957,KEBBI,02-01-2024,0
957,KOGI,02-01-2024,0
957,KWARA,02-01-2024,0
957,LAGOS,02-01-2024,0
957,NASARAWA,02-01-2024,0
957,NIGER,02-01-2024,0
957,OGUN,02-01-2024,0
957,ONDO,02-01-2024,0
957,OSUN,02-01-2024,0
957,OYO,02-01-2024,0
957,PLATEAU,02-01-2024,0
957,RIVERS,02-01-2024,0
957,SOKOTO,02-01-2024,0
957,TARABA,02-01-2024,0
957,YOBE,02-01-2024,0
957,ZAMFARA,02-01-2024,0
957,FCT,02-01-2024,0
957,FOREIGN,02-01-2024,0
954,ABIA,02-01-2024,6
954,ADAMAWA,02-01-2024,0
954,AKWA IBOM,02-01-2024,0
954,BAUCHI,02-01-2024,0
954,BAYELSA,02-01-2024,0
954,BENUE,02-01-2024,0
954,BORNO,02-01-2024,0
954,CROSS RIVER,02-01-2024,0
954,DELTA,02-01-2024,0
954,EBONYI,02-01-2024,5
954,EDO,02-01-2024,0
954,EKITI,02-01-2024,0
954,ENUGU,02-01-2024,7
954,GOMBE,02-01-2024,0
954,IMO,02-01-2024,4
954,JIGAWA,02-01-2024,0
954,KADUNA,02-01-2024,0
954,KANO,02-01-2024,0
954,KATSINA,02-01-2024,0
954,KEBBI,02-01-2024,0
954,KOGI,02-01-2024,0
954,KWARA,02-01-2024,0
954,LAGOS,02-01-2024,0
954,NASARAWA,02-01-2024,0
954,NIGER,02-01-2024,0
954,OGUN,02-01-2024,0
954,ONDO,02-01-2024,0
954,OSUN,02-01-2024,0
954,OYO,02-01-2024,0
954,PLATEAU,02-01-2024,0
954,RIVERS,02-01-2024,0
954,SOKOTO,02-01-2024,0
954,TARABA,02-01-2024,0
954,YOBE,02-01-2024,0
954,ZAMFARA,02-01-2024,0
954,FCT,02-01-2024,0
954,FOREIGN,02-01-2024,0
958,ABIA,02-01-2024,0
958,ADAMAWA,02-01-2024,0
958,AKWA IBOM,02-01-2024,0
958,BAUCHI,02-01-2024,0
958,BAYELSA,02-01-2024,0
958,BENUE,02-01-2024,0
958,BORNO,02-01-2024,0
958,CROSS RIVER,02-01-2024,0
958,DELTA,02-01-2024,0
958,EBONYI,02-01-2024,0
958,EDO,02-01-2024,0
958,EKITI,02-01-2024,0
958,ENUGU,02-01-2024,0
958,GOMBE,02-01-2024,0
958,IMO,02-01-2024,1
958,JIGAWA,02-01-2024,0
958,KADUNA,02-01-2024,0
958,KANO,02-01-2024,0
958,KATSINA,02-01-2024,0
958,KEBBI,02-01-2024,0
958,KOGI,02-01-2024,0
958,KWARA,02-01-2024,0
958,LAGOS,02-01-2024,0
958,NASARAWA,02-01-2024,0
958,NIGER,02-01-2024,0
958,OGUN,02-01-2024,0
958,ONDO,02-01-2024,1
958,OSUN,02-01-2024,0
958,OYO,02-01-2024,0
958,PLATEAU,02-01-2024,0
958,RIVERS,02-01-2024,0
958,SOKOTO,02-01-2024,0
958,TARABA,02-01-2024,0
958,YOBE,02-01-2024,0
958,ZAMFARA,02-01-2024,0
958,FCT,02-01-2024,0
958,FOREIGN,02-01-2024,0
953,ABIA,02-01-2024,14
953,ADAMAWA,02-01-2024,0
953,AKWA IBOM,02-01-2024,0
953,BAUCHI,02-01-2024,0
953,BAYELSA,02-01-2024,0
953,BENUE,02-01-2024,0
953,BORNO,02-01-2024,0
953,CROSS RIVER,02-01-2024,0
953,DELTA,02-01-2024,1
953,EBONYI,02-01-2024,2
953,EDO,02-01-2024,1
953,EKITI,02-01-2024,0
953,ENUGU,02-01-2024,7
953,GOMBE,02-01-2024,0
953,IMO,02-01-2024,4
953,JIGAWA,02-01-2024,0
953,KADUNA,02-01-2024,0
953,KANO,02-01-2024,0
953,KATSINA,02-01-2024,0
953,KEBBI,02-01-2024,0
953,KOGI,02-01-2024,1
953,KWARA,02-01-2024,0
953,LAGOS,02-01-2024,0
953,NASARAWA,02-01-2024,0
953,NIGER,02-01-2024,0
953,OGUN,02-01-2024,0
953,ONDO,02-01-2024,1
953,OSUN,02-01-2024,0
953,OYO,02-01-2024,0
953,PLATEAU,02-01-2024,0
953,RIVERS,02-01-2024,0
953,SOKOTO,02-01-2024,0
953,TARABA,02-01-2024,0
953,YOBE,02-01-2024,0
953,ZAMFARA,02-01-2024,0
953,FCT,02-01-2024,0
953,FOREIGN,02-01-2024,0
951,ABIA,02-01-2024,1
951,ADAMAWA,02-01-2024,0
951,AKWA IBOM,02-01-2024,1
951,BAUCHI,02-01-2024,0
951,BAYELSA,02-01-2024,0
951,BENUE,02-01-2024,1
951,BORNO,02-01-2024,0
951,CROSS RIVER,02-01-2024,0
951,DELTA,02-01-2024,1
951,EBONYI,02-01-2024,47
951,EDO,02-01-2024,0
951,EKITI,02-01-2024,0
951,ENUGU,02-01-2024,2
951,GOMBE,02-01-2024,0
951,IMO,02-01-2024,3
951,JIGAWA,02-01-2024,0
951,KADUNA,02-01-2024,0
951,KANO,02-01-2024,0
951,KATSINA,02-01-2024,0
951,KEBBI,02-01-2024,0
951,KOGI,02-01-2024,0
951,KWARA,02-01-2024,0
951,LAGOS,02-01-2024,0
951,NASARAWA,02-01-2024,0
951,NIGER,02-01-2024,0
951,OGUN,02-01-2024,0
951,ONDO,02-01-2024,0
951,OSUN,02-01-2024,0
951,OYO,02-01-2024,0
951,PLATEAU,02-01-2024,0
951,RIVERS,02-01-2024,0
951,SOKOTO,02-01-2024,0
951,TARABA,02-01-2024,0
951,YOBE,02-01-2024,0
951,ZAMFARA,02-01-2024,0
951,FCT,02-01-2024,0
951,FOREIGN,02-01-2024,0
959,ABIA,02-01-2024,7
959,ADAMAWA,02-01-2024,0
959,AKWA IBOM,02-01-2024,0
959,BAUCHI,02-01-2024,0
959,BAYELSA,02-01-2024,0
959,BENUE,02-01-2024,0
959,BORNO,02-01-2024,0
959,CROSS RIVER,02-01-2024,0
959,DELTA,02-01-2024,0
959,EBONYI,02-01-2024,6
959,EDO,02-01-2024,0
959,EKITI,02-01-2024,0
959,ENUGU,02-01-2024,3
959,GOMBE,02-01-2024,0
959,IMO,02-01-2024,3
959,JIGAWA,02-01-2024,0
959,KADUNA,02-01-2024,0
959,KANO,02-01-2024,0
959,KATSINA,02-01-2024,0
959,KEBBI,02-01-2024,0
959,KOGI,02-01-2024,0
959,KWARA,02-01-2024,0
959,LAGOS,02-01-2024,0
959,NASARAWA,02-01-2024,0
959,NIGER,02-01-2024,0
959,OGUN,02-01-2024,0
959,ONDO,02-01-2024,0
959,OSUN,02-01-2024,0
959,OYO,02-01-2024,0
959,PLATEAU,02-01-2024,0
959,RIVERS,02-01-2024,0
959,SOKOTO,02-01-2024,0
959,TARABA,02-01-2024,0
959,YOBE,02-01-2024,0
959,ZAMFARA,02-01-2024,0
959,FCT,02-01-2024,0
959,FOREIGN,02-01-2024,0
948,ABIA,02-01-2024,2
948,ADAMAWA,02-01-2024,0
948,AKWA IBOM,02-01-2024,1
948,BAUCHI,02-01-2024,0
948,BAYELSA,02-01-2024,0
948,BENUE,02-01-2024,0
948,BORNO,02-01-2024,0
948,CROSS RIVER,02-01-2024,0
948,DELTA,02-01-2024,1
948,EBONYI,02-01-2024,2
948,EDO,02-01-2024,0
948,EKITI,02-01-2024,0
948,ENUGU,02-01-2024,4
948,GOMBE,02-01-2024,0
948,IMO,02-01-2024,10
948,JIGAWA,02-01-2024,0
948,KADUNA,02-01-2024,0
948,KANO,02-01-2024,0
948,KATSINA,02-01-2024,0
948,KEBBI,02-01-2024,0
948,KOGI,02-01-2024,0
948,KWARA,02-01-2024,0
948,LAGOS,02-01-2024,0
948,NASARAWA,02-01-2024,0
948,NIGER,02-01-2024,0
948,OGUN,02-01-2024,0
948,ONDO,02-01-2024,0
948,OSUN,02-01-2024,0
948,OYO,02-01-2024,0
948,PLATEAU,02-01-2024,0
948,RIVERS,02-01-2024,0
948,SOKOTO,02-01-2024,0
948,TARABA,02-01-2024,0
948,YOBE,02-01-2024,0
948,ZAMFARA,02-01-2024,0
948,FCT,02-01-2024,0
948,FOREIGN,02-01-2024,0
1034,ABIA,02-01-2024,2
1034,ADAMAWA,02-01-2024,1
1034,AKWA IBOM,02-01-2024,0
1034,BAUCHI,02-01-2024,0
1034,BAYELSA,02-01-2024,0
1034,BENUE,02-01-2024,1
1034,BORNO,02-01-2024,0
1034,CROSS RIVER,02-01-2024,0
1034,DELTA,02-01-2024,0
1034,EBONYI,02-01-2024,5
1034,EDO,02-01-2024,0
1034,EKITI,02-01-2024,0
1034,ENUGU,02-01-2024,3
1034,GOMBE,02-01-2024,0
1034,IMO,02-01-2024,1
1034,JIGAWA,02-01-2024,0
1034,KADUNA,02-01-2024,0
1034,KANO,02-01-2024,0
1034,KATSINA,02-01-2024,0
1034,KEBBI,02-01-2024,0
1034,KOGI,02-01-2024,0
1034,KWARA,02-01-2024,0
1034,LAGOS,02-01-2024,0
1034,NASARAWA,02-01-2024,0
1034,NIGER,02-01-2024,0
1034,OGUN,02-01-2024,0
1034,ONDO,02-01-2024,0
1034,OSUN,02-01-2024,0
1034,OYO,02-01-2024,0
1034,PLATEAU,02-01-2024,0
1034,RIVERS,02-01-2024,1
1034,SOKOTO,02-01-2024,0
1034,TARABA,02-01-2024,0
1034,YOBE,02-01-2024,0
1034,ZAMFARA,02-01-2024,0
1034,FCT,02-01-2024,0
1034,FOREIGN,02-01-2024,0
129,ABIA,02-01-2024,3
129,ADAMAWA,02-01-2024,0
129,AKWA IBOM,02-01-2024,0
129,BAUCHI,02-01-2024,0
129,BAYELSA,02-01-2024,0
129,BENUE,02-01-2024,0
129,BORNO,02-01-2024,0
129,CROSS RIVER,02-01-2024,0
129,DELTA,02-01-2024,0
129,EBONYI,02-01-2024,8
129,EDO,02-01-2024,0
129,EKITI,02-01-2024,0
129,ENUGU,02-01-2024,48
129,GOMBE,02-01-2024,0
129,IMO,02-01-2024,18
129,JIGAWA,02-01-2024,0
129,KADUNA,02-01-2024,0
129,KANO,02-01-2024,0
129,KATSINA,02-01-2024,0
129,KEBBI,02-01-2024,0
129,KOGI,02-01-2024,0
129,KWARA,02-01-2024,0
129,LAGOS,02-01-2024,0
129,NASARAWA,02-01-2024,0
129,NIGER,02-01-2024,0
129,OGUN,02-01-2024,0
129,ONDO,02-01-2024,0
129,OSUN,02-01-2024,0
129,OYO,02-01-2024,1
129,PLATEAU,02-01-2024,0
129,RIVERS,02-01-2024,1
129,SOKOTO,02-01-2024,0
129,TARABA,02-01-2024,0
129,YOBE,02-01-2024,0
129,ZAMFARA,02-01-2024,0
129,FCT,02-01-2024,0
129,FOREIGN,02-01-2024,0
124,ABIA,02-01-2024,19
124,ADAMAWA,02-01-2024,3
124,AKWA IBOM,02-01-2024,1
124,BAUCHI,02-01-2024,0
124,BAYELSA,02-01-2024,1
124,BENUE,02-01-2024,2
124,BORNO,02-01-2024,0
124,CROSS RIVER,02-01-2024,18
124,DELTA,02-01-2024,0
124,EBONYI,02-01-2024,103
124,EDO,02-01-2024,2
124,EKITI,02-01-2024,0
124,ENUGU,02-01-2024,88
124,GOMBE,02-01-2024,0
124,IMO,02-01-2024,14
124,JIGAWA,02-01-2024,0
124,KADUNA,02-01-2024,0
124,KANO,02-01-2024,0
124,KATSINA,02-01-2024,0
124,KEBBI,02-01-2024,0
124,KOGI,02-01-2024,5
124,KWARA,02-01-2024,1
124,LAGOS,02-01-2024,1
124,NASARAWA,02-01-2024,3
124,NIGER,02-01-2024,0
124,OGUN,02-01-2024,0
124,ONDO,02-01-2024,0
124,OSUN,02-01-2024,0
124,OYO,02-01-2024,0
124,PLATEAU,02-01-2024,0
124,RIVERS,02-01-2024,1
124,SOKOTO,02-01-2024,0
124,TARABA,02-01-2024,0
124,YOBE,02-01-2024,0
124,ZAMFARA,02-01-2024,0
124,FCT,02-01-2024,0
124,FOREIGN,02-01-2024,0
126,ABIA,02-01-2024,7
126,ADAMAWA,02-01-2024,0
126,AKWA IBOM,02-01-2024,1
126,BAUCHI,02-01-2024,0
126,BAYELSA,02-01-2024,0
126,BENUE,02-01-2024,0
126,BORNO,02-01-2024,0
126,CROSS RIVER,02-01-2024,0
126,DELTA,02-01-2024,3
126,EBONYI,02-01-2024,12
126,EDO,02-01-2024,1
126,EKITI,02-01-2024,0
126,ENUGU,02-01-2024,66
126,GOMBE,02-01-2024,0
126,IMO,02-01-2024,50
126,JIGAWA,02-01-2024,0
126,KADUNA,02-01-2024,0
126,KANO,02-01-2024,0
126,KATSINA,02-01-2024,0
126,KEBBI,02-01-2024,0
126,KOGI,02-01-2024,1
126,KWARA,02-01-2024,0
126,LAGOS,02-01-2024,1
126,NASARAWA,02-01-2024,0
126,NIGER,02-01-2024,0
126,OGUN,02-01-2024,0
126,ONDO,02-01-2024,0
126,OSUN,02-01-2024,0
126,OYO,02-01-2024,0
126,PLATEAU,02-01-2024,0
126,RIVERS,02-01-2024,0
126,SOKOTO,02-01-2024,0
126,TARABA,02-01-2024,0
126,YOBE,02-01-2024,0
126,ZAMFARA,02-01-2024,0
126,FCT,02-01-2024,0
126,FOREIGN,02-01-2024,0
123,ABIA,02-01-2024,14
123,ADAMAWA,02-01-2024,5
123,AKWA IBOM,02-01-2024,5
123,BAUCHI,02-01-2024,0
123,BAYELSA,02-01-2024,4
123,BENUE,02-01-2024,6
123,BORNO,02-01-2024,0
123,CROSS RIVER,02-01-2024,34
123,DELTA,02-01-2024,5
123,EBONYI,02-01-2024,121
123,EDO,02-01-2024,0
123,EKITI,02-01-2024,0
123,ENUGU,02-01-2024,90
123,GOMBE,02-01-2024,0
123,IMO,02-01-2024,19
123,JIGAWA,02-01-2024,0
123,KADUNA,02-01-2024,0
123,KANO,02-01-2024,0
123,KATSINA,02-01-2024,0
123,KEBBI,02-01-2024,0
123,KOGI,02-01-2024,1
123,KWARA,02-01-2024,0
123,LAGOS,02-01-2024,0
123,NASARAWA,02-01-2024,0
123,NIGER,02-01-2024,0
123,OGUN,02-01-2024,0
123,ONDO,02-01-2024,0
123,OSUN,02-01-2024,0
123,OYO,02-01-2024,0
123,PLATEAU,02-01-2024,2
123,RIVERS,02-01-2024,0
123,SOKOTO,02-01-2024,0
123,TARABA,02-01-2024,0
123,YOBE,02-01-2024,0
123,ZAMFARA,02-01-2024,0
123,FCT,02-01-2024,0
123,FOREIGN,02-01-2024,1
122,ABIA,02-01-2024,15
122,ADAMAWA,02-01-2024,0
122,AKWA IBOM,02-01-2024,3
122,BAUCHI,02-01-2024,0
122,BAYELSA,02-01-2024,0
122,BENUE,02-01-2024,2
122,BORNO,02-01-2024,3
122,CROSS RIVER,02-01-2024,2
122,DELTA,02-01-2024,0
122,EBONYI,02-01-2024,126
122,EDO,02-01-2024,0
122,EKITI,02-01-2024,0
122,ENUGU,02-01-2024,64
122,GOMBE,02-01-2024,0
122,IMO,02-01-2024,15
122,JIGAWA,02-01-2024,0
122,KADUNA,02-01-2024,0
122,KANO,02-01-2024,0
122,KATSINA,02-01-2024,0
122,KEBBI,02-01-2024,0
122,KOGI,02-01-2024,1
122,KWARA,02-01-2024,0
122,LAGOS,02-01-2024,0
122,NASARAWA,02-01-2024,0
122,NIGER,02-01-2024,0
122,OGUN,02-01-2024,0
122,ONDO,02-01-2024,0
122,OSUN,02-01-2024,0
122,OYO,02-01-2024,1
122,PLATEAU,02-01-2024,0
122,RIVERS,02-01-2024,1
122,SOKOTO,02-01-2024,0
122,TARABA,02-01-2024,0
122,YOBE,02-01-2024,0
122,ZAMFARA,02-01-2024,0
122,FCT,02-01-2024,0
122,FOREIGN,02-01-2024,0
119,ABIA,02-01-2024,7
119,ADAMAWA,02-01-2024,2
119,AKWA IBOM,02-01-2024,1
119,BAUCHI,02-01-2024,0
119,BAYELSA,02-01-2024,0
119,BENUE,02-01-2024,0
119,BORNO,02-01-2024,0
119,CROSS RIVER,02-01-2024,0
119,DELTA,02-01-2024,3
119,EBONYI,02-01-2024,47
119,EDO,02-01-2024,1
119,EKITI,02-01-2024,0
119,ENUGU,02-01-2024,31
119,GOMBE,02-01-2024,0
119,IMO,02-01-2024,18
119,JIGAWA,02-01-2024,0
119,KADUNA,02-01-2024,1
119,KANO,02-01-2024,0
119,KATSINA,02-01-2024,0
119,KEBBI,02-01-2024,0
119,KOGI,02-01-2024,0
119,KWARA,02-01-2024,0
119,LAGOS,02-01-2024,0
119,NASARAWA,02-01-2024,0
119,NIGER,02-01-2024,0
119,OGUN,02-01-2024,0
119,ONDO,02-01-2024,0
119,OSUN,02-01-2024,0
119,OYO,02-01-2024,0
119,PLATEAU,02-01-2024,0
119,RIVERS,02-01-2024,0
119,SOKOTO,02-01-2024,0
119,TARABA,02-01-2024,0
119,YOBE,02-01-2024,0
119,ZAMFARA,02-01-2024,0
119,FCT,02-01-2024,0
119,FOREIGN,02-01-2024,0
116,ABIA,02-01-2024,0
116,ADAMAWA,02-01-2024,0
116,AKWA IBOM,02-01-2024,0
116,BAUCHI,02-01-2024,0
116,BAYELSA,02-01-2024,0
116,BENUE,02-01-2024,0
116,BORNO,02-01-2024,0
116,CROSS RIVER,02-01-2024,2
116,DELTA,02-01-2024,4
116,EBONYI,02-01-2024,20
116,EDO,02-01-2024,2
116,EKITI,02-01-2024,0
116,ENUGU,02-01-2024,96
116,GOMBE,02-01-2024,0
116,IMO,02-01-2024,56
116,JIGAWA,02-01-2024,0
116,KADUNA,02-01-2024,0
116,KANO,02-01-2024,0
116,KATSINA,02-01-2024,0
116,KEBBI,02-01-2024,1
116,KOGI,02-01-2024,0
116,KWARA,02-01-2024,0
116,LAGOS,02-01-2024,0
116,NASARAWA,02-01-2024,0
116,NIGER,02-01-2024,0
116,OGUN,02-01-2024,0
116,ONDO,02-01-2024,0
116,OSUN,02-01-2024,0
116,OYO,02-01-2024,0
116,PLATEAU,02-01-2024,0
116,RIVERS,02-01-2024,0
116,SOKOTO,02-01-2024,0
116,TARABA,02-01-2024,0
116,YOBE,02-01-2024,0
116,ZAMFARA,02-01-2024,0
116,FCT,02-01-2024,0
116,FOREIGN,02-01-2024,1
121,ABIA,02-01-2024,3
121,ADAMAWA,02-01-2024,0
121,AKWA IBOM,02-01-2024,0
121,BAUCHI,02-01-2024,0
121,BAYELSA,02-01-2024,0
121,BENUE,02-01-2024,13
121,BORNO,02-01-2024,0
121,CROSS RIVER,02-01-2024,0
121,DELTA,02-01-2024,0
121,EBONYI,02-01-2024,3
121,EDO,02-01-2024,0
121,EKITI,02-01-2024,0
121,ENUGU,02-01-2024,1
121,GOMBE,02-01-2024,0
121,IMO,02-01-2024,0
121,JIGAWA,02-01-2024,0
121,KADUNA,02-01-2024,0
121,KANO,02-01-2024,0
121,KATSINA,02-01-2024,0
121,KEBBI,02-01-2024,0
121,KOGI,02-01-2024,0
121,KWARA,02-01-2024,0
121,LAGOS,02-01-2024,0
121,NASARAWA,02-01-2024,0
121,NIGER,02-01-2024,0
121,OGUN,02-01-2024,0
121,ONDO,02-01-2024,0
121,OSUN,02-01-2024,0
121,OYO,02-01-2024,0
121,PLATEAU,02-01-2024,0
121,RIVERS,02-01-2024,0
121,SOKOTO,02-01-2024,0
121,TARABA,02-01-2024,0
121,YOBE,02-01-2024,0
121,ZAMFARA,02-01-2024,0
121,FCT,02-01-2024,0
121,FOREIGN,02-01-2024,0
127,ABIA,02-01-2024,4
127,ADAMAWA,02-01-2024,2
127,AKWA IBOM,02-01-2024,1
127,BAUCHI,02-01-2024,2
127,BAYELSA,02-01-2024,0
127,BENUE,02-01-2024,0
127,BORNO,02-01-2024,0
127,CROSS RIVER,02-01-2024,2
127,DELTA,02-01-2024,1
127,EBONYI,02-01-2024,72
127,EDO,02-01-2024,0
127,EKITI,02-01-2024,0
127,ENUGU,02-01-2024,47
127,GOMBE,02-01-2024,0
127,IMO,02-01-2024,11
127,JIGAWA,02-01-2024,0
127,KADUNA,02-01-2024,0
127,KANO,02-01-2024,0
127,KATSINA,02-01-2024,0
127,KEBBI,02-01-2024,0
127,KOGI,02-01-2024,0
127,KWARA,02-01-2024,0
127,LAGOS,02-01-2024,0
127,NASARAWA,02-01-2024,1
127,NIGER,02-01-2024,0
127,OGUN,02-01-2024,0
127,ONDO,02-01-2024,0
127,OSUN,02-01-2024,0
127,OYO,02-01-2024,0
127,PLATEAU,02-01-2024,0
127,RIVERS,02-01-2024,1
127,SOKOTO,02-01-2024,0
127,TARABA,02-01-2024,0
127,YOBE,02-01-2024,0
127,ZAMFARA,02-01-2024,0
127,FCT,02-01-2024,0
127,FOREIGN,02-01-2024,1
130,ABIA,02-01-2024,0
130,ADAMAWA,02-01-2024,0
130,AKWA IBOM,02-01-2024,0
130,BAUCHI,02-01-2024,0
130,BAYELSA,02-01-2024,0
130,BENUE,02-01-2024,0
130,BORNO,02-01-2024,0
130,CROSS RIVER,02-01-2024,0
130,DELTA,02-01-2024,3
130,EBONYI,02-01-2024,1
130,EDO,02-01-2024,0
130,EKITI,02-01-2024,0
130,ENUGU,02-01-2024,2
130,GOMBE,02-01-2024,0
130,IMO,02-01-2024,1
130,JIGAWA,02-01-2024,0
130,KADUNA,02-01-2024,0
130,KANO,02-01-2024,0
130,KATSINA,02-01-2024,0
130,KEBBI,02-01-2024,0
130,KOGI,02-01-2024,0
130,KWARA,02-01-2024,0
130,LAGOS,02-01-2024,1
130,NASARAWA,02-01-2024,0
130,NIGER,02-01-2024,0
130,OGUN,02-01-2024,0
130,ONDO,02-01-2024,1
130,OSUN,02-01-2024,1
130,OYO,02-01-2024,0
130,PLATEAU,02-01-2024,0
130,RIVERS,02-01-2024,0
130,SOKOTO,02-01-2024,0
130,TARABA,02-01-2024,0
130,YOBE,02-01-2024,0
130,ZAMFARA,02-01-2024,0
130,FCT,02-01-2024,0
130,FOREIGN,02-01-2024,0
118,ABIA,02-01-2024,0
118,ADAMAWA,02-01-2024,0
118,AKWA IBOM,02-01-2024,2
118,BAUCHI,02-01-2024,0
118,BAYELSA,02-01-2024,0
118,BENUE,02-01-2024,0
118,BORNO,02-01-2024,0
118,CROSS RIVER,02-01-2024,1
118,DELTA,02-01-2024,1
118,EBONYI,02-01-2024,20
118,EDO,02-01-2024,0
118,EKITI,02-01-2024,0
118,ENUGU,02-01-2024,9
118,GOMBE,02-01-2024,0
118,IMO,02-01-2024,6
118,JIGAWA,02-01-2024,0
118,KADUNA,02-01-2024,0
118,KANO,02-01-2024,0
118,KATSINA,02-01-2024,0
118,KEBBI,02-01-2024,0
118,KOGI,02-01-2024,0
118,KWARA,02-01-2024,0
118,LAGOS,02-01-2024,0
118,NASARAWA,02-01-2024,0
118,NIGER,02-01-2024,0
118,OGUN,02-01-2024,0
118,ONDO,02-01-2024,0
118,OSUN,02-01-2024,0
118,OYO,02-01-2024,0
118,PLATEAU,02-01-2024,0
118,RIVERS,02-01-2024,0
118,SOKOTO,02-01-2024,0
118,TARABA,02-01-2024,0
118,YOBE,02-01-2024,0
118,ZAMFARA,02-01-2024,0
118,FCT,02-01-2024,0
118,FOREIGN,02-01-2024,0
117,ABIA,02-01-2024,0
117,ADAMAWA,02-01-2024,0
117,AKWA IBOM,02-01-2024,0
117,BAUCHI,02-01-2024,0
117,BAYELSA,02-01-2024,0
117,BENUE,02-01-2024,0
117,BORNO,02-01-2024,0
117,CROSS RIVER,02-01-2024,0
117,DELTA,02-01-2024,0
117,EBONYI,02-01-2024,0
117,EDO,02-01-2024,0
117,EKITI,02-01-2024,0
117,ENUGU,02-01-2024,0
117,GOMBE,02-01-2024,0
117,IMO,02-01-2024,0
117,JIGAWA,02-01-2024,0
117,KADUNA,02-01-2024,0
117,KANO,02-01-2024,0
117,KATSINA,02-01-2024,0
117,KEBBI,02-01-2024,0
117,KOGI,02-01-2024,0
117,KWARA,02-01-2024,0
117,LAGOS,02-01-2024,0
117,NASARAWA,02-01-2024,0
117,NIGER,02-01-2024,0
117,OGUN,02-01-2024,0
117,ONDO,02-01-2024,0
117,OSUN,02-01-2024,0
117,OYO,02-01-2024,0
117,PLATEAU,02-01-2024,0
117,RIVERS,02-01-2024,0
117,SOKOTO,02-01-2024,0
117,TARABA,02-01-2024,0
117,YOBE,02-01-2024,0
117,ZAMFARA,02-01-2024,0
117,FCT,02-01-2024,0
117,FOREIGN,02-01-2024,0
115,ABIA,02-01-2024,1
115,ADAMAWA,02-01-2024,0
115,AKWA IBOM,02-01-2024,1
115,BAUCHI,02-01-2024,0
115,BAYELSA,02-01-2024,1
115,BENUE,02-01-2024,4
115,BORNO,02-01-2024,0
115,CROSS RIVER,02-01-2024,5
115,DELTA,02-01-2024,0
115,EBONYI,02-01-2024,63
115,EDO,02-01-2024,3
115,EKITI,02-01-2024,0
115,ENUGU,02-01-2024,57
115,GOMBE,02-01-2024,0
115,IMO,02-01-2024,8
115,JIGAWA,02-01-2024,0
115,KADUNA,02-01-2024,0
115,KANO,02-01-2024,0
115,KATSINA,02-01-2024,0
115,KEBBI,02-01-2024,0
115,KOGI,02-01-2024,1
115,KWARA,02-01-2024,0
115,LAGOS,02-01-2024,0
115,NASARAWA,02-01-2024,0
115,NIGER,02-01-2024,0
115,OGUN,02-01-2024,0
115,ONDO,02-01-2024,0
115,OSUN,02-01-2024,6
115,OYO,02-01-2024,0
115,PLATEAU,02-01-2024,1
115,RIVERS,02-01-2024,1
115,SOKOTO,02-01-2024,0
115,TARABA,02-01-2024,0
115,YOBE,02-01-2024,0
115,ZAMFARA,02-01-2024,0
115,FCT,02-01-2024,0
115,FOREIGN,02-01-2024,0
125,ABIA,02-01-2024,3
125,ADAMAWA,02-01-2024,0
125,AKWA IBOM,02-01-2024,0
125,BAUCHI,02-01-2024,0
125,BAYELSA,02-01-2024,1
125,BENUE,02-01-2024,2
125,BORNO,02-01-2024,0
125,CROSS RIVER,02-01-2024,1
125,DELTA,02-01-2024,2
125,EBONYI,02-01-2024,48
125,EDO,02-01-2024,0
125,EKITI,02-01-2024,0
125,ENUGU,02-01-2024,21
125,GOMBE,02-01-2024,0
125,IMO,02-01-2024,5
125,JIGAWA,02-01-2024,0
125,KADUNA,02-01-2024,0
125,KANO,02-01-2024,0
125,KATSINA,02-01-2024,0
125,KEBBI,02-01-2024,0
125,KOGI,02-01-2024,0
125,KWARA,02-01-2024,0
125,LAGOS,02-01-2024,0
125,NASARAWA,02-01-2024,0
125,NIGER,02-01-2024,0
125,OGUN,02-01-2024,0
125,ONDO,02-01-2024,0
125,OSUN,02-01-2024,1
125,OYO,02-01-2024,0
125,PLATEAU,02-01-2024,0
125,RIVERS,02-01-2024,0
125,SOKOTO,02-01-2024,0
125,TARABA,02-01-2024,0
125,YOBE,02-01-2024,0
125,ZAMFARA,02-01-2024,0
125,FCT,02-01-2024,0
125,FOREIGN,02-01-2024,2
120,ABIA,02-01-2024,2
120,ADAMAWA,02-01-2024,0
120,AKWA IBOM,02-01-2024,0
120,BAUCHI,02-01-2024,0
120,BAYELSA,02-01-2024,1
120,BENUE,02-01-2024,0
120,BORNO,02-01-2024,0
120,CROSS RIVER,02-01-2024,4
120,DELTA,02-01-2024,0
120,EBONYI,02-01-2024,0
120,EDO,02-01-2024,0
120,EKITI,02-01-2024,0
120,ENUGU,02-01-2024,31
120,GOMBE,02-01-2024,0
120,IMO,02-01-2024,2
120,JIGAWA,02-01-2024,0
120,KADUNA,02-01-2024,0
120,KANO,02-01-2024,0
120,KATSINA,02-01-2024,0
120,KEBBI,02-01-2024,0
120,KOGI,02-01-2024,0
120,KWARA,02-01-2024,0
120,LAGOS,02-01-2024,0
120,NASARAWA,02-01-2024,0
120,NIGER,02-01-2024,0
120,OGUN,02-01-2024,0
120,ONDO,02-01-2024,0
120,OSUN,02-01-2024,0
120,OYO,02-01-2024,0
120,PLATEAU,02-01-2024,0
120,RIVERS,02-01-2024,0
120,SOKOTO,02-01-2024,0
120,TARABA,02-01-2024,0
120,YOBE,02-01-2024,0
120,ZAMFARA,02-01-2024,0
120,FCT,02-01-2024,0
120,FOREIGN,02-01-2024,0
128,ABIA,02-01-2024,8
128,ADAMAWA,02-01-2024,4
128,AKWA IBOM,02-01-2024,1
128,BAUCHI,02-01-2024,0
128,BAYELSA,02-01-2024,0
128,BENUE,02-01-2024,1
128,BORNO,02-01-2024,0
128,CROSS RIVER,02-01-2024,0
128,DELTA,02-01-2024,2
128,EBONYI,02-01-2024,20
128,EDO,02-01-2024,0
128,EKITI,02-01-2024,0
128,ENUGU,02-01-2024,25
128,GOMBE,02-01-2024,0
128,IMO,02-01-2024,4
128,JIGAWA,02-01-2024,0
128,KADUNA,02-01-2024,0
128,KANO,02-01-2024,0
128,KATSINA,02-01-2024,0
128,KEBBI,02-01-2024,0
128,KOGI,02-01-2024,0
128,KWARA,02-01-2024,0
128,LAGOS,02-01-2024,0
128,NASARAWA,02-01-2024,0
128,NIGER,02-01-2024,0
128,OGUN,02-01-2024,0
128,ONDO,02-01-2024,0
128,OSUN,02-01-2024,0
128,OYO,02-01-2024,0
128,PLATEAU,02-01-2024,0
128,RIVERS,02-01-2024,0
128,SOKOTO,02-01-2024,0
128,TARABA,02-01-2024,0
128,YOBE,02-01-2024,0
128,ZAMFARA,02-01-2024,0
128,FCT,02-01-2024,0
128,FOREIGN,02-01-2024,0
142,ABIA,02-01-2024,14
142,ADAMAWA,02-01-2024,1
142,AKWA IBOM,02-01-2024,4
142,BAUCHI,02-01-2024,0
142,BAYELSA,02-01-2024,5
142,BENUE,02-01-2024,11
142,BORNO,02-01-2024,3
142,CROSS RIVER,02-01-2024,7
142,DELTA,02-01-2024,3
142,EBONYI,02-01-2024,69
142,EDO,02-01-2024,7
142,EKITI,02-01-2024,0
142,ENUGU,02-01-2024,170
142,GOMBE,02-01-2024,0
142,IMO,02-01-2024,25
142,JIGAWA,02-01-2024,0
142,KADUNA,02-01-2024,4
142,KANO,02-01-2024,0
142,KATSINA,02-01-2024,0
142,KEBBI,02-01-2024,0
142,KOGI,02-01-2024,5
142,KWARA,02-01-2024,2
142,LAGOS,02-01-2024,0
142,NASARAWA,02-01-2024,2
142,NIGER,02-01-2024,0
142,OGUN,02-01-2024,0
142,ONDO,02-01-2024,1
142,OSUN,02-01-2024,0
142,OYO,02-01-2024,0
142,PLATEAU,02-01-2024,1
142,RIVERS,02-01-2024,4
142,SOKOTO,02-01-2024,0
142,TARABA,02-01-2024,1
142,YOBE,02-01-2024,0
142,ZAMFARA,02-01-2024,0
142,FCT,02-01-2024,0
142,FOREIGN,02-01-2024,0
146,ABIA,02-01-2024,13
146,ADAMAWA,02-01-2024,0
146,AKWA IBOM,02-01-2024,0
146,BAUCHI,02-01-2024,1
146,BAYELSA,02-01-2024,0
146,BENUE,02-01-2024,0
146,BORNO,02-01-2024,0
146,CROSS RIVER,02-01-2024,1
146,DELTA,02-01-2024,0
146,EBONYI,02-01-2024,52
146,EDO,02-01-2024,0
146,EKITI,02-01-2024,0
146,ENUGU,02-01-2024,59
146,GOMBE,02-01-2024,0
146,IMO,02-01-2024,15
146,JIGAWA,02-01-2024,0
146,KADUNA,02-01-2024,0
146,KANO,02-01-2024,0
146,KATSINA,02-01-2024,0
146,KEBBI,02-01-2024,0
146,KOGI,02-01-2024,2
146,KWARA,02-01-2024,1
146,LAGOS,02-01-2024,0
146,NASARAWA,02-01-2024,0
146,NIGER,02-01-2024,0
146,OGUN,02-01-2024,0
146,ONDO,02-01-2024,0
146,OSUN,02-01-2024,1
146,OYO,02-01-2024,0
146,PLATEAU,02-01-2024,0
146,RIVERS,02-01-2024,0
146,SOKOTO,02-01-2024,0
146,TARABA,02-01-2024,0
146,YOBE,02-01-2024,0
146,ZAMFARA,02-01-2024,0
146,FCT,02-01-2024,0
146,FOREIGN,02-01-2024,0
145,ABIA,02-01-2024,0
145,ADAMAWA,02-01-2024,0
145,AKWA IBOM,02-01-2024,0
145,BAUCHI,02-01-2024,0
145,BAYELSA,02-01-2024,0
145,BENUE,02-01-2024,0
145,BORNO,02-01-2024,0
145,CROSS RIVER,02-01-2024,0
145,DELTA,02-01-2024,0
145,EBONYI,02-01-2024,8
145,EDO,02-01-2024,0
145,EKITI,02-01-2024,0
145,ENUGU,02-01-2024,4
145,GOMBE,02-01-2024,0
145,IMO,02-01-2024,1
145,JIGAWA,02-01-2024,0
145,KADUNA,02-01-2024,0
145,KANO,02-01-2024,0
145,KATSINA,02-01-2024,0
145,KEBBI,02-01-2024,0
145,KOGI,02-01-2024,0
145,KWARA,02-01-2024,0
145,LAGOS,02-01-2024,0
145,NASARAWA,02-01-2024,0
145,NIGER,02-01-2024,0
145,OGUN,02-01-2024,0
145,ONDO,02-01-2024,0
145,OSUN,02-01-2024,0
145,OYO,02-01-2024,0
145,PLATEAU,02-01-2024,1
145,RIVERS,02-01-2024,0
145,SOKOTO,02-01-2024,0
145,TARABA,02-01-2024,0
145,YOBE,02-01-2024,0
145,ZAMFARA,02-01-2024,0
145,FCT,02-01-2024,0
145,FOREIGN,02-01-2024,0
147,ABIA,02-01-2024,0
147,ADAMAWA,02-01-2024,0
147,AKWA IBOM,02-01-2024,1
147,BAUCHI,02-01-2024,0
147,BAYELSA,02-01-2024,0
147,BENUE,02-01-2024,0
147,BORNO,02-01-2024,0
147,CROSS RIVER,02-01-2024,0
147,DELTA,02-01-2024,0
147,EBONYI,02-01-2024,5
147,EDO,02-01-2024,1
147,EKITI,02-01-2024,0
147,ENUGU,02-01-2024,11
147,GOMBE,02-01-2024,0
147,IMO,02-01-2024,4
147,JIGAWA,02-01-2024,0
147,KADUNA,02-01-2024,0
147,KANO,02-01-2024,0
147,KATSINA,02-01-2024,0
147,KEBBI,02-01-2024,0
147,KOGI,02-01-2024,0
147,KWARA,02-01-2024,0
147,LAGOS,02-01-2024,0
147,NASARAWA,02-01-2024,0
147,NIGER,02-01-2024,0
147,OGUN,02-01-2024,0
147,ONDO,02-01-2024,0
147,OSUN,02-01-2024,0
147,OYO,02-01-2024,0
147,PLATEAU,02-01-2024,0
147,RIVERS,02-01-2024,0
147,SOKOTO,02-01-2024,0
147,TARABA,02-01-2024,0
147,YOBE,02-01-2024,0
147,ZAMFARA,02-01-2024,0
147,FCT,02-01-2024,0
147,FOREIGN,02-01-2024,0
141,ABIA,02-01-2024,0
141,ADAMAWA,02-01-2024,0
141,AKWA IBOM,02-01-2024,0
141,BAUCHI,02-01-2024,0
141,BAYELSA,02-01-2024,0
141,BENUE,02-01-2024,0
141,BORNO,02-01-2024,0
141,CROSS RIVER,02-01-2024,0
141,DELTA,02-01-2024,0
141,EBONYI,02-01-2024,14
141,EDO,02-01-2024,0
141,EKITI,02-01-2024,0
141,ENUGU,02-01-2024,5
141,GOMBE,02-01-2024,0
141,IMO,02-01-2024,3
141,JIGAWA,02-01-2024,0
141,KADUNA,02-01-2024,0
141,KANO,02-01-2024,0
141,KATSINA,02-01-2024,0
141,KEBBI,02-01-2024,0
141,KOGI,02-01-2024,0
141,KWARA,02-01-2024,0
141,LAGOS,02-01-2024,0
141,NASARAWA,02-01-2024,0
141,NIGER,02-01-2024,0
141,OGUN,02-01-2024,0
141,ONDO,02-01-2024,0
141,OSUN,02-01-2024,0
141,OYO,02-01-2024,0
141,PLATEAU,02-01-2024,0
141,RIVERS,02-01-2024,0
141,SOKOTO,02-01-2024,0
141,TARABA,02-01-2024,0
141,YOBE,02-01-2024,0
141,ZAMFARA,02-01-2024,0
141,FCT,02-01-2024,0
141,FOREIGN,02-01-2024,0
143,ABIA,02-01-2024,1
143,ADAMAWA,02-01-2024,0
143,AKWA IBOM,02-01-2024,1
143,BAUCHI,02-01-2024,0
143,BAYELSA,02-01-2024,0
143,BENUE,02-01-2024,0
143,BORNO,02-01-2024,0
143,CROSS RIVER,02-01-2024,0
143,DELTA,02-01-2024,0
143,EBONYI,02-01-2024,16
143,EDO,02-01-2024,0
143,EKITI,02-01-2024,0
143,ENUGU,02-01-2024,10
143,GOMBE,02-01-2024,0
143,IMO,02-01-2024,3
143,JIGAWA,02-01-2024,0
143,KADUNA,02-01-2024,0
143,KANO,02-01-2024,0
143,KATSINA,02-01-2024,0
143,KEBBI,02-01-2024,0
143,KOGI,02-01-2024,2
143,KWARA,02-01-2024,0
143,LAGOS,02-01-2024,0
143,NASARAWA,02-01-2024,0
143,NIGER,02-01-2024,0
143,OGUN,02-01-2024,0
143,ONDO,02-01-2024,0
143,OSUN,02-01-2024,0
143,OYO,02-01-2024,0
143,PLATEAU,02-01-2024,0
143,RIVERS,02-01-2024,0
143,SOKOTO,02-01-2024,0
143,TARABA,02-01-2024,0
143,YOBE,02-01-2024,0
143,ZAMFARA,02-01-2024,0
143,FCT,02-01-2024,0
143,FOREIGN,02-01-2024,0
148,ABIA,02-01-2024,0
148,ADAMAWA,02-01-2024,0
148,AKWA IBOM,02-01-2024,0
148,BAUCHI,02-01-2024,0
148,BAYELSA,02-01-2024,0
148,BENUE,02-01-2024,0
148,BORNO,02-01-2024,0
148,CROSS RIVER,02-01-2024,0
148,DELTA,02-01-2024,0
148,EBONYI,02-01-2024,1
148,EDO,02-01-2024,0
148,EKITI,02-01-2024,0
148,ENUGU,02-01-2024,3
148,GOMBE,02-01-2024,0
148,IMO,02-01-2024,0
148,JIGAWA,02-01-2024,0
148,KADUNA,02-01-2024,0
148,KANO,02-01-2024,0
148,KATSINA,02-01-2024,0
148,KEBBI,02-01-2024,0
148,KOGI,02-01-2024,0
148,KWARA,02-01-2024,0
148,LAGOS,02-01-2024,0
148,NASARAWA,02-01-2024,0
148,NIGER,02-01-2024,0
148,OGUN,02-01-2024,0
148,ONDO,02-01-2024,0
148,OSUN,02-01-2024,0
148,OYO,02-01-2024,0
148,PLATEAU,02-01-2024,0
148,RIVERS,02-01-2024,0
148,SOKOTO,02-01-2024,0
148,TARABA,02-01-2024,0
148,YOBE,02-01-2024,0
148,ZAMFARA,02-01-2024,0
148,FCT,02-01-2024,0
148,FOREIGN,02-01-2024,0
1035,ABIA,02-01-2024,0
1035,ADAMAWA,02-01-2024,0
1035,AKWA IBOM,02-01-2024,0
1035,BAUCHI,02-01-2024,0
1035,BAYELSA,02-01-2024,0
1035,BENUE,02-01-2024,0
1035,BORNO,02-01-2024,0
1035,CROSS RIVER,02-01-2024,0
1035,DELTA,02-01-2024,0
1035,EBONYI,02-01-2024,1
1035,EDO,02-01-2024,0
1035,EKITI,02-01-2024,0
1035,ENUGU,02-01-2024,0
1035,GOMBE,02-01-2024,0
1035,IMO,02-01-2024,0
1035,JIGAWA,02-01-2024,0
1035,KADUNA,02-01-2024,0
1035,KANO,02-01-2024,0
1035,KATSINA,02-01-2024,0
1035,KEBBI,02-01-2024,0
1035,KOGI,02-01-2024,0
1035,KWARA,02-01-2024,0
1035,LAGOS,02-01-2024,0
1035,NASARAWA,02-01-2024,0
1035,NIGER,02-01-2024,0
1035,OGUN,02-01-2024,0
1035,ONDO,02-01-2024,0
1035,OSUN,02-01-2024,0
1035,OYO,02-01-2024,0
1035,PLATEAU,02-01-2024,0
1035,RIVERS,02-01-2024,0
1035,SOKOTO,02-01-2024,0
1035,TARABA,02-01-2024,0
1035,YOBE,02-01-2024,0
1035,ZAMFARA,02-01-2024,0
1035,FCT,02-01-2024,0
1035,FOREIGN,02-01-2024,0
1036,ABIA,02-01-2024,0
1036,ADAMAWA,02-01-2024,0
1036,AKWA IBOM,02-01-2024,0
1036,BAUCHI,02-01-2024,0
1036,BAYELSA,02-01-2024,0
1036,BENUE,02-01-2024,0
1036,BORNO,02-01-2024,0
1036,CROSS RIVER,02-01-2024,0
1036,DELTA,02-01-2024,0
1036,EBONYI,02-01-2024,0
1036,EDO,02-01-2024,0
1036,EKITI,02-01-2024,0
1036,ENUGU,02-01-2024,2
1036,GOMBE,02-01-2024,0
1036,IMO,02-01-2024,0
1036,JIGAWA,02-01-2024,0
1036,KADUNA,02-01-2024,0
1036,KANO,02-01-2024,0
1036,KATSINA,02-01-2024,0
1036,KEBBI,02-01-2024,0
1036,KOGI,02-01-2024,0
1036,KWARA,02-01-2024,0
1036,LAGOS,02-01-2024,0
1036,NASARAWA,02-01-2024,0
1036,NIGER,02-01-2024,0
1036,OGUN,02-01-2024,0
1036,ONDO,02-01-2024,0
1036,OSUN,02-01-2024,0
1036,OYO,02-01-2024,0
1036,PLATEAU,02-01-2024,1
1036,RIVERS,02-01-2024,0
1036,SOKOTO,02-01-2024,0
1036,TARABA,02-01-2024,0
1036,YOBE,02-01-2024,0
1036,ZAMFARA,02-01-2024,0
1036,FCT,02-01-2024,0
1036,FOREIGN,02-01-2024,0
144,ABIA,02-01-2024,0
144,ADAMAWA,02-01-2024,0
144,AKWA IBOM,02-01-2024,2
144,BAUCHI,02-01-2024,0
144,BAYELSA,02-01-2024,0
144,BENUE,02-01-2024,0
144,BORNO,02-01-2024,0
144,CROSS RIVER,02-01-2024,2
144,DELTA,02-01-2024,0
144,EBONYI,02-01-2024,5
144,EDO,02-01-2024,0
144,EKITI,02-01-2024,0
144,ENUGU,02-01-2024,1
144,GOMBE,02-01-2024,0
144,IMO,02-01-2024,0
144,JIGAWA,02-01-2024,0
144,KADUNA,02-01-2024,0
144,KANO,02-01-2024,0
144,KATSINA,02-01-2024,0
144,KEBBI,02-01-2024,0
144,KOGI,02-01-2024,0
144,KWARA,02-01-2024,0
144,LAGOS,02-01-2024,0
144,NASARAWA,02-01-2024,0
144,NIGER,02-01-2024,0
144,OGUN,02-01-2024,0
144,ONDO,02-01-2024,0
144,OSUN,02-01-2024,0
144,OYO,02-01-2024,0
144,PLATEAU,02-01-2024,0
144,RIVERS,02-01-2024,0
144,SOKOTO,02-01-2024,0
144,TARABA,02-01-2024,0
144,YOBE,02-01-2024,0
144,ZAMFARA,02-01-2024,0
144,FCT,02-01-2024,0
144,FOREIGN,02-01-2024,0
178,ABIA,02-01-2024,16
178,ADAMAWA,02-01-2024,0
178,AKWA IBOM,02-01-2024,5
178,BAUCHI,02-01-2024,0
178,BAYELSA,02-01-2024,1
178,BENUE,02-01-2024,9
178,BORNO,02-01-2024,0
178,CROSS RIVER,02-01-2024,5
178,DELTA,02-01-2024,10
178,EBONYI,02-01-2024,65
178,EDO,02-01-2024,1
178,EKITI,02-01-2024,2
178,ENUGU,02-01-2024,203
178,GOMBE,02-01-2024,0
178,IMO,02-01-2024,50
178,JIGAWA,02-01-2024,0
178,KADUNA,02-01-2024,2
178,KANO,02-01-2024,0
178,KATSINA,02-01-2024,0
178,KEBBI,02-01-2024,0
178,KOGI,02-01-2024,7
178,KWARA,02-01-2024,0
178,LAGOS,02-01-2024,1
178,NASARAWA,02-01-2024,0
178,NIGER,02-01-2024,1
178,OGUN,02-01-2024,0
178,ONDO,02-01-2024,0
178,OSUN,02-01-2024,0
178,OYO,02-01-2024,0
178,PLATEAU,02-01-2024,1
178,RIVERS,02-01-2024,1
178,SOKOTO,02-01-2024,0
178,TARABA,02-01-2024,0
178,YOBE,02-01-2024,0
178,ZAMFARA,02-01-2024,0
178,FCT,02-01-2024,0
178,FOREIGN,02-01-2024,0
175,ABIA,02-01-2024,26
175,ADAMAWA,02-01-2024,0
175,AKWA IBOM,02-01-2024,3
175,BAUCHI,02-01-2024,0
175,BAYELSA,02-01-2024,0
175,BENUE,02-01-2024,1
175,BORNO,02-01-2024,0
175,CROSS RIVER,02-01-2024,10
175,DELTA,02-01-2024,3
175,EBONYI,02-01-2024,94
175,EDO,02-01-2024,3
175,EKITI,02-01-2024,2
175,ENUGU,02-01-2024,196
175,GOMBE,02-01-2024,0
175,IMO,02-01-2024,28
175,JIGAWA,02-01-2024,0
175,KADUNA,02-01-2024,1
175,KANO,02-01-2024,0
175,KATSINA,02-01-2024,0
175,KEBBI,02-01-2024,0
175,KOGI,02-01-2024,5
175,KWARA,02-01-2024,1
175,LAGOS,02-01-2024,0
175,NASARAWA,02-01-2024,0
175,NIGER,02-01-2024,0
175,OGUN,02-01-2024,0
175,ONDO,02-01-2024,1
175,OSUN,02-01-2024,2
175,OYO,02-01-2024,5
175,PLATEAU,02-01-2024,3
175,RIVERS,02-01-2024,3
175,SOKOTO,02-01-2024,1
175,TARABA,02-01-2024,0
175,YOBE,02-01-2024,0
175,ZAMFARA,02-01-2024,0
175,FCT,02-01-2024,0
175,FOREIGN,02-01-2024,2
173,ABIA,02-01-2024,26
173,ADAMAWA,02-01-2024,0
173,AKWA IBOM,02-01-2024,4
173,BAUCHI,02-01-2024,0
173,BAYELSA,02-01-2024,2
173,BENUE,02-01-2024,7
173,BORNO,02-01-2024,0
173,CROSS RIVER,02-01-2024,3
173,DELTA,02-01-2024,13
173,EBONYI,02-01-2024,59
173,EDO,02-01-2024,2
173,EKITI,02-01-2024,0
173,ENUGU,02-01-2024,141
173,GOMBE,02-01-2024,0
173,IMO,02-01-2024,34
173,JIGAWA,02-01-2024,0
173,KADUNA,02-01-2024,0
173,KANO,02-01-2024,0
173,KATSINA,02-01-2024,0
173,KEBBI,02-01-2024,0
173,KOGI,02-01-2024,2
173,KWARA,02-01-2024,1
173,LAGOS,02-01-2024,0
173,NASARAWA,02-01-2024,0
173,NIGER,02-01-2024,0
173,OGUN,02-01-2024,0
173,ONDO,02-01-2024,0
173,OSUN,02-01-2024,3
173,OYO,02-01-2024,0
173,PLATEAU,02-01-2024,0
173,RIVERS,02-01-2024,0
173,SOKOTO,02-01-2024,0
173,TARABA,02-01-2024,0
173,YOBE,02-01-2024,0
173,ZAMFARA,02-01-2024,0
173,FCT,02-01-2024,0
173,FOREIGN,02-01-2024,1
169,ABIA,02-01-2024,28
169,ADAMAWA,02-01-2024,4
169,AKWA IBOM,02-01-2024,16
169,BAUCHI,02-01-2024,0
169,BAYELSA,02-01-2024,1
169,BENUE,02-01-2024,8
169,BORNO,02-01-2024,0
169,CROSS RIVER,02-01-2024,14
169,DELTA,02-01-2024,9
169,EBONYI,02-01-2024,138
169,EDO,02-01-2024,3
169,EKITI,02-01-2024,0
169,ENUGU,02-01-2024,243
169,GOMBE,02-01-2024,0
169,IMO,02-01-2024,49
169,JIGAWA,02-01-2024,0
169,KADUNA,02-01-2024,0
169,KANO,02-01-2024,0
169,KATSINA,02-01-2024,0
169,KEBBI,02-01-2024,0
169,KOGI,02-01-2024,11
169,KWARA,02-01-2024,0
169,LAGOS,02-01-2024,0
169,NASARAWA,02-01-2024,0
169,NIGER,02-01-2024,0
169,OGUN,02-01-2024,1
169,ONDO,02-01-2024,1
169,OSUN,02-01-2024,13
169,OYO,02-01-2024,1
169,PLATEAU,02-01-2024,4
169,RIVERS,02-01-2024,5
169,SOKOTO,02-01-2024,0
169,TARABA,02-01-2024,0
169,YOBE,02-01-2024,0
169,ZAMFARA,02-01-2024,0
169,FCT,02-01-2024,0
169,FOREIGN,02-01-2024,0
163,ABIA,02-01-2024,123
163,ADAMAWA,02-01-2024,4
163,AKWA IBOM,02-01-2024,8
163,BAUCHI,02-01-2024,0
163,BAYELSA,02-01-2024,1
163,BENUE,02-01-2024,2
163,BORNO,02-01-2024,0
163,CROSS RIVER,02-01-2024,10
163,DELTA,02-01-2024,7
163,EBONYI,02-01-2024,232
163,EDO,02-01-2024,5
163,EKITI,02-01-2024,1
163,ENUGU,02-01-2024,254
163,GOMBE,02-01-2024,0
163,IMO,02-01-2024,38
163,JIGAWA,02-01-2024,0
163,KADUNA,02-01-2024,0
163,KANO,02-01-2024,0
163,KATSINA,02-01-2024,0
163,KEBBI,02-01-2024,0
163,KOGI,02-01-2024,1
163,KWARA,02-01-2024,0
163,LAGOS,02-01-2024,0
163,NASARAWA,02-01-2024,1
163,NIGER,02-01-2024,0
163,OGUN,02-01-2024,0
163,ONDO,02-01-2024,2
163,OSUN,02-01-2024,1
163,OYO,02-01-2024,0
163,PLATEAU,02-01-2024,1
163,RIVERS,02-01-2024,1
163,SOKOTO,02-01-2024,0
163,TARABA,02-01-2024,0
163,YOBE,02-01-2024,0
163,ZAMFARA,02-01-2024,0
163,FCT,02-01-2024,0
163,FOREIGN,02-01-2024,0
176,ABIA,02-01-2024,25
176,ADAMAWA,02-01-2024,3
176,AKWA IBOM,02-01-2024,4
176,BAUCHI,02-01-2024,0
176,BAYELSA,02-01-2024,4
176,BENUE,02-01-2024,19
176,BORNO,02-01-2024,0
176,CROSS RIVER,02-01-2024,5
176,DELTA,02-01-2024,16
176,EBONYI,02-01-2024,184
176,EDO,02-01-2024,3
176,EKITI,02-01-2024,0
176,ENUGU,02-01-2024,213
176,GOMBE,02-01-2024,0
176,IMO,02-01-2024,51
176,JIGAWA,02-01-2024,0
176,KADUNA,02-01-2024,2
176,KANO,02-01-2024,4
176,KATSINA,02-01-2024,0
176,KEBBI,02-01-2024,0
176,KOGI,02-01-2024,11
176,KWARA,02-01-2024,1
176,LAGOS,02-01-2024,1
176,NASARAWA,02-01-2024,0
176,NIGER,02-01-2024,1
176,OGUN,02-01-2024,4
176,ONDO,02-01-2024,0
176,OSUN,02-01-2024,4
176,OYO,02-01-2024,0
176,PLATEAU,02-01-2024,3
176,RIVERS,02-01-2024,1
176,SOKOTO,02-01-2024,0
176,TARABA,02-01-2024,0
176,YOBE,02-01-2024,0
176,ZAMFARA,02-01-2024,0
176,FCT,02-01-2024,0
176,FOREIGN,02-01-2024,1
172,ABIA,02-01-2024,33
172,ADAMAWA,02-01-2024,0
172,AKWA IBOM,02-01-2024,0
172,BAUCHI,02-01-2024,0
172,BAYELSA,02-01-2024,0
172,BENUE,02-01-2024,9
172,BORNO,02-01-2024,0
172,CROSS RIVER,02-01-2024,4
172,DELTA,02-01-2024,0
172,EBONYI,02-01-2024,20
172,EDO,02-01-2024,0
172,EKITI,02-01-2024,0
172,ENUGU,02-01-2024,35
172,GOMBE,02-01-2024,0
172,IMO,02-01-2024,6
172,JIGAWA,02-01-2024,0
172,KADUNA,02-01-2024,0
172,KANO,02-01-2024,0
172,KATSINA,02-01-2024,0
172,KEBBI,02-01-2024,0
172,KOGI,02-01-2024,1
172,KWARA,02-01-2024,0
172,LAGOS,02-01-2024,0
172,NASARAWA,02-01-2024,0
172,NIGER,02-01-2024,0
172,OGUN,02-01-2024,0
172,ONDO,02-01-2024,0
172,OSUN,02-01-2024,3
172,OYO,02-01-2024,0
172,PLATEAU,02-01-2024,2
172,RIVERS,02-01-2024,0
172,SOKOTO,02-01-2024,0
172,TARABA,02-01-2024,0
172,YOBE,02-01-2024,0
172,ZAMFARA,02-01-2024,0
172,FCT,02-01-2024,0
172,FOREIGN,02-01-2024,0
168,ABIA,02-01-2024,33
168,ADAMAWA,02-01-2024,0
168,AKWA IBOM,02-01-2024,28
168,BAUCHI,02-01-2024,1
168,BAYELSA,02-01-2024,3
168,BENUE,02-01-2024,8
168,BORNO,02-01-2024,0
168,CROSS RIVER,02-01-2024,14
168,DELTA,02-01-2024,9
168,EBONYI,02-01-2024,111
168,EDO,02-01-2024,4
168,EKITI,02-01-2024,2
168,ENUGU,02-01-2024,250
168,GOMBE,02-01-2024,0
168,IMO,02-01-2024,65
168,JIGAWA,02-01-2024,0
168,KADUNA,02-01-2024,0
168,KANO,02-01-2024,0
168,KATSINA,02-01-2024,0
168,KEBBI,02-01-2024,0
168,KOGI,02-01-2024,10
168,KWARA,02-01-2024,0
168,LAGOS,02-01-2024,0
168,NASARAWA,02-01-2024,0
168,NIGER,02-01-2024,0
168,OGUN,02-01-2024,0
168,ONDO,02-01-2024,0
168,OSUN,02-01-2024,0
168,OYO,02-01-2024,0
168,PLATEAU,02-01-2024,1
168,RIVERS,02-01-2024,2
168,SOKOTO,02-01-2024,0
168,TARABA,02-01-2024,0
168,YOBE,02-01-2024,0
168,ZAMFARA,02-01-2024,0
168,FCT,02-01-2024,0
168,FOREIGN,02-01-2024,1
177,ABIA,02-01-2024,1
177,ADAMAWA,02-01-2024,0
177,AKWA IBOM,02-01-2024,2
177,BAUCHI,02-01-2024,0
177,BAYELSA,02-01-2024,1
177,BENUE,02-01-2024,6
177,BORNO,02-01-2024,0
177,CROSS RIVER,02-01-2024,5
177,DELTA,02-01-2024,1
177,EBONYI,02-01-2024,70
177,EDO,02-01-2024,3
177,EKITI,02-01-2024,0
177,ENUGU,02-01-2024,52
177,GOMBE,02-01-2024,0
177,IMO,02-01-2024,7
177,JIGAWA,02-01-2024,0
177,KADUNA,02-01-2024,0
177,KANO,02-01-2024,0
177,KATSINA,02-01-2024,0
177,KEBBI,02-01-2024,0
177,KOGI,02-01-2024,2
177,KWARA,02-01-2024,0
177,LAGOS,02-01-2024,0
177,NASARAWA,02-01-2024,0
177,NIGER,02-01-2024,0
177,OGUN,02-01-2024,0
177,ONDO,02-01-2024,0
177,OSUN,02-01-2024,7
177,OYO,02-01-2024,0
177,PLATEAU,02-01-2024,1
177,RIVERS,02-01-2024,1
177,SOKOTO,02-01-2024,0
177,TARABA,02-01-2024,0
177,YOBE,02-01-2024,0
177,ZAMFARA,02-01-2024,0
177,FCT,02-01-2024,0
177,FOREIGN,02-01-2024,0
167,ABIA,02-01-2024,3
167,ADAMAWA,02-01-2024,0
167,AKWA IBOM,02-01-2024,0
167,BAUCHI,02-01-2024,0
167,BAYELSA,02-01-2024,0
167,BENUE,02-01-2024,4
167,BORNO,02-01-2024,0
167,CROSS RIVER,02-01-2024,1
167,DELTA,02-01-2024,2
167,EBONYI,02-01-2024,14
167,EDO,02-01-2024,0
167,EKITI,02-01-2024,0
167,ENUGU,02-01-2024,30
167,GOMBE,02-01-2024,0
167,IMO,02-01-2024,5
167,JIGAWA,02-01-2024,0
167,KADUNA,02-01-2024,0
167,KANO,02-01-2024,0
167,KATSINA,02-01-2024,0
167,KEBBI,02-01-2024,0
167,KOGI,02-01-2024,1
167,KWARA,02-01-2024,0
167,LAGOS,02-01-2024,0
167,NASARAWA,02-01-2024,0
167,NIGER,02-01-2024,0
167,OGUN,02-01-2024,0
167,ONDO,02-01-2024,0
167,OSUN,02-01-2024,0
167,OYO,02-01-2024,0
167,PLATEAU,02-01-2024,0
167,RIVERS,02-01-2024,0
167,SOKOTO,02-01-2024,0
167,TARABA,02-01-2024,0
167,YOBE,02-01-2024,0
167,ZAMFARA,02-01-2024,0
167,FCT,02-01-2024,0
167,FOREIGN,02-01-2024,0
170,ABIA,02-01-2024,6
170,ADAMAWA,02-01-2024,0
170,AKWA IBOM,02-01-2024,2
170,BAUCHI,02-01-2024,0
170,BAYELSA,02-01-2024,0
170,BENUE,02-01-2024,3
170,BORNO,02-01-2024,0
170,CROSS RIVER,02-01-2024,4
170,DELTA,02-01-2024,3
170,EBONYI,02-01-2024,39
170,EDO,02-01-2024,0
170,EKITI,02-01-2024,0
170,ENUGU,02-01-2024,44
170,GOMBE,02-01-2024,0
170,IMO,02-01-2024,11
170,JIGAWA,02-01-2024,0
170,KADUNA,02-01-2024,0
170,KANO,02-01-2024,0
170,KATSINA,02-01-2024,0
170,KEBBI,02-01-2024,0
170,KOGI,02-01-2024,2
170,KWARA,02-01-2024,0
170,LAGOS,02-01-2024,1
170,NASARAWA,02-01-2024,1
170,NIGER,02-01-2024,0
170,OGUN,02-01-2024,1
170,ONDO,02-01-2024,0
170,OSUN,02-01-2024,1
170,OYO,02-01-2024,0
170,PLATEAU,02-01-2024,0
170,RIVERS,02-01-2024,0
170,SOKOTO,02-01-2024,0
170,TARABA,02-01-2024,0
170,YOBE,02-01-2024,0
170,ZAMFARA,02-01-2024,0
170,FCT,02-01-2024,0
170,FOREIGN,02-01-2024,2
164,ABIA,02-01-2024,6
164,ADAMAWA,02-01-2024,0
164,AKWA IBOM,02-01-2024,1
164,BAUCHI,02-01-2024,0
164,BAYELSA,02-01-2024,0
164,BENUE,02-01-2024,2
164,BORNO,02-01-2024,0
164,CROSS RIVER,02-01-2024,4
164,DELTA,02-01-2024,1
164,EBONYI,02-01-2024,26
164,EDO,02-01-2024,0
164,EKITI,02-01-2024,0
164,ENUGU,02-01-2024,27
164,GOMBE,02-01-2024,0
164,IMO,02-01-2024,9
164,JIGAWA,02-01-2024,0
164,KADUNA,02-01-2024,0
164,KANO,02-01-2024,2
164,KATSINA,02-01-2024,0
164,KEBBI,02-01-2024,0
164,KOGI,02-01-2024,1
164,KWARA,02-01-2024,0
164,LAGOS,02-01-2024,0
164,NASARAWA,02-01-2024,0
164,NIGER,02-01-2024,2
164,OGUN,02-01-2024,0
164,ONDO,02-01-2024,0
164,OSUN,02-01-2024,1
164,OYO,02-01-2024,0
164,PLATEAU,02-01-2024,0
164,RIVERS,02-01-2024,0
164,SOKOTO,02-01-2024,0
164,TARABA,02-01-2024,0
164,YOBE,02-01-2024,0
164,ZAMFARA,02-01-2024,0
164,FCT,02-01-2024,0
164,FOREIGN,02-01-2024,0
165,ABIA,02-01-2024,12
165,ADAMAWA,02-01-2024,5
165,AKWA IBOM,02-01-2024,7
165,BAUCHI,02-01-2024,0
165,BAYELSA,02-01-2024,0
165,BENUE,02-01-2024,7
165,BORNO,02-01-2024,0
165,CROSS RIVER,02-01-2024,4
165,DELTA,02-01-2024,3
165,EBONYI,02-01-2024,51
165,EDO,02-01-2024,1
165,EKITI,02-01-2024,0
165,ENUGU,02-01-2024,59
165,GOMBE,02-01-2024,0
165,IMO,02-01-2024,7
165,JIGAWA,02-01-2024,0
165,KADUNA,02-01-2024,0
165,KANO,02-01-2024,0
165,KATSINA,02-01-2024,0
165,KEBBI,02-01-2024,0
165,KOGI,02-01-2024,0
165,KWARA,02-01-2024,0
165,LAGOS,02-01-2024,0
165,NASARAWA,02-01-2024,1
165,NIGER,02-01-2024,0
165,OGUN,02-01-2024,0
165,ONDO,02-01-2024,1
165,OSUN,02-01-2024,1
165,OYO,02-01-2024,0
165,PLATEAU,02-01-2024,1
165,RIVERS,02-01-2024,0
165,SOKOTO,02-01-2024,0
165,TARABA,02-01-2024,0
165,YOBE,02-01-2024,0
165,ZAMFARA,02-01-2024,0
165,FCT,02-01-2024,0
165,FOREIGN,02-01-2024,0
181,ABIA,02-01-2024,0
181,ADAMAWA,02-01-2024,0
181,AKWA IBOM,02-01-2024,0
181,BAUCHI,02-01-2024,0
181,BAYELSA,02-01-2024,0
181,BENUE,02-01-2024,0
181,BORNO,02-01-2024,0
181,CROSS RIVER,02-01-2024,0
181,DELTA,02-01-2024,0
181,EBONYI,02-01-2024,1
181,EDO,02-01-2024,0
181,EKITI,02-01-2024,0
181,ENUGU,02-01-2024,2
181,GOMBE,02-01-2024,0
181,IMO,02-01-2024,0
181,JIGAWA,02-01-2024,0
181,KADUNA,02-01-2024,0
181,KANO,02-01-2024,0
181,KATSINA,02-01-2024,0
181,KEBBI,02-01-2024,0
181,KOGI,02-01-2024,0
181,KWARA,02-01-2024,0
181,LAGOS,02-01-2024,0
181,NASARAWA,02-01-2024,0
181,NIGER,02-01-2024,0
181,OGUN,02-01-2024,0
181,ONDO,02-01-2024,0
181,OSUN,02-01-2024,0
181,OYO,02-01-2024,0
181,PLATEAU,02-01-2024,0
181,RIVERS,02-01-2024,0
181,SOKOTO,02-01-2024,0
181,TARABA,02-01-2024,0
181,YOBE,02-01-2024,0
181,ZAMFARA,02-01-2024,0
181,FCT,02-01-2024,0
181,FOREIGN,02-01-2024,0
180,ABIA,02-01-2024,3
180,ADAMAWA,02-01-2024,7
180,AKWA IBOM,02-01-2024,1
180,BAUCHI,02-01-2024,0
180,BAYELSA,02-01-2024,0
180,BENUE,02-01-2024,1
180,BORNO,02-01-2024,0
180,CROSS RIVER,02-01-2024,2
180,DELTA,02-01-2024,0
180,EBONYI,02-01-2024,43
180,EDO,02-01-2024,1
180,EKITI,02-01-2024,0
180,ENUGU,02-01-2024,43
180,GOMBE,02-01-2024,1
180,IMO,02-01-2024,8
180,JIGAWA,02-01-2024,0
180,KADUNA,02-01-2024,1
180,KANO,02-01-2024,0
180,KATSINA,02-01-2024,0
180,KEBBI,02-01-2024,0
180,KOGI,02-01-2024,1
180,KWARA,02-01-2024,0
180,LAGOS,02-01-2024,0
180,NASARAWA,02-01-2024,0
180,NIGER,02-01-2024,0
180,OGUN,02-01-2024,0
180,ONDO,02-01-2024,0
180,OSUN,02-01-2024,2
180,OYO,02-01-2024,0
180,PLATEAU,02-01-2024,0
180,RIVERS,02-01-2024,2
180,SOKOTO,02-01-2024,0
180,TARABA,02-01-2024,0
180,YOBE,02-01-2024,0
180,ZAMFARA,02-01-2024,0
180,FCT,02-01-2024,0
180,FOREIGN,02-01-2024,0
171,ABIA,02-01-2024,3
171,ADAMAWA,02-01-2024,0
171,AKWA IBOM,02-01-2024,0
171,BAUCHI,02-01-2024,0
171,BAYELSA,02-01-2024,0
171,BENUE,02-01-2024,9
171,BORNO,02-01-2024,0
171,CROSS RIVER,02-01-2024,4
171,DELTA,02-01-2024,0
171,EBONYI,02-01-2024,20
171,EDO,02-01-2024,0
171,EKITI,02-01-2024,0
171,ENUGU,02-01-2024,35
171,GOMBE,02-01-2024,0
171,IMO,02-01-2024,6
171,JIGAWA,02-01-2024,0
171,KADUNA,02-01-2024,0
171,KANO,02-01-2024,0
171,KATSINA,02-01-2024,0
171,KEBBI,02-01-2024,0
171,KOGI,02-01-2024,1
171,KWARA,02-01-2024,0
171,LAGOS,02-01-2024,0
171,NASARAWA,02-01-2024,0
171,NIGER,02-01-2024,0
171,OGUN,02-01-2024,0
171,ONDO,02-01-2024,0
171,OSUN,02-01-2024,3
171,OYO,02-01-2024,0
171,PLATEAU,02-01-2024,2
171,RIVERS,02-01-2024,0
171,SOKOTO,02-01-2024,0
171,TARABA,02-01-2024,0
171,YOBE,02-01-2024,0
171,ZAMFARA,02-01-2024,0
171,FCT,02-01-2024,0
171,FOREIGN,02-01-2024,0
174,ABIA,02-01-2024,3
174,ADAMAWA,02-01-2024,0
174,AKWA IBOM,02-01-2024,0
174,BAUCHI,02-01-2024,0
174,BAYELSA,02-01-2024,0
174,BENUE,02-01-2024,3
174,BORNO,02-01-2024,0
174,CROSS RIVER,02-01-2024,1
174,DELTA,02-01-2024,2
174,EBONYI,02-01-2024,10
174,EDO,02-01-2024,0
174,EKITI,02-01-2024,0
174,ENUGU,02-01-2024,11
174,GOMBE,02-01-2024,0
174,IMO,02-01-2024,1
174,JIGAWA,02-01-2024,0
174,KADUNA,02-01-2024,0
174,KANO,02-01-2024,0
174,KATSINA,02-01-2024,0
174,KEBBI,02-01-2024,0
174,KOGI,02-01-2024,0
174,KWARA,02-01-2024,0
174,LAGOS,02-01-2024,0
174,NASARAWA,02-01-2024,0
174,NIGER,02-01-2024,0
174,OGUN,02-01-2024,0
174,ONDO,02-01-2024,0
174,OSUN,02-01-2024,0
174,OYO,02-01-2024,0
174,PLATEAU,02-01-2024,0
174,RIVERS,02-01-2024,0
174,SOKOTO,02-01-2024,0
174,TARABA,02-01-2024,0
174,YOBE,02-01-2024,0
174,ZAMFARA,02-01-2024,0
174,FCT,02-01-2024,0
174,FOREIGN,02-01-2024,0
166,ABIA,02-01-2024,0
166,ADAMAWA,02-01-2024,0
166,AKWA IBOM,02-01-2024,2
166,BAUCHI,02-01-2024,0
166,BAYELSA,02-01-2024,3
166,BENUE,02-01-2024,0
166,BORNO,02-01-2024,0
166,CROSS RIVER,02-01-2024,0
166,DELTA,02-01-2024,1
166,EBONYI,02-01-2024,15
166,EDO,02-01-2024,0
166,EKITI,02-01-2024,0
166,ENUGU,02-01-2024,15
166,GOMBE,02-01-2024,0
166,IMO,02-01-2024,1
166,JIGAWA,02-01-2024,0
166,KADUNA,02-01-2024,0
166,KANO,02-01-2024,0
166,KATSINA,02-01-2024,0
166,KEBBI,02-01-2024,0
166,KOGI,02-01-2024,0
166,KWARA,02-01-2024,0
166,LAGOS,02-01-2024,0
166,NASARAWA,02-01-2024,0
166,NIGER,02-01-2024,0
166,OGUN,02-01-2024,0
166,ONDO,02-01-2024,2
166,OSUN,02-01-2024,0
166,OYO,02-01-2024,0
166,PLATEAU,02-01-2024,0
166,RIVERS,02-01-2024,0
166,SOKOTO,02-01-2024,0
166,TARABA,02-01-2024,0
166,YOBE,02-01-2024,0
166,ZAMFARA,02-01-2024,0
166,FCT,02-01-2024,0
166,FOREIGN,02-01-2024,0
179,ABIA,02-01-2024,33
179,ADAMAWA,02-01-2024,5
179,AKWA IBOM,02-01-2024,15
179,BAUCHI,02-01-2024,0
179,BAYELSA,02-01-2024,0
179,BENUE,02-01-2024,6
179,BORNO,02-01-2024,0
179,CROSS RIVER,02-01-2024,7
179,DELTA,02-01-2024,6
179,EBONYI,02-01-2024,110
179,EDO,02-01-2024,2
179,EKITI,02-01-2024,0
179,ENUGU,02-01-2024,138
179,GOMBE,02-01-2024,0
179,IMO,02-01-2024,34
179,JIGAWA,02-01-2024,0
179,KADUNA,02-01-2024,1
179,KANO,02-01-2024,0
179,KATSINA,02-01-2024,0
179,KEBBI,02-01-2024,0
179,KOGI,02-01-2024,9
179,KWARA,02-01-2024,0
179,LAGOS,02-01-2024,0
179,NASARAWA,02-01-2024,3
179,NIGER,02-01-2024,0
179,OGUN,02-01-2024,0
179,ONDO,02-01-2024,0
179,OSUN,02-01-2024,0
179,OYO,02-01-2024,0
179,PLATEAU,02-01-2024,3
179,RIVERS,02-01-2024,0
179,SOKOTO,02-01-2024,0
179,TARABA,02-01-2024,0
179,YOBE,02-01-2024,0
179,ZAMFARA,02-01-2024,0
179,FCT,02-01-2024,0
179,FOREIGN,02-01-2024,1
276,ABIA,02-01-2024,10
276,ADAMAWA,02-01-2024,0
276,AKWA IBOM,02-01-2024,3
276,BAUCHI,02-01-2024,0
276,BAYELSA,02-01-2024,0
276,BENUE,02-01-2024,0
276,BORNO,02-01-2024,0
276,CROSS RIVER,02-01-2024,0
276,DELTA,02-01-2024,5
276,EBONYI,02-01-2024,39
276,EDO,02-01-2024,0
276,EKITI,02-01-2024,0
276,ENUGU,02-01-2024,85
276,GOMBE,02-01-2024,0
276,IMO,02-01-2024,30
276,JIGAWA,02-01-2024,0
276,KADUNA,02-01-2024,0
276,KANO,02-01-2024,0
276,KATSINA,02-01-2024,0
276,KEBBI,02-01-2024,0
276,KOGI,02-01-2024,1
276,KWARA,02-01-2024,0
276,LAGOS,02-01-2024,0
276,NASARAWA,02-01-2024,0
276,NIGER,02-01-2024,0
276,OGUN,02-01-2024,0
276,ONDO,02-01-2024,0
276,OSUN,02-01-2024,0
276,OYO,02-01-2024,0
276,PLATEAU,02-01-2024,0
276,RIVERS,02-01-2024,0
276,SOKOTO,02-01-2024,0
276,TARABA,02-01-2024,0
276,YOBE,02-01-2024,0
276,ZAMFARA,02-01-2024,0
276,FCT,02-01-2024,0
276,FOREIGN,02-01-2024,0
277,ABIA,02-01-2024,8
277,ADAMAWA,02-01-2024,3
277,AKWA IBOM,02-01-2024,5
277,BAUCHI,02-01-2024,0
277,BAYELSA,02-01-2024,0
277,BENUE,02-01-2024,1
277,BORNO,02-01-2024,0
277,CROSS RIVER,02-01-2024,12
277,DELTA,02-01-2024,5
277,EBONYI,02-01-2024,47
277,EDO,02-01-2024,0
277,EKITI,02-01-2024,1
277,ENUGU,02-01-2024,65
277,GOMBE,02-01-2024,0
277,IMO,02-01-2024,9
277,JIGAWA,02-01-2024,0
277,KADUNA,02-01-2024,0
277,KANO,02-01-2024,0
277,KATSINA,02-01-2024,0
277,KEBBI,02-01-2024,0
277,KOGI,02-01-2024,2
277,KWARA,02-01-2024,0
277,LAGOS,02-01-2024,0
277,NASARAWA,02-01-2024,0
277,NIGER,02-01-2024,0
277,OGUN,02-01-2024,0
277,ONDO,02-01-2024,0
277,OSUN,02-01-2024,2
277,OYO,02-01-2024,1
277,PLATEAU,02-01-2024,2
277,RIVERS,02-01-2024,0
277,SOKOTO,02-01-2024,0
277,TARABA,02-01-2024,1
277,YOBE,02-01-2024,0
277,ZAMFARA,02-01-2024,0
277,FCT,02-01-2024,0
277,FOREIGN,02-01-2024,0
270,ABIA,02-01-2024,2
270,ADAMAWA,02-01-2024,0
270,AKWA IBOM,02-01-2024,1
270,BAUCHI,02-01-2024,0
270,BAYELSA,02-01-2024,0
270,BENUE,02-01-2024,3
270,BORNO,02-01-2024,0
270,CROSS RIVER,02-01-2024,0
270,DELTA,02-01-2024,1
270,EBONYI,02-01-2024,99
270,EDO,02-01-2024,2
270,EKITI,02-01-2024,0
270,ENUGU,02-01-2024,40
270,GOMBE,02-01-2024,0
270,IMO,02-01-2024,4
270,JIGAWA,02-01-2024,0
270,KADUNA,02-01-2024,0
270,KANO,02-01-2024,0
270,KATSINA,02-01-2024,0
270,KEBBI,02-01-2024,0
270,KOGI,02-01-2024,0
270,KWARA,02-01-2024,0
270,LAGOS,02-01-2024,0
270,NASARAWA,02-01-2024,0
270,NIGER,02-01-2024,1
270,OGUN,02-01-2024,0
270,ONDO,02-01-2024,0
270,OSUN,02-01-2024,0
270,OYO,02-01-2024,0
270,PLATEAU,02-01-2024,1
270,RIVERS,02-01-2024,0
270,SOKOTO,02-01-2024,0
270,TARABA,02-01-2024,0
270,YOBE,02-01-2024,0
270,ZAMFARA,02-01-2024,0
270,FCT,02-01-2024,0
270,FOREIGN,02-01-2024,0
274,ABIA,02-01-2024,1
274,ADAMAWA,02-01-2024,1
274,AKWA IBOM,02-01-2024,0
274,BAUCHI,02-01-2024,0
274,BAYELSA,02-01-2024,0
274,BENUE,02-01-2024,0
274,BORNO,02-01-2024,0
274,CROSS RIVER,02-01-2024,0
274,DELTA,02-01-2024,4
274,EBONYI,02-01-2024,34
274,EDO,02-01-2024,0
274,EKITI,02-01-2024,0
274,ENUGU,02-01-2024,20
274,GOMBE,02-01-2024,0
274,IMO,02-01-2024,8
274,JIGAWA,02-01-2024,0
274,KADUNA,02-01-2024,0
274,KANO,02-01-2024,0
274,KATSINA,02-01-2024,0
274,KEBBI,02-01-2024,0
274,KOGI,02-01-2024,0
274,KWARA,02-01-2024,0
274,LAGOS,02-01-2024,0
274,NASARAWA,02-01-2024,0
274,NIGER,02-01-2024,0
274,OGUN,02-01-2024,0
274,ONDO,02-01-2024,0
274,OSUN,02-01-2024,1
274,OYO,02-01-2024,1
274,PLATEAU,02-01-2024,1
274,RIVERS,02-01-2024,0
274,SOKOTO,02-01-2024,0
274,TARABA,02-01-2024,0
274,YOBE,02-01-2024,0
274,ZAMFARA,02-01-2024,0
274,FCT,02-01-2024,0
274,FOREIGN,02-01-2024,3
272,ABIA,02-01-2024,0
272,ADAMAWA,02-01-2024,2
272,AKWA IBOM,02-01-2024,2
272,BAUCHI,02-01-2024,0
272,BAYELSA,02-01-2024,0
272,BENUE,02-01-2024,0
272,BORNO,02-01-2024,0
272,CROSS RIVER,02-01-2024,1
272,DELTA,02-01-2024,2
272,EBONYI,02-01-2024,41
272,EDO,02-01-2024,0
272,EKITI,02-01-2024,0
272,ENUGU,02-01-2024,19
272,GOMBE,02-01-2024,0
272,IMO,02-01-2024,8
272,JIGAWA,02-01-2024,0
272,KADUNA,02-01-2024,0
272,KANO,02-01-2024,0
272,KATSINA,02-01-2024,0
272,KEBBI,02-01-2024,0
272,KOGI,02-01-2024,0
272,KWARA,02-01-2024,0
272,LAGOS,02-01-2024,0
272,NASARAWA,02-01-2024,0
272,NIGER,02-01-2024,0
272,OGUN,02-01-2024,0
272,ONDO,02-01-2024,0
272,OSUN,02-01-2024,0
272,OYO,02-01-2024,0
272,PLATEAU,02-01-2024,0
272,RIVERS,02-01-2024,2
272,SOKOTO,02-01-2024,0
272,TARABA,02-01-2024,2
272,YOBE,02-01-2024,0
272,ZAMFARA,02-01-2024,0
272,FCT,02-01-2024,0
272,FOREIGN,02-01-2024,0
273,ABIA,02-01-2024,1
273,ADAMAWA,02-01-2024,1
273,AKWA IBOM,02-01-2024,0
273,BAUCHI,02-01-2024,0
273,BAYELSA,02-01-2024,0
273,BENUE,02-01-2024,0
273,BORNO,02-01-2024,0
273,CROSS RIVER,02-01-2024,1
273,DELTA,02-01-2024,3
273,EBONYI,02-01-2024,18
273,EDO,02-01-2024,0
273,EKITI,02-01-2024,0
273,ENUGU,02-01-2024,13
273,GOMBE,02-01-2024,0
273,IMO,02-01-2024,7
273,JIGAWA,02-01-2024,0
273,KADUNA,02-01-2024,0
273,KANO,02-01-2024,0
273,KATSINA,02-01-2024,0
273,KEBBI,02-01-2024,0
273,KOGI,02-01-2024,0
273,KWARA,02-01-2024,0
273,LAGOS,02-01-2024,0
273,NASARAWA,02-01-2024,0
273,NIGER,02-01-2024,0
273,OGUN,02-01-2024,1
273,ONDO,02-01-2024,0
273,OSUN,02-01-2024,0
273,OYO,02-01-2024,0
273,PLATEAU,02-01-2024,0
273,RIVERS,02-01-2024,1
273,SOKOTO,02-01-2024,0
273,TARABA,02-01-2024,1
273,YOBE,02-01-2024,0
273,ZAMFARA,02-01-2024,0
273,FCT,02-01-2024,0
273,FOREIGN,02-01-2024,0
275,ABIA,02-01-2024,29
275,ADAMAWA,02-01-2024,0
275,AKWA IBOM,02-01-2024,0
275,BAUCHI,02-01-2024,0
275,BAYELSA,02-01-2024,0
275,BENUE,02-01-2024,0
275,BORNO,02-01-2024,0
275,CROSS RIVER,02-01-2024,0
275,DELTA,02-01-2024,20
275,EBONYI,02-01-2024,38
275,EDO,02-01-2024,1
275,EKITI,02-01-2024,1
275,ENUGU,02-01-2024,236
275,GOMBE,02-01-2024,0
275,IMO,02-01-2024,159
275,JIGAWA,02-01-2024,0
275,KADUNA,02-01-2024,0
275,KANO,02-01-2024,0
275,KATSINA,02-01-2024,0
275,KEBBI,02-01-2024,1
275,KOGI,02-01-2024,0
275,KWARA,02-01-2024,0
275,LAGOS,02-01-2024,0
275,NASARAWA,02-01-2024,0
275,NIGER,02-01-2024,0
275,OGUN,02-01-2024,1
275,ONDO,02-01-2024,0
275,OSUN,02-01-2024,0
275,OYO,02-01-2024,0
275,PLATEAU,02-01-2024,0
275,RIVERS,02-01-2024,1
275,SOKOTO,02-01-2024,0
275,TARABA,02-01-2024,0
275,YOBE,02-01-2024,0
275,ZAMFARA,02-01-2024,0
275,FCT,02-01-2024,0
275,FOREIGN,02-01-2024,0
271,ABIA,02-01-2024,0
271,ADAMAWA,02-01-2024,0
271,AKWA IBOM,02-01-2024,0
271,BAUCHI,02-01-2024,0
271,BAYELSA,02-01-2024,0
271,BENUE,02-01-2024,0
271,BORNO,02-01-2024,0
271,CROSS RIVER,02-01-2024,0
271,DELTA,02-01-2024,0
271,EBONYI,02-01-2024,1
271,EDO,02-01-2024,0
271,EKITI,02-01-2024,0
271,ENUGU,02-01-2024,0
271,GOMBE,02-01-2024,0
271,IMO,02-01-2024,0
271,JIGAWA,02-01-2024,0
271,KADUNA,02-01-2024,0
271,KANO,02-01-2024,0
271,KATSINA,02-01-2024,0
271,KEBBI,02-01-2024,0
271,KOGI,02-01-2024,0
271,KWARA,02-01-2024,0
271,LAGOS,02-01-2024,0
271,NASARAWA,02-01-2024,0
271,NIGER,02-01-2024,0
271,OGUN,02-01-2024,0
271,ONDO,02-01-2024,0
271,OSUN,02-01-2024,0
271,OYO,02-01-2024,0
271,PLATEAU,02-01-2024,0
271,RIVERS,02-01-2024,0
271,SOKOTO,02-01-2024,0
271,TARABA,02-01-2024,0
271,YOBE,02-01-2024,0
271,ZAMFARA,02-01-2024,0
271,FCT,02-01-2024,0
271,FOREIGN,02-01-2024,0
570,ABIA,02-01-2024,8
570,ADAMAWA,02-01-2024,0
570,AKWA IBOM,02-01-2024,5
570,BAUCHI,02-01-2024,0
570,BAYELSA,02-01-2024,0
570,BENUE,02-01-2024,16
570,BORNO,02-01-2024,0
570,CROSS RIVER,02-01-2024,2
570,DELTA,02-01-2024,4
570,EBONYI,02-01-2024,30
570,EDO,02-01-2024,1
570,EKITI,02-01-2024,1
570,ENUGU,02-01-2024,15
570,GOMBE,02-01-2024,0
570,IMO,02-01-2024,20
570,JIGAWA,02-01-2024,0
570,KADUNA,02-01-2024,0
570,KANO,02-01-2024,0
570,KATSINA,02-01-2024,0
570,KEBBI,02-01-2024,0
570,KOGI,02-01-2024,1
570,KWARA,02-01-2024,0
570,LAGOS,02-01-2024,0
570,NASARAWA,02-01-2024,0
570,NIGER,02-01-2024,0
570,OGUN,02-01-2024,0
570,ONDO,02-01-2024,0
570,OSUN,02-01-2024,0
570,OYO,02-01-2024,0
570,PLATEAU,02-01-2024,0
570,RIVERS,02-01-2024,1
570,SOKOTO,02-01-2024,0
570,TARABA,02-01-2024,0
570,YOBE,02-01-2024,0
570,ZAMFARA,02-01-2024,0
570,FCT,02-01-2024,0
570,FOREIGN,02-01-2024,0
571,ABIA,02-01-2024,0
571,ADAMAWA,02-01-2024,0
571,AKWA IBOM,02-01-2024,0
571,BAUCHI,02-01-2024,0
571,BAYELSA,02-01-2024,0
571,BENUE,02-01-2024,2
571,BORNO,02-01-2024,0
571,CROSS RIVER,02-01-2024,0
571,DELTA,02-01-2024,1
571,EBONYI,02-01-2024,6
571,EDO,02-01-2024,0
571,EKITI,02-01-2024,0
571,ENUGU,02-01-2024,15
571,GOMBE,02-01-2024,0
571,IMO,02-01-2024,4
571,JIGAWA,02-01-2024,0
571,KADUNA,02-01-2024,0
571,KANO,02-01-2024,0
571,KATSINA,02-01-2024,0
571,KEBBI,02-01-2024,0
571,KOGI,02-01-2024,0
571,KWARA,02-01-2024,0
571,LAGOS,02-01-2024,0
571,NASARAWA,02-01-2024,1
571,NIGER,02-01-2024,0
571,OGUN,02-01-2024,0
571,ONDO,02-01-2024,0
571,OSUN,02-01-2024,1
571,OYO,02-01-2024,0
571,PLATEAU,02-01-2024,0
571,RIVERS,02-01-2024,0
571,SOKOTO,02-01-2024,0
571,TARABA,02-01-2024,0
571,YOBE,02-01-2024,0
571,ZAMFARA,02-01-2024,0
571,FCT,02-01-2024,0
571,FOREIGN,02-01-2024,0
575,ABIA,02-01-2024,4
575,ADAMAWA,02-01-2024,0
575,AKWA IBOM,02-01-2024,0
575,BAUCHI,02-01-2024,0
575,BAYELSA,02-01-2024,0
575,BENUE,02-01-2024,1
575,BORNO,02-01-2024,0
575,CROSS RIVER,02-01-2024,0
575,DELTA,02-01-2024,3
575,EBONYI,02-01-2024,44
575,EDO,02-01-2024,1
575,EKITI,02-01-2024,1
575,ENUGU,02-01-2024,36
575,GOMBE,02-01-2024,0
575,IMO,02-01-2024,5
575,JIGAWA,02-01-2024,0
575,KADUNA,02-01-2024,0
575,KANO,02-01-2024,0
575,KATSINA,02-01-2024,0
575,KEBBI,02-01-2024,0
575,KOGI,02-01-2024,1
575,KWARA,02-01-2024,0
575,LAGOS,02-01-2024,0
575,NASARAWA,02-01-2024,0
575,NIGER,02-01-2024,0
575,OGUN,02-01-2024,0
575,ONDO,02-01-2024,0
575,OSUN,02-01-2024,0
575,OYO,02-01-2024,0
575,PLATEAU,02-01-2024,0
575,RIVERS,02-01-2024,1
575,SOKOTO,02-01-2024,0
575,TARABA,02-01-2024,0
575,YOBE,02-01-2024,0
575,ZAMFARA,02-01-2024,0
575,FCT,02-01-2024,0
575,FOREIGN,02-01-2024,0
573,ABIA,02-01-2024,7
573,ADAMAWA,02-01-2024,0
573,AKWA IBOM,02-01-2024,2
573,BAUCHI,02-01-2024,0
573,BAYELSA,02-01-2024,0
573,BENUE,02-01-2024,1
573,BORNO,02-01-2024,0
573,CROSS RIVER,02-01-2024,2
573,DELTA,02-01-2024,1
573,EBONYI,02-01-2024,39
573,EDO,02-01-2024,0
573,EKITI,02-01-2024,0
573,ENUGU,02-01-2024,32
573,GOMBE,02-01-2024,0
573,IMO,02-01-2024,1
573,JIGAWA,02-01-2024,0
573,KADUNA,02-01-2024,0
573,KANO,02-01-2024,0
573,KATSINA,02-01-2024,0
573,KEBBI,02-01-2024,0
573,KOGI,02-01-2024,0
573,KWARA,02-01-2024,0
573,LAGOS,02-01-2024,0
573,NASARAWA,02-01-2024,0
573,NIGER,02-01-2024,1
573,OGUN,02-01-2024,0
573,ONDO,02-01-2024,0
573,OSUN,02-01-2024,0
573,OYO,02-01-2024,0
573,PLATEAU,02-01-2024,0
573,RIVERS,02-01-2024,0
573,SOKOTO,02-01-2024,0
573,TARABA,02-01-2024,0
573,YOBE,02-01-2024,0
573,ZAMFARA,02-01-2024,0
573,FCT,02-01-2024,0
573,FOREIGN,02-01-2024,1
577,ABIA,02-01-2024,0
577,ADAMAWA,02-01-2024,0
577,AKWA IBOM,02-01-2024,1
577,BAUCHI,02-01-2024,0
577,BAYELSA,02-01-2024,0
577,BENUE,02-01-2024,0
577,BORNO,02-01-2024,0
577,CROSS RIVER,02-01-2024,1
577,DELTA,02-01-2024,5
577,EBONYI,02-01-2024,24
577,EDO,02-01-2024,0
577,EKITI,02-01-2024,0
577,ENUGU,02-01-2024,78
577,GOMBE,02-01-2024,0
577,IMO,02-01-2024,10
577,JIGAWA,02-01-2024,0
577,KADUNA,02-01-2024,0
577,KANO,02-01-2024,0
577,KATSINA,02-01-2024,0
577,KEBBI,02-01-2024,0
577,KOGI,02-01-2024,0
577,KWARA,02-01-2024,0
577,LAGOS,02-01-2024,0
577,NASARAWA,02-01-2024,0
577,NIGER,02-01-2024,0
577,OGUN,02-01-2024,0
577,ONDO,02-01-2024,0
577,OSUN,02-01-2024,0
577,OYO,02-01-2024,0
577,PLATEAU,02-01-2024,0
577,RIVERS,02-01-2024,1
577,SOKOTO,02-01-2024,0
577,TARABA,02-01-2024,0
577,YOBE,02-01-2024,0
577,ZAMFARA,02-01-2024,0
577,FCT,02-01-2024,0
577,FOREIGN,02-01-2024,0
567,ABIA,02-01-2024,0
567,ADAMAWA,02-01-2024,0
567,AKWA IBOM,02-01-2024,2
567,BAUCHI,02-01-2024,0
567,BAYELSA,02-01-2024,0
567,BENUE,02-01-2024,0
567,BORNO,02-01-2024,0
567,CROSS RIVER,02-01-2024,0
567,DELTA,02-01-2024,2
567,EBONYI,02-01-2024,6
567,EDO,02-01-2024,1
567,EKITI,02-01-2024,0
567,ENUGU,02-01-2024,15
567,GOMBE,02-01-2024,0
567,IMO,02-01-2024,5
567,JIGAWA,02-01-2024,0
567,KADUNA,02-01-2024,0
567,KANO,02-01-2024,0
567,KATSINA,02-01-2024,0
567,KEBBI,02-01-2024,0
567,KOGI,02-01-2024,0
567,KWARA,02-01-2024,0
567,LAGOS,02-01-2024,0
567,NASARAWA,02-01-2024,0
567,NIGER,02-01-2024,0
567,OGUN,02-01-2024,0
567,ONDO,02-01-2024,0
567,OSUN,02-01-2024,0
567,OYO,02-01-2024,0
567,PLATEAU,02-01-2024,1
567,RIVERS,02-01-2024,0
567,SOKOTO,02-01-2024,0
567,TARABA,02-01-2024,0
567,YOBE,02-01-2024,0
567,ZAMFARA,02-01-2024,0
567,FCT,02-01-2024,0
567,FOREIGN,02-01-2024,0
568,ABIA,02-01-2024,0
568,ADAMAWA,02-01-2024,0
568,AKWA IBOM,02-01-2024,0
568,BAUCHI,02-01-2024,0
568,BAYELSA,02-01-2024,0
568,BENUE,02-01-2024,0
568,BORNO,02-01-2024,0
568,CROSS RIVER,02-01-2024,2
568,DELTA,02-01-2024,2
568,EBONYI,02-01-2024,9
568,EDO,02-01-2024,0
568,EKITI,02-01-2024,0
568,ENUGU,02-01-2024,7
568,GOMBE,02-01-2024,0
568,IMO,02-01-2024,2
568,JIGAWA,02-01-2024,0
568,KADUNA,02-01-2024,0
568,KANO,02-01-2024,0
568,KATSINA,02-01-2024,0
568,KEBBI,02-01-2024,0
568,KOGI,02-01-2024,0
568,KWARA,02-01-2024,0
568,LAGOS,02-01-2024,0
568,NASARAWA,02-01-2024,0
568,NIGER,02-01-2024,0
568,OGUN,02-01-2024,0
568,ONDO,02-01-2024,0
568,OSUN,02-01-2024,0
568,OYO,02-01-2024,0
568,PLATEAU,02-01-2024,0
568,RIVERS,02-01-2024,0
568,SOKOTO,02-01-2024,0
568,TARABA,02-01-2024,0
568,YOBE,02-01-2024,0
568,ZAMFARA,02-01-2024,0
568,FCT,02-01-2024,0
568,FOREIGN,02-01-2024,0
572,ABIA,02-01-2024,3
572,ADAMAWA,02-01-2024,0
572,AKWA IBOM,02-01-2024,0
572,BAUCHI,02-01-2024,0
572,BAYELSA,02-01-2024,0
572,BENUE,02-01-2024,6
572,BORNO,02-01-2024,0
572,CROSS RIVER,02-01-2024,0
572,DELTA,02-01-2024,0
572,EBONYI,02-01-2024,44
572,EDO,02-01-2024,0
572,EKITI,02-01-2024,0
572,ENUGU,02-01-2024,35
572,GOMBE,02-01-2024,0
572,IMO,02-01-2024,8
572,JIGAWA,02-01-2024,0
572,KADUNA,02-01-2024,0
572,KANO,02-01-2024,0
572,KATSINA,02-01-2024,0
572,KEBBI,02-01-2024,0
572,KOGI,02-01-2024,0
572,KWARA,02-01-2024,0
572,LAGOS,02-01-2024,0
572,NASARAWA,02-01-2024,0
572,NIGER,02-01-2024,0
572,OGUN,02-01-2024,0
572,ONDO,02-01-2024,0
572,OSUN,02-01-2024,0
572,OYO,02-01-2024,0
572,PLATEAU,02-01-2024,0
572,RIVERS,02-01-2024,0
572,SOKOTO,02-01-2024,0
572,TARABA,02-01-2024,0
572,YOBE,02-01-2024,0
572,ZAMFARA,02-01-2024,0
572,FCT,02-01-2024,0
572,FOREIGN,02-01-2024,0
569,ABIA,02-01-2024,3
569,ADAMAWA,02-01-2024,0
569,AKWA IBOM,02-01-2024,0
569,BAUCHI,02-01-2024,0
569,BAYELSA,02-01-2024,0
569,BENUE,02-01-2024,6
569,BORNO,02-01-2024,0
569,CROSS RIVER,02-01-2024,0
569,DELTA,02-01-2024,1
569,EBONYI,02-01-2024,50
569,EDO,02-01-2024,1
569,EKITI,02-01-2024,0
569,ENUGU,02-01-2024,16
569,GOMBE,02-01-2024,0
569,IMO,02-01-2024,4
569,JIGAWA,02-01-2024,0
569,KADUNA,02-01-2024,0
569,KANO,02-01-2024,0
569,KATSINA,02-01-2024,0
569,KEBBI,02-01-2024,0
569,KOGI,02-01-2024,1
569,KWARA,02-01-2024,0
569,LAGOS,02-01-2024,0
569,NASARAWA,02-01-2024,0
569,NIGER,02-01-2024,0
569,OGUN,02-01-2024,0
569,ONDO,02-01-2024,1
569,OSUN,02-01-2024,0
569,OYO,02-01-2024,0
569,PLATEAU,02-01-2024,0
569,RIVERS,02-01-2024,0
569,SOKOTO,02-01-2024,0
569,TARABA,02-01-2024,0
569,YOBE,02-01-2024,0
569,ZAMFARA,02-01-2024,0
569,FCT,02-01-2024,0
569,FOREIGN,02-01-2024,1
574,ABIA,02-01-2024,7
574,ADAMAWA,02-01-2024,1
574,AKWA IBOM,02-01-2024,0
574,BAUCHI,02-01-2024,0
574,BAYELSA,02-01-2024,0
574,BENUE,02-01-2024,1
574,BORNO,02-01-2024,0
574,CROSS RIVER,02-01-2024,0
574,DELTA,02-01-2024,4
574,EBONYI,02-01-2024,35
574,EDO,02-01-2024,0
574,EKITI,02-01-2024,0
574,ENUGU,02-01-2024,50
574,GOMBE,02-01-2024,0
574,IMO,02-01-2024,8
574,JIGAWA,02-01-2024,0
574,KADUNA,02-01-2024,0
574,KANO,02-01-2024,0
574,KATSINA,02-01-2024,0
574,KEBBI,02-01-2024,1
574,KOGI,02-01-2024,0
574,KWARA,02-01-2024,0
574,LAGOS,02-01-2024,0
574,NASARAWA,02-01-2024,0
574,NIGER,02-01-2024,0
574,OGUN,02-01-2024,0
574,ONDO,02-01-2024,0
574,OSUN,02-01-2024,0
574,OYO,02-01-2024,0
574,PLATEAU,02-01-2024,1
574,RIVERS,02-01-2024,1
574,SOKOTO,02-01-2024,0
574,TARABA,02-01-2024,0
574,YOBE,02-01-2024,0
574,ZAMFARA,02-01-2024,0
574,FCT,02-01-2024,0
574,FOREIGN,02-01-2024,0
576,ABIA,02-01-2024,1
576,ADAMAWA,02-01-2024,5
576,AKWA IBOM,02-01-2024,0
576,BAUCHI,02-01-2024,0
576,BAYELSA,02-01-2024,0
576,BENUE,02-01-2024,0
576,BORNO,02-01-2024,0
576,CROSS RIVER,02-01-2024,8
576,DELTA,02-01-2024,1
576,EBONYI,02-01-2024,53
576,EDO,02-01-2024,0
576,EKITI,02-01-2024,0
576,ENUGU,02-01-2024,35
576,GOMBE,02-01-2024,0
576,IMO,02-01-2024,5
576,JIGAWA,02-01-2024,0
576,KADUNA,02-01-2024,0
576,KANO,02-01-2024,0
576,KATSINA,02-01-2024,0
576,KEBBI,02-01-2024,0
576,KOGI,02-01-2024,0
576,KWARA,02-01-2024,0
576,LAGOS,02-01-2024,0
576,NASARAWA,02-01-2024,0
576,NIGER,02-01-2024,0
576,OGUN,02-01-2024,0
576,ONDO,02-01-2024,0
576,OSUN,02-01-2024,0
576,OYO,02-01-2024,0
576,PLATEAU,02-01-2024,0
576,RIVERS,02-01-2024,0
576,SOKOTO,02-01-2024,0
576,TARABA,02-01-2024,3
576,YOBE,02-01-2024,0
576,ZAMFARA,02-01-2024,0
576,FCT,02-01-2024,0
576,FOREIGN,02-01-2024,0
593,ABIA,02-01-2024,40
593,ADAMAWA,02-01-2024,0
593,AKWA IBOM,02-01-2024,6
593,BAUCHI,02-01-2024,0
593,BAYELSA,02-01-2024,0
593,BENUE,02-01-2024,0
593,BORNO,02-01-2024,0
593,CROSS RIVER,02-01-2024,1
593,DELTA,02-01-2024,4
593,EBONYI,02-01-2024,88
593,EDO,02-01-2024,4
593,EKITI,02-01-2024,0
593,ENUGU,02-01-2024,157
593,GOMBE,02-01-2024,0
593,IMO,02-01-2024,83
593,JIGAWA,02-01-2024,0
593,KADUNA,02-01-2024,0
593,KANO,02-01-2024,0
593,KATSINA,02-01-2024,0
593,KEBBI,02-01-2024,0
593,KOGI,02-01-2024,0
593,KWARA,02-01-2024,0
593,LAGOS,02-01-2024,0
593,NASARAWA,02-01-2024,0
593,NIGER,02-01-2024,0
593,OGUN,02-01-2024,0
593,ONDO,02-01-2024,1
593,OSUN,02-01-2024,1
593,OYO,02-01-2024,0
593,PLATEAU,02-01-2024,0
593,RIVERS,02-01-2024,2
593,SOKOTO,02-01-2024,0
593,TARABA,02-01-2024,0
593,YOBE,02-01-2024,0
593,ZAMFARA,02-01-2024,0
593,FCT,02-01-2024,0
593,FOREIGN,02-01-2024,0
594,ABIA,02-01-2024,44
594,ADAMAWA,02-01-2024,0
594,AKWA IBOM,02-01-2024,4
594,BAUCHI,02-01-2024,0
594,BAYELSA,02-01-2024,0
594,BENUE,02-01-2024,2
594,BORNO,02-01-2024,0
594,CROSS RIVER,02-01-2024,1
594,DELTA,02-01-2024,2
594,EBONYI,02-01-2024,50
594,EDO,02-01-2024,1
594,EKITI,02-01-2024,0
594,ENUGU,02-01-2024,212
594,GOMBE,02-01-2024,0
594,IMO,02-01-2024,92
594,JIGAWA,02-01-2024,0
594,KADUNA,02-01-2024,0
594,KANO,02-01-2024,0
594,KATSINA,02-01-2024,0
594,KEBBI,02-01-2024,0
594,KOGI,02-01-2024,0
594,KWARA,02-01-2024,0
594,LAGOS,02-01-2024,0
594,NASARAWA,02-01-2024,0
594,NIGER,02-01-2024,0
594,OGUN,02-01-2024,0
594,ONDO,02-01-2024,0
594,OSUN,02-01-2024,1
594,OYO,02-01-2024,0
594,PLATEAU,02-01-2024,0
594,RIVERS,02-01-2024,1
594,SOKOTO,02-01-2024,0
594,TARABA,02-01-2024,0
594,YOBE,02-01-2024,0
594,ZAMFARA,02-01-2024,0
594,FCT,02-01-2024,0
594,FOREIGN,02-01-2024,0
596,ABIA,02-01-2024,64
596,ADAMAWA,02-01-2024,1
596,AKWA IBOM,02-01-2024,18
596,BAUCHI,02-01-2024,0
596,BAYELSA,02-01-2024,0
596,BENUE,02-01-2024,5
596,BORNO,02-01-2024,0
596,CROSS RIVER,02-01-2024,4
596,DELTA,02-01-2024,16
596,EBONYI,02-01-2024,221
596,EDO,02-01-2024,3
596,EKITI,02-01-2024,0
596,ENUGU,02-01-2024,361
596,GOMBE,02-01-2024,0
596,IMO,02-01-2024,139
596,JIGAWA,02-01-2024,0
596,KADUNA,02-01-2024,0
596,KANO,02-01-2024,0
596,KATSINA,02-01-2024,0
596,KEBBI,02-01-2024,0
596,KOGI,02-01-2024,2
596,KWARA,02-01-2024,0
596,LAGOS,02-01-2024,0
596,NASARAWA,02-01-2024,0
596,NIGER,02-01-2024,0
596,OGUN,02-01-2024,0
596,ONDO,02-01-2024,2
596,OSUN,02-01-2024,1
596,OYO,02-01-2024,0
596,PLATEAU,02-01-2024,7
596,RIVERS,02-01-2024,2
596,SOKOTO,02-01-2024,0
596,TARABA,02-01-2024,1
596,YOBE,02-01-2024,0
596,ZAMFARA,02-01-2024,0
596,FCT,02-01-2024,0
596,FOREIGN,02-01-2024,0
595,ABIA,02-01-2024,38
595,ADAMAWA,02-01-2024,1
595,AKWA IBOM,02-01-2024,14
595,BAUCHI,02-01-2024,0
595,BAYELSA,02-01-2024,0
595,BENUE,02-01-2024,7
595,BORNO,02-01-2024,0
595,CROSS RIVER,02-01-2024,3
595,DELTA,02-01-2024,3
595,EBONYI,02-01-2024,111
595,EDO,02-01-2024,1
595,EKITI,02-01-2024,0
595,ENUGU,02-01-2024,179
595,GOMBE,02-01-2024,0
595,IMO,02-01-2024,99
595,JIGAWA,02-01-2024,1
595,KADUNA,02-01-2024,0
595,KANO,02-01-2024,0
595,KATSINA,02-01-2024,0
595,KEBBI,02-01-2024,0
595,KOGI,02-01-2024,4
595,KWARA,02-01-2024,1
595,LAGOS,02-01-2024,0
595,NASARAWA,02-01-2024,1
595,NIGER,02-01-2024,0
595,OGUN,02-01-2024,0
595,ONDO,02-01-2024,0
595,OSUN,02-01-2024,0
595,OYO,02-01-2024,0
595,PLATEAU,02-01-2024,13
595,RIVERS,02-01-2024,2
595,SOKOTO,02-01-2024,0
595,TARABA,02-01-2024,0
595,YOBE,02-01-2024,0
595,ZAMFARA,02-01-2024,0
595,FCT,02-01-2024,0
595,FOREIGN,02-01-2024,0
597,ABIA,02-01-2024,45
597,ADAMAWA,02-01-2024,1
597,AKWA IBOM,02-01-2024,14
597,BAUCHI,02-01-2024,0
597,BAYELSA,02-01-2024,1
597,BENUE,02-01-2024,1
597,BORNO,02-01-2024,0
597,CROSS RIVER,02-01-2024,6
597,DELTA,02-01-2024,1
597,EBONYI,02-01-2024,99
597,EDO,02-01-2024,4
597,EKITI,02-01-2024,0
597,ENUGU,02-01-2024,192
597,GOMBE,02-01-2024,0
597,IMO,02-01-2024,89
597,JIGAWA,02-01-2024,0
597,KADUNA,02-01-2024,0
597,KANO,02-01-2024,0
597,KATSINA,02-01-2024,0
597,KEBBI,02-01-2024,4
597,KOGI,02-01-2024,0
597,KWARA,02-01-2024,0
597,LAGOS,02-01-2024,0
597,NASARAWA,02-01-2024,0
597,NIGER,02-01-2024,0
597,OGUN,02-01-2024,0
597,ONDO,02-01-2024,0
597,OSUN,02-01-2024,1
597,OYO,02-01-2024,2
597,PLATEAU,02-01-2024,5
597,RIVERS,02-01-2024,1
597,SOKOTO,02-01-2024,0
597,TARABA,02-01-2024,1
597,YOBE,02-01-2024,0
597,ZAMFARA,02-01-2024,0
597,FCT,02-01-2024,0
597,FOREIGN,02-01-2024,1
598,ABIA,02-01-2024,29
598,ADAMAWA,02-01-2024,10
598,AKWA IBOM,02-01-2024,0
598,BAUCHI,02-01-2024,0
598,BAYELSA,02-01-2024,0
598,BENUE,02-01-2024,1
598,BORNO,02-01-2024,0
598,CROSS RIVER,02-01-2024,1
598,DELTA,02-01-2024,1
598,EBONYI,02-01-2024,107
598,EDO,02-01-2024,3
598,EKITI,02-01-2024,0
598,ENUGU,02-01-2024,109
598,GOMBE,02-01-2024,0
598,IMO,02-01-2024,40
598,JIGAWA,02-01-2024,0
598,KADUNA,02-01-2024,0
598,KANO,02-01-2024,0
598,KATSINA,02-01-2024,0
598,KEBBI,02-01-2024,0
598,KOGI,02-01-2024,2
598,KWARA,02-01-2024,0
598,LAGOS,02-01-2024,0
598,NASARAWA,02-01-2024,0
598,NIGER,02-01-2024,0
598,OGUN,02-01-2024,0
598,ONDO,02-01-2024,0
598,OSUN,02-01-2024,0
598,OYO,02-01-2024,1
598,PLATEAU,02-01-2024,1
598,RIVERS,02-01-2024,0
598,SOKOTO,02-01-2024,0
598,TARABA,02-01-2024,1
598,YOBE,02-01-2024,0
598,ZAMFARA,02-01-2024,0
598,FCT,02-01-2024,0
598,FOREIGN,02-01-2024,1
592,ABIA,02-01-2024,68
592,ADAMAWA,02-01-2024,4
592,AKWA IBOM,02-01-2024,16
592,BAUCHI,02-01-2024,0
592,BAYELSA,02-01-2024,0
592,BENUE,02-01-2024,6
592,BORNO,02-01-2024,0
592,CROSS RIVER,02-01-2024,4
592,DELTA,02-01-2024,5
592,EBONYI,02-01-2024,250
592,EDO,02-01-2024,0
592,EKITI,02-01-2024,0
592,ENUGU,02-01-2024,354
592,GOMBE,02-01-2024,0
592,IMO,02-01-2024,154
592,JIGAWA,02-01-2024,0
592,KADUNA,02-01-2024,1
592,KANO,02-01-2024,0
592,KATSINA,02-01-2024,0
592,KEBBI,02-01-2024,1
592,KOGI,02-01-2024,0
592,KWARA,02-01-2024,0
592,LAGOS,02-01-2024,0
592,NASARAWA,02-01-2024,0
592,NIGER,02-01-2024,0
592,OGUN,02-01-2024,0
592,ONDO,02-01-2024,0
592,OSUN,02-01-2024,2
592,OYO,02-01-2024,1
592,PLATEAU,02-01-2024,1
592,RIVERS,02-01-2024,4
592,SOKOTO,02-01-2024,0
592,TARABA,02-01-2024,0
592,YOBE,02-01-2024,0
592,ZAMFARA,02-01-2024,0
592,FCT,02-01-2024,0
592,FOREIGN,02-01-2024,0
591,ABIA,02-01-2024,33
591,ADAMAWA,02-01-2024,0
591,AKWA IBOM,02-01-2024,1
591,BAUCHI,02-01-2024,0
591,BAYELSA,02-01-2024,0
591,BENUE,02-01-2024,1
591,BORNO,02-01-2024,0
591,CROSS RIVER,02-01-2024,1
591,DELTA,02-01-2024,12
591,EBONYI,02-01-2024,328
591,EDO,02-01-2024,1
591,EKITI,02-01-2024,0
591,ENUGU,02-01-2024,225
591,GOMBE,02-01-2024,0
591,IMO,02-01-2024,88
591,JIGAWA,02-01-2024,0
591,KADUNA,02-01-2024,0
591,KANO,02-01-2024,0
591,KATSINA,02-01-2024,1
591,KEBBI,02-01-2024,0
591,KOGI,02-01-2024,0
591,KWARA,02-01-2024,0
591,LAGOS,02-01-2024,0
591,NASARAWA,02-01-2024,1
591,NIGER,02-01-2024,0
591,OGUN,02-01-2024,0
591,ONDO,02-01-2024,0
591,OSUN,02-01-2024,0
591,OYO,02-01-2024,0
591,PLATEAU,02-01-2024,12
591,RIVERS,02-01-2024,0
591,SOKOTO,02-01-2024,0
591,TARABA,02-01-2024,0
591,YOBE,02-01-2024,0
591,ZAMFARA,02-01-2024,0
591,FCT,02-01-2024,0
591,FOREIGN,02-01-2024,0
680,ABIA,02-01-2024,7
680,ADAMAWA,02-01-2024,0
680,AKWA IBOM,02-01-2024,2
680,BAUCHI,02-01-2024,0
680,BAYELSA,02-01-2024,0
680,BENUE,02-01-2024,0
680,BORNO,02-01-2024,0
680,CROSS RIVER,02-01-2024,0
680,DELTA,02-01-2024,0
680,EBONYI,02-01-2024,56
680,EDO,02-01-2024,0
680,EKITI,02-01-2024,0
680,ENUGU,02-01-2024,47
680,GOMBE,02-01-2024,0
680,IMO,02-01-2024,13
680,JIGAWA,02-01-2024,0
680,KADUNA,02-01-2024,0
680,KANO,02-01-2024,0
680,KATSINA,02-01-2024,0
680,KEBBI,02-01-2024,0
680,KOGI,02-01-2024,1
680,KWARA,02-01-2024,1
680,LAGOS,02-01-2024,0
680,NASARAWA,02-01-2024,0
680,NIGER,02-01-2024,0
680,OGUN,02-01-2024,1
680,ONDO,02-01-2024,0
680,OSUN,02-01-2024,1
680,OYO,02-01-2024,0
680,PLATEAU,02-01-2024,1
680,RIVERS,02-01-2024,2
680,SOKOTO,02-01-2024,0
680,TARABA,02-01-2024,0
680,YOBE,02-01-2024,0
680,ZAMFARA,02-01-2024,0
680,FCT,02-01-2024,0
680,FOREIGN,02-01-2024,0
671,ABIA,02-01-2024,3
671,ADAMAWA,02-01-2024,0
671,AKWA IBOM,02-01-2024,1
671,BAUCHI,02-01-2024,0
671,BAYELSA,02-01-2024,0
671,BENUE,02-01-2024,0
671,BORNO,02-01-2024,0
671,CROSS RIVER,02-01-2024,1
671,DELTA,02-01-2024,3
671,EBONYI,02-01-2024,75
671,EDO,02-01-2024,0
671,EKITI,02-01-2024,1
671,ENUGU,02-01-2024,57
671,GOMBE,02-01-2024,0
671,IMO,02-01-2024,36
671,JIGAWA,02-01-2024,0
671,KADUNA,02-01-2024,0
671,KANO,02-01-2024,0
671,KATSINA,02-01-2024,0
671,KEBBI,02-01-2024,0
671,KOGI,02-01-2024,1
671,KWARA,02-01-2024,0
671,LAGOS,02-01-2024,2
671,NASARAWA,02-01-2024,0
671,NIGER,02-01-2024,0
671,OGUN,02-01-2024,0
671,ONDO,02-01-2024,0
671,OSUN,02-01-2024,0
671,OYO,02-01-2024,0
671,PLATEAU,02-01-2024,1
671,RIVERS,02-01-2024,0
671,SOKOTO,02-01-2024,0
671,TARABA,02-01-2024,0
671,YOBE,02-01-2024,0
671,ZAMFARA,02-01-2024,0
671,FCT,02-01-2024,0
671,FOREIGN,02-01-2024,0
669,ABIA,02-01-2024,2
669,ADAMAWA,02-01-2024,0
669,AKWA IBOM,02-01-2024,1
669,BAUCHI,02-01-2024,1
669,BAYELSA,02-01-2024,0
669,BENUE,02-01-2024,0
669,BORNO,02-01-2024,0
669,CROSS RIVER,02-01-2024,1
669,DELTA,02-01-2024,0
669,EBONYI,02-01-2024,29
669,EDO,02-01-2024,0
669,EKITI,02-01-2024,0
669,ENUGU,02-01-2024,15
669,GOMBE,02-01-2024,0
669,IMO,02-01-2024,9
669,JIGAWA,02-01-2024,0
669,KADUNA,02-01-2024,0
669,KANO,02-01-2024,0
669,KATSINA,02-01-2024,0
669,KEBBI,02-01-2024,0
669,KOGI,02-01-2024,0
669,KWARA,02-01-2024,0
669,LAGOS,02-01-2024,0
669,NASARAWA,02-01-2024,0
669,NIGER,02-01-2024,0
669,OGUN,02-01-2024,0
669,ONDO,02-01-2024,0
669,OSUN,02-01-2024,0
669,OYO,02-01-2024,0
669,PLATEAU,02-01-2024,0
669,RIVERS,02-01-2024,0
669,SOKOTO,02-01-2024,0
669,TARABA,02-01-2024,0
669,YOBE,02-01-2024,0
669,ZAMFARA,02-01-2024,0
669,FCT,02-01-2024,0
669,FOREIGN,02-01-2024,0
672,ABIA,02-01-2024,1
672,ADAMAWA,02-01-2024,0
672,AKWA IBOM,02-01-2024,0
672,BAUCHI,02-01-2024,0
672,BAYELSA,02-01-2024,0
672,BENUE,02-01-2024,0
672,BORNO,02-01-2024,0
672,CROSS RIVER,02-01-2024,0
672,DELTA,02-01-2024,1
672,EBONYI,02-01-2024,4
672,EDO,02-01-2024,0
672,EKITI,02-01-2024,0
672,ENUGU,02-01-2024,2
672,GOMBE,02-01-2024,0
672,IMO,02-01-2024,4
672,JIGAWA,02-01-2024,0
672,KADUNA,02-01-2024,0
672,KANO,02-01-2024,0
672,KATSINA,02-01-2024,0
672,KEBBI,02-01-2024,0
672,KOGI,02-01-2024,0
672,KWARA,02-01-2024,0
672,LAGOS,02-01-2024,0
672,NASARAWA,02-01-2024,0
672,NIGER,02-01-2024,0
672,OGUN,02-01-2024,0
672,ONDO,02-01-2024,0
672,OSUN,02-01-2024,0
672,OYO,02-01-2024,0
672,PLATEAU,02-01-2024,0
672,RIVERS,02-01-2024,1
672,SOKOTO,02-01-2024,0
672,TARABA,02-01-2024,0
672,YOBE,02-01-2024,0
672,ZAMFARA,02-01-2024,0
672,FCT,02-01-2024,0
672,FOREIGN,02-01-2024,0
673,ABIA,02-01-2024,3
673,ADAMAWA,02-01-2024,0
673,AKWA IBOM,02-01-2024,1
673,BAUCHI,02-01-2024,0
673,BAYELSA,02-01-2024,0
673,BENUE,02-01-2024,1
673,BORNO,02-01-2024,0
673,CROSS RIVER,02-01-2024,0
673,DELTA,02-01-2024,2
673,EBONYI,02-01-2024,24
673,EDO,02-01-2024,0
673,EKITI,02-01-2024,0
673,ENUGU,02-01-2024,9
673,GOMBE,02-01-2024,0
673,IMO,02-01-2024,9
673,JIGAWA,02-01-2024,0
673,KADUNA,02-01-2024,0
673,KANO,02-01-2024,0
673,KATSINA,02-01-2024,0
673,KEBBI,02-01-2024,0
673,KOGI,02-01-2024,1
673,KWARA,02-01-2024,0
673,LAGOS,02-01-2024,0
673,NASARAWA,02-01-2024,0
673,NIGER,02-01-2024,0
673,OGUN,02-01-2024,0
673,ONDO,02-01-2024,0
673,OSUN,02-01-2024,0
673,OYO,02-01-2024,0
673,PLATEAU,02-01-2024,0
673,RIVERS,02-01-2024,1
673,SOKOTO,02-01-2024,0
673,TARABA,02-01-2024,0
673,YOBE,02-01-2024,0
673,ZAMFARA,02-01-2024,0
673,FCT,02-01-2024,0
673,FOREIGN,02-01-2024,0
667,ABIA,02-01-2024,0
667,ADAMAWA,02-01-2024,0
667,AKWA IBOM,02-01-2024,0
667,BAUCHI,02-01-2024,0
667,BAYELSA,02-01-2024,0
667,BENUE,02-01-2024,0
667,BORNO,02-01-2024,0
667,CROSS RIVER,02-01-2024,0
667,DELTA,02-01-2024,0
667,EBONYI,02-01-2024,0
667,EDO,02-01-2024,0
667,EKITI,02-01-2024,0
667,ENUGU,02-01-2024,0
667,GOMBE,02-01-2024,0
667,IMO,02-01-2024,0
667,JIGAWA,02-01-2024,0
667,KADUNA,02-01-2024,0
667,KANO,02-01-2024,0
667,KATSINA,02-01-2024,0
667,KEBBI,02-01-2024,0
667,KOGI,02-01-2024,0
667,KWARA,02-01-2024,0
667,LAGOS,02-01-2024,0
667,NASARAWA,02-01-2024,0
667,NIGER,02-01-2024,0
667,OGUN,02-01-2024,0
667,ONDO,02-01-2024,0
667,OSUN,02-01-2024,0
667,OYO,02-01-2024,0
667,PLATEAU,02-01-2024,0
667,RIVERS,02-01-2024,0
667,SOKOTO,02-01-2024,0
667,TARABA,02-01-2024,0
667,YOBE,02-01-2024,0
667,ZAMFARA,02-01-2024,0
667,FCT,02-01-2024,0
667,FOREIGN,02-01-2024,0
666,ABIA,02-01-2024,0
666,ADAMAWA,02-01-2024,0
666,AKWA IBOM,02-01-2024,0
666,BAUCHI,02-01-2024,0
666,BAYELSA,02-01-2024,0
666,BENUE,02-01-2024,0
666,BORNO,02-01-2024,0
666,CROSS RIVER,02-01-2024,0
666,DELTA,02-01-2024,0
666,EBONYI,02-01-2024,3
666,EDO,02-01-2024,0
666,EKITI,02-01-2024,0
666,ENUGU,02-01-2024,2
666,GOMBE,02-01-2024,0
666,IMO,02-01-2024,9
666,JIGAWA,02-01-2024,0
666,KADUNA,02-01-2024,0
666,KANO,02-01-2024,0
666,KATSINA,02-01-2024,0
666,KEBBI,02-01-2024,0
666,KOGI,02-01-2024,0
666,KWARA,02-01-2024,0
666,LAGOS,02-01-2024,0
666,NASARAWA,02-01-2024,0
666,NIGER,02-01-2024,0
666,OGUN,02-01-2024,0
666,ONDO,02-01-2024,0
666,OSUN,02-01-2024,0
666,OYO,02-01-2024,0
666,PLATEAU,02-01-2024,0
666,RIVERS,02-01-2024,0
666,SOKOTO,02-01-2024,0
666,TARABA,02-01-2024,0
666,YOBE,02-01-2024,0
666,ZAMFARA,02-01-2024,0
666,FCT,02-01-2024,0
666,FOREIGN,02-01-2024,0
677,ABIA,02-01-2024,3
677,ADAMAWA,02-01-2024,0
677,AKWA IBOM,02-01-2024,0
677,BAUCHI,02-01-2024,0
677,BAYELSA,02-01-2024,0
677,BENUE,02-01-2024,0
677,BORNO,02-01-2024,0
677,CROSS RIVER,02-01-2024,0
677,DELTA,02-01-2024,0
677,EBONYI,02-01-2024,3
677,EDO,02-01-2024,0
677,EKITI,02-01-2024,0
677,ENUGU,02-01-2024,0
677,GOMBE,02-01-2024,0
677,IMO,02-01-2024,2
677,JIGAWA,02-01-2024,0
677,KADUNA,02-01-2024,0
677,KANO,02-01-2024,0
677,KATSINA,02-01-2024,0
677,KEBBI,02-01-2024,0
677,KOGI,02-01-2024,0
677,KWARA,02-01-2024,0
677,LAGOS,02-01-2024,0
677,NASARAWA,02-01-2024,0
677,NIGER,02-01-2024,0
677,OGUN,02-01-2024,0
677,ONDO,02-01-2024,0
677,OSUN,02-01-2024,0
677,OYO,02-01-2024,0
677,PLATEAU,02-01-2024,0
677,RIVERS,02-01-2024,0
677,SOKOTO,02-01-2024,0
677,TARABA,02-01-2024,0
677,YOBE,02-01-2024,0
677,ZAMFARA,02-01-2024,0
677,FCT,02-01-2024,0
677,FOREIGN,02-01-2024,0
668,ABIA,02-01-2024,15
668,ADAMAWA,02-01-2024,0
668,AKWA IBOM,02-01-2024,5
668,BAUCHI,02-01-2024,0
668,BAYELSA,02-01-2024,0
668,BENUE,02-01-2024,0
668,BORNO,02-01-2024,0
668,CROSS RIVER,02-01-2024,0
668,DELTA,02-01-2024,0
668,EBONYI,02-01-2024,24
668,EDO,02-01-2024,0
668,EKITI,02-01-2024,1
668,ENUGU,02-01-2024,32
668,GOMBE,02-01-2024,0
668,IMO,02-01-2024,17
668,JIGAWA,02-01-2024,0
668,KADUNA,02-01-2024,0
668,KANO,02-01-2024,0
668,KATSINA,02-01-2024,0
668,KEBBI,02-01-2024,0
668,KOGI,02-01-2024,2
668,KWARA,02-01-2024,0
668,LAGOS,02-01-2024,0
668,NASARAWA,02-01-2024,0
668,NIGER,02-01-2024,0
668,OGUN,02-01-2024,0
668,ONDO,02-01-2024,0
668,OSUN,02-01-2024,0
668,OYO,02-01-2024,0
668,PLATEAU,02-01-2024,0
668,RIVERS,02-01-2024,0
668,SOKOTO,02-01-2024,0
668,TARABA,02-01-2024,0
668,YOBE,02-01-2024,0
668,ZAMFARA,02-01-2024,0
668,FCT,02-01-2024,0
668,FOREIGN,02-01-2024,0
674,ABIA,02-01-2024,0
674,ADAMAWA,02-01-2024,0
674,AKWA IBOM,02-01-2024,0
674,BAUCHI,02-01-2024,0
674,BAYELSA,02-01-2024,0
674,BENUE,02-01-2024,0
674,BORNO,02-01-2024,0
674,CROSS RIVER,02-01-2024,0
674,DELTA,02-01-2024,0
674,EBONYI,02-01-2024,0
674,EDO,02-01-2024,0
674,EKITI,02-01-2024,0
674,ENUGU,02-01-2024,0
674,GOMBE,02-01-2024,0
674,IMO,02-01-2024,0
674,JIGAWA,02-01-2024,0
674,KADUNA,02-01-2024,0
674,KANO,02-01-2024,0
674,KATSINA,02-01-2024,0
674,KEBBI,02-01-2024,0
674,KOGI,02-01-2024,0
674,KWARA,02-01-2024,0
674,LAGOS,02-01-2024,0
674,NASARAWA,02-01-2024,0
674,NIGER,02-01-2024,0
674,OGUN,02-01-2024,0
674,ONDO,02-01-2024,0
674,OSUN,02-01-2024,0
674,OYO,02-01-2024,0
674,PLATEAU,02-01-2024,0
674,RIVERS,02-01-2024,0
674,SOKOTO,02-01-2024,0
674,TARABA,02-01-2024,0
674,YOBE,02-01-2024,0
674,ZAMFARA,02-01-2024,0
674,FCT,02-01-2024,0
674,FOREIGN,02-01-2024,0
679,ABIA,02-01-2024,10
679,ADAMAWA,02-01-2024,0
679,AKWA IBOM,02-01-2024,0
679,BAUCHI,02-01-2024,0
679,BAYELSA,02-01-2024,0
679,BENUE,02-01-2024,2
679,BORNO,02-01-2024,0
679,CROSS RIVER,02-01-2024,2
679,DELTA,02-01-2024,1
679,EBONYI,02-01-2024,23
679,EDO,02-01-2024,0
679,EKITI,02-01-2024,0
679,ENUGU,02-01-2024,35
679,GOMBE,02-01-2024,0
679,IMO,02-01-2024,23
679,JIGAWA,02-01-2024,0
679,KADUNA,02-01-2024,0
679,KANO,02-01-2024,0
679,KATSINA,02-01-2024,0
679,KEBBI,02-01-2024,0
679,KOGI,02-01-2024,0
679,KWARA,02-01-2024,2
679,LAGOS,02-01-2024,0
679,NASARAWA,02-01-2024,0
679,NIGER,02-01-2024,0
679,OGUN,02-01-2024,0
679,ONDO,02-01-2024,1
679,OSUN,02-01-2024,0
679,OYO,02-01-2024,0
679,PLATEAU,02-01-2024,0
679,RIVERS,02-01-2024,1
679,SOKOTO,02-01-2024,0
679,TARABA,02-01-2024,0
679,YOBE,02-01-2024,0
679,ZAMFARA,02-01-2024,0
679,FCT,02-01-2024,0
679,FOREIGN,02-01-2024,0
681,ABIA,02-01-2024,0
681,ADAMAWA,02-01-2024,0
681,AKWA IBOM,02-01-2024,0
681,BAUCHI,02-01-2024,0
681,BAYELSA,02-01-2024,0
681,BENUE,02-01-2024,0
681,BORNO,02-01-2024,0
681,CROSS RIVER,02-01-2024,0
681,DELTA,02-01-2024,0
681,EBONYI,02-01-2024,0
681,EDO,02-01-2024,0
681,EKITI,02-01-2024,0
681,ENUGU,02-01-2024,0
681,GOMBE,02-01-2024,0
681,IMO,02-01-2024,0
681,JIGAWA,02-01-2024,0
681,KADUNA,02-01-2024,0
681,KANO,02-01-2024,0
681,KATSINA,02-01-2024,0
681,KEBBI,02-01-2024,0
681,KOGI,02-01-2024,0
681,KWARA,02-01-2024,0
681,LAGOS,02-01-2024,0
681,NASARAWA,02-01-2024,0
681,NIGER,02-01-2024,0
681,OGUN,02-01-2024,0
681,ONDO,02-01-2024,0
681,OSUN,02-01-2024,0
681,OYO,02-01-2024,0
681,PLATEAU,02-01-2024,0
681,RIVERS,02-01-2024,0
681,SOKOTO,02-01-2024,0
681,TARABA,02-01-2024,0
681,YOBE,02-01-2024,0
681,ZAMFARA,02-01-2024,0
681,FCT,02-01-2024,0
681,FOREIGN,02-01-2024,0
678,ABIA,02-01-2024,4
678,ADAMAWA,02-01-2024,0
678,AKWA IBOM,02-01-2024,0
678,BAUCHI,02-01-2024,0
678,BAYELSA,02-01-2024,0
678,BENUE,02-01-2024,0
678,BORNO,02-01-2024,0
678,CROSS RIVER,02-01-2024,1
678,DELTA,02-01-2024,0
678,EBONYI,02-01-2024,3
678,EDO,02-01-2024,0
678,EKITI,02-01-2024,0
678,ENUGU,02-01-2024,6
678,GOMBE,02-01-2024,0
678,IMO,02-01-2024,7
678,JIGAWA,02-01-2024,0
678,KADUNA,02-01-2024,0
678,KANO,02-01-2024,0
678,KATSINA,02-01-2024,0
678,KEBBI,02-01-2024,0
678,KOGI,02-01-2024,0
678,KWARA,02-01-2024,0
678,LAGOS,02-01-2024,0
678,NASARAWA,02-01-2024,0
678,NIGER,02-01-2024,0
678,OGUN,02-01-2024,0
678,ONDO,02-01-2024,0
678,OSUN,02-01-2024,0
678,OYO,02-01-2024,0
678,PLATEAU,02-01-2024,0
678,RIVERS,02-01-2024,0
678,SOKOTO,02-01-2024,0
678,TARABA,02-01-2024,0
678,YOBE,02-01-2024,0
678,ZAMFARA,02-01-2024,0
678,FCT,02-01-2024,0
678,FOREIGN,02-01-2024,0
682,ABIA,02-01-2024,12
682,ADAMAWA,02-01-2024,0
682,AKWA IBOM,02-01-2024,2
682,BAUCHI,02-01-2024,0
682,BAYELSA,02-01-2024,0
682,BENUE,02-01-2024,1
682,BORNO,02-01-2024,0
682,CROSS RIVER,02-01-2024,4
682,DELTA,02-01-2024,0
682,EBONYI,02-01-2024,21
682,EDO,02-01-2024,0
682,EKITI,02-01-2024,0
682,ENUGU,02-01-2024,27
682,GOMBE,02-01-2024,0
682,IMO,02-01-2024,9
682,JIGAWA,02-01-2024,0
682,KADUNA,02-01-2024,0
682,KANO,02-01-2024,0
682,KATSINA,02-01-2024,0
682,KEBBI,02-01-2024,0
682,KOGI,02-01-2024,1
682,KWARA,02-01-2024,0
682,LAGOS,02-01-2024,0
682,NASARAWA,02-01-2024,0
682,NIGER,02-01-2024,0
682,OGUN,02-01-2024,0
682,ONDO,02-01-2024,1
682,OSUN,02-01-2024,0
682,OYO,02-01-2024,0
682,PLATEAU,02-01-2024,0
682,RIVERS,02-01-2024,0
682,SOKOTO,02-01-2024,0
682,TARABA,02-01-2024,0
682,YOBE,02-01-2024,0
682,ZAMFARA,02-01-2024,0
682,FCT,02-01-2024,0
682,FOREIGN,02-01-2024,0
676,ABIA,02-01-2024,1
676,ADAMAWA,02-01-2024,0
676,AKWA IBOM,02-01-2024,1
676,BAUCHI,02-01-2024,0
676,BAYELSA,02-01-2024,0
676,BENUE,02-01-2024,0
676,BORNO,02-01-2024,0
676,CROSS RIVER,02-01-2024,1
676,DELTA,02-01-2024,0
676,EBONYI,02-01-2024,2
676,EDO,02-01-2024,0
676,EKITI,02-01-2024,0
676,ENUGU,02-01-2024,4
676,GOMBE,02-01-2024,0
676,IMO,02-01-2024,1
676,JIGAWA,02-01-2024,0
676,KADUNA,02-01-2024,0
676,KANO,02-01-2024,0
676,KATSINA,02-01-2024,0
676,KEBBI,02-01-2024,0
676,KOGI,02-01-2024,0
676,KWARA,02-01-2024,0
676,LAGOS,02-01-2024,0
676,NASARAWA,02-01-2024,0
676,NIGER,02-01-2024,0
676,OGUN,02-01-2024,0
676,ONDO,02-01-2024,0
676,OSUN,02-01-2024,0
676,OYO,02-01-2024,0
676,PLATEAU,02-01-2024,0
676,RIVERS,02-01-2024,0
676,SOKOTO,02-01-2024,0
676,TARABA,02-01-2024,0
676,YOBE,02-01-2024,0
676,ZAMFARA,02-01-2024,0
676,FCT,02-01-2024,0
676,FOREIGN,02-01-2024,0
670,ABIA,02-01-2024,0
670,ADAMAWA,02-01-2024,0
670,AKWA IBOM,02-01-2024,0
670,BAUCHI,02-01-2024,0
670,BAYELSA,02-01-2024,0
670,BENUE,02-01-2024,0
670,BORNO,02-01-2024,0
670,CROSS RIVER,02-01-2024,0
670,DELTA,02-01-2024,0
670,EBONYI,02-01-2024,1
670,EDO,02-01-2024,0
670,EKITI,02-01-2024,0
670,ENUGU,02-01-2024,2
670,GOMBE,02-01-2024,0
670,IMO,02-01-2024,5
670,JIGAWA,02-01-2024,0
670,KADUNA,02-01-2024,0
670,KANO,02-01-2024,0
670,KATSINA,02-01-2024,0
670,KEBBI,02-01-2024,0
670,KOGI,02-01-2024,0
670,KWARA,02-01-2024,0
670,LAGOS,02-01-2024,0
670,NASARAWA,02-01-2024,0
670,NIGER,02-01-2024,0
670,OGUN,02-01-2024,0
670,ONDO,02-01-2024,0
670,OSUN,02-01-2024,0
670,OYO,02-01-2024,0
670,PLATEAU,02-01-2024,0
670,RIVERS,02-01-2024,0
670,SOKOTO,02-01-2024,0
670,TARABA,02-01-2024,0
670,YOBE,02-01-2024,0
670,ZAMFARA,02-01-2024,0
670,FCT,02-01-2024,0
670,FOREIGN,02-01-2024,0
675,ABIA,02-01-2024,0
675,ADAMAWA,02-01-2024,0
675,AKWA IBOM,02-01-2024,0
675,BAUCHI,02-01-2024,0
675,BAYELSA,02-01-2024,0
675,BENUE,02-01-2024,0
675,BORNO,02-01-2024,0
675,CROSS RIVER,02-01-2024,0
675,DELTA,02-01-2024,0
675,EBONYI,02-01-2024,3
675,EDO,02-01-2024,0
675,EKITI,02-01-2024,0
675,ENUGU,02-01-2024,0
675,GOMBE,02-01-2024,0
675,IMO,02-01-2024,5
675,JIGAWA,02-01-2024,0
675,KADUNA,02-01-2024,0
675,KANO,02-01-2024,0
675,KATSINA,02-01-2024,0
675,KEBBI,02-01-2024,0
675,KOGI,02-01-2024,0
675,KWARA,02-01-2024,0
675,LAGOS,02-01-2024,1
675,NASARAWA,02-01-2024,0
675,NIGER,02-01-2024,0
675,OGUN,02-01-2024,0
675,ONDO,02-01-2024,0
675,OSUN,02-01-2024,0
675,OYO,02-01-2024,0
675,PLATEAU,02-01-2024,0
675,RIVERS,02-01-2024,0
675,SOKOTO,02-01-2024,0
675,TARABA,02-01-2024,0
675,YOBE,02-01-2024,0
675,ZAMFARA,02-01-2024,0
675,FCT,02-01-2024,0
675,FOREIGN,02-01-2024,0
292,ABIA,02-01-2024,26
292,ADAMAWA,02-01-2024,0
292,AKWA IBOM,02-01-2024,5
292,BAUCHI,02-01-2024,0
292,BAYELSA,02-01-2024,0
292,BENUE,02-01-2024,0
292,BORNO,02-01-2024,0
292,CROSS RIVER,02-01-2024,2
292,DELTA,02-01-2024,12
292,EBONYI,02-01-2024,161
292,EDO,02-01-2024,1
292,EKITI,02-01-2024,0
292,ENUGU,02-01-2024,76
292,GOMBE,02-01-2024,0
292,IMO,02-01-2024,33
292,JIGAWA,02-01-2024,0
292,KADUNA,02-01-2024,0
292,KANO,02-01-2024,0
292,KATSINA,02-01-2024,0
292,KEBBI,02-01-2024,0
292,KOGI,02-01-2024,3
292,KWARA,02-01-2024,0
292,LAGOS,02-01-2024,0
292,NASARAWA,02-01-2024,2
292,NIGER,02-01-2024,0
292,OGUN,02-01-2024,6
292,ONDO,02-01-2024,2
292,OSUN,02-01-2024,1
292,OYO,02-01-2024,0
292,PLATEAU,02-01-2024,2
292,RIVERS,02-01-2024,0
292,SOKOTO,02-01-2024,0
292,TARABA,02-01-2024,0
292,YOBE,02-01-2024,0
292,ZAMFARA,02-01-2024,0
292,FCT,02-01-2024,0
292,FOREIGN,02-01-2024,4
290,ABIA,02-01-2024,1
290,ADAMAWA,02-01-2024,0
290,AKWA IBOM,02-01-2024,0
290,BAUCHI,02-01-2024,0
290,BAYELSA,02-01-2024,0
290,BENUE,02-01-2024,0
290,BORNO,02-01-2024,0
290,CROSS RIVER,02-01-2024,0
290,DELTA,02-01-2024,0
290,EBONYI,02-01-2024,4
290,EDO,02-01-2024,0
290,EKITI,02-01-2024,0
290,ENUGU,02-01-2024,6
290,GOMBE,02-01-2024,0
290,IMO,02-01-2024,9
290,JIGAWA,02-01-2024,0
290,KADUNA,02-01-2024,0
290,KANO,02-01-2024,0
290,KATSINA,02-01-2024,0
290,KEBBI,02-01-2024,0
290,KOGI,02-01-2024,0
290,KWARA,02-01-2024,0
290,LAGOS,02-01-2024,0
290,NASARAWA,02-01-2024,0
290,NIGER,02-01-2024,0
290,OGUN,02-01-2024,0
290,ONDO,02-01-2024,0
290,OSUN,02-01-2024,0
290,OYO,02-01-2024,0
290,PLATEAU,02-01-2024,0
290,RIVERS,02-01-2024,0
290,SOKOTO,02-01-2024,0
290,TARABA,02-01-2024,0
290,YOBE,02-01-2024,0
290,ZAMFARA,02-01-2024,0
290,FCT,02-01-2024,0
290,FOREIGN,02-01-2024,0
286,ABIA,02-01-2024,3
286,ADAMAWA,02-01-2024,0
286,AKWA IBOM,02-01-2024,0
286,BAUCHI,02-01-2024,0
286,BAYELSA,02-01-2024,0
286,BENUE,02-01-2024,0
286,BORNO,02-01-2024,0
286,CROSS RIVER,02-01-2024,1
286,DELTA,02-01-2024,0
286,EBONYI,02-01-2024,5
286,EDO,02-01-2024,0
286,EKITI,02-01-2024,0
286,ENUGU,02-01-2024,15
286,GOMBE,02-01-2024,0
286,IMO,02-01-2024,18
286,JIGAWA,02-01-2024,0
286,KADUNA,02-01-2024,0
286,KANO,02-01-2024,0
286,KATSINA,02-01-2024,0
286,KEBBI,02-01-2024,0
286,KOGI,02-01-2024,0
286,KWARA,02-01-2024,0
286,LAGOS,02-01-2024,0
286,NASARAWA,02-01-2024,0
286,NIGER,02-01-2024,0
286,OGUN,02-01-2024,0
286,ONDO,02-01-2024,0
286,OSUN,02-01-2024,0
286,OYO,02-01-2024,0
286,PLATEAU,02-01-2024,0
286,RIVERS,02-01-2024,0
286,SOKOTO,02-01-2024,0
286,TARABA,02-01-2024,0
286,YOBE,02-01-2024,0
286,ZAMFARA,02-01-2024,0
286,FCT,02-01-2024,0
286,FOREIGN,02-01-2024,0
288,ABIA,02-01-2024,13
288,ADAMAWA,02-01-2024,0
288,AKWA IBOM,02-01-2024,11
288,BAUCHI,02-01-2024,0
288,BAYELSA,02-01-2024,0
288,BENUE,02-01-2024,0
288,BORNO,02-01-2024,0
288,CROSS RIVER,02-01-2024,23
288,DELTA,02-01-2024,2
288,EBONYI,02-01-2024,93
288,EDO,02-01-2024,3
288,EKITI,02-01-2024,0
288,ENUGU,02-01-2024,63
288,GOMBE,02-01-2024,0
288,IMO,02-01-2024,68
288,JIGAWA,02-01-2024,0
288,KADUNA,02-01-2024,0
288,KANO,02-01-2024,0
288,KATSINA,02-01-2024,0
288,KEBBI,02-01-2024,0
288,KOGI,02-01-2024,4
288,KWARA,02-01-2024,0
288,LAGOS,02-01-2024,1
288,NASARAWA,02-01-2024,0
288,NIGER,02-01-2024,0
288,OGUN,02-01-2024,0
288,ONDO,02-01-2024,0
288,OSUN,02-01-2024,3
288,OYO,02-01-2024,0
288,PLATEAU,02-01-2024,4
288,RIVERS,02-01-2024,4
288,SOKOTO,02-01-2024,0
288,TARABA,02-01-2024,0
288,YOBE,02-01-2024,0
288,ZAMFARA,02-01-2024,0
288,FCT,02-01-2024,0
288,FOREIGN,02-01-2024,2
291,ABIA,02-01-2024,12
291,ADAMAWA,02-01-2024,0
291,AKWA IBOM,02-01-2024,1
291,BAUCHI,02-01-2024,0
291,BAYELSA,02-01-2024,0
291,BENUE,02-01-2024,0
291,BORNO,02-01-2024,0
291,CROSS RIVER,02-01-2024,2
291,DELTA,02-01-2024,2
291,EBONYI,02-01-2024,15
291,EDO,02-01-2024,0
291,EKITI,02-01-2024,0
291,ENUGU,02-01-2024,6
291,GOMBE,02-01-2024,0
291,IMO,02-01-2024,10
291,JIGAWA,02-01-2024,0
291,KADUNA,02-01-2024,0
291,KANO,02-01-2024,0
291,KATSINA,02-01-2024,0
291,KEBBI,02-01-2024,0
291,KOGI,02-01-2024,0
291,KWARA,02-01-2024,0
291,LAGOS,02-01-2024,0
291,NASARAWA,02-01-2024,0
291,NIGER,02-01-2024,0
291,OGUN,02-01-2024,0
291,ONDO,02-01-2024,1
291,OSUN,02-01-2024,0
291,OYO,02-01-2024,0
291,PLATEAU,02-01-2024,0
291,RIVERS,02-01-2024,0
291,SOKOTO,02-01-2024,0
291,TARABA,02-01-2024,0
291,YOBE,02-01-2024,0
291,ZAMFARA,02-01-2024,0
291,FCT,02-01-2024,0
291,FOREIGN,02-01-2024,1
287,ABIA,02-01-2024,11
287,ADAMAWA,02-01-2024,0
287,AKWA IBOM,02-01-2024,2
287,BAUCHI,02-01-2024,0
287,BAYELSA,02-01-2024,0
287,BENUE,02-01-2024,1
287,BORNO,02-01-2024,0
287,CROSS RIVER,02-01-2024,0
287,DELTA,02-01-2024,0
287,EBONYI,02-01-2024,13
287,EDO,02-01-2024,0
287,EKITI,02-01-2024,0
287,ENUGU,02-01-2024,56
287,GOMBE,02-01-2024,0
287,IMO,02-01-2024,27
287,JIGAWA,02-01-2024,0
287,KADUNA,02-01-2024,0
287,KANO,02-01-2024,0
287,KATSINA,02-01-2024,0
287,KEBBI,02-01-2024,0
287,KOGI,02-01-2024,1
287,KWARA,02-01-2024,0
287,LAGOS,02-01-2024,0
287,NASARAWA,02-01-2024,0
287,NIGER,02-01-2024,0
287,OGUN,02-01-2024,0
287,ONDO,02-01-2024,0
287,OSUN,02-01-2024,0
287,OYO,02-01-2024,0
287,PLATEAU,02-01-2024,0
287,RIVERS,02-01-2024,1
287,SOKOTO,02-01-2024,0
287,TARABA,02-01-2024,0
287,YOBE,02-01-2024,0
287,ZAMFARA,02-01-2024,0
287,FCT,02-01-2024,0
287,FOREIGN,02-01-2024,0
293,ABIA,02-01-2024,2
293,ADAMAWA,02-01-2024,0
293,AKWA IBOM,02-01-2024,0
293,BAUCHI,02-01-2024,0
293,BAYELSA,02-01-2024,0
293,BENUE,02-01-2024,0
293,BORNO,02-01-2024,0
293,CROSS RIVER,02-01-2024,1
293,DELTA,02-01-2024,0
293,EBONYI,02-01-2024,8
293,EDO,02-01-2024,0
293,EKITI,02-01-2024,0
293,ENUGU,02-01-2024,11
293,GOMBE,02-01-2024,0
293,IMO,02-01-2024,5
293,JIGAWA,02-01-2024,0
293,KADUNA,02-01-2024,0
293,KANO,02-01-2024,0
293,KATSINA,02-01-2024,0
293,KEBBI,02-01-2024,0
293,KOGI,02-01-2024,0
293,KWARA,02-01-2024,0
293,LAGOS,02-01-2024,0
293,NASARAWA,02-01-2024,0
293,NIGER,02-01-2024,0
293,OGUN,02-01-2024,0
293,ONDO,02-01-2024,0
293,OSUN,02-01-2024,0
293,OYO,02-01-2024,0
293,PLATEAU,02-01-2024,0
293,RIVERS,02-01-2024,0
293,SOKOTO,02-01-2024,0
293,TARABA,02-01-2024,0
293,YOBE,02-01-2024,0
293,ZAMFARA,02-01-2024,0
293,FCT,02-01-2024,0
293,FOREIGN,02-01-2024,0
289,ABIA,02-01-2024,59
289,ADAMAWA,02-01-2024,0
289,AKWA IBOM,02-01-2024,8
289,BAUCHI,02-01-2024,3
289,BAYELSA,02-01-2024,0
289,BENUE,02-01-2024,0
289,BORNO,02-01-2024,0
289,CROSS RIVER,02-01-2024,17
289,DELTA,02-01-2024,15
289,EBONYI,02-01-2024,248
289,EDO,02-01-2024,1
289,EKITI,02-01-2024,2
289,ENUGU,02-01-2024,159
289,GOMBE,02-01-2024,0
289,IMO,02-01-2024,107
289,JIGAWA,02-01-2024,0
289,KADUNA,02-01-2024,0
289,KANO,02-01-2024,1
289,KATSINA,02-01-2024,0
289,KEBBI,02-01-2024,0
289,KOGI,02-01-2024,8
289,KWARA,02-01-2024,0
289,LAGOS,02-01-2024,1
289,NASARAWA,02-01-2024,0
289,NIGER,02-01-2024,0
289,OGUN,02-01-2024,3
289,ONDO,02-01-2024,0
289,OSUN,02-01-2024,1
289,OYO,02-01-2024,1
289,PLATEAU,02-01-2024,0
289,RIVERS,02-01-2024,1
289,SOKOTO,02-01-2024,0
289,TARABA,02-01-2024,0
289,YOBE,02-01-2024,0
289,ZAMFARA,02-01-2024,0
289,FCT,02-01-2024,0
289,FOREIGN,02-01-2024,0
504,ABIA,02-01-2024,2
504,ADAMAWA,02-01-2024,0
504,AKWA IBOM,02-01-2024,2
504,BAUCHI,02-01-2024,0
504,BAYELSA,02-01-2024,0
504,BENUE,02-01-2024,0
504,BORNO,02-01-2024,0
504,CROSS RIVER,02-01-2024,0
504,DELTA,02-01-2024,0
504,EBONYI,02-01-2024,3
504,EDO,02-01-2024,0
504,EKITI,02-01-2024,0
504,ENUGU,02-01-2024,2
504,GOMBE,02-01-2024,0
504,IMO,02-01-2024,42
504,JIGAWA,02-01-2024,0
504,KADUNA,02-01-2024,0
504,KANO,02-01-2024,0
504,KATSINA,02-01-2024,0
504,KEBBI,02-01-2024,0
504,KOGI,02-01-2024,0
504,KWARA,02-01-2024,0
504,LAGOS,02-01-2024,0
504,NASARAWA,02-01-2024,0
504,NIGER,02-01-2024,0
504,OGUN,02-01-2024,0
504,ONDO,02-01-2024,0
504,OSUN,02-01-2024,0
504,OYO,02-01-2024,0
504,PLATEAU,02-01-2024,0
504,RIVERS,02-01-2024,0
504,SOKOTO,02-01-2024,0
504,TARABA,02-01-2024,0
504,YOBE,02-01-2024,0
504,ZAMFARA,02-01-2024,0
504,FCT,02-01-2024,0
504,FOREIGN,02-01-2024,0
506,ABIA,02-01-2024,0
506,ADAMAWA,02-01-2024,0
506,AKWA IBOM,02-01-2024,0
506,BAUCHI,02-01-2024,0
506,BAYELSA,02-01-2024,0
506,BENUE,02-01-2024,0
506,BORNO,02-01-2024,0
506,CROSS RIVER,02-01-2024,1
506,DELTA,02-01-2024,0
506,EBONYI,02-01-2024,0
506,EDO,02-01-2024,0
506,EKITI,02-01-2024,0
506,ENUGU,02-01-2024,2
506,GOMBE,02-01-2024,0
506,IMO,02-01-2024,6
506,JIGAWA,02-01-2024,0
506,KADUNA,02-01-2024,0
506,KANO,02-01-2024,0
506,KATSINA,02-01-2024,0
506,KEBBI,02-01-2024,0
506,KOGI,02-01-2024,0
506,KWARA,02-01-2024,0
506,LAGOS,02-01-2024,0
506,NASARAWA,02-01-2024,0
506,NIGER,02-01-2024,0
506,OGUN,02-01-2024,0
506,ONDO,02-01-2024,0
506,OSUN,02-01-2024,0
506,OYO,02-01-2024,0
506,PLATEAU,02-01-2024,0
506,RIVERS,02-01-2024,1
506,SOKOTO,02-01-2024,0
506,TARABA,02-01-2024,0
506,YOBE,02-01-2024,0
506,ZAMFARA,02-01-2024,0
506,FCT,02-01-2024,0
506,FOREIGN,02-01-2024,0
511,ABIA,02-01-2024,2
511,ADAMAWA,02-01-2024,0
511,AKWA IBOM,02-01-2024,1
511,BAUCHI,02-01-2024,0
511,BAYELSA,02-01-2024,0
511,BENUE,02-01-2024,0
511,BORNO,02-01-2024,0
511,CROSS RIVER,02-01-2024,1
511,DELTA,02-01-2024,1
511,EBONYI,02-01-2024,4
511,EDO,02-01-2024,1
511,EKITI,02-01-2024,0
511,ENUGU,02-01-2024,4
511,GOMBE,02-01-2024,0
511,IMO,02-01-2024,14
511,JIGAWA,02-01-2024,0
511,KADUNA,02-01-2024,0
511,KANO,02-01-2024,0
511,KATSINA,02-01-2024,0
511,KEBBI,02-01-2024,0
511,KOGI,02-01-2024,0
511,KWARA,02-01-2024,0
511,LAGOS,02-01-2024,0
511,NASARAWA,02-01-2024,0
511,NIGER,02-01-2024,0
511,OGUN,02-01-2024,0
511,ONDO,02-01-2024,0
511,OSUN,02-01-2024,0
511,OYO,02-01-2024,0
511,PLATEAU,02-01-2024,0
511,RIVERS,02-01-2024,0
511,SOKOTO,02-01-2024,0
511,TARABA,02-01-2024,0
511,YOBE,02-01-2024,0
511,ZAMFARA,02-01-2024,0
511,FCT,02-01-2024,0
511,FOREIGN,02-01-2024,0
500,ABIA,02-01-2024,6
500,ADAMAWA,02-01-2024,0
500,AKWA IBOM,02-01-2024,3
500,BAUCHI,02-01-2024,0
500,BAYELSA,02-01-2024,0
500,BENUE,02-01-2024,2
500,BORNO,02-01-2024,0
500,CROSS RIVER,02-01-2024,2
500,DELTA,02-01-2024,4
500,EBONYI,02-01-2024,7
500,EDO,02-01-2024,1
500,EKITI,02-01-2024,0
500,ENUGU,02-01-2024,17
500,GOMBE,02-01-2024,0
500,IMO,02-01-2024,53
500,JIGAWA,02-01-2024,0
500,KADUNA,02-01-2024,0
500,KANO,02-01-2024,0
500,KATSINA,02-01-2024,0
500,KEBBI,02-01-2024,0
500,KOGI,02-01-2024,4
500,KWARA,02-01-2024,0
500,LAGOS,02-01-2024,0
500,NASARAWA,02-01-2024,2
500,NIGER,02-01-2024,0
500,OGUN,02-01-2024,0
500,ONDO,02-01-2024,0
500,OSUN,02-01-2024,0
500,OYO,02-01-2024,0
500,PLATEAU,02-01-2024,0
500,RIVERS,02-01-2024,0
500,SOKOTO,02-01-2024,0
500,TARABA,02-01-2024,0
500,YOBE,02-01-2024,0
500,ZAMFARA,02-01-2024,0
500,FCT,02-01-2024,0
500,FOREIGN,02-01-2024,1
499,ABIA,02-01-2024,2
499,ADAMAWA,02-01-2024,0
499,AKWA IBOM,02-01-2024,3
499,BAUCHI,02-01-2024,0
499,BAYELSA,02-01-2024,0
499,BENUE,02-01-2024,0
499,BORNO,02-01-2024,0
499,CROSS RIVER,02-01-2024,0
499,DELTA,02-01-2024,1
499,EBONYI,02-01-2024,2
499,EDO,02-01-2024,0
499,EKITI,02-01-2024,0
499,ENUGU,02-01-2024,4
499,GOMBE,02-01-2024,0
499,IMO,02-01-2024,11
499,JIGAWA,02-01-2024,0
499,KADUNA,02-01-2024,0
499,KANO,02-01-2024,0
499,KATSINA,02-01-2024,0
499,KEBBI,02-01-2024,0
499,KOGI,02-01-2024,0
499,KWARA,02-01-2024,0
499,LAGOS,02-01-2024,0
499,NASARAWA,02-01-2024,0
499,NIGER,02-01-2024,0
499,OGUN,02-01-2024,0
499,ONDO,02-01-2024,0
499,OSUN,02-01-2024,1
499,OYO,02-01-2024,0
499,PLATEAU,02-01-2024,0
499,RIVERS,02-01-2024,0
499,SOKOTO,02-01-2024,0
499,TARABA,02-01-2024,0
499,YOBE,02-01-2024,0
499,ZAMFARA,02-01-2024,0
499,FCT,02-01-2024,0
499,FOREIGN,02-01-2024,0
509,ABIA,02-01-2024,0
509,ADAMAWA,02-01-2024,0
509,AKWA IBOM,02-01-2024,2
509,BAUCHI,02-01-2024,0
509,BAYELSA,02-01-2024,0
509,BENUE,02-01-2024,0
509,BORNO,02-01-2024,0
509,CROSS RIVER,02-01-2024,2
509,DELTA,02-01-2024,0
509,EBONYI,02-01-2024,9
509,EDO,02-01-2024,2
509,EKITI,02-01-2024,0
509,ENUGU,02-01-2024,5
509,GOMBE,02-01-2024,0
509,IMO,02-01-2024,40
509,JIGAWA,02-01-2024,0
509,KADUNA,02-01-2024,0
509,KANO,02-01-2024,0
509,KATSINA,02-01-2024,0
509,KEBBI,02-01-2024,0
509,KOGI,02-01-2024,0
509,KWARA,02-01-2024,0
509,LAGOS,02-01-2024,0
509,NASARAWA,02-01-2024,3
509,NIGER,02-01-2024,0
509,OGUN,02-01-2024,2
509,ONDO,02-01-2024,1
509,OSUN,02-01-2024,1
509,OYO,02-01-2024,0
509,PLATEAU,02-01-2024,0
509,RIVERS,02-01-2024,0
509,SOKOTO,02-01-2024,0
509,TARABA,02-01-2024,1
509,YOBE,02-01-2024,0
509,ZAMFARA,02-01-2024,0
509,FCT,02-01-2024,0
509,FOREIGN,02-01-2024,0
513,ABIA,02-01-2024,3
513,ADAMAWA,02-01-2024,0
513,AKWA IBOM,02-01-2024,7
513,BAUCHI,02-01-2024,0
513,BAYELSA,02-01-2024,0
513,BENUE,02-01-2024,0
513,BORNO,02-01-2024,0
513,CROSS RIVER,02-01-2024,2
513,DELTA,02-01-2024,1
513,EBONYI,02-01-2024,9
513,EDO,02-01-2024,0
513,EKITI,02-01-2024,0
513,ENUGU,02-01-2024,14
513,GOMBE,02-01-2024,0
513,IMO,02-01-2024,40
513,JIGAWA,02-01-2024,0
513,KADUNA,02-01-2024,0
513,KANO,02-01-2024,0
513,KATSINA,02-01-2024,0
513,KEBBI,02-01-2024,0
513,KOGI,02-01-2024,0
513,KWARA,02-01-2024,1
513,LAGOS,02-01-2024,1
513,NASARAWA,02-01-2024,2
513,NIGER,02-01-2024,0
513,OGUN,02-01-2024,0
513,ONDO,02-01-2024,0
513,OSUN,02-01-2024,0
513,OYO,02-01-2024,1
513,PLATEAU,02-01-2024,2
513,RIVERS,02-01-2024,1
513,SOKOTO,02-01-2024,0
513,TARABA,02-01-2024,0
513,YOBE,02-01-2024,0
513,ZAMFARA,02-01-2024,0
513,FCT,02-01-2024,0
513,FOREIGN,02-01-2024,0
507,ABIA,02-01-2024,0
507,ADAMAWA,02-01-2024,0
507,AKWA IBOM,02-01-2024,0
507,BAUCHI,02-01-2024,0
507,BAYELSA,02-01-2024,0
507,BENUE,02-01-2024,0
507,BORNO,02-01-2024,0
507,CROSS RIVER,02-01-2024,0
507,DELTA,02-01-2024,0
507,EBONYI,02-01-2024,0
507,EDO,02-01-2024,0
507,EKITI,02-01-2024,0
507,ENUGU,02-01-2024,0
507,GOMBE,02-01-2024,0
507,IMO,02-01-2024,30
507,JIGAWA,02-01-2024,0
507,KADUNA,02-01-2024,0
507,KANO,02-01-2024,0
507,KATSINA,02-01-2024,0
507,KEBBI,02-01-2024,0
507,KOGI,02-01-2024,0
507,KWARA,02-01-2024,0
507,LAGOS,02-01-2024,0
507,NASARAWA,02-01-2024,0
507,NIGER,02-01-2024,0
507,OGUN,02-01-2024,0
507,ONDO,02-01-2024,0
507,OSUN,02-01-2024,0
507,OYO,02-01-2024,0
507,PLATEAU,02-01-2024,0
507,RIVERS,02-01-2024,0
507,SOKOTO,02-01-2024,0
507,TARABA,02-01-2024,0
507,YOBE,02-01-2024,0
507,ZAMFARA,02-01-2024,0
507,FCT,02-01-2024,0
507,FOREIGN,02-01-2024,0
508,ABIA,02-01-2024,0
508,ADAMAWA,02-01-2024,0
508,AKWA IBOM,02-01-2024,0
508,BAUCHI,02-01-2024,0
508,BAYELSA,02-01-2024,0
508,BENUE,02-01-2024,0
508,BORNO,02-01-2024,0
508,CROSS RIVER,02-01-2024,0
508,DELTA,02-01-2024,0
508,EBONYI,02-01-2024,3
508,EDO,02-01-2024,1
508,EKITI,02-01-2024,0
508,ENUGU,02-01-2024,3
508,GOMBE,02-01-2024,0
508,IMO,02-01-2024,19
508,JIGAWA,02-01-2024,0
508,KADUNA,02-01-2024,0
508,KANO,02-01-2024,0
508,KATSINA,02-01-2024,0
508,KEBBI,02-01-2024,0
508,KOGI,02-01-2024,0
508,KWARA,02-01-2024,0
508,LAGOS,02-01-2024,0
508,NASARAWA,02-01-2024,0
508,NIGER,02-01-2024,0
508,OGUN,02-01-2024,0
508,ONDO,02-01-2024,0
508,OSUN,02-01-2024,0
508,OYO,02-01-2024,0
508,PLATEAU,02-01-2024,0
508,RIVERS,02-01-2024,0
508,SOKOTO,02-01-2024,0
508,TARABA,02-01-2024,0
508,YOBE,02-01-2024,0
508,ZAMFARA,02-01-2024,0
508,FCT,02-01-2024,0
508,FOREIGN,02-01-2024,0
512,ABIA,02-01-2024,1
512,ADAMAWA,02-01-2024,0
512,AKWA IBOM,02-01-2024,1
512,BAUCHI,02-01-2024,0
512,BAYELSA,02-01-2024,0
512,BENUE,02-01-2024,0
512,BORNO,02-01-2024,0
512,CROSS RIVER,02-01-2024,0
512,DELTA,02-01-2024,1
512,EBONYI,02-01-2024,5
512,EDO,02-01-2024,0
512,EKITI,02-01-2024,0
512,ENUGU,02-01-2024,6
512,GOMBE,02-01-2024,0
512,IMO,02-01-2024,33
512,JIGAWA,02-01-2024,0
512,KADUNA,02-01-2024,0
512,KANO,02-01-2024,0
512,KATSINA,02-01-2024,0
512,KEBBI,02-01-2024,0
512,KOGI,02-01-2024,0
512,KWARA,02-01-2024,0
512,LAGOS,02-01-2024,1
512,NASARAWA,02-01-2024,0
512,NIGER,02-01-2024,0
512,OGUN,02-01-2024,0
512,ONDO,02-01-2024,0
512,OSUN,02-01-2024,0
512,OYO,02-01-2024,1
512,PLATEAU,02-01-2024,0
512,RIVERS,02-01-2024,0
512,SOKOTO,02-01-2024,0
512,TARABA,02-01-2024,0
512,YOBE,02-01-2024,0
512,ZAMFARA,02-01-2024,0
512,FCT,02-01-2024,0
512,FOREIGN,02-01-2024,0
515,ABIA,02-01-2024,12
515,ADAMAWA,02-01-2024,0
515,AKWA IBOM,02-01-2024,2
515,BAUCHI,02-01-2024,0
515,BAYELSA,02-01-2024,0
515,BENUE,02-01-2024,1
515,BORNO,02-01-2024,0
515,CROSS RIVER,02-01-2024,4
515,DELTA,02-01-2024,6
515,EBONYI,02-01-2024,62
515,EDO,02-01-2024,1
515,EKITI,02-01-2024,0
515,ENUGU,02-01-2024,54
515,GOMBE,02-01-2024,0
515,IMO,02-01-2024,28
515,JIGAWA,02-01-2024,0
515,KADUNA,02-01-2024,0
515,KANO,02-01-2024,0
515,KATSINA,02-01-2024,0
515,KEBBI,02-01-2024,0
515,KOGI,02-01-2024,5
515,KWARA,02-01-2024,0
515,LAGOS,02-01-2024,0
515,NASARAWA,02-01-2024,0
515,NIGER,02-01-2024,0
515,OGUN,02-01-2024,1
515,ONDO,02-01-2024,0
515,OSUN,02-01-2024,0
515,OYO,02-01-2024,0
515,PLATEAU,02-01-2024,0
515,RIVERS,02-01-2024,1
515,SOKOTO,02-01-2024,0
515,TARABA,02-01-2024,0
515,YOBE,02-01-2024,0
515,ZAMFARA,02-01-2024,0
515,FCT,02-01-2024,0
515,FOREIGN,02-01-2024,0
510,ABIA,02-01-2024,1
510,ADAMAWA,02-01-2024,0
510,AKWA IBOM,02-01-2024,3
510,BAUCHI,02-01-2024,0
510,BAYELSA,02-01-2024,0
510,BENUE,02-01-2024,1
510,BORNO,02-01-2024,0
510,CROSS RIVER,02-01-2024,0
510,DELTA,02-01-2024,1
510,EBONYI,02-01-2024,4
510,EDO,02-01-2024,1
510,EKITI,02-01-2024,0
510,ENUGU,02-01-2024,10
510,GOMBE,02-01-2024,0
510,IMO,02-01-2024,9
510,JIGAWA,02-01-2024,0
510,KADUNA,02-01-2024,0
510,KANO,02-01-2024,0
510,KATSINA,02-01-2024,0
510,KEBBI,02-01-2024,0
510,KOGI,02-01-2024,0
510,KWARA,02-01-2024,0
510,LAGOS,02-01-2024,0
510,NASARAWA,02-01-2024,0
510,NIGER,02-01-2024,0
510,OGUN,02-01-2024,0
510,ONDO,02-01-2024,0
510,OSUN,02-01-2024,0
510,OYO,02-01-2024,0
510,PLATEAU,02-01-2024,0
510,RIVERS,02-01-2024,0
510,SOKOTO,02-01-2024,0
510,TARABA,02-01-2024,0
510,YOBE,02-01-2024,0
510,ZAMFARA,02-01-2024,0
510,FCT,02-01-2024,0
510,FOREIGN,02-01-2024,0
505,ABIA,02-01-2024,0
505,ADAMAWA,02-01-2024,0
505,AKWA IBOM,02-01-2024,0
505,BAUCHI,02-01-2024,0
505,BAYELSA,02-01-2024,0
505,BENUE,02-01-2024,0
505,BORNO,02-01-2024,0
505,CROSS RIVER,02-01-2024,0
505,DELTA,02-01-2024,0
505,EBONYI,02-01-2024,1
505,EDO,02-01-2024,0
505,EKITI,02-01-2024,0
505,ENUGU,02-01-2024,0
505,GOMBE,02-01-2024,0
505,IMO,02-01-2024,1
505,JIGAWA,02-01-2024,0
505,KADUNA,02-01-2024,0
505,KANO,02-01-2024,0
505,KATSINA,02-01-2024,0
505,KEBBI,02-01-2024,0
505,KOGI,02-01-2024,0
505,KWARA,02-01-2024,0
505,LAGOS,02-01-2024,0
505,NASARAWA,02-01-2024,0
505,NIGER,02-01-2024,0
505,OGUN,02-01-2024,0
505,ONDO,02-01-2024,0
505,OSUN,02-01-2024,0
505,OYO,02-01-2024,0
505,PLATEAU,02-01-2024,0
505,RIVERS,02-01-2024,0
505,SOKOTO,02-01-2024,0
505,TARABA,02-01-2024,0
505,YOBE,02-01-2024,0
505,ZAMFARA,02-01-2024,0
505,FCT,02-01-2024,0
505,FOREIGN,02-01-2024,0
514,ABIA,02-01-2024,0
514,ADAMAWA,02-01-2024,0
514,AKWA IBOM,02-01-2024,0
514,BAUCHI,02-01-2024,0
514,BAYELSA,02-01-2024,0
514,BENUE,02-01-2024,0
514,BORNO,02-01-2024,0
514,CROSS RIVER,02-01-2024,0
514,DELTA,02-01-2024,0
514,EBONYI,02-01-2024,0
514,EDO,02-01-2024,0
514,EKITI,02-01-2024,0
514,ENUGU,02-01-2024,1
514,GOMBE,02-01-2024,0
514,IMO,02-01-2024,3
514,JIGAWA,02-01-2024,0
514,KADUNA,02-01-2024,0
514,KANO,02-01-2024,0
514,KATSINA,02-01-2024,0
514,KEBBI,02-01-2024,0
514,KOGI,02-01-2024,0
514,KWARA,02-01-2024,0
514,LAGOS,02-01-2024,0
514,NASARAWA,02-01-2024,0
514,NIGER,02-01-2024,0
514,OGUN,02-01-2024,0
514,ONDO,02-01-2024,0
514,OSUN,02-01-2024,0
514,OYO,02-01-2024,0
514,PLATEAU,02-01-2024,0
514,RIVERS,02-01-2024,0
514,SOKOTO,02-01-2024,0
514,TARABA,02-01-2024,0
514,YOBE,02-01-2024,0
514,ZAMFARA,02-01-2024,0
514,FCT,02-01-2024,0
514,FOREIGN,02-01-2024,0
503,ABIA,02-01-2024,0
503,ADAMAWA,02-01-2024,0
503,AKWA IBOM,02-01-2024,0
503,BAUCHI,02-01-2024,0
503,BAYELSA,02-01-2024,0
503,BENUE,02-01-2024,0
503,BORNO,02-01-2024,0
503,CROSS RIVER,02-01-2024,0
503,DELTA,02-01-2024,0
503,EBONYI,02-01-2024,1
503,EDO,02-01-2024,0
503,EKITI,02-01-2024,0
503,ENUGU,02-01-2024,0
503,GOMBE,02-01-2024,0
503,IMO,02-01-2024,8
503,JIGAWA,02-01-2024,0
503,KADUNA,02-01-2024,0
503,KANO,02-01-2024,0
503,KATSINA,02-01-2024,0
503,KEBBI,02-01-2024,0
503,KOGI,02-01-2024,0
503,KWARA,02-01-2024,0
503,LAGOS,02-01-2024,0
503,NASARAWA,02-01-2024,0
503,NIGER,02-01-2024,0
503,OGUN,02-01-2024,0
503,ONDO,02-01-2024,0
503,OSUN,02-01-2024,0
503,OYO,02-01-2024,1
503,PLATEAU,02-01-2024,1
503,RIVERS,02-01-2024,1
503,SOKOTO,02-01-2024,0
503,TARABA,02-01-2024,0
503,YOBE,02-01-2024,0
503,ZAMFARA,02-01-2024,0
503,FCT,02-01-2024,0
503,FOREIGN,02-01-2024,0
501,ABIA,02-01-2024,3
501,ADAMAWA,02-01-2024,0
501,AKWA IBOM,02-01-2024,1
501,BAUCHI,02-01-2024,0
501,BAYELSA,02-01-2024,0
501,BENUE,02-01-2024,0
501,BORNO,02-01-2024,0
501,CROSS RIVER,02-01-2024,1
501,DELTA,02-01-2024,0
501,EBONYI,02-01-2024,3
501,EDO,02-01-2024,0
501,EKITI,02-01-2024,0
501,ENUGU,02-01-2024,2
501,GOMBE,02-01-2024,0
501,IMO,02-01-2024,29
501,JIGAWA,02-01-2024,0
501,KADUNA,02-01-2024,0
501,KANO,02-01-2024,0
501,KATSINA,02-01-2024,0
501,KEBBI,02-01-2024,0
501,KOGI,02-01-2024,0
501,KWARA,02-01-2024,0
501,LAGOS,02-01-2024,0
501,NASARAWA,02-01-2024,0
501,NIGER,02-01-2024,0
501,OGUN,02-01-2024,0
501,ONDO,02-01-2024,0
501,OSUN,02-01-2024,0
501,OYO,02-01-2024,0
501,PLATEAU,02-01-2024,0
501,RIVERS,02-01-2024,0
501,SOKOTO,02-01-2024,0
501,TARABA,02-01-2024,0
501,YOBE,02-01-2024,0
501,ZAMFARA,02-01-2024,0
501,FCT,02-01-2024,0
501,FOREIGN,02-01-2024,0
502,ABIA,02-01-2024,0
502,ADAMAWA,02-01-2024,0
502,AKWA IBOM,02-01-2024,0
502,BAUCHI,02-01-2024,0
502,BAYELSA,02-01-2024,0
502,BENUE,02-01-2024,0
502,BORNO,02-01-2024,0
502,CROSS RIVER,02-01-2024,0
502,DELTA,02-01-2024,0
502,EBONYI,02-01-2024,0
502,EDO,02-01-2024,0
502,EKITI,02-01-2024,0
502,ENUGU,02-01-2024,0
502,GOMBE,02-01-2024,0
502,IMO,02-01-2024,0
502,JIGAWA,02-01-2024,0
502,KADUNA,02-01-2024,0
502,KANO,02-01-2024,0
502,KATSINA,02-01-2024,0
502,KEBBI,02-01-2024,0
502,KOGI,02-01-2024,0
502,KWARA,02-01-2024,0
502,LAGOS,02-01-2024,0
502,NASARAWA,02-01-2024,0
502,NIGER,02-01-2024,0
502,OGUN,02-01-2024,0
502,ONDO,02-01-2024,0
502,OSUN,02-01-2024,0
502,OYO,02-01-2024,0
502,PLATEAU,02-01-2024,0
502,RIVERS,02-01-2024,0
502,SOKOTO,02-01-2024,0
502,TARABA,02-01-2024,0
502,YOBE,02-01-2024,0
502,ZAMFARA,02-01-2024,0
502,FCT,02-01-2024,0
502,FOREIGN,02-01-2024,0
335,ABIA,02-01-2024,2
335,ADAMAWA,02-01-2024,0
335,AKWA IBOM,02-01-2024,2
335,BAUCHI,02-01-2024,0
335,BAYELSA,02-01-2024,0
335,BENUE,02-01-2024,2
335,BORNO,02-01-2024,0
335,CROSS RIVER,02-01-2024,2
335,DELTA,02-01-2024,1
335,EBONYI,02-01-2024,46
335,EDO,02-01-2024,0
335,EKITI,02-01-2024,0
335,ENUGU,02-01-2024,52
335,GOMBE,02-01-2024,0
335,IMO,02-01-2024,12
335,JIGAWA,02-01-2024,0
335,KADUNA,02-01-2024,0
335,KANO,02-01-2024,0
335,KATSINA,02-01-2024,0
335,KEBBI,02-01-2024,0
335,KOGI,02-01-2024,0
335,KWARA,02-01-2024,0
335,LAGOS,02-01-2024,0
335,NASARAWA,02-01-2024,0
335,NIGER,02-01-2024,0
335,OGUN,02-01-2024,0
335,ONDO,02-01-2024,0
335,OSUN,02-01-2024,0
335,OYO,02-01-2024,0
335,PLATEAU,02-01-2024,0
335,RIVERS,02-01-2024,0
335,SOKOTO,02-01-2024,0
335,TARABA,02-01-2024,1
335,YOBE,02-01-2024,0
335,ZAMFARA,02-01-2024,1
335,FCT,02-01-2024,0
335,FOREIGN,02-01-2024,0
323,ABIA,02-01-2024,1
323,ADAMAWA,02-01-2024,2
323,AKWA IBOM,02-01-2024,0
323,BAUCHI,02-01-2024,0
323,BAYELSA,02-01-2024,0
323,BENUE,02-01-2024,0
323,BORNO,02-01-2024,0
323,CROSS RIVER,02-01-2024,0
323,DELTA,02-01-2024,0
323,EBONYI,02-01-2024,11
323,EDO,02-01-2024,0
323,EKITI,02-01-2024,0
323,ENUGU,02-01-2024,24
323,GOMBE,02-01-2024,0
323,IMO,02-01-2024,2
323,JIGAWA,02-01-2024,0
323,KADUNA,02-01-2024,1
323,KANO,02-01-2024,0
323,KATSINA,02-01-2024,0
323,KEBBI,02-01-2024,0
323,KOGI,02-01-2024,0
323,KWARA,02-01-2024,0
323,LAGOS,02-01-2024,0
323,NASARAWA,02-01-2024,0
323,NIGER,02-01-2024,0
323,OGUN,02-01-2024,0
323,ONDO,02-01-2024,0
323,OSUN,02-01-2024,0
323,OYO,02-01-2024,0
323,PLATEAU,02-01-2024,8
323,RIVERS,02-01-2024,0
323,SOKOTO,02-01-2024,0
323,TARABA,02-01-2024,0
323,YOBE,02-01-2024,0
323,ZAMFARA,02-01-2024,0
323,FCT,02-01-2024,0
323,FOREIGN,02-01-2024,0
326,ABIA,02-01-2024,3
326,ADAMAWA,02-01-2024,0
326,AKWA IBOM,02-01-2024,1
326,BAUCHI,02-01-2024,0
326,BAYELSA,02-01-2024,0
326,BENUE,02-01-2024,0
326,BORNO,02-01-2024,0
326,CROSS RIVER,02-01-2024,0
326,DELTA,02-01-2024,0
326,EBONYI,02-01-2024,11
326,EDO,02-01-2024,0
326,EKITI,02-01-2024,0
326,ENUGU,02-01-2024,8
326,GOMBE,02-01-2024,0
326,IMO,02-01-2024,3
326,JIGAWA,02-01-2024,0
326,KADUNA,02-01-2024,0
326,KANO,02-01-2024,0
326,KATSINA,02-01-2024,0
326,KEBBI,02-01-2024,0
326,KOGI,02-01-2024,0
326,KWARA,02-01-2024,0
326,LAGOS,02-01-2024,0
326,NASARAWA,02-01-2024,0
326,NIGER,02-01-2024,0
326,OGUN,02-01-2024,0
326,ONDO,02-01-2024,0
326,OSUN,02-01-2024,0
326,OYO,02-01-2024,0
326,PLATEAU,02-01-2024,0
326,RIVERS,02-01-2024,0
326,SOKOTO,02-01-2024,0
326,TARABA,02-01-2024,1
326,YOBE,02-01-2024,0
326,ZAMFARA,02-01-2024,0
326,FCT,02-01-2024,0
326,FOREIGN,02-01-2024,0
327,ABIA,02-01-2024,0
327,ADAMAWA,02-01-2024,0
327,AKWA IBOM,02-01-2024,0
327,BAUCHI,02-01-2024,0
327,BAYELSA,02-01-2024,0
327,BENUE,02-01-2024,0
327,BORNO,02-01-2024,0
327,CROSS RIVER,02-01-2024,0
327,DELTA,02-01-2024,0
327,EBONYI,02-01-2024,0
327,EDO,02-01-2024,0
327,EKITI,02-01-2024,0
327,ENUGU,02-01-2024,5
327,GOMBE,02-01-2024,0
327,IMO,02-01-2024,2
327,JIGAWA,02-01-2024,0
327,KADUNA,02-01-2024,0
327,KANO,02-01-2024,0
327,KATSINA,02-01-2024,0
327,KEBBI,02-01-2024,0
327,KOGI,02-01-2024,0
327,KWARA,02-01-2024,0
327,LAGOS,02-01-2024,0
327,NASARAWA,02-01-2024,0
327,NIGER,02-01-2024,0
327,OGUN,02-01-2024,0
327,ONDO,02-01-2024,0
327,OSUN,02-01-2024,0
327,OYO,02-01-2024,0
327,PLATEAU,02-01-2024,1
327,RIVERS,02-01-2024,0
327,SOKOTO,02-01-2024,0
327,TARABA,02-01-2024,0
327,YOBE,02-01-2024,0
327,ZAMFARA,02-01-2024,0
327,FCT,02-01-2024,0
327,FOREIGN,02-01-2024,0
333,ABIA,02-01-2024,43
333,ADAMAWA,02-01-2024,0
333,AKWA IBOM,02-01-2024,7
333,BAUCHI,02-01-2024,0
333,BAYELSA,02-01-2024,0
333,BENUE,02-01-2024,4
333,BORNO,02-01-2024,0
333,CROSS RIVER,02-01-2024,11
333,DELTA,02-01-2024,10
333,EBONYI,02-01-2024,174
333,EDO,02-01-2024,2
333,EKITI,02-01-2024,0
333,ENUGU,02-01-2024,388
333,GOMBE,02-01-2024,1
333,IMO,02-01-2024,58
333,JIGAWA,02-01-2024,0
333,KADUNA,02-01-2024,0
333,KANO,02-01-2024,0
333,KATSINA,02-01-2024,0
333,KEBBI,02-01-2024,0
333,KOGI,02-01-2024,4
333,KWARA,02-01-2024,0
333,LAGOS,02-01-2024,1
333,NASARAWA,02-01-2024,0
333,NIGER,02-01-2024,0
333,OGUN,02-01-2024,0
333,ONDO,02-01-2024,0
333,OSUN,02-01-2024,2
333,OYO,02-01-2024,0
333,PLATEAU,02-01-2024,0
333,RIVERS,02-01-2024,0
333,SOKOTO,02-01-2024,0
333,TARABA,02-01-2024,1
333,YOBE,02-01-2024,0
333,ZAMFARA,02-01-2024,0
333,FCT,02-01-2024,0
333,FOREIGN,02-01-2024,1
338,ABIA,02-01-2024,65
338,ADAMAWA,02-01-2024,2
338,AKWA IBOM,02-01-2024,17
338,BAUCHI,02-01-2024,0
338,BAYELSA,02-01-2024,0
338,BENUE,02-01-2024,5
338,BORNO,02-01-2024,0
338,CROSS RIVER,02-01-2024,8
338,DELTA,02-01-2024,8
338,EBONYI,02-01-2024,259
338,EDO,02-01-2024,4
338,EKITI,02-01-2024,0
338,ENUGU,02-01-2024,462
338,GOMBE,02-01-2024,0
338,IMO,02-01-2024,90
338,JIGAWA,02-01-2024,0
338,KADUNA,02-01-2024,0
338,KANO,02-01-2024,0
338,KATSINA,02-01-2024,0
338,KEBBI,02-01-2024,0
338,KOGI,02-01-2024,8
338,KWARA,02-01-2024,0
338,LAGOS,02-01-2024,0
338,NASARAWA,02-01-2024,1
338,NIGER,02-01-2024,0
338,OGUN,02-01-2024,0
338,ONDO,02-01-2024,0
338,OSUN,02-01-2024,1
338,OYO,02-01-2024,4
338,PLATEAU,02-01-2024,0
338,RIVERS,02-01-2024,6
338,SOKOTO,02-01-2024,0
338,TARABA,02-01-2024,0
338,YOBE,02-01-2024,0
338,ZAMFARA,02-01-2024,0
338,FCT,02-01-2024,0
338,FOREIGN,02-01-2024,0
328,ABIA,02-01-2024,25
328,ADAMAWA,02-01-2024,1
328,AKWA IBOM,02-01-2024,4
328,BAUCHI,02-01-2024,0
328,BAYELSA,02-01-2024,0
328,BENUE,02-01-2024,0
328,BORNO,02-01-2024,0
328,CROSS RIVER,02-01-2024,0
328,DELTA,02-01-2024,5
328,EBONYI,02-01-2024,91
328,EDO,02-01-2024,0
328,EKITI,02-01-2024,1
328,ENUGU,02-01-2024,65
328,GOMBE,02-01-2024,0
328,IMO,02-01-2024,42
328,JIGAWA,02-01-2024,0
328,KADUNA,02-01-2024,0
328,KANO,02-01-2024,0
328,KATSINA,02-01-2024,0
328,KEBBI,02-01-2024,0
328,KOGI,02-01-2024,1
328,KWARA,02-01-2024,0
328,LAGOS,02-01-2024,0
328,NASARAWA,02-01-2024,0
328,NIGER,02-01-2024,0
328,OGUN,02-01-2024,1
328,ONDO,02-01-2024,0
328,OSUN,02-01-2024,0
328,OYO,02-01-2024,0
328,PLATEAU,02-01-2024,0
328,RIVERS,02-01-2024,3
328,SOKOTO,02-01-2024,0
328,TARABA,02-01-2024,0
328,YOBE,02-01-2024,0
328,ZAMFARA,02-01-2024,0
328,FCT,02-01-2024,0
328,FOREIGN,02-01-2024,0
337,ABIA,02-01-2024,58
337,ADAMAWA,02-01-2024,0
337,AKWA IBOM,02-01-2024,6
337,BAUCHI,02-01-2024,0
337,BAYELSA,02-01-2024,0
337,BENUE,02-01-2024,7
337,BORNO,02-01-2024,0
337,CROSS RIVER,02-01-2024,6
337,DELTA,02-01-2024,3
337,EBONYI,02-01-2024,185
337,EDO,02-01-2024,0
337,EKITI,02-01-2024,0
337,ENUGU,02-01-2024,145
337,GOMBE,02-01-2024,0
337,IMO,02-01-2024,38
337,JIGAWA,02-01-2024,0
337,KADUNA,02-01-2024,0
337,KANO,02-01-2024,0
337,KATSINA,02-01-2024,0
337,KEBBI,02-01-2024,0
337,KOGI,02-01-2024,3
337,KWARA,02-01-2024,0
337,LAGOS,02-01-2024,0
337,NASARAWA,02-01-2024,0
337,NIGER,02-01-2024,0
337,OGUN,02-01-2024,0
337,ONDO,02-01-2024,0
337,OSUN,02-01-2024,3
337,OYO,02-01-2024,0
337,PLATEAU,02-01-2024,2
337,RIVERS,02-01-2024,0
337,SOKOTO,02-01-2024,0
337,TARABA,02-01-2024,0
337,YOBE,02-01-2024,0
337,ZAMFARA,02-01-2024,0
337,FCT,02-01-2024,0
337,FOREIGN,02-01-2024,0
324,ABIA,02-01-2024,8
324,ADAMAWA,02-01-2024,0
324,AKWA IBOM,02-01-2024,0
324,BAUCHI,02-01-2024,0
324,BAYELSA,02-01-2024,0
324,BENUE,02-01-2024,1
324,BORNO,02-01-2024,0
324,CROSS RIVER,02-01-2024,0
324,DELTA,02-01-2024,6
324,EBONYI,02-01-2024,13
324,EDO,02-01-2024,1
324,EKITI,02-01-2024,0
324,ENUGU,02-01-2024,39
324,GOMBE,02-01-2024,0
324,IMO,02-01-2024,28
324,JIGAWA,02-01-2024,0
324,KADUNA,02-01-2024,0
324,KANO,02-01-2024,0
324,KATSINA,02-01-2024,0
324,KEBBI,02-01-2024,0
324,KOGI,02-01-2024,0
324,KWARA,02-01-2024,0
324,LAGOS,02-01-2024,0
324,NASARAWA,02-01-2024,0
324,NIGER,02-01-2024,0
324,OGUN,02-01-2024,0
324,ONDO,02-01-2024,0
324,OSUN,02-01-2024,0
324,OYO,02-01-2024,0
324,PLATEAU,02-01-2024,0
324,RIVERS,02-01-2024,0
324,SOKOTO,02-01-2024,0
324,TARABA,02-01-2024,0
324,YOBE,02-01-2024,0
324,ZAMFARA,02-01-2024,0
324,FCT,02-01-2024,0
324,FOREIGN,02-01-2024,0
332,ABIA,02-01-2024,6
332,ADAMAWA,02-01-2024,0
332,AKWA IBOM,02-01-2024,0
332,BAUCHI,02-01-2024,0
332,BAYELSA,02-01-2024,1
332,BENUE,02-01-2024,0
332,BORNO,02-01-2024,0
332,CROSS RIVER,02-01-2024,2
332,DELTA,02-01-2024,1
332,EBONYI,02-01-2024,6
332,EDO,02-01-2024,2
332,EKITI,02-01-2024,0
332,ENUGU,02-01-2024,23
332,GOMBE,02-01-2024,0
332,IMO,02-01-2024,13
332,JIGAWA,02-01-2024,0
332,KADUNA,02-01-2024,0
332,KANO,02-01-2024,0
332,KATSINA,02-01-2024,0
332,KEBBI,02-01-2024,0
332,KOGI,02-01-2024,1
332,KWARA,02-01-2024,0
332,LAGOS,02-01-2024,0
332,NASARAWA,02-01-2024,0
332,NIGER,02-01-2024,0
332,OGUN,02-01-2024,0
332,ONDO,02-01-2024,0
332,OSUN,02-01-2024,0
332,OYO,02-01-2024,0
332,PLATEAU,02-01-2024,0
332,RIVERS,02-01-2024,0
332,SOKOTO,02-01-2024,0
332,TARABA,02-01-2024,0
332,YOBE,02-01-2024,0
332,ZAMFARA,02-01-2024,0
332,FCT,02-01-2024,0
332,FOREIGN,02-01-2024,0
329,ABIA,02-01-2024,1
329,ADAMAWA,02-01-2024,2
329,AKWA IBOM,02-01-2024,2
329,BAUCHI,02-01-2024,3
329,BAYELSA,02-01-2024,0
329,BENUE,02-01-2024,0
329,BORNO,02-01-2024,0
329,CROSS RIVER,02-01-2024,2
329,DELTA,02-01-2024,0
329,EBONYI,02-01-2024,30
329,EDO,02-01-2024,0
329,EKITI,02-01-2024,0
329,ENUGU,02-01-2024,41
329,GOMBE,02-01-2024,0
329,IMO,02-01-2024,1
329,JIGAWA,02-01-2024,0
329,KADUNA,02-01-2024,0
329,KANO,02-01-2024,0
329,KATSINA,02-01-2024,0
329,KEBBI,02-01-2024,0
329,KOGI,02-01-2024,0
329,KWARA,02-01-2024,0
329,LAGOS,02-01-2024,0
329,NASARAWA,02-01-2024,0
329,NIGER,02-01-2024,0
329,OGUN,02-01-2024,0
329,ONDO,02-01-2024,0
329,OSUN,02-01-2024,0
329,OYO,02-01-2024,0
329,PLATEAU,02-01-2024,1
329,RIVERS,02-01-2024,0
329,SOKOTO,02-01-2024,0
329,TARABA,02-01-2024,0
329,YOBE,02-01-2024,0
329,ZAMFARA,02-01-2024,0
329,FCT,02-01-2024,0
329,FOREIGN,02-01-2024,0
336,ABIA,02-01-2024,3
336,ADAMAWA,02-01-2024,0
336,AKWA IBOM,02-01-2024,0
336,BAUCHI,02-01-2024,0
336,BAYELSA,02-01-2024,0
336,BENUE,02-01-2024,0
336,BORNO,02-01-2024,0
336,CROSS RIVER,02-01-2024,1
336,DELTA,02-01-2024,0
336,EBONYI,02-01-2024,3
336,EDO,02-01-2024,0
336,EKITI,02-01-2024,0
336,ENUGU,02-01-2024,18
336,GOMBE,02-01-2024,0
336,IMO,02-01-2024,5
336,JIGAWA,02-01-2024,0
336,KADUNA,02-01-2024,0
336,KANO,02-01-2024,0
336,KATSINA,02-01-2024,0
336,KEBBI,02-01-2024,0
336,KOGI,02-01-2024,0
336,KWARA,02-01-2024,0
336,LAGOS,02-01-2024,0
336,NASARAWA,02-01-2024,0
336,NIGER,02-01-2024,0
336,OGUN,02-01-2024,0
336,ONDO,02-01-2024,0
336,OSUN,02-01-2024,0
336,OYO,02-01-2024,0
336,PLATEAU,02-01-2024,0
336,RIVERS,02-01-2024,0
336,SOKOTO,02-01-2024,0
336,TARABA,02-01-2024,0
336,YOBE,02-01-2024,0
336,ZAMFARA,02-01-2024,0
336,FCT,02-01-2024,0
336,FOREIGN,02-01-2024,0
330,ABIA,02-01-2024,3
330,ADAMAWA,02-01-2024,0
330,AKWA IBOM,02-01-2024,0
330,BAUCHI,02-01-2024,0
330,BAYELSA,02-01-2024,0
330,BENUE,02-01-2024,0
330,BORNO,02-01-2024,0
330,CROSS RIVER,02-01-2024,0
330,DELTA,02-01-2024,3
330,EBONYI,02-01-2024,17
330,EDO,02-01-2024,0
330,EKITI,02-01-2024,0
330,ENUGU,02-01-2024,29
330,GOMBE,02-01-2024,0
330,IMO,02-01-2024,7
330,JIGAWA,02-01-2024,0
330,KADUNA,02-01-2024,0
330,KANO,02-01-2024,0
330,KATSINA,02-01-2024,0
330,KEBBI,02-01-2024,0
330,KOGI,02-01-2024,1
330,KWARA,02-01-2024,0
330,LAGOS,02-01-2024,0
330,NASARAWA,02-01-2024,0
330,NIGER,02-01-2024,0
330,OGUN,02-01-2024,0
330,ONDO,02-01-2024,0
330,OSUN,02-01-2024,0
330,OYO,02-01-2024,0
330,PLATEAU,02-01-2024,1
330,RIVERS,02-01-2024,1
330,SOKOTO,02-01-2024,0
330,TARABA,02-01-2024,0
330,YOBE,02-01-2024,0
330,ZAMFARA,02-01-2024,0
330,FCT,02-01-2024,0
330,FOREIGN,02-01-2024,0
334,ABIA,02-01-2024,24
334,ADAMAWA,02-01-2024,0
334,AKWA IBOM,02-01-2024,3
334,BAUCHI,02-01-2024,0
334,BAYELSA,02-01-2024,0
334,BENUE,02-01-2024,1
334,BORNO,02-01-2024,0
334,CROSS RIVER,02-01-2024,3
334,DELTA,02-01-2024,9
334,EBONYI,02-01-2024,46
334,EDO,02-01-2024,3
334,EKITI,02-01-2024,0
334,ENUGU,02-01-2024,179
334,GOMBE,02-01-2024,0
334,IMO,02-01-2024,137
334,JIGAWA,02-01-2024,0
334,KADUNA,02-01-2024,0
334,KANO,02-01-2024,0
334,KATSINA,02-01-2024,0
334,KEBBI,02-01-2024,0
334,KOGI,02-01-2024,1
334,KWARA,02-01-2024,0
334,LAGOS,02-01-2024,0
334,NASARAWA,02-01-2024,0
334,NIGER,02-01-2024,0
334,OGUN,02-01-2024,0
334,ONDO,02-01-2024,0
334,OSUN,02-01-2024,0
334,OYO,02-01-2024,0
334,PLATEAU,02-01-2024,0
334,RIVERS,02-01-2024,0
334,SOKOTO,02-01-2024,0
334,TARABA,02-01-2024,0
334,YOBE,02-01-2024,0
334,ZAMFARA,02-01-2024,0
334,FCT,02-01-2024,0
334,FOREIGN,02-01-2024,0
331,ABIA,02-01-2024,14
331,ADAMAWA,02-01-2024,0
331,AKWA IBOM,02-01-2024,0
331,BAUCHI,02-01-2024,0
331,BAYELSA,02-01-2024,0
331,BENUE,02-01-2024,2
331,BORNO,02-01-2024,0
331,CROSS RIVER,02-01-2024,2
331,DELTA,02-01-2024,3
331,EBONYI,02-01-2024,88
331,EDO,02-01-2024,0
331,EKITI,02-01-2024,0
331,ENUGU,02-01-2024,72
331,GOMBE,02-01-2024,0
331,IMO,02-01-2024,19
331,JIGAWA,02-01-2024,0
331,KADUNA,02-01-2024,0
331,KANO,02-01-2024,1
331,KATSINA,02-01-2024,0
331,KEBBI,02-01-2024,0
331,KOGI,02-01-2024,0
331,KWARA,02-01-2024,0
331,LAGOS,02-01-2024,0
331,NASARAWA,02-01-2024,0
331,NIGER,02-01-2024,0
331,OGUN,02-01-2024,0
331,ONDO,02-01-2024,0
331,OSUN,02-01-2024,0
331,OYO,02-01-2024,0
331,PLATEAU,02-01-2024,1
331,RIVERS,02-01-2024,0
331,SOKOTO,02-01-2024,0
331,TARABA,02-01-2024,0
331,YOBE,02-01-2024,0
331,ZAMFARA,02-01-2024,0
331,FCT,02-01-2024,0
331,FOREIGN,02-01-2024,0
325,ABIA,02-01-2024,132
325,ADAMAWA,02-01-2024,0
325,AKWA IBOM,02-01-2024,11
325,BAUCHI,02-01-2024,0
325,BAYELSA,02-01-2024,0
325,BENUE,02-01-2024,3
325,BORNO,02-01-2024,0
325,CROSS RIVER,02-01-2024,5
325,DELTA,02-01-2024,16
325,EBONYI,02-01-2024,455
325,EDO,02-01-2024,5
325,EKITI,02-01-2024,0
325,ENUGU,02-01-2024,524
325,GOMBE,02-01-2024,0
325,IMO,02-01-2024,469
325,JIGAWA,02-01-2024,0
325,KADUNA,02-01-2024,0
325,KANO,02-01-2024,0
325,KATSINA,02-01-2024,0
325,KEBBI,02-01-2024,0
325,KOGI,02-01-2024,4
325,KWARA,02-01-2024,0
325,LAGOS,02-01-2024,0
325,NASARAWA,02-01-2024,0
325,NIGER,02-01-2024,0
325,OGUN,02-01-2024,0
325,ONDO,02-01-2024,0
325,OSUN,02-01-2024,5
325,OYO,02-01-2024,1
325,PLATEAU,02-01-2024,3
325,RIVERS,02-01-2024,2
325,SOKOTO,02-01-2024,0
325,TARABA,02-01-2024,0
325,YOBE,02-01-2024,0
325,ZAMFARA,02-01-2024,0
325,FCT,02-01-2024,0
325,FOREIGN,02-01-2024,0
477,ABIA,02-01-2024,9
477,ADAMAWA,02-01-2024,0
477,AKWA IBOM,02-01-2024,8
477,BAUCHI,02-01-2024,0
477,BAYELSA,02-01-2024,0
477,BENUE,02-01-2024,1
477,BORNO,02-01-2024,0
477,CROSS RIVER,02-01-2024,7
477,DELTA,02-01-2024,1
477,EBONYI,02-01-2024,24
477,EDO,02-01-2024,0
477,EKITI,02-01-2024,0
477,ENUGU,02-01-2024,36
477,GOMBE,02-01-2024,0
477,IMO,02-01-2024,58
477,JIGAWA,02-01-2024,0
477,KADUNA,02-01-2024,0
477,KANO,02-01-2024,0
477,KATSINA,02-01-2024,0
477,KEBBI,02-01-2024,0
477,KOGI,02-01-2024,1
477,KWARA,02-01-2024,0
477,LAGOS,02-01-2024,0
477,NASARAWA,02-01-2024,0
477,NIGER,02-01-2024,0
477,OGUN,02-01-2024,0
477,ONDO,02-01-2024,0
477,OSUN,02-01-2024,2
477,OYO,02-01-2024,0
477,PLATEAU,02-01-2024,0
477,RIVERS,02-01-2024,0
477,SOKOTO,02-01-2024,0
477,TARABA,02-01-2024,0
477,YOBE,02-01-2024,0
477,ZAMFARA,02-01-2024,0
477,FCT,02-01-2024,0
477,FOREIGN,02-01-2024,1
478,ABIA,02-01-2024,0
478,ADAMAWA,02-01-2024,0
478,AKWA IBOM,02-01-2024,0
478,BAUCHI,02-01-2024,0
478,BAYELSA,02-01-2024,0
478,BENUE,02-01-2024,0
478,BORNO,02-01-2024,0
478,CROSS RIVER,02-01-2024,0
478,DELTA,02-01-2024,0
478,EBONYI,02-01-2024,0
478,EDO,02-01-2024,0
478,EKITI,02-01-2024,0
478,ENUGU,02-01-2024,0
478,GOMBE,02-01-2024,0
478,IMO,02-01-2024,0
478,JIGAWA,02-01-2024,0
478,KADUNA,02-01-2024,0
478,KANO,02-01-2024,0
478,KATSINA,02-01-2024,0
478,KEBBI,02-01-2024,0
478,KOGI,02-01-2024,0
478,KWARA,02-01-2024,0
478,LAGOS,02-01-2024,0
478,NASARAWA,02-01-2024,0
478,NIGER,02-01-2024,0
478,OGUN,02-01-2024,0
478,ONDO,02-01-2024,0
478,OSUN,02-01-2024,0
478,OYO,02-01-2024,0
478,PLATEAU,02-01-2024,0
478,RIVERS,02-01-2024,0
478,SOKOTO,02-01-2024,0
478,TARABA,02-01-2024,0
478,YOBE,02-01-2024,0
478,ZAMFARA,02-01-2024,0
478,FCT,02-01-2024,0
478,FOREIGN,02-01-2024,0
471,ABIA,02-01-2024,8
471,ADAMAWA,02-01-2024,0
471,AKWA IBOM,02-01-2024,2
471,BAUCHI,02-01-2024,0
471,BAYELSA,02-01-2024,0
471,BENUE,02-01-2024,1
471,BORNO,02-01-2024,0
471,CROSS RIVER,02-01-2024,1
471,DELTA,02-01-2024,2
471,EBONYI,02-01-2024,11
471,EDO,02-01-2024,0
471,EKITI,02-01-2024,0
471,ENUGU,02-01-2024,37
471,GOMBE,02-01-2024,0
471,IMO,02-01-2024,10
471,JIGAWA,02-01-2024,0
471,KADUNA,02-01-2024,0
471,KANO,02-01-2024,0
471,KATSINA,02-01-2024,0
471,KEBBI,02-01-2024,0
471,KOGI,02-01-2024,1
471,KWARA,02-01-2024,0
471,LAGOS,02-01-2024,0
471,NASARAWA,02-01-2024,0
471,NIGER,02-01-2024,0
471,OGUN,02-01-2024,0
471,ONDO,02-01-2024,0
471,OSUN,02-01-2024,0
471,OYO,02-01-2024,0
471,PLATEAU,02-01-2024,0
471,RIVERS,02-01-2024,1
471,SOKOTO,02-01-2024,0
471,TARABA,02-01-2024,0
471,YOBE,02-01-2024,0
471,ZAMFARA,02-01-2024,0
471,FCT,02-01-2024,0
471,FOREIGN,02-01-2024,0
472,ABIA,02-01-2024,19
472,ADAMAWA,02-01-2024,0
472,AKWA IBOM,02-01-2024,12
472,BAUCHI,02-01-2024,0
472,BAYELSA,02-01-2024,0
472,BENUE,02-01-2024,0
472,BORNO,02-01-2024,0
472,CROSS RIVER,02-01-2024,1
472,DELTA,02-01-2024,4
472,EBONYI,02-01-2024,139
472,EDO,02-01-2024,0
472,EKITI,02-01-2024,1
472,ENUGU,02-01-2024,165
472,GOMBE,02-01-2024,0
472,IMO,02-01-2024,39
472,JIGAWA,02-01-2024,0
472,KADUNA,02-01-2024,0
472,KANO,02-01-2024,0
472,KATSINA,02-01-2024,0
472,KEBBI,02-01-2024,0
472,KOGI,02-01-2024,1
472,KWARA,02-01-2024,0
472,LAGOS,02-01-2024,0
472,NASARAWA,02-01-2024,0
472,NIGER,02-01-2024,0
472,OGUN,02-01-2024,0
472,ONDO,02-01-2024,0
472,OSUN,02-01-2024,0
472,OYO,02-01-2024,0
472,PLATEAU,02-01-2024,1
472,RIVERS,02-01-2024,1
472,SOKOTO,02-01-2024,0
472,TARABA,02-01-2024,0
472,YOBE,02-01-2024,0
472,ZAMFARA,02-01-2024,0
472,FCT,02-01-2024,0
472,FOREIGN,02-01-2024,1
479,ABIA,02-01-2024,20
479,ADAMAWA,02-01-2024,0
479,AKWA IBOM,02-01-2024,1
479,BAUCHI,02-01-2024,0
479,BAYELSA,02-01-2024,0
479,BENUE,02-01-2024,2
479,BORNO,02-01-2024,0
479,CROSS RIVER,02-01-2024,0
479,DELTA,02-01-2024,6
479,EBONYI,02-01-2024,46
479,EDO,02-01-2024,1
479,EKITI,02-01-2024,0
479,ENUGU,02-01-2024,225
479,GOMBE,02-01-2024,0
479,IMO,02-01-2024,144
479,JIGAWA,02-01-2024,0
479,KADUNA,02-01-2024,0
479,KANO,02-01-2024,0
479,KATSINA,02-01-2024,0
479,KEBBI,02-01-2024,0
479,KOGI,02-01-2024,1
479,KWARA,02-01-2024,0
479,LAGOS,02-01-2024,0
479,NASARAWA,02-01-2024,0
479,NIGER,02-01-2024,0
479,OGUN,02-01-2024,0
479,ONDO,02-01-2024,0
479,OSUN,02-01-2024,0
479,OYO,02-01-2024,0
479,PLATEAU,02-01-2024,0
479,RIVERS,02-01-2024,1
479,SOKOTO,02-01-2024,0
479,TARABA,02-01-2024,0
479,YOBE,02-01-2024,0
479,ZAMFARA,02-01-2024,0
479,FCT,02-01-2024,0
479,FOREIGN,02-01-2024,0
476,ABIA,02-01-2024,12
476,ADAMAWA,02-01-2024,0
476,AKWA IBOM,02-01-2024,0
476,BAUCHI,02-01-2024,0
476,BAYELSA,02-01-2024,0
476,BENUE,02-01-2024,2
476,BORNO,02-01-2024,0
476,CROSS RIVER,02-01-2024,0
476,DELTA,02-01-2024,0
476,EBONYI,02-01-2024,19
476,EDO,02-01-2024,0
476,EKITI,02-01-2024,0
476,ENUGU,02-01-2024,75
476,GOMBE,02-01-2024,0
476,IMO,02-01-2024,30
476,JIGAWA,02-01-2024,0
476,KADUNA,02-01-2024,0
476,KANO,02-01-2024,0
476,KATSINA,02-01-2024,0
476,KEBBI,02-01-2024,0
476,KOGI,02-01-2024,0
476,KWARA,02-01-2024,0
476,LAGOS,02-01-2024,0
476,NASARAWA,02-01-2024,0
476,NIGER,02-01-2024,0
476,OGUN,02-01-2024,0
476,ONDO,02-01-2024,0
476,OSUN,02-01-2024,0
476,OYO,02-01-2024,0
476,PLATEAU,02-01-2024,0
476,RIVERS,02-01-2024,0
476,SOKOTO,02-01-2024,0
476,TARABA,02-01-2024,0
476,YOBE,02-01-2024,0
476,ZAMFARA,02-01-2024,0
476,FCT,02-01-2024,0
476,FOREIGN,02-01-2024,0
469,ABIA,02-01-2024,2
469,ADAMAWA,02-01-2024,0
469,AKWA IBOM,02-01-2024,0
469,BAUCHI,02-01-2024,0
469,BAYELSA,02-01-2024,0
469,BENUE,02-01-2024,0
469,BORNO,02-01-2024,0
469,CROSS RIVER,02-01-2024,0
469,DELTA,02-01-2024,2
469,EBONYI,02-01-2024,22
469,EDO,02-01-2024,1
469,EKITI,02-01-2024,0
469,ENUGU,02-01-2024,47
469,GOMBE,02-01-2024,0
469,IMO,02-01-2024,11
469,JIGAWA,02-01-2024,0
469,KADUNA,02-01-2024,0
469,KANO,02-01-2024,0
469,KATSINA,02-01-2024,0
469,KEBBI,02-01-2024,0
469,KOGI,02-01-2024,1
469,KWARA,02-01-2024,0
469,LAGOS,02-01-2024,0
469,NASARAWA,02-01-2024,0
469,NIGER,02-01-2024,0
469,OGUN,02-01-2024,1
469,ONDO,02-01-2024,0
469,OSUN,02-01-2024,0
469,OYO,02-01-2024,0
469,PLATEAU,02-01-2024,0
469,RIVERS,02-01-2024,0
469,SOKOTO,02-01-2024,0
469,TARABA,02-01-2024,0
469,YOBE,02-01-2024,0
469,ZAMFARA,02-01-2024,0
469,FCT,02-01-2024,0
469,FOREIGN,02-01-2024,0
470,ABIA,02-01-2024,9
470,ADAMAWA,02-01-2024,0
470,AKWA IBOM,02-01-2024,2
470,BAUCHI,02-01-2024,0
470,BAYELSA,02-01-2024,0
470,BENUE,02-01-2024,0
470,BORNO,02-01-2024,0
470,CROSS RIVER,02-01-2024,3
470,DELTA,02-01-2024,1
470,EBONYI,02-01-2024,68
470,EDO,02-01-2024,0
470,EKITI,02-01-2024,0
470,ENUGU,02-01-2024,82
470,GOMBE,02-01-2024,0
470,IMO,02-01-2024,13
470,JIGAWA,02-01-2024,0
470,KADUNA,02-01-2024,0
470,KANO,02-01-2024,0
470,KATSINA,02-01-2024,0
470,KEBBI,02-01-2024,0
470,KOGI,02-01-2024,0
470,KWARA,02-01-2024,0
470,LAGOS,02-01-2024,0
470,NASARAWA,02-01-2024,0
470,NIGER,02-01-2024,0
470,OGUN,02-01-2024,0
470,ONDO,02-01-2024,0
470,OSUN,02-01-2024,0
470,OYO,02-01-2024,0
470,PLATEAU,02-01-2024,1
470,RIVERS,02-01-2024,0
470,SOKOTO,02-01-2024,0
470,TARABA,02-01-2024,0
470,YOBE,02-01-2024,0
470,ZAMFARA,02-01-2024,0
470,FCT,02-01-2024,0
470,FOREIGN,02-01-2024,0
480,ABIA,02-01-2024,5
480,ADAMAWA,02-01-2024,0
480,AKWA IBOM,02-01-2024,2
480,BAUCHI,02-01-2024,0
480,BAYELSA,02-01-2024,0
480,BENUE,02-01-2024,0
480,BORNO,02-01-2024,0
480,CROSS RIVER,02-01-2024,2
480,DELTA,02-01-2024,1
480,EBONYI,02-01-2024,83
480,EDO,02-01-2024,0
480,EKITI,02-01-2024,0
480,ENUGU,02-01-2024,131
480,GOMBE,02-01-2024,0
480,IMO,02-01-2024,6
480,JIGAWA,02-01-2024,0
480,KADUNA,02-01-2024,4
480,KANO,02-01-2024,0
480,KATSINA,02-01-2024,0
480,KEBBI,02-01-2024,0
480,KOGI,02-01-2024,0
480,KWARA,02-01-2024,0
480,LAGOS,02-01-2024,0
480,NASARAWA,02-01-2024,0
480,NIGER,02-01-2024,0
480,OGUN,02-01-2024,0
480,ONDO,02-01-2024,0
480,OSUN,02-01-2024,0
480,OYO,02-01-2024,0
480,PLATEAU,02-01-2024,0
480,RIVERS,02-01-2024,0
480,SOKOTO,02-01-2024,0
480,TARABA,02-01-2024,0
480,YOBE,02-01-2024,0
480,ZAMFARA,02-01-2024,0
480,FCT,02-01-2024,0
480,FOREIGN,02-01-2024,0
473,ABIA,02-01-2024,13
473,ADAMAWA,02-01-2024,0
473,AKWA IBOM,02-01-2024,0
473,BAUCHI,02-01-2024,0
473,BAYELSA,02-01-2024,0
473,BENUE,02-01-2024,0
473,BORNO,02-01-2024,0
473,CROSS RIVER,02-01-2024,4
473,DELTA,02-01-2024,1
473,EBONYI,02-01-2024,28
473,EDO,02-01-2024,2
473,EKITI,02-01-2024,0
473,ENUGU,02-01-2024,41
473,GOMBE,02-01-2024,0
473,IMO,02-01-2024,52
473,JIGAWA,02-01-2024,0
473,KADUNA,02-01-2024,0
473,KANO,02-01-2024,0
473,KATSINA,02-01-2024,0
473,KEBBI,02-01-2024,0
473,KOGI,02-01-2024,3
473,KWARA,02-01-2024,0
473,LAGOS,02-01-2024,0
473,NASARAWA,02-01-2024,0
473,NIGER,02-01-2024,0
473,OGUN,02-01-2024,0
473,ONDO,02-01-2024,0
473,OSUN,02-01-2024,0
473,OYO,02-01-2024,0
473,PLATEAU,02-01-2024,0
473,RIVERS,02-01-2024,0
473,SOKOTO,02-01-2024,0
473,TARABA,02-01-2024,0
473,YOBE,02-01-2024,0
473,ZAMFARA,02-01-2024,0
473,FCT,02-01-2024,0
473,FOREIGN,02-01-2024,0
475,ABIA,02-01-2024,31
475,ADAMAWA,02-01-2024,0
475,AKWA IBOM,02-01-2024,5
475,BAUCHI,02-01-2024,0
475,BAYELSA,02-01-2024,0
475,BENUE,02-01-2024,1
475,BORNO,02-01-2024,0
475,CROSS RIVER,02-01-2024,3
475,DELTA,02-01-2024,1
475,EBONYI,02-01-2024,64
475,EDO,02-01-2024,2
475,EKITI,02-01-2024,0
475,ENUGU,02-01-2024,55
475,GOMBE,02-01-2024,0
475,IMO,02-01-2024,46
475,JIGAWA,02-01-2024,0
475,KADUNA,02-01-2024,0
475,KANO,02-01-2024,0
475,KATSINA,02-01-2024,0
475,KEBBI,02-01-2024,0
475,KOGI,02-01-2024,0
475,KWARA,02-01-2024,0
475,LAGOS,02-01-2024,0
475,NASARAWA,02-01-2024,0
475,NIGER,02-01-2024,0
475,OGUN,02-01-2024,0
475,ONDO,02-01-2024,0
475,OSUN,02-01-2024,2
475,OYO,02-01-2024,0
475,PLATEAU,02-01-2024,0
475,RIVERS,02-01-2024,3
475,SOKOTO,02-01-2024,0
475,TARABA,02-01-2024,0
475,YOBE,02-01-2024,0
475,ZAMFARA,02-01-2024,0
475,FCT,02-01-2024,0
475,FOREIGN,02-01-2024,0
468,ABIA,02-01-2024,19
468,ADAMAWA,02-01-2024,0
468,AKWA IBOM,02-01-2024,2
468,BAUCHI,02-01-2024,0
468,BAYELSA,02-01-2024,0
468,BENUE,02-01-2024,0
468,BORNO,02-01-2024,0
468,CROSS RIVER,02-01-2024,3
468,DELTA,02-01-2024,2
468,EBONYI,02-01-2024,87
468,EDO,02-01-2024,0
468,EKITI,02-01-2024,1
468,ENUGU,02-01-2024,33
468,GOMBE,02-01-2024,0
468,IMO,02-01-2024,35
468,JIGAWA,02-01-2024,0
468,KADUNA,02-01-2024,0
468,KANO,02-01-2024,0
468,KATSINA,02-01-2024,0
468,KEBBI,02-01-2024,0
468,KOGI,02-01-2024,0
468,KWARA,02-01-2024,0
468,LAGOS,02-01-2024,1
468,NASARAWA,02-01-2024,0
468,NIGER,02-01-2024,0
468,OGUN,02-01-2024,3
468,ONDO,02-01-2024,0
468,OSUN,02-01-2024,1
468,OYO,02-01-2024,1
468,PLATEAU,02-01-2024,0
468,RIVERS,02-01-2024,0
468,SOKOTO,02-01-2024,0
468,TARABA,02-01-2024,2
468,YOBE,02-01-2024,0
468,ZAMFARA,02-01-2024,0
468,FCT,02-01-2024,0
468,FOREIGN,02-01-2024,0
474,ABIA,02-01-2024,18
474,ADAMAWA,02-01-2024,0
474,AKWA IBOM,02-01-2024,4
474,BAUCHI,02-01-2024,0
474,BAYELSA,02-01-2024,0
474,BENUE,02-01-2024,2
474,BORNO,02-01-2024,0
474,CROSS RIVER,02-01-2024,4
474,DELTA,02-01-2024,3
474,EBONYI,02-01-2024,129
474,EDO,02-01-2024,2
474,EKITI,02-01-2024,0
474,ENUGU,02-01-2024,45
474,GOMBE,02-01-2024,0
474,IMO,02-01-2024,46
474,JIGAWA,02-01-2024,0
474,KADUNA,02-01-2024,0
474,KANO,02-01-2024,0
474,KATSINA,02-01-2024,0
474,KEBBI,02-01-2024,0
474,KOGI,02-01-2024,1
474,KWARA,02-01-2024,0
474,LAGOS,02-01-2024,0
474,NASARAWA,02-01-2024,0
474,NIGER,02-01-2024,0
474,OGUN,02-01-2024,0
474,ONDO,02-01-2024,0
474,OSUN,02-01-2024,2
474,OYO,02-01-2024,1
474,PLATEAU,02-01-2024,0
474,RIVERS,02-01-2024,0
474,SOKOTO,02-01-2024,0
474,TARABA,02-01-2024,1
474,YOBE,02-01-2024,0
474,ZAMFARA,02-01-2024,0
474,FCT,02-01-2024,0
474,FOREIGN,02-01-2024,1
986,ABIA,02-01-2024,0
986,ADAMAWA,02-01-2024,0
986,AKWA IBOM,02-01-2024,1
986,BAUCHI,02-01-2024,0
986,BAYELSA,02-01-2024,0
986,BENUE,02-01-2024,0
986,BORNO,02-01-2024,0
986,CROSS RIVER,02-01-2024,0
986,DELTA,02-01-2024,0
986,EBONYI,02-01-2024,6
986,EDO,02-01-2024,0
986,EKITI,02-01-2024,0
986,ENUGU,02-01-2024,6
986,GOMBE,02-01-2024,0
986,IMO,02-01-2024,1
986,JIGAWA,02-01-2024,0
986,KADUNA,02-01-2024,0
986,KANO,02-01-2024,0
986,KATSINA,02-01-2024,0
986,KEBBI,02-01-2024,0
986,KOGI,02-01-2024,0
986,KWARA,02-01-2024,0
986,LAGOS,02-01-2024,0
986,NASARAWA,02-01-2024,0
986,NIGER,02-01-2024,0
986,OGUN,02-01-2024,0
986,ONDO,02-01-2024,0
986,OSUN,02-01-2024,0
986,OYO,02-01-2024,0
986,PLATEAU,02-01-2024,1
986,RIVERS,02-01-2024,0
986,SOKOTO,02-01-2024,0
986,TARABA,02-01-2024,0
986,YOBE,02-01-2024,0
986,ZAMFARA,02-01-2024,0
986,FCT,02-01-2024,0
986,FOREIGN,02-01-2024,0
992,ABIA,02-01-2024,1
992,ADAMAWA,02-01-2024,0
992,AKWA IBOM,02-01-2024,0
992,BAUCHI,02-01-2024,0
992,BAYELSA,02-01-2024,1
992,BENUE,02-01-2024,0
992,BORNO,02-01-2024,0
992,CROSS RIVER,02-01-2024,0
992,DELTA,02-01-2024,0
992,EBONYI,02-01-2024,7
992,EDO,02-01-2024,0
992,EKITI,02-01-2024,0
992,ENUGU,02-01-2024,9
992,GOMBE,02-01-2024,0
992,IMO,02-01-2024,0
992,JIGAWA,02-01-2024,0
992,KADUNA,02-01-2024,0
992,KANO,02-01-2024,0
992,KATSINA,02-01-2024,0
992,KEBBI,02-01-2024,0
992,KOGI,02-01-2024,0
992,KWARA,02-01-2024,0
992,LAGOS,02-01-2024,0
992,NASARAWA,02-01-2024,0
992,NIGER,02-01-2024,0
992,OGUN,02-01-2024,0
992,ONDO,02-01-2024,0
992,OSUN,02-01-2024,0
992,OYO,02-01-2024,0
992,PLATEAU,02-01-2024,0
992,RIVERS,02-01-2024,0
992,SOKOTO,02-01-2024,0
992,TARABA,02-01-2024,0
992,YOBE,02-01-2024,0
992,ZAMFARA,02-01-2024,0
992,FCT,02-01-2024,0
992,FOREIGN,02-01-2024,0
988,ABIA,02-01-2024,4
988,ADAMAWA,02-01-2024,0
988,AKWA IBOM,02-01-2024,3
988,BAUCHI,02-01-2024,0
988,BAYELSA,02-01-2024,0
988,BENUE,02-01-2024,1
988,BORNO,02-01-2024,0
988,CROSS RIVER,02-01-2024,4
988,DELTA,02-01-2024,1
988,EBONYI,02-01-2024,32
988,EDO,02-01-2024,1
988,EKITI,02-01-2024,0
988,ENUGU,02-01-2024,30
988,GOMBE,02-01-2024,0
988,IMO,02-01-2024,12
988,JIGAWA,02-01-2024,0
988,KADUNA,02-01-2024,0
988,KANO,02-01-2024,0
988,KATSINA,02-01-2024,0
988,KEBBI,02-01-2024,0
988,KOGI,02-01-2024,3
988,KWARA,02-01-2024,0
988,LAGOS,02-01-2024,0
988,NASARAWA,02-01-2024,0
988,NIGER,02-01-2024,0
988,OGUN,02-01-2024,1
988,ONDO,02-01-2024,0
988,OSUN,02-01-2024,0
988,OYO,02-01-2024,0
988,PLATEAU,02-01-2024,1
988,RIVERS,02-01-2024,1
988,SOKOTO,02-01-2024,0
988,TARABA,02-01-2024,0
988,YOBE,02-01-2024,0
988,ZAMFARA,02-01-2024,0
988,FCT,02-01-2024,0
988,FOREIGN,02-01-2024,0
985,ABIA,02-01-2024,37
985,ADAMAWA,02-01-2024,0
985,AKWA IBOM,02-01-2024,3
985,BAUCHI,02-01-2024,0
985,BAYELSA,02-01-2024,0
985,BENUE,02-01-2024,0
985,BORNO,02-01-2024,0
985,CROSS RIVER,02-01-2024,4
985,DELTA,02-01-2024,3
985,EBONYI,02-01-2024,119
985,EDO,02-01-2024,0
985,EKITI,02-01-2024,0
985,ENUGU,02-01-2024,205
985,GOMBE,02-01-2024,0
985,IMO,02-01-2024,51
985,JIGAWA,02-01-2024,0
985,KADUNA,02-01-2024,0
985,KANO,02-01-2024,0
985,KATSINA,02-01-2024,1
985,KEBBI,02-01-2024,0
985,KOGI,02-01-2024,16
985,KWARA,02-01-2024,0
985,LAGOS,02-01-2024,0
985,NASARAWA,02-01-2024,0
985,NIGER,02-01-2024,0
985,OGUN,02-01-2024,0
985,ONDO,02-01-2024,0
985,OSUN,02-01-2024,0
985,OYO,02-01-2024,0
985,PLATEAU,02-01-2024,0
985,RIVERS,02-01-2024,0
985,SOKOTO,02-01-2024,0
985,TARABA,02-01-2024,0
985,YOBE,02-01-2024,0
985,ZAMFARA,02-01-2024,0
985,FCT,02-01-2024,0
985,FOREIGN,02-01-2024,0
983,ABIA,02-01-2024,0
983,ADAMAWA,02-01-2024,0
983,AKWA IBOM,02-01-2024,0
983,BAUCHI,02-01-2024,0
983,BAYELSA,02-01-2024,0
983,BENUE,02-01-2024,0
983,BORNO,02-01-2024,0
983,CROSS RIVER,02-01-2024,1
983,DELTA,02-01-2024,4
983,EBONYI,02-01-2024,26
983,EDO,02-01-2024,0
983,EKITI,02-01-2024,0
983,ENUGU,02-01-2024,3
983,GOMBE,02-01-2024,0
983,IMO,02-01-2024,0
983,JIGAWA,02-01-2024,0
983,KADUNA,02-01-2024,0
983,KANO,02-01-2024,0
983,KATSINA,02-01-2024,0
983,KEBBI,02-01-2024,0
983,KOGI,02-01-2024,0
983,KWARA,02-01-2024,0
983,LAGOS,02-01-2024,0
983,NASARAWA,02-01-2024,0
983,NIGER,02-01-2024,0
983,OGUN,02-01-2024,0
983,ONDO,02-01-2024,0
983,OSUN,02-01-2024,0
983,OYO,02-01-2024,0
983,PLATEAU,02-01-2024,0
983,RIVERS,02-01-2024,0
983,SOKOTO,02-01-2024,0
983,TARABA,02-01-2024,0
983,YOBE,02-01-2024,0
983,ZAMFARA,02-01-2024,0
983,FCT,02-01-2024,0
983,FOREIGN,02-01-2024,0
989,ABIA,02-01-2024,1
989,ADAMAWA,02-01-2024,0
989,AKWA IBOM,02-01-2024,1
989,BAUCHI,02-01-2024,0
989,BAYELSA,02-01-2024,0
989,BENUE,02-01-2024,1
989,BORNO,02-01-2024,0
989,CROSS RIVER,02-01-2024,1
989,DELTA,02-01-2024,3
989,EBONYI,02-01-2024,44
989,EDO,02-01-2024,0
989,EKITI,02-01-2024,0
989,ENUGU,02-01-2024,16
989,GOMBE,02-01-2024,0
989,IMO,02-01-2024,3
989,JIGAWA,02-01-2024,0
989,KADUNA,02-01-2024,0
989,KANO,02-01-2024,0
989,KATSINA,02-01-2024,0
989,KEBBI,02-01-2024,0
989,KOGI,02-01-2024,1
989,KWARA,02-01-2024,0
989,LAGOS,02-01-2024,0
989,NASARAWA,02-01-2024,0
989,NIGER,02-01-2024,0
989,OGUN,02-01-2024,0
989,ONDO,02-01-2024,0
989,OSUN,02-01-2024,1
989,OYO,02-01-2024,0
989,PLATEAU,02-01-2024,0
989,RIVERS,02-01-2024,2
989,SOKOTO,02-01-2024,0
989,TARABA,02-01-2024,0
989,YOBE,02-01-2024,0
989,ZAMFARA,02-01-2024,0
989,FCT,02-01-2024,0
989,FOREIGN,02-01-2024,0
984,ABIA,02-01-2024,8
984,ADAMAWA,02-01-2024,1
984,AKWA IBOM,02-01-2024,1
984,BAUCHI,02-01-2024,0
984,BAYELSA,02-01-2024,0
984,BENUE,02-01-2024,1
984,BORNO,02-01-2024,0
984,CROSS RIVER,02-01-2024,7
984,DELTA,02-01-2024,8
984,EBONYI,02-01-2024,86
984,EDO,02-01-2024,1
984,EKITI,02-01-2024,0
984,ENUGU,02-01-2024,92
984,GOMBE,02-01-2024,0
984,IMO,02-01-2024,12
984,JIGAWA,02-01-2024,0
984,KADUNA,02-01-2024,0
984,KANO,02-01-2024,0
984,KATSINA,02-01-2024,0
984,KEBBI,02-01-2024,0
984,KOGI,02-01-2024,1
984,KWARA,02-01-2024,0
984,LAGOS,02-01-2024,0
984,NASARAWA,02-01-2024,0
984,NIGER,02-01-2024,0
984,OGUN,02-01-2024,0
984,ONDO,02-01-2024,1
984,OSUN,02-01-2024,0
984,OYO,02-01-2024,0
984,PLATEAU,02-01-2024,0
984,RIVERS,02-01-2024,1
984,SOKOTO,02-01-2024,0
984,TARABA,02-01-2024,1
984,YOBE,02-01-2024,0
984,ZAMFARA,02-01-2024,0
984,FCT,02-01-2024,0
984,FOREIGN,02-01-2024,0
991,ABIA,02-01-2024,17
991,ADAMAWA,02-01-2024,0
991,AKWA IBOM,02-01-2024,0
991,BAUCHI,02-01-2024,0
991,BAYELSA,02-01-2024,0
991,BENUE,02-01-2024,0
991,BORNO,02-01-2024,0
991,CROSS RIVER,02-01-2024,1
991,DELTA,02-01-2024,0
991,EBONYI,02-01-2024,17
991,EDO,02-01-2024,1
991,EKITI,02-01-2024,0
991,ENUGU,02-01-2024,67
991,GOMBE,02-01-2024,0
991,IMO,02-01-2024,33
991,JIGAWA,02-01-2024,0
991,KADUNA,02-01-2024,0
991,KANO,02-01-2024,0
991,KATSINA,02-01-2024,0
991,KEBBI,02-01-2024,0
991,KOGI,02-01-2024,0
991,KWARA,02-01-2024,0
991,LAGOS,02-01-2024,0
991,NASARAWA,02-01-2024,0
991,NIGER,02-01-2024,0
991,OGUN,02-01-2024,0
991,ONDO,02-01-2024,0
991,OSUN,02-01-2024,0
991,OYO,02-01-2024,0
991,PLATEAU,02-01-2024,0
991,RIVERS,02-01-2024,0
991,SOKOTO,02-01-2024,0
991,TARABA,02-01-2024,0
991,YOBE,02-01-2024,0
991,ZAMFARA,02-01-2024,0
991,FCT,02-01-2024,0
991,FOREIGN,02-01-2024,0
990,ABIA,02-01-2024,9
990,ADAMAWA,02-01-2024,0
990,AKWA IBOM,02-01-2024,0
990,BAUCHI,02-01-2024,0
990,BAYELSA,02-01-2024,1
990,BENUE,02-01-2024,0
990,BORNO,02-01-2024,0
990,CROSS RIVER,02-01-2024,0
990,DELTA,02-01-2024,2
990,EBONYI,02-01-2024,30
990,EDO,02-01-2024,1
990,EKITI,02-01-2024,0
990,ENUGU,02-01-2024,48
990,GOMBE,02-01-2024,0
990,IMO,02-01-2024,7
990,JIGAWA,02-01-2024,0
990,KADUNA,02-01-2024,0
990,KANO,02-01-2024,0
990,KATSINA,02-01-2024,0
990,KEBBI,02-01-2024,0
990,KOGI,02-01-2024,3
990,KWARA,02-01-2024,0
990,LAGOS,02-01-2024,0
990,NASARAWA,02-01-2024,0
990,NIGER,02-01-2024,0
990,OGUN,02-01-2024,0
990,ONDO,02-01-2024,0
990,OSUN,02-01-2024,0
990,OYO,02-01-2024,0
990,PLATEAU,02-01-2024,0
990,RIVERS,02-01-2024,0
990,SOKOTO,02-01-2024,0
990,TARABA,02-01-2024,0
990,YOBE,02-01-2024,0
990,ZAMFARA,02-01-2024,0
990,FCT,02-01-2024,0
990,FOREIGN,02-01-2024,0
987,ABIA,02-01-2024,4
987,ADAMAWA,02-01-2024,0
987,AKWA IBOM,02-01-2024,2
987,BAUCHI,02-01-2024,0
987,BAYELSA,02-01-2024,0
987,BENUE,02-01-2024,0
987,BORNO,02-01-2024,0
987,CROSS RIVER,02-01-2024,1
987,DELTA,02-01-2024,1
987,EBONYI,02-01-2024,26
987,EDO,02-01-2024,1
987,EKITI,02-01-2024,0
987,ENUGU,02-01-2024,39
987,GOMBE,02-01-2024,0
987,IMO,02-01-2024,14
987,JIGAWA,02-01-2024,0
987,KADUNA,02-01-2024,0
987,KANO,02-01-2024,0
987,KATSINA,02-01-2024,0
987,KEBBI,02-01-2024,0
987,KOGI,02-01-2024,0
987,KWARA,02-01-2024,0
987,LAGOS,02-01-2024,0
987,NASARAWA,02-01-2024,0
987,NIGER,02-01-2024,0
987,OGUN,02-01-2024,0
987,ONDO,02-01-2024,0
987,OSUN,02-01-2024,0
987,OYO,02-01-2024,0
987,PLATEAU,02-01-2024,0
987,RIVERS,02-01-2024,0
987,SOKOTO,02-01-2024,0
987,TARABA,02-01-2024,0
987,YOBE,02-01-2024,0
987,ZAMFARA,02-01-2024,0
987,FCT,02-01-2024,0
987,FOREIGN,02-01-2024,0
993,ABIA,02-01-2024,0
993,ADAMAWA,02-01-2024,0
993,AKWA IBOM,02-01-2024,0
993,BAUCHI,02-01-2024,0
993,BAYELSA,02-01-2024,0
993,BENUE,02-01-2024,0
993,BORNO,02-01-2024,0
993,CROSS RIVER,02-01-2024,1
993,DELTA,02-01-2024,0
993,EBONYI,02-01-2024,2
993,EDO,02-01-2024,0
993,EKITI,02-01-2024,0
993,ENUGU,02-01-2024,0
993,GOMBE,02-01-2024,0
993,IMO,02-01-2024,1
993,JIGAWA,02-01-2024,0
993,KADUNA,02-01-2024,0
993,KANO,02-01-2024,0
993,KATSINA,02-01-2024,0
993,KEBBI,02-01-2024,0
993,KOGI,02-01-2024,0
993,KWARA,02-01-2024,0
993,LAGOS,02-01-2024,0
993,NASARAWA,02-01-2024,0
993,NIGER,02-01-2024,0
993,OGUN,02-01-2024,0
993,ONDO,02-01-2024,0
993,OSUN,02-01-2024,0
993,OYO,02-01-2024,0
993,PLATEAU,02-01-2024,0
993,RIVERS,02-01-2024,0
993,SOKOTO,02-01-2024,0
993,TARABA,02-01-2024,0
993,YOBE,02-01-2024,0
993,ZAMFARA,02-01-2024,0
993,FCT,02-01-2024,0
993,FOREIGN,02-01-2024,0
792,ABIA,02-01-2024,49
792,ADAMAWA,02-01-2024,0
792,AKWA IBOM,02-01-2024,3
792,BAUCHI,02-01-2024,0
792,BAYELSA,02-01-2024,0
792,BENUE,02-01-2024,1
792,BORNO,02-01-2024,0
792,CROSS RIVER,02-01-2024,3
792,DELTA,02-01-2024,10
792,EBONYI,02-01-2024,29
792,EDO,02-01-2024,6
792,EKITI,02-01-2024,0
792,ENUGU,02-01-2024,131
792,GOMBE,02-01-2024,0
792,IMO,02-01-2024,137
792,JIGAWA,02-01-2024,0
792,KADUNA,02-01-2024,0
792,KANO,02-01-2024,0
792,KATSINA,02-01-2024,0
792,KEBBI,02-01-2024,0
792,KOGI,02-01-2024,0
792,KWARA,02-01-2024,0
792,LAGOS,02-01-2024,0
792,NASARAWA,02-01-2024,0
792,NIGER,02-01-2024,0
792,OGUN,02-01-2024,0
792,ONDO,02-01-2024,0
792,OSUN,02-01-2024,0
792,OYO,02-01-2024,1
792,PLATEAU,02-01-2024,1
792,RIVERS,02-01-2024,1
792,SOKOTO,02-01-2024,0
792,TARABA,02-01-2024,0
792,YOBE,02-01-2024,0
792,ZAMFARA,02-01-2024,0
792,FCT,02-01-2024,0
792,FOREIGN,02-01-2024,0
790,ABIA,02-01-2024,52
790,ADAMAWA,02-01-2024,0
790,AKWA IBOM,02-01-2024,6
790,BAUCHI,02-01-2024,0
790,BAYELSA,02-01-2024,0
790,BENUE,02-01-2024,3
790,BORNO,02-01-2024,0
790,CROSS RIVER,02-01-2024,3
790,DELTA,02-01-2024,7
790,EBONYI,02-01-2024,41
790,EDO,02-01-2024,3
790,EKITI,02-01-2024,0
790,ENUGU,02-01-2024,190
790,GOMBE,02-01-2024,0
790,IMO,02-01-2024,158
790,JIGAWA,02-01-2024,0
790,KADUNA,02-01-2024,0
790,KANO,02-01-2024,0
790,KATSINA,02-01-2024,0
790,KEBBI,02-01-2024,0
790,KOGI,02-01-2024,1
790,KWARA,02-01-2024,0
790,LAGOS,02-01-2024,0
790,NASARAWA,02-01-2024,0
790,NIGER,02-01-2024,0
790,OGUN,02-01-2024,1
790,ONDO,02-01-2024,0
790,OSUN,02-01-2024,0
790,OYO,02-01-2024,0
790,PLATEAU,02-01-2024,0
790,RIVERS,02-01-2024,0
790,SOKOTO,02-01-2024,0
790,TARABA,02-01-2024,0
790,YOBE,02-01-2024,0
790,ZAMFARA,02-01-2024,0
790,FCT,02-01-2024,0
790,FOREIGN,02-01-2024,0
802,ABIA,02-01-2024,44
802,ADAMAWA,02-01-2024,0
802,AKWA IBOM,02-01-2024,0
802,BAUCHI,02-01-2024,0
802,BAYELSA,02-01-2024,0
802,BENUE,02-01-2024,1
802,BORNO,02-01-2024,0
802,CROSS RIVER,02-01-2024,1
802,DELTA,02-01-2024,21
802,EBONYI,02-01-2024,48
802,EDO,02-01-2024,1
802,EKITI,02-01-2024,0
802,ENUGU,02-01-2024,294
802,GOMBE,02-01-2024,0
802,IMO,02-01-2024,293
802,JIGAWA,02-01-2024,0
802,KADUNA,02-01-2024,0
802,KANO,02-01-2024,0
802,KATSINA,02-01-2024,0
802,KEBBI,02-01-2024,0
802,KOGI,02-01-2024,0
802,KWARA,02-01-2024,0
802,LAGOS,02-01-2024,0
802,NASARAWA,02-01-2024,0
802,NIGER,02-01-2024,0
802,OGUN,02-01-2024,0
802,ONDO,02-01-2024,0
802,OSUN,02-01-2024,2
802,OYO,02-01-2024,0
802,PLATEAU,02-01-2024,0
802,RIVERS,02-01-2024,3
802,SOKOTO,02-01-2024,0
802,TARABA,02-01-2024,0
802,YOBE,02-01-2024,0
802,ZAMFARA,02-01-2024,0
802,FCT,02-01-2024,0
802,FOREIGN,02-01-2024,0
789,ABIA,02-01-2024,101
789,ADAMAWA,02-01-2024,0
789,AKWA IBOM,02-01-2024,23
789,BAUCHI,02-01-2024,0
789,BAYELSA,02-01-2024,0
789,BENUE,02-01-2024,8
789,BORNO,02-01-2024,0
789,CROSS RIVER,02-01-2024,9
789,DELTA,02-01-2024,37
789,EBONYI,02-01-2024,236
789,EDO,02-01-2024,6
789,EKITI,02-01-2024,0
789,ENUGU,02-01-2024,535
789,GOMBE,02-01-2024,0
789,IMO,02-01-2024,203
789,JIGAWA,02-01-2024,0
789,KADUNA,02-01-2024,0
789,KANO,02-01-2024,0
789,KATSINA,02-01-2024,1
789,KEBBI,02-01-2024,0
789,KOGI,02-01-2024,9
789,KWARA,02-01-2024,2
789,LAGOS,02-01-2024,0
789,NASARAWA,02-01-2024,1
789,NIGER,02-01-2024,2
789,OGUN,02-01-2024,0
789,ONDO,02-01-2024,0
789,OSUN,02-01-2024,9
789,OYO,02-01-2024,3
789,PLATEAU,02-01-2024,2
789,RIVERS,02-01-2024,1
789,SOKOTO,02-01-2024,0
789,TARABA,02-01-2024,0
789,YOBE,02-01-2024,0
789,ZAMFARA,02-01-2024,0
789,FCT,02-01-2024,1
789,FOREIGN,02-01-2024,0
803,ABIA,02-01-2024,24
803,ADAMAWA,02-01-2024,0
803,AKWA IBOM,02-01-2024,1
803,BAUCHI,02-01-2024,0
803,BAYELSA,02-01-2024,0
803,BENUE,02-01-2024,1
803,BORNO,02-01-2024,0
803,CROSS RIVER,02-01-2024,0
803,DELTA,02-01-2024,6
803,EBONYI,02-01-2024,46
803,EDO,02-01-2024,0
803,EKITI,02-01-2024,0
803,ENUGU,02-01-2024,225
803,GOMBE,02-01-2024,0
803,IMO,02-01-2024,145
803,JIGAWA,02-01-2024,0
803,KADUNA,02-01-2024,0
803,KANO,02-01-2024,0
803,KATSINA,02-01-2024,0
803,KEBBI,02-01-2024,0
803,KOGI,02-01-2024,0
803,KWARA,02-01-2024,0
803,LAGOS,02-01-2024,0
803,NASARAWA,02-01-2024,0
803,NIGER,02-01-2024,0
803,OGUN,02-01-2024,0
803,ONDO,02-01-2024,0
803,OSUN,02-01-2024,0
803,OYO,02-01-2024,0
803,PLATEAU,02-01-2024,0
803,RIVERS,02-01-2024,1
803,SOKOTO,02-01-2024,0
803,TARABA,02-01-2024,0
803,YOBE,02-01-2024,0
803,ZAMFARA,02-01-2024,0
803,FCT,02-01-2024,0
803,FOREIGN,02-01-2024,0
793,ABIA,02-01-2024,113
793,ADAMAWA,02-01-2024,1
793,AKWA IBOM,02-01-2024,15
793,BAUCHI,02-01-2024,0
793,BAYELSA,02-01-2024,0
793,BENUE,02-01-2024,3
793,BORNO,02-01-2024,0
793,CROSS RIVER,02-01-2024,5
793,DELTA,02-01-2024,14
793,EBONYI,02-01-2024,282
793,EDO,02-01-2024,2
793,EKITI,02-01-2024,0
793,ENUGU,02-01-2024,408
793,GOMBE,02-01-2024,0
793,IMO,02-01-2024,351
793,JIGAWA,02-01-2024,0
793,KADUNA,02-01-2024,0
793,KANO,02-01-2024,0
793,KATSINA,02-01-2024,1
793,KEBBI,02-01-2024,0
793,KOGI,02-01-2024,2
793,KWARA,02-01-2024,2
793,LAGOS,02-01-2024,0
793,NASARAWA,02-01-2024,1
793,NIGER,02-01-2024,0
793,OGUN,02-01-2024,0
793,ONDO,02-01-2024,0
793,OSUN,02-01-2024,1
793,OYO,02-01-2024,0
793,PLATEAU,02-01-2024,0
793,RIVERS,02-01-2024,4
793,SOKOTO,02-01-2024,0
793,TARABA,02-01-2024,0
793,YOBE,02-01-2024,0
793,ZAMFARA,02-01-2024,0
793,FCT,02-01-2024,0
793,FOREIGN,02-01-2024,1
797,ABIA,02-01-2024,61
797,ADAMAWA,02-01-2024,0
797,AKWA IBOM,02-01-2024,17
797,BAUCHI,02-01-2024,1
797,BAYELSA,02-01-2024,0
797,BENUE,02-01-2024,10
797,BORNO,02-01-2024,0
797,CROSS RIVER,02-01-2024,6
797,DELTA,02-01-2024,20
797,EBONYI,02-01-2024,221
797,EDO,02-01-2024,6
797,EKITI,02-01-2024,0
797,ENUGU,02-01-2024,452
797,GOMBE,02-01-2024,0
797,IMO,02-01-2024,157
797,JIGAWA,02-01-2024,0
797,KADUNA,02-01-2024,0
797,KANO,02-01-2024,0
797,KATSINA,02-01-2024,0
797,KEBBI,02-01-2024,0
797,KOGI,02-01-2024,6
797,KWARA,02-01-2024,0
797,LAGOS,02-01-2024,0
797,NASARAWA,02-01-2024,0
797,NIGER,02-01-2024,1
797,OGUN,02-01-2024,2
797,ONDO,02-01-2024,2
797,OSUN,02-01-2024,4
797,OYO,02-01-2024,0
797,PLATEAU,02-01-2024,1
797,RIVERS,02-01-2024,1
797,SOKOTO,02-01-2024,0
797,TARABA,02-01-2024,1
797,YOBE,02-01-2024,0
797,ZAMFARA,02-01-2024,0
797,FCT,02-01-2024,0
797,FOREIGN,02-01-2024,1
795,ABIA,02-01-2024,103
795,ADAMAWA,02-01-2024,0
795,AKWA IBOM,02-01-2024,33
795,BAUCHI,02-01-2024,0
795,BAYELSA,02-01-2024,0
795,BENUE,02-01-2024,12
795,BORNO,02-01-2024,0
795,CROSS RIVER,02-01-2024,14
795,DELTA,02-01-2024,38
795,EBONYI,02-01-2024,346
795,EDO,02-01-2024,10
795,EKITI,02-01-2024,0
795,ENUGU,02-01-2024,652
795,GOMBE,02-01-2024,1
795,IMO,02-01-2024,327
795,JIGAWA,02-01-2024,0
795,KADUNA,02-01-2024,0
795,KANO,02-01-2024,0
795,KATSINA,02-01-2024,0
795,KEBBI,02-01-2024,0
795,KOGI,02-01-2024,17
795,KWARA,02-01-2024,0
795,LAGOS,02-01-2024,0
795,NASARAWA,02-01-2024,1
795,NIGER,02-01-2024,0
795,OGUN,02-01-2024,0
795,ONDO,02-01-2024,2
795,OSUN,02-01-2024,5
795,OYO,02-01-2024,4
795,PLATEAU,02-01-2024,0
795,RIVERS,02-01-2024,4
795,SOKOTO,02-01-2024,0
795,TARABA,02-01-2024,0
795,YOBE,02-01-2024,0
795,ZAMFARA,02-01-2024,0
795,FCT,02-01-2024,0
795,FOREIGN,02-01-2024,1
804,ABIA,02-01-2024,66
804,ADAMAWA,02-01-2024,0
804,AKWA IBOM,02-01-2024,23
804,BAUCHI,02-01-2024,0
804,BAYELSA,02-01-2024,2
804,BENUE,02-01-2024,2
804,BORNO,02-01-2024,0
804,CROSS RIVER,02-01-2024,12
804,DELTA,02-01-2024,31
804,EBONYI,02-01-2024,208
804,EDO,02-01-2024,4
804,EKITI,02-01-2024,0
804,ENUGU,02-01-2024,352
804,GOMBE,02-01-2024,0
804,IMO,02-01-2024,125
804,JIGAWA,02-01-2024,0
804,KADUNA,02-01-2024,0
804,KANO,02-01-2024,0
804,KATSINA,02-01-2024,0
804,KEBBI,02-01-2024,0
804,KOGI,02-01-2024,9
804,KWARA,02-01-2024,0
804,LAGOS,02-01-2024,0
804,NASARAWA,02-01-2024,0
804,NIGER,02-01-2024,0
804,OGUN,02-01-2024,3
804,ONDO,02-01-2024,0
804,OSUN,02-01-2024,6
804,OYO,02-01-2024,1
804,PLATEAU,02-01-2024,0
804,RIVERS,02-01-2024,5
804,SOKOTO,02-01-2024,0
804,TARABA,02-01-2024,0
804,YOBE,02-01-2024,0
804,ZAMFARA,02-01-2024,0
804,FCT,02-01-2024,0
804,FOREIGN,02-01-2024,2
800,ABIA,02-01-2024,37
800,ADAMAWA,02-01-2024,0
800,AKWA IBOM,02-01-2024,0
800,BAUCHI,02-01-2024,0
800,BAYELSA,02-01-2024,0
800,BENUE,02-01-2024,0
800,BORNO,02-01-2024,0
800,CROSS RIVER,02-01-2024,1
800,DELTA,02-01-2024,4
800,EBONYI,02-01-2024,16
800,EDO,02-01-2024,0
800,EKITI,02-01-2024,0
800,ENUGU,02-01-2024,73
800,GOMBE,02-01-2024,0
800,IMO,02-01-2024,80
800,JIGAWA,02-01-2024,0
800,KADUNA,02-01-2024,0
800,KANO,02-01-2024,0
800,KATSINA,02-01-2024,0
800,KEBBI,02-01-2024,0
800,KOGI,02-01-2024,2
800,KWARA,02-01-2024,0
800,LAGOS,02-01-2024,0
800,NASARAWA,02-01-2024,0
800,NIGER,02-01-2024,0
800,OGUN,02-01-2024,0
800,ONDO,02-01-2024,0
800,OSUN,02-01-2024,0
800,OYO,02-01-2024,0
800,PLATEAU,02-01-2024,0
800,RIVERS,02-01-2024,1
800,SOKOTO,02-01-2024,0
800,TARABA,02-01-2024,0
800,YOBE,02-01-2024,0
800,ZAMFARA,02-01-2024,0
800,FCT,02-01-2024,0
800,FOREIGN,02-01-2024,0
801,ABIA,02-01-2024,85
801,ADAMAWA,02-01-2024,0
801,AKWA IBOM,02-01-2024,15
801,BAUCHI,02-01-2024,1
801,BAYELSA,02-01-2024,0
801,BENUE,02-01-2024,1
801,BORNO,02-01-2024,0
801,CROSS RIVER,02-01-2024,5
801,DELTA,02-01-2024,44
801,EBONYI,02-01-2024,272
801,EDO,02-01-2024,2
801,EKITI,02-01-2024,0
801,ENUGU,02-01-2024,445
801,GOMBE,02-01-2024,0
801,IMO,02-01-2024,155
801,JIGAWA,02-01-2024,0
801,KADUNA,02-01-2024,2
801,KANO,02-01-2024,0
801,KATSINA,02-01-2024,1
801,KEBBI,02-01-2024,0
801,KOGI,02-01-2024,7
801,KWARA,02-01-2024,0
801,LAGOS,02-01-2024,0
801,NASARAWA,02-01-2024,0
801,NIGER,02-01-2024,0
801,OGUN,02-01-2024,1
801,ONDO,02-01-2024,3
801,OSUN,02-01-2024,2
801,OYO,02-01-2024,2
801,PLATEAU,02-01-2024,0
801,RIVERS,02-01-2024,6
801,SOKOTO,02-01-2024,0
801,TARABA,02-01-2024,1
801,YOBE,02-01-2024,0
801,ZAMFARA,02-01-2024,0
801,FCT,02-01-2024,0
801,FOREIGN,02-01-2024,0
791,ABIA,02-01-2024,78
791,ADAMAWA,02-01-2024,7
791,AKWA IBOM,02-01-2024,39
791,BAUCHI,02-01-2024,3
791,BAYELSA,02-01-2024,0
791,BENUE,02-01-2024,26
791,BORNO,02-01-2024,1
791,CROSS RIVER,02-01-2024,44
791,DELTA,02-01-2024,40
791,EBONYI,02-01-2024,349
791,EDO,02-01-2024,0
791,EKITI,02-01-2024,1
791,ENUGU,02-01-2024,444
791,GOMBE,02-01-2024,2
791,IMO,02-01-2024,255
791,JIGAWA,02-01-2024,2
791,KADUNA,02-01-2024,5
791,KANO,02-01-2024,3
791,KATSINA,02-01-2024,6
791,KEBBI,02-01-2024,0
791,KOGI,02-01-2024,31
791,KWARA,02-01-2024,5
791,LAGOS,02-01-2024,0
791,NASARAWA,02-01-2024,9
791,NIGER,02-01-2024,0
791,OGUN,02-01-2024,3
791,ONDO,02-01-2024,0
791,OSUN,02-01-2024,12
791,OYO,02-01-2024,2
791,PLATEAU,02-01-2024,5
791,RIVERS,02-01-2024,3
791,SOKOTO,02-01-2024,1
791,TARABA,02-01-2024,3
791,YOBE,02-01-2024,2
791,ZAMFARA,02-01-2024,0
791,FCT,02-01-2024,0
791,FOREIGN,02-01-2024,0
796,ABIA,02-01-2024,22
796,ADAMAWA,02-01-2024,0
796,AKWA IBOM,02-01-2024,11
796,BAUCHI,02-01-2024,0
796,BAYELSA,02-01-2024,0
796,BENUE,02-01-2024,0
796,BORNO,02-01-2024,0
796,CROSS RIVER,02-01-2024,6
796,DELTA,02-01-2024,8
796,EBONYI,02-01-2024,56
796,EDO,02-01-2024,2
796,EKITI,02-01-2024,0
796,ENUGU,02-01-2024,87
796,GOMBE,02-01-2024,0
796,IMO,02-01-2024,57
796,JIGAWA,02-01-2024,0
796,KADUNA,02-01-2024,0
796,KANO,02-01-2024,0
796,KATSINA,02-01-2024,0
796,KEBBI,02-01-2024,0
796,KOGI,02-01-2024,8
796,KWARA,02-01-2024,0
796,LAGOS,02-01-2024,0
796,NASARAWA,02-01-2024,0
796,NIGER,02-01-2024,0
796,OGUN,02-01-2024,1
796,ONDO,02-01-2024,0
796,OSUN,02-01-2024,2
796,OYO,02-01-2024,1
796,PLATEAU,02-01-2024,1
796,RIVERS,02-01-2024,4
796,SOKOTO,02-01-2024,0
796,TARABA,02-01-2024,0
796,YOBE,02-01-2024,0
796,ZAMFARA,02-01-2024,0
796,FCT,02-01-2024,0
796,FOREIGN,02-01-2024,1
794,ABIA,02-01-2024,74
794,ADAMAWA,02-01-2024,1
794,AKWA IBOM,02-01-2024,22
794,BAUCHI,02-01-2024,0
794,BAYELSA,02-01-2024,0
794,BENUE,02-01-2024,8
794,BORNO,02-01-2024,0
794,CROSS RIVER,02-01-2024,10
794,DELTA,02-01-2024,21
794,EBONYI,02-01-2024,218
794,EDO,02-01-2024,7
794,EKITI,02-01-2024,0
794,ENUGU,02-01-2024,425
794,GOMBE,02-01-2024,0
794,IMO,02-01-2024,203
794,JIGAWA,02-01-2024,1
794,KADUNA,02-01-2024,2
794,KANO,02-01-2024,0
794,KATSINA,02-01-2024,1
794,KEBBI,02-01-2024,0
794,KOGI,02-01-2024,7
794,KWARA,02-01-2024,1
794,LAGOS,02-01-2024,0
794,NASARAWA,02-01-2024,0
794,NIGER,02-01-2024,0
794,OGUN,02-01-2024,2
794,ONDO,02-01-2024,1
794,OSUN,02-01-2024,4
794,OYO,02-01-2024,0
794,PLATEAU,02-01-2024,1
794,RIVERS,02-01-2024,5
794,SOKOTO,02-01-2024,0
794,TARABA,02-01-2024,0
794,YOBE,02-01-2024,0
794,ZAMFARA,02-01-2024,0
794,FCT,02-01-2024,0
794,FOREIGN,02-01-2024,0
798,ABIA,02-01-2024,43
798,ADAMAWA,02-01-2024,0
798,AKWA IBOM,02-01-2024,10
798,BAUCHI,02-01-2024,0
798,BAYELSA,02-01-2024,0
798,BENUE,02-01-2024,8
798,BORNO,02-01-2024,0
798,CROSS RIVER,02-01-2024,8
798,DELTA,02-01-2024,20
798,EBONYI,02-01-2024,160
798,EDO,02-01-2024,0
798,EKITI,02-01-2024,0
798,ENUGU,02-01-2024,275
798,GOMBE,02-01-2024,3
798,IMO,02-01-2024,127
798,JIGAWA,02-01-2024,0
798,KADUNA,02-01-2024,0
798,KANO,02-01-2024,4
798,KATSINA,02-01-2024,0
798,KEBBI,02-01-2024,0
798,KOGI,02-01-2024,14
798,KWARA,02-01-2024,5
798,LAGOS,02-01-2024,0
798,NASARAWA,02-01-2024,0
798,NIGER,02-01-2024,0
798,OGUN,02-01-2024,0
798,ONDO,02-01-2024,0
798,OSUN,02-01-2024,6
798,OYO,02-01-2024,0
798,PLATEAU,02-01-2024,2
798,RIVERS,02-01-2024,2
798,SOKOTO,02-01-2024,0
798,TARABA,02-01-2024,0
798,YOBE,02-01-2024,0
798,ZAMFARA,02-01-2024,0
798,FCT,02-01-2024,0
798,FOREIGN,02-01-2024,3
799,ABIA,02-01-2024,61
799,ADAMAWA,02-01-2024,0
799,AKWA IBOM,02-01-2024,6
799,BAUCHI,02-01-2024,0
799,BAYELSA,02-01-2024,0
799,BENUE,02-01-2024,2
799,BORNO,02-01-2024,0
799,CROSS RIVER,02-01-2024,2
799,DELTA,02-01-2024,13
799,EBONYI,02-01-2024,142
799,EDO,02-01-2024,0
799,EKITI,02-01-2024,0
799,ENUGU,02-01-2024,192
799,GOMBE,02-01-2024,0
799,IMO,02-01-2024,202
799,JIGAWA,02-01-2024,0
799,KADUNA,02-01-2024,1
799,KANO,02-01-2024,0
799,KATSINA,02-01-2024,0
799,KEBBI,02-01-2024,0
799,KOGI,02-01-2024,3
799,KWARA,02-01-2024,3
799,LAGOS,02-01-2024,0
799,NASARAWA,02-01-2024,0
799,NIGER,02-01-2024,0
799,OGUN,02-01-2024,0
799,ONDO,02-01-2024,0
799,OSUN,02-01-2024,4
799,OYO,02-01-2024,0
799,PLATEAU,02-01-2024,0
799,RIVERS,02-01-2024,4
799,SOKOTO,02-01-2024,0
799,TARABA,02-01-2024,1
799,YOBE,02-01-2024,0
799,ZAMFARA,02-01-2024,0
799,FCT,02-01-2024,0
799,FOREIGN,02-01-2024,0
877,ABIA,02-01-2024,9
877,ADAMAWA,02-01-2024,0
877,AKWA IBOM,02-01-2024,0
877,BAUCHI,02-01-2024,0
877,BAYELSA,02-01-2024,0
877,BENUE,02-01-2024,0
877,BORNO,02-01-2024,0
877,CROSS RIVER,02-01-2024,0
877,DELTA,02-01-2024,4
877,EBONYI,02-01-2024,6
877,EDO,02-01-2024,1
877,EKITI,02-01-2024,0
877,ENUGU,02-01-2024,58
877,GOMBE,02-01-2024,0
877,IMO,02-01-2024,44
877,JIGAWA,02-01-2024,0
877,KADUNA,02-01-2024,0
877,KANO,02-01-2024,0
877,KATSINA,02-01-2024,0
877,KEBBI,02-01-2024,0
877,KOGI,02-01-2024,0
877,KWARA,02-01-2024,0
877,LAGOS,02-01-2024,0
877,NASARAWA,02-01-2024,0
877,NIGER,02-01-2024,0
877,OGUN,02-01-2024,1
877,ONDO,02-01-2024,0
877,OSUN,02-01-2024,0
877,OYO,02-01-2024,0
877,PLATEAU,02-01-2024,0
877,RIVERS,02-01-2024,0
877,SOKOTO,02-01-2024,0
877,TARABA,02-01-2024,0
877,YOBE,02-01-2024,0
877,ZAMFARA,02-01-2024,0
877,FCT,02-01-2024,0
877,FOREIGN,02-01-2024,0
879,ABIA,02-01-2024,74
879,ADAMAWA,02-01-2024,0
879,AKWA IBOM,02-01-2024,10
879,BAUCHI,02-01-2024,0
879,BAYELSA,02-01-2024,0
879,BENUE,02-01-2024,17
879,BORNO,02-01-2024,0
879,CROSS RIVER,02-01-2024,6
879,DELTA,02-01-2024,25
879,EBONYI,02-01-2024,269
879,EDO,02-01-2024,3
879,EKITI,02-01-2024,2
879,ENUGU,02-01-2024,600
879,GOMBE,02-01-2024,0
879,IMO,02-01-2024,335
879,JIGAWA,02-01-2024,0
879,KADUNA,02-01-2024,0
879,KANO,02-01-2024,0
879,KATSINA,02-01-2024,0
879,KEBBI,02-01-2024,0
879,KOGI,02-01-2024,9
879,KWARA,02-01-2024,3
879,LAGOS,02-01-2024,0
879,NASARAWA,02-01-2024,1
879,NIGER,02-01-2024,0
879,OGUN,02-01-2024,0
879,ONDO,02-01-2024,2
879,OSUN,02-01-2024,14
879,OYO,02-01-2024,0
879,PLATEAU,02-01-2024,3
879,RIVERS,02-01-2024,8
879,SOKOTO,02-01-2024,0
879,TARABA,02-01-2024,0
879,YOBE,02-01-2024,0
879,ZAMFARA,02-01-2024,0
879,FCT,02-01-2024,0
879,FOREIGN,02-01-2024,3
878,ABIA,02-01-2024,77
878,ADAMAWA,02-01-2024,2
878,AKWA IBOM,02-01-2024,10
878,BAUCHI,02-01-2024,0
878,BAYELSA,02-01-2024,0
878,BENUE,02-01-2024,6
878,BORNO,02-01-2024,0
878,CROSS RIVER,02-01-2024,2
878,DELTA,02-01-2024,16
878,EBONYI,02-01-2024,140
878,EDO,02-01-2024,1
878,EKITI,02-01-2024,0
878,ENUGU,02-01-2024,229
878,GOMBE,02-01-2024,0
878,IMO,02-01-2024,230
878,JIGAWA,02-01-2024,0
878,KADUNA,02-01-2024,0
878,KANO,02-01-2024,0
878,KATSINA,02-01-2024,0
878,KEBBI,02-01-2024,0
878,KOGI,02-01-2024,3
878,KWARA,02-01-2024,2
878,LAGOS,02-01-2024,0
878,NASARAWA,02-01-2024,1
878,NIGER,02-01-2024,0
878,OGUN,02-01-2024,0
878,ONDO,02-01-2024,0
878,OSUN,02-01-2024,6
878,OYO,02-01-2024,1
878,PLATEAU,02-01-2024,1
878,RIVERS,02-01-2024,0
878,SOKOTO,02-01-2024,0
878,TARABA,02-01-2024,0
878,YOBE,02-01-2024,0
878,ZAMFARA,02-01-2024,0
878,FCT,02-01-2024,0
878,FOREIGN,02-01-2024,0
882,ABIA,02-01-2024,122
882,ADAMAWA,02-01-2024,0
882,AKWA IBOM,02-01-2024,12
882,BAUCHI,02-01-2024,0
882,BAYELSA,02-01-2024,0
882,BENUE,02-01-2024,7
882,BORNO,02-01-2024,0
882,CROSS RIVER,02-01-2024,11
882,DELTA,02-01-2024,48
882,EBONYI,02-01-2024,299
882,EDO,02-01-2024,2
882,EKITI,02-01-2024,0
882,ENUGU,02-01-2024,496
882,GOMBE,02-01-2024,0
882,IMO,02-01-2024,491
882,JIGAWA,02-01-2024,0
882,KADUNA,02-01-2024,0
882,KANO,02-01-2024,1
882,KATSINA,02-01-2024,2
882,KEBBI,02-01-2024,0
882,KOGI,02-01-2024,12
882,KWARA,02-01-2024,16
882,LAGOS,02-01-2024,0
882,NASARAWA,02-01-2024,1
882,NIGER,02-01-2024,2
882,OGUN,02-01-2024,0
882,ONDO,02-01-2024,2
882,OSUN,02-01-2024,11
882,OYO,02-01-2024,1
882,PLATEAU,02-01-2024,1
882,RIVERS,02-01-2024,4
882,SOKOTO,02-01-2024,0
882,TARABA,02-01-2024,0
882,YOBE,02-01-2024,0
882,ZAMFARA,02-01-2024,0
882,FCT,02-01-2024,0
882,FOREIGN,02-01-2024,0
881,ABIA,02-01-2024,69
881,ADAMAWA,02-01-2024,0
881,AKWA IBOM,02-01-2024,11
881,BAUCHI,02-01-2024,0
881,BAYELSA,02-01-2024,0
881,BENUE,02-01-2024,6
881,BORNO,02-01-2024,0
881,CROSS RIVER,02-01-2024,1
881,DELTA,02-01-2024,11
881,EBONYI,02-01-2024,138
881,EDO,02-01-2024,0
881,EKITI,02-01-2024,1
881,ENUGU,02-01-2024,194
881,GOMBE,02-01-2024,0
881,IMO,02-01-2024,259
881,JIGAWA,02-01-2024,0
881,KADUNA,02-01-2024,0
881,KANO,02-01-2024,0
881,KATSINA,02-01-2024,0
881,KEBBI,02-01-2024,0
881,KOGI,02-01-2024,6
881,KWARA,02-01-2024,2
881,LAGOS,02-01-2024,0
881,NASARAWA,02-01-2024,0
881,NIGER,02-01-2024,1
881,OGUN,02-01-2024,0
881,ONDO,02-01-2024,0
881,OSUN,02-01-2024,0
881,OYO,02-01-2024,0
881,PLATEAU,02-01-2024,0
881,RIVERS,02-01-2024,0
881,SOKOTO,02-01-2024,0
881,TARABA,02-01-2024,0
881,YOBE,02-01-2024,0
881,ZAMFARA,02-01-2024,0
881,FCT,02-01-2024,0
881,FOREIGN,02-01-2024,0
880,ABIA,02-01-2024,0
880,ADAMAWA,02-01-2024,0
880,AKWA IBOM,02-01-2024,0
880,BAUCHI,02-01-2024,0
880,BAYELSA,02-01-2024,0
880,BENUE,02-01-2024,0
880,BORNO,02-01-2024,0
880,CROSS RIVER,02-01-2024,0
880,DELTA,02-01-2024,0
880,EBONYI,02-01-2024,0
880,EDO,02-01-2024,0
880,EKITI,02-01-2024,0
880,ENUGU,02-01-2024,0
880,GOMBE,02-01-2024,0
880,IMO,02-01-2024,0
880,JIGAWA,02-01-2024,0
880,KADUNA,02-01-2024,0
880,KANO,02-01-2024,0
880,KATSINA,02-01-2024,0
880,KEBBI,02-01-2024,0
880,KOGI,02-01-2024,0
880,KWARA,02-01-2024,0
880,LAGOS,02-01-2024,0
880,NASARAWA,02-01-2024,0
880,NIGER,02-01-2024,0
880,OGUN,02-01-2024,0
880,ONDO,02-01-2024,0
880,OSUN,02-01-2024,8
880,OYO,02-01-2024,0
880,PLATEAU,02-01-2024,0
880,RIVERS,02-01-2024,4
880,SOKOTO,02-01-2024,0
880,TARABA,02-01-2024,0
880,YOBE,02-01-2024,0
880,ZAMFARA,02-01-2024,0
880,FCT,02-01-2024,0
880,FOREIGN,02-01-2024,0
722,ABIA,02-01-2024,1
722,ADAMAWA,02-01-2024,0
722,AKWA IBOM,02-01-2024,0
722,BAUCHI,02-01-2024,0
722,BAYELSA,02-01-2024,0
722,BENUE,02-01-2024,0
722,BORNO,02-01-2024,0
722,CROSS RIVER,02-01-2024,0
722,DELTA,02-01-2024,4
722,EBONYI,02-01-2024,35
722,EDO,02-01-2024,0
722,EKITI,02-01-2024,0
722,ENUGU,02-01-2024,53
722,GOMBE,02-01-2024,0
722,IMO,02-01-2024,63
722,JIGAWA,02-01-2024,0
722,KADUNA,02-01-2024,0
722,KANO,02-01-2024,0
722,KATSINA,02-01-2024,0
722,KEBBI,02-01-2024,0
722,KOGI,02-01-2024,0
722,KWARA,02-01-2024,0
722,LAGOS,02-01-2024,0
722,NASARAWA,02-01-2024,0
722,NIGER,02-01-2024,0
722,OGUN,02-01-2024,0
722,ONDO,02-01-2024,0
722,OSUN,02-01-2024,0
722,OYO,02-01-2024,2
722,PLATEAU,02-01-2024,0
722,RIVERS,02-01-2024,0
722,SOKOTO,02-01-2024,0
722,TARABA,02-01-2024,0
722,YOBE,02-01-2024,0
722,ZAMFARA,02-01-2024,0
722,FCT,02-01-2024,0
722,FOREIGN,02-01-2024,0
720,ABIA,02-01-2024,14
720,ADAMAWA,02-01-2024,0
720,AKWA IBOM,02-01-2024,0
720,BAUCHI,02-01-2024,0
720,BAYELSA,02-01-2024,0
720,BENUE,02-01-2024,2
720,BORNO,02-01-2024,0
720,CROSS RIVER,02-01-2024,1
720,DELTA,02-01-2024,51
720,EBONYI,02-01-2024,49
720,EDO,02-01-2024,0
720,EKITI,02-01-2024,0
720,ENUGU,02-01-2024,82
720,GOMBE,02-01-2024,0
720,IMO,02-01-2024,70
720,JIGAWA,02-01-2024,0
720,KADUNA,02-01-2024,0
720,KANO,02-01-2024,0
720,KATSINA,02-01-2024,0
720,KEBBI,02-01-2024,0
720,KOGI,02-01-2024,0
720,KWARA,02-01-2024,2
720,LAGOS,02-01-2024,1
720,NASARAWA,02-01-2024,0
720,NIGER,02-01-2024,0
720,OGUN,02-01-2024,1
720,ONDO,02-01-2024,0
720,OSUN,02-01-2024,0
720,OYO,02-01-2024,0
720,PLATEAU,02-01-2024,0
720,RIVERS,02-01-2024,4
720,SOKOTO,02-01-2024,0
720,TARABA,02-01-2024,0
720,YOBE,02-01-2024,0
720,ZAMFARA,02-01-2024,0
720,FCT,02-01-2024,0
720,FOREIGN,02-01-2024,0
723,ABIA,02-01-2024,117
723,ADAMAWA,02-01-2024,0
723,AKWA IBOM,02-01-2024,10
723,BAUCHI,02-01-2024,0
723,BAYELSA,02-01-2024,0
723,BENUE,02-01-2024,3
723,BORNO,02-01-2024,0
723,CROSS RIVER,02-01-2024,3
723,DELTA,02-01-2024,0
723,EBONYI,02-01-2024,238
723,EDO,02-01-2024,2
723,EKITI,02-01-2024,0
723,ENUGU,02-01-2024,230
723,GOMBE,02-01-2024,0
723,IMO,02-01-2024,376
723,JIGAWA,02-01-2024,0
723,KADUNA,02-01-2024,0
723,KANO,02-01-2024,0
723,KATSINA,02-01-2024,0
723,KEBBI,02-01-2024,0
723,KOGI,02-01-2024,8
723,KWARA,02-01-2024,0
723,LAGOS,02-01-2024,0
723,NASARAWA,02-01-2024,0
723,NIGER,02-01-2024,0
723,OGUN,02-01-2024,0
723,ONDO,02-01-2024,0
723,OSUN,02-01-2024,0
723,OYO,02-01-2024,0
723,PLATEAU,02-01-2024,1
723,RIVERS,02-01-2024,1
723,SOKOTO,02-01-2024,0
723,TARABA,02-01-2024,0
723,YOBE,02-01-2024,0
723,ZAMFARA,02-01-2024,0
723,FCT,02-01-2024,0
723,FOREIGN,02-01-2024,0
716,ABIA,02-01-2024,22
716,ADAMAWA,02-01-2024,0
716,AKWA IBOM,02-01-2024,4
716,BAUCHI,02-01-2024,0
716,BAYELSA,02-01-2024,0
716,BENUE,02-01-2024,0
716,BORNO,02-01-2024,0
716,CROSS RIVER,02-01-2024,0
716,DELTA,02-01-2024,3
716,EBONYI,02-01-2024,63
716,EDO,02-01-2024,0
716,EKITI,02-01-2024,0
716,ENUGU,02-01-2024,48
716,GOMBE,02-01-2024,0
716,IMO,02-01-2024,28
716,JIGAWA,02-01-2024,0
716,KADUNA,02-01-2024,0
716,KANO,02-01-2024,0
716,KATSINA,02-01-2024,0
716,KEBBI,02-01-2024,0
716,KOGI,02-01-2024,0
716,KWARA,02-01-2024,0
716,LAGOS,02-01-2024,0
716,NASARAWA,02-01-2024,0
716,NIGER,02-01-2024,0
716,OGUN,02-01-2024,0
716,ONDO,02-01-2024,0
716,OSUN,02-01-2024,0
716,OYO,02-01-2024,0
716,PLATEAU,02-01-2024,0
716,RIVERS,02-01-2024,0
716,SOKOTO,02-01-2024,0
716,TARABA,02-01-2024,0
716,YOBE,02-01-2024,0
716,ZAMFARA,02-01-2024,0
716,FCT,02-01-2024,0
716,FOREIGN,02-01-2024,0
719,ABIA,02-01-2024,15
719,ADAMAWA,02-01-2024,0
719,AKWA IBOM,02-01-2024,3
719,BAUCHI,02-01-2024,0
719,BAYELSA,02-01-2024,0
719,BENUE,02-01-2024,0
719,BORNO,02-01-2024,0
719,CROSS RIVER,02-01-2024,0
719,DELTA,02-01-2024,3
719,EBONYI,02-01-2024,45
719,EDO,02-01-2024,0
719,EKITI,02-01-2024,0
719,ENUGU,02-01-2024,43
719,GOMBE,02-01-2024,0
719,IMO,02-01-2024,21
719,JIGAWA,02-01-2024,0
719,KADUNA,02-01-2024,0
719,KANO,02-01-2024,0
719,KATSINA,02-01-2024,0
719,KEBBI,02-01-2024,0
719,KOGI,02-01-2024,0
719,KWARA,02-01-2024,0
719,LAGOS,02-01-2024,0
719,NASARAWA,02-01-2024,0
719,NIGER,02-01-2024,0
719,OGUN,02-01-2024,0
719,ONDO,02-01-2024,0
719,OSUN,02-01-2024,0
719,OYO,02-01-2024,0
719,PLATEAU,02-01-2024,0
719,RIVERS,02-01-2024,0
719,SOKOTO,02-01-2024,0
719,TARABA,02-01-2024,0
719,YOBE,02-01-2024,0
719,ZAMFARA,02-01-2024,0
719,FCT,02-01-2024,0
719,FOREIGN,02-01-2024,0
717,ABIA,02-01-2024,3
717,ADAMAWA,02-01-2024,0
717,AKWA IBOM,02-01-2024,0
717,BAUCHI,02-01-2024,0
717,BAYELSA,02-01-2024,1
717,BENUE,02-01-2024,0
717,BORNO,02-01-2024,0
717,CROSS RIVER,02-01-2024,0
717,DELTA,02-01-2024,4
717,EBONYI,02-01-2024,4
717,EDO,02-01-2024,0
717,EKITI,02-01-2024,0
717,ENUGU,02-01-2024,8
717,GOMBE,02-01-2024,0
717,IMO,02-01-2024,10
717,JIGAWA,02-01-2024,0
717,KADUNA,02-01-2024,0
717,KANO,02-01-2024,0
717,KATSINA,02-01-2024,0
717,KEBBI,02-01-2024,0
717,KOGI,02-01-2024,1
717,KWARA,02-01-2024,0
717,LAGOS,02-01-2024,0
717,NASARAWA,02-01-2024,0
717,NIGER,02-01-2024,0
717,OGUN,02-01-2024,0
717,ONDO,02-01-2024,0
717,OSUN,02-01-2024,0
717,OYO,02-01-2024,1
717,PLATEAU,02-01-2024,0
717,RIVERS,02-01-2024,0
717,SOKOTO,02-01-2024,0
717,TARABA,02-01-2024,0
717,YOBE,02-01-2024,0
717,ZAMFARA,02-01-2024,0
717,FCT,02-01-2024,0
717,FOREIGN,02-01-2024,0
714,ABIA,02-01-2024,0
714,ADAMAWA,02-01-2024,0
714,AKWA IBOM,02-01-2024,0
714,BAUCHI,02-01-2024,0
714,BAYELSA,02-01-2024,0
714,BENUE,02-01-2024,0
714,BORNO,02-01-2024,0
714,CROSS RIVER,02-01-2024,0
714,DELTA,02-01-2024,0
714,EBONYI,02-01-2024,0
714,EDO,02-01-2024,0
714,EKITI,02-01-2024,0
714,ENUGU,02-01-2024,5
714,GOMBE,02-01-2024,0
714,IMO,02-01-2024,17
714,JIGAWA,02-01-2024,0
714,KADUNA,02-01-2024,0
714,KANO,02-01-2024,0
714,KATSINA,02-01-2024,0
714,KEBBI,02-01-2024,0
714,KOGI,02-01-2024,0
714,KWARA,02-01-2024,0
714,LAGOS,02-01-2024,0
714,NASARAWA,02-01-2024,0
714,NIGER,02-01-2024,0
714,OGUN,02-01-2024,0
714,ONDO,02-01-2024,0
714,OSUN,02-01-2024,2
714,OYO,02-01-2024,1
714,PLATEAU,02-01-2024,0
714,RIVERS,02-01-2024,0
714,SOKOTO,02-01-2024,0
714,TARABA,02-01-2024,0
714,YOBE,02-01-2024,0
714,ZAMFARA,02-01-2024,0
714,FCT,02-01-2024,0
714,FOREIGN,02-01-2024,0
718,ABIA,02-01-2024,23
718,ADAMAWA,02-01-2024,0
718,AKWA IBOM,02-01-2024,0
718,BAUCHI,02-01-2024,0
718,BAYELSA,02-01-2024,0
718,BENUE,02-01-2024,1
718,BORNO,02-01-2024,0
718,CROSS RIVER,02-01-2024,0
718,DELTA,02-01-2024,27
718,EBONYI,02-01-2024,92
718,EDO,02-01-2024,0
718,EKITI,02-01-2024,0
718,ENUGU,02-01-2024,77
718,GOMBE,02-01-2024,0
718,IMO,02-01-2024,100
718,JIGAWA,02-01-2024,0
718,KADUNA,02-01-2024,0
718,KANO,02-01-2024,0
718,KATSINA,02-01-2024,0
718,KEBBI,02-01-2024,0
718,KOGI,02-01-2024,10
718,KWARA,02-01-2024,0
718,LAGOS,02-01-2024,0
718,NASARAWA,02-01-2024,0
718,NIGER,02-01-2024,0
718,OGUN,02-01-2024,0
718,ONDO,02-01-2024,6
718,OSUN,02-01-2024,0
718,OYO,02-01-2024,2
718,PLATEAU,02-01-2024,0
718,RIVERS,02-01-2024,0
718,SOKOTO,02-01-2024,0
718,TARABA,02-01-2024,0
718,YOBE,02-01-2024,0
718,ZAMFARA,02-01-2024,0
718,FCT,02-01-2024,0
718,FOREIGN,02-01-2024,0
721,ABIA,02-01-2024,1
721,ADAMAWA,02-01-2024,0
721,AKWA IBOM,02-01-2024,0
721,BAUCHI,02-01-2024,0
721,BAYELSA,02-01-2024,0
721,BENUE,02-01-2024,3
721,BORNO,02-01-2024,0
721,CROSS RIVER,02-01-2024,0
721,DELTA,02-01-2024,8
721,EBONYI,02-01-2024,9
721,EDO,02-01-2024,0
721,EKITI,02-01-2024,0
721,ENUGU,02-01-2024,10
721,GOMBE,02-01-2024,0
721,IMO,02-01-2024,32
721,JIGAWA,02-01-2024,0
721,KADUNA,02-01-2024,0
721,KANO,02-01-2024,0
721,KATSINA,02-01-2024,0
721,KEBBI,02-01-2024,0
721,KOGI,02-01-2024,0
721,KWARA,02-01-2024,0
721,LAGOS,02-01-2024,0
721,NASARAWA,02-01-2024,1
721,NIGER,02-01-2024,0
721,OGUN,02-01-2024,0
721,ONDO,02-01-2024,0
721,OSUN,02-01-2024,0
721,OYO,02-01-2024,0
721,PLATEAU,02-01-2024,0
721,RIVERS,02-01-2024,6
721,SOKOTO,02-01-2024,0
721,TARABA,02-01-2024,0
721,YOBE,02-01-2024,0
721,ZAMFARA,02-01-2024,0
721,FCT,02-01-2024,0
721,FOREIGN,02-01-2024,0
715,ABIA,02-01-2024,1
715,ADAMAWA,02-01-2024,0
715,AKWA IBOM,02-01-2024,0
715,BAUCHI,02-01-2024,0
715,BAYELSA,02-01-2024,0
715,BENUE,02-01-2024,0
715,BORNO,02-01-2024,0
715,CROSS RIVER,02-01-2024,0
715,DELTA,02-01-2024,1
715,EBONYI,02-01-2024,7
715,EDO,02-01-2024,1
715,EKITI,02-01-2024,0
715,ENUGU,02-01-2024,0
715,GOMBE,02-01-2024,0
715,IMO,02-01-2024,0
715,JIGAWA,02-01-2024,0
715,KADUNA,02-01-2024,0
715,KANO,02-01-2024,0
715,KATSINA,02-01-2024,0
715,KEBBI,02-01-2024,0
715,KOGI,02-01-2024,0
715,KWARA,02-01-2024,0
715,LAGOS,02-01-2024,0
715,NASARAWA,02-01-2024,0
715,NIGER,02-01-2024,0
715,OGUN,02-01-2024,0
715,ONDO,02-01-2024,0
715,OSUN,02-01-2024,0
715,OYO,02-01-2024,0
715,PLATEAU,02-01-2024,0
715,RIVERS,02-01-2024,0
715,SOKOTO,02-01-2024,0
715,TARABA,02-01-2024,0
715,YOBE,02-01-2024,0
715,ZAMFARA,02-01-2024,0
715,FCT,02-01-2024,0
715,FOREIGN,02-01-2024,0
63,ABIA,02-01-2024,14
63,ADAMAWA,02-01-2024,0
63,AKWA IBOM,02-01-2024,1
63,BAUCHI,02-01-2024,0
63,BAYELSA,02-01-2024,0
63,BENUE,02-01-2024,2
63,BORNO,02-01-2024,0
63,CROSS RIVER,02-01-2024,2
63,DELTA,02-01-2024,5
63,EBONYI,02-01-2024,20
63,EDO,02-01-2024,1
63,EKITI,02-01-2024,0
63,ENUGU,02-01-2024,21
63,GOMBE,02-01-2024,0
63,IMO,02-01-2024,20
63,JIGAWA,02-01-2024,0
63,KADUNA,02-01-2024,0
63,KANO,02-01-2024,0
63,KATSINA,02-01-2024,0
63,KEBBI,02-01-2024,0
63,KOGI,02-01-2024,0
63,KWARA,02-01-2024,0
63,LAGOS,02-01-2024,0
63,NASARAWA,02-01-2024,0
63,NIGER,02-01-2024,0
63,OGUN,02-01-2024,0
63,ONDO,02-01-2024,0
63,OSUN,02-01-2024,0
63,OYO,02-01-2024,0
63,PLATEAU,02-01-2024,0
63,RIVERS,02-01-2024,0
63,SOKOTO,02-01-2024,0
63,TARABA,02-01-2024,0
63,YOBE,02-01-2024,0
63,ZAMFARA,02-01-2024,0
63,FCT,02-01-2024,0
63,FOREIGN,02-01-2024,0
62,ABIA,02-01-2024,1
62,ADAMAWA,02-01-2024,0
62,AKWA IBOM,02-01-2024,0
62,BAUCHI,02-01-2024,0
62,BAYELSA,02-01-2024,1
62,BENUE,02-01-2024,0
62,BORNO,02-01-2024,0
62,CROSS RIVER,02-01-2024,0
62,DELTA,02-01-2024,0
62,EBONYI,02-01-2024,4
62,EDO,02-01-2024,0
62,EKITI,02-01-2024,0
62,ENUGU,02-01-2024,7
62,GOMBE,02-01-2024,0
62,IMO,02-01-2024,0
62,JIGAWA,02-01-2024,0
62,KADUNA,02-01-2024,0
62,KANO,02-01-2024,0
62,KATSINA,02-01-2024,0
62,KEBBI,02-01-2024,0
62,KOGI,02-01-2024,0
62,KWARA,02-01-2024,0
62,LAGOS,02-01-2024,0
62,NASARAWA,02-01-2024,0
62,NIGER,02-01-2024,0
62,OGUN,02-01-2024,0
62,ONDO,02-01-2024,0
62,OSUN,02-01-2024,0
62,OYO,02-01-2024,0
62,PLATEAU,02-01-2024,0
62,RIVERS,02-01-2024,0
62,SOKOTO,02-01-2024,0
62,TARABA,02-01-2024,0
62,YOBE,02-01-2024,0
62,ZAMFARA,02-01-2024,0
62,FCT,02-01-2024,0
62,FOREIGN,02-01-2024,0
65,ABIA,02-01-2024,1
65,ADAMAWA,02-01-2024,0
65,AKWA IBOM,02-01-2024,1
65,BAUCHI,02-01-2024,0
65,BAYELSA,02-01-2024,0
65,BENUE,02-01-2024,2
65,BORNO,02-01-2024,0
65,CROSS RIVER,02-01-2024,0
65,DELTA,02-01-2024,2
65,EBONYI,02-01-2024,2
65,EDO,02-01-2024,0
65,EKITI,02-01-2024,0
65,ENUGU,02-01-2024,13
65,GOMBE,02-01-2024,0
65,IMO,02-01-2024,4
65,JIGAWA,02-01-2024,0
65,KADUNA,02-01-2024,0
65,KANO,02-01-2024,0
65,KATSINA,02-01-2024,0
65,KEBBI,02-01-2024,0
65,KOGI,02-01-2024,0
65,KWARA,02-01-2024,0
65,LAGOS,02-01-2024,0
65,NASARAWA,02-01-2024,0
65,NIGER,02-01-2024,0
65,OGUN,02-01-2024,0
65,ONDO,02-01-2024,0
65,OSUN,02-01-2024,0
65,OYO,02-01-2024,0
65,PLATEAU,02-01-2024,0
65,RIVERS,02-01-2024,0
65,SOKOTO,02-01-2024,0
65,TARABA,02-01-2024,0
65,YOBE,02-01-2024,0
65,ZAMFARA,02-01-2024,0
65,FCT,02-01-2024,0
65,FOREIGN,02-01-2024,0
66,ABIA,02-01-2024,12
66,ADAMAWA,02-01-2024,0
66,AKWA IBOM,02-01-2024,1
66,BAUCHI,02-01-2024,0
66,BAYELSA,02-01-2024,0
66,BENUE,02-01-2024,0
66,BORNO,02-01-2024,0
66,CROSS RIVER,02-01-2024,0
66,DELTA,02-01-2024,6
66,EBONYI,02-01-2024,27
66,EDO,02-01-2024,0
66,EKITI,02-01-2024,0
66,ENUGU,02-01-2024,132
66,GOMBE,02-01-2024,0
66,IMO,02-01-2024,71
66,JIGAWA,02-01-2024,0
66,KADUNA,02-01-2024,0
66,KANO,02-01-2024,0
66,KATSINA,02-01-2024,0
66,KEBBI,02-01-2024,0
66,KOGI,02-01-2024,1
66,KWARA,02-01-2024,0
66,LAGOS,02-01-2024,0
66,NASARAWA,02-01-2024,0
66,NIGER,02-01-2024,0
66,OGUN,02-01-2024,0
66,ONDO,02-01-2024,0
66,OSUN,02-01-2024,0
66,OYO,02-01-2024,0
66,PLATEAU,02-01-2024,0
66,RIVERS,02-01-2024,0
66,SOKOTO,02-01-2024,0
66,TARABA,02-01-2024,0
66,YOBE,02-01-2024,0
66,ZAMFARA,02-01-2024,0
66,FCT,02-01-2024,0
66,FOREIGN,02-01-2024,0
60,ABIA,02-01-2024,0
60,ADAMAWA,02-01-2024,0
60,AKWA IBOM,02-01-2024,0
60,BAUCHI,02-01-2024,0
60,BAYELSA,02-01-2024,0
60,BENUE,02-01-2024,0
60,BORNO,02-01-2024,0
60,CROSS RIVER,02-01-2024,0
60,DELTA,02-01-2024,2
60,EBONYI,02-01-2024,10
60,EDO,02-01-2024,1
60,EKITI,02-01-2024,0
60,ENUGU,02-01-2024,2
60,GOMBE,02-01-2024,0
60,IMO,02-01-2024,2
60,JIGAWA,02-01-2024,0
60,KADUNA,02-01-2024,0
60,KANO,02-01-2024,0
60,KATSINA,02-01-2024,0
60,KEBBI,02-01-2024,0
60,KOGI,02-01-2024,0
60,KWARA,02-01-2024,0
60,LAGOS,02-01-2024,0
60,NASARAWA,02-01-2024,0
60,NIGER,02-01-2024,0
60,OGUN,02-01-2024,0
60,ONDO,02-01-2024,0
60,OSUN,02-01-2024,0
60,OYO,02-01-2024,0
60,PLATEAU,02-01-2024,0
60,RIVERS,02-01-2024,0
60,SOKOTO,02-01-2024,0
60,TARABA,02-01-2024,0
60,YOBE,02-01-2024,0
60,ZAMFARA,02-01-2024,0
60,FCT,02-01-2024,0
60,FOREIGN,02-01-2024,0
64,ABIA,02-01-2024,4
64,ADAMAWA,02-01-2024,0
64,AKWA IBOM,02-01-2024,0
64,BAUCHI,02-01-2024,0
64,BAYELSA,02-01-2024,0
64,BENUE,02-01-2024,1
64,BORNO,02-01-2024,0
64,CROSS RIVER,02-01-2024,0
64,DELTA,02-01-2024,2
64,EBONYI,02-01-2024,20
64,EDO,02-01-2024,0
64,EKITI,02-01-2024,0
64,ENUGU,02-01-2024,14
64,GOMBE,02-01-2024,0
64,IMO,02-01-2024,7
64,JIGAWA,02-01-2024,0
64,KADUNA,02-01-2024,0
64,KANO,02-01-2024,0
64,KATSINA,02-01-2024,0
64,KEBBI,02-01-2024,0
64,KOGI,02-01-2024,7
64,KWARA,02-01-2024,0
64,LAGOS,02-01-2024,0
64,NASARAWA,02-01-2024,0
64,NIGER,02-01-2024,0
64,OGUN,02-01-2024,0
64,ONDO,02-01-2024,0
64,OSUN,02-01-2024,0
64,OYO,02-01-2024,0
64,PLATEAU,02-01-2024,0
64,RIVERS,02-01-2024,0
64,SOKOTO,02-01-2024,0
64,TARABA,02-01-2024,0
64,YOBE,02-01-2024,0
64,ZAMFARA,02-01-2024,0
64,FCT,02-01-2024,0
64,FOREIGN,02-01-2024,0
61,ABIA,02-01-2024,1
61,ADAMAWA,02-01-2024,0
61,AKWA IBOM,02-01-2024,0
61,BAUCHI,02-01-2024,0
61,BAYELSA,02-01-2024,0
61,BENUE,02-01-2024,0
61,BORNO,02-01-2024,0
61,CROSS RIVER,02-01-2024,0
61,DELTA,02-01-2024,0
61,EBONYI,02-01-2024,11
61,EDO,02-01-2024,0
61,EKITI,02-01-2024,0
61,ENUGU,02-01-2024,7
61,GOMBE,02-01-2024,0
61,IMO,02-01-2024,1
61,JIGAWA,02-01-2024,0
61,KADUNA,02-01-2024,0
61,KANO,02-01-2024,0
61,KATSINA,02-01-2024,0
61,KEBBI,02-01-2024,0
61,KOGI,02-01-2024,0
61,KWARA,02-01-2024,0
61,LAGOS,02-01-2024,0
61,NASARAWA,02-01-2024,0
61,NIGER,02-01-2024,0
61,OGUN,02-01-2024,0
61,ONDO,02-01-2024,0
61,OSUN,02-01-2024,0
61,OYO,02-01-2024,0
61,PLATEAU,02-01-2024,0
61,RIVERS,02-01-2024,0
61,SOKOTO,02-01-2024,0
61,TARABA,02-01-2024,0
61,YOBE,02-01-2024,0
61,ZAMFARA,02-01-2024,0
61,FCT,02-01-2024,0
61,FOREIGN,02-01-2024,0
58,ABIA,02-01-2024,2
58,ADAMAWA,02-01-2024,0
58,AKWA IBOM,02-01-2024,0
58,BAUCHI,02-01-2024,0
58,BAYELSA,02-01-2024,0
58,BENUE,02-01-2024,0
58,BORNO,02-01-2024,0
58,CROSS RIVER,02-01-2024,0
58,DELTA,02-01-2024,0
58,EBONYI,02-01-2024,6
58,EDO,02-01-2024,0
58,EKITI,02-01-2024,0
58,ENUGU,02-01-2024,1
58,GOMBE,02-01-2024,0
58,IMO,02-01-2024,0
58,JIGAWA,02-01-2024,0
58,KADUNA,02-01-2024,0
58,KANO,02-01-2024,0
58,KATSINA,02-01-2024,0
58,KEBBI,02-01-2024,0
58,KOGI,02-01-2024,0
58,KWARA,02-01-2024,0
58,LAGOS,02-01-2024,1
58,NASARAWA,02-01-2024,0
58,NIGER,02-01-2024,0
58,OGUN,02-01-2024,0
58,ONDO,02-01-2024,0
58,OSUN,02-01-2024,0
58,OYO,02-01-2024,0
58,PLATEAU,02-01-2024,0
58,RIVERS,02-01-2024,0
58,SOKOTO,02-01-2024,0
58,TARABA,02-01-2024,0
58,YOBE,02-01-2024,0
58,ZAMFARA,02-01-2024,0
58,FCT,02-01-2024,0
58,FOREIGN,02-01-2024,0
57,ABIA,02-01-2024,9
57,ADAMAWA,02-01-2024,0
57,AKWA IBOM,02-01-2024,2
57,BAUCHI,02-01-2024,0
57,BAYELSA,02-01-2024,0
57,BENUE,02-01-2024,0
57,BORNO,02-01-2024,0
57,CROSS RIVER,02-01-2024,2
57,DELTA,02-01-2024,2
57,EBONYI,02-01-2024,43
57,EDO,02-01-2024,4
57,EKITI,02-01-2024,0
57,ENUGU,02-01-2024,48
57,GOMBE,02-01-2024,0
57,IMO,02-01-2024,6
57,JIGAWA,02-01-2024,0
57,KADUNA,02-01-2024,0
57,KANO,02-01-2024,0
57,KATSINA,02-01-2024,0
57,KEBBI,02-01-2024,0
57,KOGI,02-01-2024,5
57,KWARA,02-01-2024,0
57,LAGOS,02-01-2024,0
57,NASARAWA,02-01-2024,0
57,NIGER,02-01-2024,0
57,OGUN,02-01-2024,1
57,ONDO,02-01-2024,0
57,OSUN,02-01-2024,0
57,OYO,02-01-2024,0
57,PLATEAU,02-01-2024,0
57,RIVERS,02-01-2024,0
57,SOKOTO,02-01-2024,0
57,TARABA,02-01-2024,0
57,YOBE,02-01-2024,0
57,ZAMFARA,02-01-2024,0
57,FCT,02-01-2024,0
57,FOREIGN,02-01-2024,0
67,ABIA,02-01-2024,2
67,ADAMAWA,02-01-2024,0
67,AKWA IBOM,02-01-2024,0
67,BAUCHI,02-01-2024,0
67,BAYELSA,02-01-2024,0
67,BENUE,02-01-2024,0
67,BORNO,02-01-2024,0
67,CROSS RIVER,02-01-2024,1
67,DELTA,02-01-2024,0
67,EBONYI,02-01-2024,8
67,EDO,02-01-2024,0
67,EKITI,02-01-2024,0
67,ENUGU,02-01-2024,10
67,GOMBE,02-01-2024,0
67,IMO,02-01-2024,6
67,JIGAWA,02-01-2024,0
67,KADUNA,02-01-2024,0
67,KANO,02-01-2024,0
67,KATSINA,02-01-2024,0
67,KEBBI,02-01-2024,0
67,KOGI,02-01-2024,0
67,KWARA,02-01-2024,0
67,LAGOS,02-01-2024,0
67,NASARAWA,02-01-2024,0
67,NIGER,02-01-2024,0
67,OGUN,02-01-2024,0
67,ONDO,02-01-2024,0
67,OSUN,02-01-2024,0
67,OYO,02-01-2024,0
67,PLATEAU,02-01-2024,0
67,RIVERS,02-01-2024,0
67,SOKOTO,02-01-2024,0
67,TARABA,02-01-2024,0
67,YOBE,02-01-2024,0
67,ZAMFARA,02-01-2024,0
67,FCT,02-01-2024,0
67,FOREIGN,02-01-2024,0
59,ABIA,02-01-2024,0
59,ADAMAWA,02-01-2024,0
59,AKWA IBOM,02-01-2024,0
59,BAUCHI,02-01-2024,0
59,BAYELSA,02-01-2024,0
59,BENUE,02-01-2024,0
59,BORNO,02-01-2024,0
59,CROSS RIVER,02-01-2024,0
59,DELTA,02-01-2024,0
59,EBONYI,02-01-2024,0
59,EDO,02-01-2024,0
59,EKITI,02-01-2024,0
59,ENUGU,02-01-2024,0
59,GOMBE,02-01-2024,0
59,IMO,02-01-2024,0
59,JIGAWA,02-01-2024,0
59,KADUNA,02-01-2024,0
59,KANO,02-01-2024,0
59,KATSINA,02-01-2024,0
59,KEBBI,02-01-2024,0
59,KOGI,02-01-2024,0
59,KWARA,02-01-2024,0
59,LAGOS,02-01-2024,0
59,NASARAWA,02-01-2024,0
59,NIGER,02-01-2024,0
59,OGUN,02-01-2024,0
59,ONDO,02-01-2024,0
59,OSUN,02-01-2024,0
59,OYO,02-01-2024,0
59,PLATEAU,02-01-2024,0
59,RIVERS,02-01-2024,0
59,SOKOTO,02-01-2024,0
59,TARABA,02-01-2024,0
59,YOBE,02-01-2024,0
59,ZAMFARA,02-01-2024,0
59,FCT,02-01-2024,0
59,FOREIGN,02-01-2024,0
106,ABIA,02-01-2024,1
106,ADAMAWA,02-01-2024,0
106,AKWA IBOM,02-01-2024,0
106,BAUCHI,02-01-2024,0
106,BAYELSA,02-01-2024,0
106,BENUE,02-01-2024,0
106,BORNO,02-01-2024,0
106,CROSS RIVER,02-01-2024,0
106,DELTA,02-01-2024,0
106,EBONYI,02-01-2024,4
106,EDO,02-01-2024,0
106,EKITI,02-01-2024,0
106,ENUGU,02-01-2024,5
106,GOMBE,02-01-2024,0
106,IMO,02-01-2024,1
106,JIGAWA,02-01-2024,0
106,KADUNA,02-01-2024,0
106,KANO,02-01-2024,0
106,KATSINA,02-01-2024,0
106,KEBBI,02-01-2024,0
106,KOGI,02-01-2024,0
106,KWARA,02-01-2024,0
106,LAGOS,02-01-2024,0
106,NASARAWA,02-01-2024,0
106,NIGER,02-01-2024,0
106,OGUN,02-01-2024,0
106,ONDO,02-01-2024,0
106,OSUN,02-01-2024,0
106,OYO,02-01-2024,0
106,PLATEAU,02-01-2024,0
106,RIVERS,02-01-2024,0
106,SOKOTO,02-01-2024,0
106,TARABA,02-01-2024,0
106,YOBE,02-01-2024,0
106,ZAMFARA,02-01-2024,0
106,FCT,02-01-2024,0
106,FOREIGN,02-01-2024,0
103,ABIA,02-01-2024,0
103,ADAMAWA,02-01-2024,0
103,AKWA IBOM,02-01-2024,0
103,BAUCHI,02-01-2024,0
103,BAYELSA,02-01-2024,0
103,BENUE,02-01-2024,0
103,BORNO,02-01-2024,0
103,CROSS RIVER,02-01-2024,0
103,DELTA,02-01-2024,0
103,EBONYI,02-01-2024,0
103,EDO,02-01-2024,0
103,EKITI,02-01-2024,0
103,ENUGU,02-01-2024,0
103,GOMBE,02-01-2024,0
103,IMO,02-01-2024,0
103,JIGAWA,02-01-2024,0
103,KADUNA,02-01-2024,0
103,KANO,02-01-2024,0
103,KATSINA,02-01-2024,0
103,KEBBI,02-01-2024,0
103,KOGI,02-01-2024,0
103,KWARA,02-01-2024,0
103,LAGOS,02-01-2024,0
103,NASARAWA,02-01-2024,0
103,NIGER,02-01-2024,0
103,OGUN,02-01-2024,0
103,ONDO,02-01-2024,0
103,OSUN,02-01-2024,0
103,OYO,02-01-2024,0
103,PLATEAU,02-01-2024,0
103,RIVERS,02-01-2024,0
103,SOKOTO,02-01-2024,0
103,TARABA,02-01-2024,0
103,YOBE,02-01-2024,0
103,ZAMFARA,02-01-2024,0
103,FCT,02-01-2024,0
103,FOREIGN,02-01-2024,0
100,ABIA,02-01-2024,0
100,ADAMAWA,02-01-2024,0
100,AKWA IBOM,02-01-2024,0
100,BAUCHI,02-01-2024,0
100,BAYELSA,02-01-2024,0
100,BENUE,02-01-2024,0
100,BORNO,02-01-2024,0
100,CROSS RIVER,02-01-2024,0
100,DELTA,02-01-2024,0
100,EBONYI,02-01-2024,1
100,EDO,02-01-2024,0
100,EKITI,02-01-2024,0
100,ENUGU,02-01-2024,0
100,GOMBE,02-01-2024,0
100,IMO,02-01-2024,0
100,JIGAWA,02-01-2024,0
100,KADUNA,02-01-2024,0
100,KANO,02-01-2024,0
100,KATSINA,02-01-2024,0
100,KEBBI,02-01-2024,0
100,KOGI,02-01-2024,1
100,KWARA,02-01-2024,0
100,LAGOS,02-01-2024,0
100,NASARAWA,02-01-2024,0
100,NIGER,02-01-2024,0
100,OGUN,02-01-2024,0
100,ONDO,02-01-2024,0
100,OSUN,02-01-2024,0
100,OYO,02-01-2024,0
100,PLATEAU,02-01-2024,0
100,RIVERS,02-01-2024,0
100,SOKOTO,02-01-2024,0
100,TARABA,02-01-2024,0
100,YOBE,02-01-2024,0
100,ZAMFARA,02-01-2024,0
100,FCT,02-01-2024,0
100,FOREIGN,02-01-2024,0
102,ABIA,02-01-2024,0
102,ADAMAWA,02-01-2024,0
102,AKWA IBOM,02-01-2024,0
102,BAUCHI,02-01-2024,0
102,BAYELSA,02-01-2024,0
102,BENUE,02-01-2024,0
102,BORNO,02-01-2024,0
102,CROSS RIVER,02-01-2024,0
102,DELTA,02-01-2024,0
102,EBONYI,02-01-2024,0
102,EDO,02-01-2024,0
102,EKITI,02-01-2024,0
102,ENUGU,02-01-2024,3
102,GOMBE,02-01-2024,0
102,IMO,02-01-2024,1
102,JIGAWA,02-01-2024,0
102,KADUNA,02-01-2024,0
102,KANO,02-01-2024,0
102,KATSINA,02-01-2024,0
102,KEBBI,02-01-2024,0
102,KOGI,02-01-2024,0
102,KWARA,02-01-2024,0
102,LAGOS,02-01-2024,0
102,NASARAWA,02-01-2024,0
102,NIGER,02-01-2024,0
102,OGUN,02-01-2024,0
102,ONDO,02-01-2024,0
102,OSUN,02-01-2024,0
102,OYO,02-01-2024,0
102,PLATEAU,02-01-2024,0
102,RIVERS,02-01-2024,0
102,SOKOTO,02-01-2024,0
102,TARABA,02-01-2024,0
102,YOBE,02-01-2024,0
102,ZAMFARA,02-01-2024,0
102,FCT,02-01-2024,0
102,FOREIGN,02-01-2024,0
107,ABIA,02-01-2024,0
107,ADAMAWA,02-01-2024,0
107,AKWA IBOM,02-01-2024,0
107,BAUCHI,02-01-2024,0
107,BAYELSA,02-01-2024,0
107,BENUE,02-01-2024,0
107,BORNO,02-01-2024,0
107,CROSS RIVER,02-01-2024,0
107,DELTA,02-01-2024,0
107,EBONYI,02-01-2024,0
107,EDO,02-01-2024,0
107,EKITI,02-01-2024,0
107,ENUGU,02-01-2024,0
107,GOMBE,02-01-2024,0
107,IMO,02-01-2024,0
107,JIGAWA,02-01-2024,0
107,KADUNA,02-01-2024,0
107,KANO,02-01-2024,0
107,KATSINA,02-01-2024,0
107,KEBBI,02-01-2024,0
107,KOGI,02-01-2024,0
107,KWARA,02-01-2024,0
107,LAGOS,02-01-2024,0
107,NASARAWA,02-01-2024,0
107,NIGER,02-01-2024,0
107,OGUN,02-01-2024,0
107,ONDO,02-01-2024,0
107,OSUN,02-01-2024,0
107,OYO,02-01-2024,0
107,PLATEAU,02-01-2024,0
107,RIVERS,02-01-2024,0
107,SOKOTO,02-01-2024,0
107,TARABA,02-01-2024,0
107,YOBE,02-01-2024,0
107,ZAMFARA,02-01-2024,0
107,FCT,02-01-2024,0
107,FOREIGN,02-01-2024,0
101,ABIA,02-01-2024,0
101,ADAMAWA,02-01-2024,0
101,AKWA IBOM,02-01-2024,0
101,BAUCHI,02-01-2024,0
101,BAYELSA,02-01-2024,0
101,BENUE,02-01-2024,0
101,BORNO,02-01-2024,0
101,CROSS RIVER,02-01-2024,0
101,DELTA,02-01-2024,1
101,EBONYI,02-01-2024,0
101,EDO,02-01-2024,0
101,EKITI,02-01-2024,0
101,ENUGU,02-01-2024,2
101,GOMBE,02-01-2024,0
101,IMO,02-01-2024,0
101,JIGAWA,02-01-2024,0
101,KADUNA,02-01-2024,0
101,KANO,02-01-2024,0
101,KATSINA,02-01-2024,0
101,KEBBI,02-01-2024,0
101,KOGI,02-01-2024,3
101,KWARA,02-01-2024,0
101,LAGOS,02-01-2024,0
101,NASARAWA,02-01-2024,0
101,NIGER,02-01-2024,0
101,OGUN,02-01-2024,0
101,ONDO,02-01-2024,0
101,OSUN,02-01-2024,0
101,OYO,02-01-2024,0
101,PLATEAU,02-01-2024,0
101,RIVERS,02-01-2024,0
101,SOKOTO,02-01-2024,0
101,TARABA,02-01-2024,0
101,YOBE,02-01-2024,0
101,ZAMFARA,02-01-2024,0
101,FCT,02-01-2024,0
101,FOREIGN,02-01-2024,0
104,ABIA,02-01-2024,0
104,ADAMAWA,02-01-2024,0
104,AKWA IBOM,02-01-2024,0
104,BAUCHI,02-01-2024,0
104,BAYELSA,02-01-2024,0
104,BENUE,02-01-2024,0
104,BORNO,02-01-2024,0
104,CROSS RIVER,02-01-2024,0
104,DELTA,02-01-2024,0
104,EBONYI,02-01-2024,0
104,EDO,02-01-2024,0
104,EKITI,02-01-2024,0
104,ENUGU,02-01-2024,0
104,GOMBE,02-01-2024,0
104,IMO,02-01-2024,0
104,JIGAWA,02-01-2024,0
104,KADUNA,02-01-2024,0
104,KANO,02-01-2024,0
104,KATSINA,02-01-2024,0
104,KEBBI,02-01-2024,0
104,KOGI,02-01-2024,0
104,KWARA,02-01-2024,0
104,LAGOS,02-01-2024,0
104,NASARAWA,02-01-2024,0
104,NIGER,02-01-2024,0
104,OGUN,02-01-2024,0
104,ONDO,02-01-2024,0
104,OSUN,02-01-2024,0
104,OYO,02-01-2024,0
104,PLATEAU,02-01-2024,0
104,RIVERS,02-01-2024,0
104,SOKOTO,02-01-2024,0
104,TARABA,02-01-2024,0
104,YOBE,02-01-2024,0
104,ZAMFARA,02-01-2024,0
104,FCT,02-01-2024,0
104,FOREIGN,02-01-2024,0
105,ABIA,02-01-2024,0
105,ADAMAWA,02-01-2024,0
105,AKWA IBOM,02-01-2024,0
105,BAUCHI,02-01-2024,0
105,BAYELSA,02-01-2024,0
105,BENUE,02-01-2024,0
105,BORNO,02-01-2024,0
105,CROSS RIVER,02-01-2024,0
105,DELTA,02-01-2024,0
105,EBONYI,02-01-2024,0
105,EDO,02-01-2024,0
105,EKITI,02-01-2024,0
105,ENUGU,02-01-2024,0
105,GOMBE,02-01-2024,0
105,IMO,02-01-2024,0
105,JIGAWA,02-01-2024,0
105,KADUNA,02-01-2024,0
105,KANO,02-01-2024,0
105,KATSINA,02-01-2024,0
105,KEBBI,02-01-2024,0
105,KOGI,02-01-2024,0
105,KWARA,02-01-2024,0
105,LAGOS,02-01-2024,0
105,NASARAWA,02-01-2024,0
105,NIGER,02-01-2024,0
105,OGUN,02-01-2024,0
105,ONDO,02-01-2024,0
105,OSUN,02-01-2024,0
105,OYO,02-01-2024,0
105,PLATEAU,02-01-2024,0
105,RIVERS,02-01-2024,0
105,SOKOTO,02-01-2024,0
105,TARABA,02-01-2024,0
105,YOBE,02-01-2024,0
105,ZAMFARA,02-01-2024,0
105,FCT,02-01-2024,0
105,FOREIGN,02-01-2024,0
256,ABIA,02-01-2024,0
256,ADAMAWA,02-01-2024,0
256,AKWA IBOM,02-01-2024,0
256,BAUCHI,02-01-2024,0
256,BAYELSA,02-01-2024,0
256,BENUE,02-01-2024,0
256,BORNO,02-01-2024,0
256,CROSS RIVER,02-01-2024,0
256,DELTA,02-01-2024,0
256,EBONYI,02-01-2024,1
256,EDO,02-01-2024,0
256,EKITI,02-01-2024,0
256,ENUGU,02-01-2024,2
256,GOMBE,02-01-2024,0
256,IMO,02-01-2024,11
256,JIGAWA,02-01-2024,0
256,KADUNA,02-01-2024,0
256,KANO,02-01-2024,0
256,KATSINA,02-01-2024,0
256,KEBBI,02-01-2024,0
256,KOGI,02-01-2024,0
256,KWARA,02-01-2024,0
256,LAGOS,02-01-2024,0
256,NASARAWA,02-01-2024,0
256,NIGER,02-01-2024,0
256,OGUN,02-01-2024,0
256,ONDO,02-01-2024,0
256,OSUN,02-01-2024,0
256,OYO,02-01-2024,0
256,PLATEAU,02-01-2024,0
256,RIVERS,02-01-2024,0
256,SOKOTO,02-01-2024,0
256,TARABA,02-01-2024,0
256,YOBE,02-01-2024,0
256,ZAMFARA,02-01-2024,0
256,FCT,02-01-2024,0
256,FOREIGN,02-01-2024,0
250,ABIA,02-01-2024,3
250,ADAMAWA,02-01-2024,0
250,AKWA IBOM,02-01-2024,0
250,BAUCHI,02-01-2024,0
250,BAYELSA,02-01-2024,0
250,BENUE,02-01-2024,0
250,BORNO,02-01-2024,0
250,CROSS RIVER,02-01-2024,0
250,DELTA,02-01-2024,0
250,EBONYI,02-01-2024,4
250,EDO,02-01-2024,1
250,EKITI,02-01-2024,0
250,ENUGU,02-01-2024,7
250,GOMBE,02-01-2024,0
250,IMO,02-01-2024,4
250,JIGAWA,02-01-2024,0
250,KADUNA,02-01-2024,0
250,KANO,02-01-2024,0
250,KATSINA,02-01-2024,0
250,KEBBI,02-01-2024,0
250,KOGI,02-01-2024,0
250,KWARA,02-01-2024,0
250,LAGOS,02-01-2024,0
250,NASARAWA,02-01-2024,0
250,NIGER,02-01-2024,0
250,OGUN,02-01-2024,0
250,ONDO,02-01-2024,0
250,OSUN,02-01-2024,0
250,OYO,02-01-2024,0
250,PLATEAU,02-01-2024,0
250,RIVERS,02-01-2024,0
250,SOKOTO,02-01-2024,0
250,TARABA,02-01-2024,0
250,YOBE,02-01-2024,0
250,ZAMFARA,02-01-2024,0
250,FCT,02-01-2024,0
250,FOREIGN,02-01-2024,0
253,ABIA,02-01-2024,0
253,ADAMAWA,02-01-2024,0
253,AKWA IBOM,02-01-2024,0
253,BAUCHI,02-01-2024,0
253,BAYELSA,02-01-2024,0
253,BENUE,02-01-2024,0
253,BORNO,02-01-2024,0
253,CROSS RIVER,02-01-2024,0
253,DELTA,02-01-2024,0
253,EBONYI,02-01-2024,1
253,EDO,02-01-2024,0
253,EKITI,02-01-2024,0
253,ENUGU,02-01-2024,23
253,GOMBE,02-01-2024,0
253,IMO,02-01-2024,0
253,JIGAWA,02-01-2024,0
253,KADUNA,02-01-2024,0
253,KANO,02-01-2024,0
253,KATSINA,02-01-2024,0
253,KEBBI,02-01-2024,0
253,KOGI,02-01-2024,6
253,KWARA,02-01-2024,0
253,LAGOS,02-01-2024,0
253,NASARAWA,02-01-2024,0
253,NIGER,02-01-2024,0
253,OGUN,02-01-2024,0
253,ONDO,02-01-2024,0
253,OSUN,02-01-2024,0
253,OYO,02-01-2024,0
253,PLATEAU,02-01-2024,0
253,RIVERS,02-01-2024,0
253,SOKOTO,02-01-2024,0
253,TARABA,02-01-2024,0
253,YOBE,02-01-2024,0
253,ZAMFARA,02-01-2024,0
253,FCT,02-01-2024,0
253,FOREIGN,02-01-2024,0
252,ABIA,02-01-2024,0
252,ADAMAWA,02-01-2024,0
252,AKWA IBOM,02-01-2024,0
252,BAUCHI,02-01-2024,0
252,BAYELSA,02-01-2024,0
252,BENUE,02-01-2024,0
252,BORNO,02-01-2024,0
252,CROSS RIVER,02-01-2024,0
252,DELTA,02-01-2024,0
252,EBONYI,02-01-2024,0
252,EDO,02-01-2024,0
252,EKITI,02-01-2024,0
252,ENUGU,02-01-2024,5
252,GOMBE,02-01-2024,0
252,IMO,02-01-2024,1
252,JIGAWA,02-01-2024,0
252,KADUNA,02-01-2024,0
252,KANO,02-01-2024,0
252,KATSINA,02-01-2024,0
252,KEBBI,02-01-2024,0
252,KOGI,02-01-2024,0
252,KWARA,02-01-2024,0
252,LAGOS,02-01-2024,0
252,NASARAWA,02-01-2024,0
252,NIGER,02-01-2024,0
252,OGUN,02-01-2024,0
252,ONDO,02-01-2024,0
252,OSUN,02-01-2024,0
252,OYO,02-01-2024,0
252,PLATEAU,02-01-2024,0
252,RIVERS,02-01-2024,0
252,SOKOTO,02-01-2024,0
252,TARABA,02-01-2024,0
252,YOBE,02-01-2024,0
252,ZAMFARA,02-01-2024,0
252,FCT,02-01-2024,0
252,FOREIGN,02-01-2024,0
251,ABIA,02-01-2024,0
251,ADAMAWA,02-01-2024,0
251,AKWA IBOM,02-01-2024,0
251,BAUCHI,02-01-2024,0
251,BAYELSA,02-01-2024,0
251,BENUE,02-01-2024,0
251,BORNO,02-01-2024,0
251,CROSS RIVER,02-01-2024,0
251,DELTA,02-01-2024,0
251,EBONYI,02-01-2024,0
251,EDO,02-01-2024,0
251,EKITI,02-01-2024,0
251,ENUGU,02-01-2024,0
251,GOMBE,02-01-2024,0
251,IMO,02-01-2024,0
251,JIGAWA,02-01-2024,0
251,KADUNA,02-01-2024,0
251,KANO,02-01-2024,0
251,KATSINA,02-01-2024,0
251,KEBBI,02-01-2024,0
251,KOGI,02-01-2024,0
251,KWARA,02-01-2024,0
251,LAGOS,02-01-2024,0
251,NASARAWA,02-01-2024,0
251,NIGER,02-01-2024,0
251,OGUN,02-01-2024,0
251,ONDO,02-01-2024,0
251,OSUN,02-01-2024,0
251,OYO,02-01-2024,0
251,PLATEAU,02-01-2024,0
251,RIVERS,02-01-2024,0
251,SOKOTO,02-01-2024,0
251,TARABA,02-01-2024,0
251,YOBE,02-01-2024,0
251,ZAMFARA,02-01-2024,0
251,FCT,02-01-2024,0
251,FOREIGN,02-01-2024,0
255,ABIA,02-01-2024,0
255,ADAMAWA,02-01-2024,0
255,AKWA IBOM,02-01-2024,0
255,BAUCHI,02-01-2024,0
255,BAYELSA,02-01-2024,0
255,BENUE,02-01-2024,0
255,BORNO,02-01-2024,0
255,CROSS RIVER,02-01-2024,0
255,DELTA,02-01-2024,0
255,EBONYI,02-01-2024,0
255,EDO,02-01-2024,0
255,EKITI,02-01-2024,0
255,ENUGU,02-01-2024,0
255,GOMBE,02-01-2024,0
255,IMO,02-01-2024,0
255,JIGAWA,02-01-2024,0
255,KADUNA,02-01-2024,0
255,KANO,02-01-2024,0
255,KATSINA,02-01-2024,0
255,KEBBI,02-01-2024,0
255,KOGI,02-01-2024,0
255,KWARA,02-01-2024,0
255,LAGOS,02-01-2024,0
255,NASARAWA,02-01-2024,0
255,NIGER,02-01-2024,0
255,OGUN,02-01-2024,0
255,ONDO,02-01-2024,0
255,OSUN,02-01-2024,0
255,OYO,02-01-2024,0
255,PLATEAU,02-01-2024,0
255,RIVERS,02-01-2024,0
255,SOKOTO,02-01-2024,0
255,TARABA,02-01-2024,0
255,YOBE,02-01-2024,0
255,ZAMFARA,02-01-2024,0
255,FCT,02-01-2024,0
255,FOREIGN,02-01-2024,0
257,ABIA,02-01-2024,0
257,ADAMAWA,02-01-2024,0
257,AKWA IBOM,02-01-2024,0
257,BAUCHI,02-01-2024,0
257,BAYELSA,02-01-2024,0
257,BENUE,02-01-2024,1
257,BORNO,02-01-2024,0
257,CROSS RIVER,02-01-2024,0
257,DELTA,02-01-2024,0
257,EBONYI,02-01-2024,0
257,EDO,02-01-2024,0
257,EKITI,02-01-2024,0
257,ENUGU,02-01-2024,3
257,GOMBE,02-01-2024,0
257,IMO,02-01-2024,0
257,JIGAWA,02-01-2024,0
257,KADUNA,02-01-2024,0
257,KANO,02-01-2024,0
257,KATSINA,02-01-2024,0
257,KEBBI,02-01-2024,0
257,KOGI,02-01-2024,0
257,KWARA,02-01-2024,0
257,LAGOS,02-01-2024,0
257,NASARAWA,02-01-2024,0
257,NIGER,02-01-2024,0
257,OGUN,02-01-2024,0
257,ONDO,02-01-2024,0
257,OSUN,02-01-2024,0
257,OYO,02-01-2024,0
257,PLATEAU,02-01-2024,0
257,RIVERS,02-01-2024,0
257,SOKOTO,02-01-2024,0
257,TARABA,02-01-2024,0
257,YOBE,02-01-2024,0
257,ZAMFARA,02-01-2024,0
257,FCT,02-01-2024,0
257,FOREIGN,02-01-2024,0
258,ABIA,02-01-2024,0
258,ADAMAWA,02-01-2024,0
258,AKWA IBOM,02-01-2024,0
258,BAUCHI,02-01-2024,0
258,BAYELSA,02-01-2024,0
258,BENUE,02-01-2024,0
258,BORNO,02-01-2024,0
258,CROSS RIVER,02-01-2024,0
258,DELTA,02-01-2024,0
258,EBONYI,02-01-2024,0
258,EDO,02-01-2024,0
258,EKITI,02-01-2024,0
258,ENUGU,02-01-2024,3
258,GOMBE,02-01-2024,0
258,IMO,02-01-2024,0
258,JIGAWA,02-01-2024,0
258,KADUNA,02-01-2024,0
258,KANO,02-01-2024,0
258,KATSINA,02-01-2024,0
258,KEBBI,02-01-2024,0
258,KOGI,02-01-2024,0
258,KWARA,02-01-2024,0
258,LAGOS,02-01-2024,0
258,NASARAWA,02-01-2024,0
258,NIGER,02-01-2024,0
258,OGUN,02-01-2024,0
258,ONDO,02-01-2024,0
258,OSUN,02-01-2024,0
258,OYO,02-01-2024,0
258,PLATEAU,02-01-2024,0
258,RIVERS,02-01-2024,0
258,SOKOTO,02-01-2024,0
258,TARABA,02-01-2024,0
258,YOBE,02-01-2024,0
258,ZAMFARA,02-01-2024,0
258,FCT,02-01-2024,0
258,FOREIGN,02-01-2024,0
254,ABIA,02-01-2024,0
254,ADAMAWA,02-01-2024,0
254,AKWA IBOM,02-01-2024,0
254,BAUCHI,02-01-2024,0
254,BAYELSA,02-01-2024,0
254,BENUE,02-01-2024,0
254,BORNO,02-01-2024,0
254,CROSS RIVER,02-01-2024,0
254,DELTA,02-01-2024,0
254,EBONYI,02-01-2024,0
254,EDO,02-01-2024,0
254,EKITI,02-01-2024,0
254,ENUGU,02-01-2024,0
254,GOMBE,02-01-2024,0
254,IMO,02-01-2024,0
254,JIGAWA,02-01-2024,0
254,KADUNA,02-01-2024,0
254,KANO,02-01-2024,0
254,KATSINA,02-01-2024,0
254,KEBBI,02-01-2024,0
254,KOGI,02-01-2024,0
254,KWARA,02-01-2024,0
254,LAGOS,02-01-2024,0
254,NASARAWA,02-01-2024,0
254,NIGER,02-01-2024,0
254,OGUN,02-01-2024,0
254,ONDO,02-01-2024,0
254,OSUN,02-01-2024,0
254,OYO,02-01-2024,0
254,PLATEAU,02-01-2024,0
254,RIVERS,02-01-2024,0
254,SOKOTO,02-01-2024,0
254,TARABA,02-01-2024,0
254,YOBE,02-01-2024,0
254,ZAMFARA,02-01-2024,0
254,FCT,02-01-2024,0
254,FOREIGN,02-01-2024,0
