school_id,class,timestamp,gender,population
2001,ECCDE1,01-01-2023,Male,10
2001,ECCDE1,01-01-2023,Female,12
2001,ECCDE2,01-01-2023,Male,11
2001,ECCDE2,01-01-2023,Female,12
2001,ECCDE3,01-01-2023,Male,12
2001,ECCDE3,01-01-2023,Female,12
2001,PRY1,01-01-2023,Male,12
2001,PRY1,01-01-2023,Female,14
2001,PRY2,01-01-2023,Male,9
2001,PRY2,01-01-2023,Female,18
2001,PRY3,01-01-2023,Male,15
2001,PRY3,01-01-2023,Female,12
2001,PRY4,01-01-2023,Male,21
2001,PRY4,01-01-2023,Female,11
2001,PRY5,01-01-2023,Male,21
2001,PRY5,01-01-2023,Female,8
2001,PRY6,01-01-2023,Male,17
2001,PRY6,01-01-2023,Female,17
2002,ECCDE1,01-01-2023,Male,23
2002,ECCDE1,01-01-2023,Female,24
2002,ECCDE2,01-01-2023,Male,11
2002,ECCDE2,01-01-2023,Female,9
2002,ECCDE3,01-01-2023,Male,11
2002,ECCDE3,01-01-2023,Female,10
2002,PRY1,01-01-2023,Male,16
2002,PRY1,01-01-2023,Female,10
2002,PRY2,01-01-2023,Male,19
2002,PRY2,01-01-2023,Female,6
2002,PRY3,01-01-2023,Male,17
2002,PRY3,01-01-2023,Female,8
2002,PRY4,01-01-2023,Male,14
2002,PRY4,01-01-2023,Female,8
2002,PRY5,01-01-2023,Male,10
2002,PRY5,01-01-2023,Female,10
2002,PRY6,01-01-2023,Male,17
2002,PRY6,01-01-2023,Female,9
2003,ECCDE1,01-01-2023,Male,3
2003,ECCDE1,01-01-2023,Female,3
2003,ECCDE2,01-01-2023,Male,3
2003,ECCDE2,01-01-2023,Female,2
2003,ECCDE3,01-01-2023,Male,5
2003,ECCDE3,01-01-2023,Female,4
2003,PRY1,01-01-2023,Male,4
2003,PRY1,01-01-2023,Female,4
2003,PRY2,01-01-2023,Male,5
2003,PRY2,01-01-2023,Female,4
2003,PRY3,01-01-2023,Male,5
2003,PRY3,01-01-2023,Female,5
2003,PRY4,01-01-2023,Male,7
2003,PRY4,01-01-2023,Female,6
2003,PRY5,01-01-2023,Male,7
2003,PRY5,01-01-2023,Female,6
2003,PRY6,01-01-2023,Male,6
2003,PRY6,01-01-2023,Female,5
2004,ECCDE1,01-01-2023,Male,4
2004,ECCDE1,01-01-2023,Female,4
2004,ECCDE2,01-01-2023,Male,5
2004,ECCDE2,01-01-2023,Female,6
2004,ECCDE3,01-01-2023,Male,5
2004,ECCDE3,01-01-2023,Female,2
2004,PRY1,01-01-2023,Male,6
2004,PRY1,01-01-2023,Female,5
2004,PRY2,01-01-2023,Male,10
2004,PRY2,01-01-2023,Female,2
2004,PRY3,01-01-2023,Male,5
2004,PRY3,01-01-2023,Female,6
2004,PRY4,01-01-2023,Male,13
2004,PRY4,01-01-2023,Female,5
2004,PRY5,01-01-2023,Male,5
2004,PRY5,01-01-2023,Female,4
2004,PRY6,01-01-2023,Male,5
2004,PRY6,01-01-2023,Female,6
2005,ECCDE1,01-01-2023,Male,34
2005,ECCDE1,01-01-2023,Female,30
2005,ECCDE2,01-01-2023,Male,15
2005,ECCDE2,01-01-2023,Female,18
2005,ECCDE3,01-01-2023,Male,13
2005,ECCDE3,01-01-2023,Female,12
2005,PRY1,01-01-2023,Male,8
2005,PRY1,01-01-2023,Female,14
2005,PRY2,01-01-2023,Male,18
2005,PRY2,01-01-2023,Female,20
2005,PRY3,01-01-2023,Male,14
2005,PRY3,01-01-2023,Female,14
2005,PRY4,01-01-2023,Male,21
2005,PRY4,01-01-2023,Female,17
2005,PRY5,01-01-2023,Male,22
2005,PRY5,01-01-2023,Female,21
2005,PRY6,01-01-2023,Male,13
2005,PRY6,01-01-2023,Female,10
2006,ECCDE1,01-01-2023,Male,2
2006,ECCDE1,01-01-2023,Female,3
2006,ECCDE2,01-01-2023,Male,4
2006,ECCDE2,01-01-2023,Female,2
2006,ECCDE3,01-01-2023,Male,3
2006,ECCDE3,01-01-2023,Female,3
2006,PRY1,01-01-2023,Male,3
2006,PRY1,01-01-2023,Female,5
2006,PRY2,01-01-2023,Male,3
2006,PRY2,01-01-2023,Female,1
2006,PRY3,01-01-2023,Male,2
2006,PRY3,01-01-2023,Female,2
2006,PRY4,01-01-2023,Male,2
2006,PRY4,01-01-2023,Female,3
2006,PRY5,01-01-2023,Male,6
2006,PRY5,01-01-2023,Female,4
2006,PRY6,01-01-2023,Male,1
2006,PRY6,01-01-2023,Female,3
2007,ECCDE1,01-01-2023,Male,12
2007,ECCDE1,01-01-2023,Female,12
2007,ECCDE2,01-01-2023,Male,5
2007,ECCDE2,01-01-2023,Female,5
2007,ECCDE3,01-01-2023,Male,8
2007,ECCDE3,01-01-2023,Female,6
2007,PRY1,01-01-2023,Male,7
2007,PRY1,01-01-2023,Female,13
2007,PRY2,01-01-2023,Male,13
2007,PRY2,01-01-2023,Female,13
2007,PRY3,01-01-2023,Male,15
2007,PRY3,01-01-2023,Female,6
2007,PRY4,01-01-2023,Male,4
2007,PRY4,01-01-2023,Female,8
2007,PRY5,01-01-2023,Male,5
2007,PRY5,01-01-2023,Female,5
2007,PRY6,01-01-2023,Male,6
2007,PRY6,01-01-2023,Female,8
2008,ECCDE1,01-01-2023,Male,4
2008,ECCDE1,01-01-2023,Female,6
2008,ECCDE2,01-01-2023,Male,0
2008,ECCDE2,01-01-2023,Female,0
2008,ECCDE3,01-01-2023,Male,1
2008,ECCDE3,01-01-2023,Female,2
2008,PRY1,01-01-2023,Male,2
2008,PRY1,01-01-2023,Female,2
2008,PRY2,01-01-2023,Male,3
2008,PRY2,01-01-2023,Female,1
2008,PRY3,01-01-2023,Male,3
2008,PRY3,01-01-2023,Female,1
2008,PRY4,01-01-2023,Male,1
2008,PRY4,01-01-2023,Female,2
2008,PRY5,01-01-2023,Male,1
2008,PRY5,01-01-2023,Female,0
2008,PRY6,01-01-2023,Male,3
2008,PRY6,01-01-2023,Female,2
2009,ECCDE1,01-01-2023,Male,9
2009,ECCDE1,01-01-2023,Female,5
2009,ECCDE2,01-01-2023,Male,10
2009,ECCDE2,01-01-2023,Female,13
2009,ECCDE3,01-01-2023,Male,10
2009,ECCDE3,01-01-2023,Female,9
2009,PRY1,01-01-2023,Male,11
2009,PRY1,01-01-2023,Female,11
2009,PRY2,01-01-2023,Male,13
2009,PRY2,01-01-2023,Female,8
2009,PRY3,01-01-2023,Male,24
2009,PRY3,01-01-2023,Female,14
2009,PRY4,01-01-2023,Male,17
2009,PRY4,01-01-2023,Female,6
2009,PRY5,01-01-2023,Male,27
2009,PRY5,01-01-2023,Female,14
2009,PRY6,01-01-2023,Male,20
2009,PRY6,01-01-2023,Female,12
2010,ECCDE1,01-01-2023,Male,0
2010,ECCDE1,01-01-2023,Female,0
2010,ECCDE2,01-01-2023,Male,1
2010,ECCDE2,01-01-2023,Female,1
2010,ECCDE3,01-01-2023,Male,0
2010,ECCDE3,01-01-2023,Female,0
2010,PRY1,01-01-2023,Male,0
2010,PRY1,01-01-2023,Female,0
2010,PRY2,01-01-2023,Male,0
2010,PRY2,01-01-2023,Female,0
2010,PRY3,01-01-2023,Male,3
2010,PRY3,01-01-2023,Female,3
2010,PRY4,01-01-2023,Male,2
2010,PRY4,01-01-2023,Female,2
2010,PRY5,01-01-2023,Male,0
2010,PRY5,01-01-2023,Female,0
2010,PRY6,01-01-2023,Male,4
2010,PRY6,01-01-2023,Female,3
2011,ECCDE1,01-01-2023,Male,1
2011,ECCDE1,01-01-2023,Female,1
2011,ECCDE2,01-01-2023,Male,1
2011,ECCDE2,01-01-2023,Female,2
2011,ECCDE3,01-01-2023,Male,4
2011,ECCDE3,01-01-2023,Female,2
2011,PRY1,01-01-2023,Male,3
2011,PRY1,01-01-2023,Female,3
2011,PRY2,01-01-2023,Male,1
2011,PRY2,01-01-2023,Female,2
2011,PRY3,01-01-2023,Male,1
2011,PRY3,01-01-2023,Female,4
2011,PRY4,01-01-2023,Male,4
2011,PRY4,01-01-2023,Female,3
2011,PRY5,01-01-2023,Male,8
2011,PRY5,01-01-2023,Female,6
2011,PRY6,01-01-2023,Male,1
2011,PRY6,01-01-2023,Female,4
2012,ECCDE1,01-01-2023,Male,10
2012,ECCDE1,01-01-2023,Female,8
2012,ECCDE2,01-01-2023,Male,6
2012,ECCDE2,01-01-2023,Female,10
2012,ECCDE3,01-01-2023,Male,10
2012,ECCDE3,01-01-2023,Female,10
2012,PRY1,01-01-2023,Male,8
2012,PRY1,01-01-2023,Female,9
2012,PRY2,01-01-2023,Male,9
2012,PRY2,01-01-2023,Female,9
2012,PRY3,01-01-2023,Male,10
2012,PRY3,01-01-2023,Female,8
2012,PRY4,01-01-2023,Male,8
2012,PRY4,01-01-2023,Female,5
2012,PRY5,01-01-2023,Male,7
2012,PRY5,01-01-2023,Female,0
2012,PRY6,01-01-2023,Male,2
2012,PRY6,01-01-2023,Female,5
2013,ECCDE1,01-01-2023,Male,11
2013,ECCDE1,01-01-2023,Female,10
2013,ECCDE2,01-01-2023,Male,6
2013,ECCDE2,01-01-2023,Female,10
2013,ECCDE3,01-01-2023,Male,11
2013,ECCDE3,01-01-2023,Female,8
2013,PRY1,01-01-2023,Male,15
2013,PRY1,01-01-2023,Female,7
2013,PRY2,01-01-2023,Male,11
2013,PRY2,01-01-2023,Female,10
2013,PRY3,01-01-2023,Male,22
2013,PRY3,01-01-2023,Female,5
2013,PRY4,01-01-2023,Male,15
2013,PRY4,01-01-2023,Female,5
2013,PRY5,01-01-2023,Male,4
2013,PRY5,01-01-2023,Female,8
2013,PRY6,01-01-2023,Male,9
2013,PRY6,01-01-2023,Female,9
2014,ECCDE1,01-01-2023,Male,18
2014,ECCDE1,01-01-2023,Female,18
2014,ECCDE2,01-01-2023,Male,17
2014,ECCDE2,01-01-2023,Female,18
2014,ECCDE3,01-01-2023,Male,14
2014,ECCDE3,01-01-2023,Female,12
2014,PRY1,01-01-2023,Male,29
2014,PRY1,01-01-2023,Female,23
2014,PRY2,01-01-2023,Male,14
2014,PRY2,01-01-2023,Female,15
2014,PRY3,01-01-2023,Male,18
2014,PRY3,01-01-2023,Female,20
2014,PRY4,01-01-2023,Male,22
2014,PRY4,01-01-2023,Female,13
2014,PRY5,01-01-2023,Male,27
2014,PRY5,01-01-2023,Female,20
2014,PRY6,01-01-2023,Male,23
2014,PRY6,01-01-2023,Female,26
2015,ECCDE1,01-01-2023,Male,20
2015,ECCDE1,01-01-2023,Female,10
2015,ECCDE2,01-01-2023,Male,13
2015,ECCDE2,01-01-2023,Female,9
2015,ECCDE3,01-01-2023,Male,11
2015,ECCDE3,01-01-2023,Female,8
2015,PRY1,01-01-2023,Male,8
2015,PRY1,01-01-2023,Female,7
2015,PRY2,01-01-2023,Male,12
2015,PRY2,01-01-2023,Female,10
2015,PRY3,01-01-2023,Male,8
2015,PRY3,01-01-2023,Female,4
2015,PRY4,01-01-2023,Male,8
2015,PRY4,01-01-2023,Female,3
2015,PRY5,01-01-2023,Male,11
2015,PRY5,01-01-2023,Female,8
2015,PRY6,01-01-2023,Male,9
2015,PRY6,01-01-2023,Female,8
2016,ECCDE1,01-01-2023,Male,30
2016,ECCDE1,01-01-2023,Female,22
2016,ECCDE2,01-01-2023,Male,17
2016,ECCDE2,01-01-2023,Female,16
2016,ECCDE3,01-01-2023,Male,48
2016,ECCDE3,01-01-2023,Female,24
2016,PRY1,01-01-2023,Male,36
2016,PRY1,01-01-2023,Female,27
2016,PRY2,01-01-2023,Male,28
2016,PRY2,01-01-2023,Female,34
2016,PRY3,01-01-2023,Male,50
2016,PRY3,01-01-2023,Female,29
2016,PRY4,01-01-2023,Male,40
2016,PRY4,01-01-2023,Female,33
2016,PRY5,01-01-2023,Male,60
2016,PRY5,01-01-2023,Female,36
2016,PRY6,01-01-2023,Male,42
2016,PRY6,01-01-2023,Female,29
2017,ECCDE1,01-01-2023,Male,11
2017,ECCDE1,01-01-2023,Female,20
2017,ECCDE2,01-01-2023,Male,24
2017,ECCDE2,01-01-2023,Female,11
2017,ECCDE3,01-01-2023,Male,19
2017,ECCDE3,01-01-2023,Female,25
2017,PRY1,01-01-2023,Male,18
2017,PRY1,01-01-2023,Female,23
2017,PRY2,01-01-2023,Male,26
2017,PRY2,01-01-2023,Female,37
2017,PRY3,01-01-2023,Male,17
2017,PRY3,01-01-2023,Female,24
2017,PRY4,01-01-2023,Male,37
2017,PRY4,01-01-2023,Female,32
2017,PRY5,01-01-2023,Male,32
2017,PRY5,01-01-2023,Female,31
2017,PRY6,01-01-2023,Male,44
2017,PRY6,01-01-2023,Female,33
2018,ECCDE1,01-01-2023,Male,18
2018,ECCDE1,01-01-2023,Female,15
2018,ECCDE2,01-01-2023,Male,12
2018,ECCDE2,01-01-2023,Female,7
2018,ECCDE3,01-01-2023,Male,8
2018,ECCDE3,01-01-2023,Female,7
2018,PRY1,01-01-2023,Male,13
2018,PRY1,01-01-2023,Female,9
2018,PRY2,01-01-2023,Male,11
2018,PRY2,01-01-2023,Female,9
2018,PRY3,01-01-2023,Male,11
2018,PRY3,01-01-2023,Female,10
2018,PRY4,01-01-2023,Male,10
2018,PRY4,01-01-2023,Female,12
2018,PRY5,01-01-2023,Male,14
2018,PRY5,01-01-2023,Female,12
2018,PRY6,01-01-2023,Male,12
2018,PRY6,01-01-2023,Female,15
2019,ECCDE1,01-01-2023,Male,18
2019,ECCDE1,01-01-2023,Female,9
2019,ECCDE2,01-01-2023,Male,10
2019,ECCDE2,01-01-2023,Female,13
2019,ECCDE3,01-01-2023,Male,11
2019,ECCDE3,01-01-2023,Female,11
2019,PRY1,01-01-2023,Male,30
2019,PRY1,01-01-2023,Female,23
2019,PRY2,01-01-2023,Male,31
2019,PRY2,01-01-2023,Female,26
2019,PRY3,01-01-2023,Male,22
2019,PRY3,01-01-2023,Female,27
2019,PRY4,01-01-2023,Male,31
2019,PRY4,01-01-2023,Female,37
2019,PRY5,01-01-2023,Male,43
2019,PRY5,01-01-2023,Female,30
2019,PRY6,01-01-2023,Male,44
2019,PRY6,01-01-2023,Female,22
2020,ECCDE1,01-01-2023,Male,20
2020,ECCDE1,01-01-2023,Female,30
2020,ECCDE2,01-01-2023,Male,20
2020,ECCDE2,01-01-2023,Female,26
2020,ECCDE3,01-01-2023,Male,23
2020,ECCDE3,01-01-2023,Female,16
2020,PRY1,01-01-2023,Male,26
2020,PRY1,01-01-2023,Female,26
2020,PRY2,01-01-2023,Male,30
2020,PRY2,01-01-2023,Female,22
2020,PRY3,01-01-2023,Male,24
2020,PRY3,01-01-2023,Female,27
2020,PRY4,01-01-2023,Male,31
2020,PRY4,01-01-2023,Female,26
2020,PRY5,01-01-2023,Male,38
2020,PRY5,01-01-2023,Female,34
2020,PRY6,01-01-2023,Male,29
2020,PRY6,01-01-2023,Female,28
2021,ECCDE1,01-01-2023,Male,12
2021,ECCDE1,01-01-2023,Female,8
2021,ECCDE2,01-01-2023,Male,3
2021,ECCDE2,01-01-2023,Female,9
2021,ECCDE3,01-01-2023,Male,4
2021,ECCDE3,01-01-2023,Female,8
2021,PRY1,01-01-2023,Male,17
2021,PRY1,01-01-2023,Female,11
2021,PRY2,01-01-2023,Male,18
2021,PRY2,01-01-2023,Female,10
2021,PRY3,01-01-2023,Male,19
2021,PRY3,01-01-2023,Female,12
2021,PRY4,01-01-2023,Male,14
2021,PRY4,01-01-2023,Female,20
2021,PRY5,01-01-2023,Male,30
2021,PRY5,01-01-2023,Female,19
2021,PRY6,01-01-2023,Male,16
2021,PRY6,01-01-2023,Female,17
2022,ECCDE1,01-01-2023,Male,7
2022,ECCDE1,01-01-2023,Female,9
2022,ECCDE2,01-01-2023,Male,4
2022,ECCDE2,01-01-2023,Female,4
2022,ECCDE3,01-01-2023,Male,1
2022,ECCDE3,01-01-2023,Female,6
2022,PRY1,01-01-2023,Male,4
2022,PRY1,01-01-2023,Female,5
2022,PRY2,01-01-2023,Male,5
2022,PRY2,01-01-2023,Female,7
2022,PRY3,01-01-2023,Male,10
2022,PRY3,01-01-2023,Female,8
2022,PRY4,01-01-2023,Male,6
2022,PRY4,01-01-2023,Female,4
2022,PRY5,01-01-2023,Male,8
2022,PRY5,01-01-2023,Female,5
2022,PRY6,01-01-2023,Male,8
2022,PRY6,01-01-2023,Female,9
2023,ECCDE1,01-01-2023,Male,26
2023,ECCDE1,01-01-2023,Female,21
2023,ECCDE2,01-01-2023,Male,18
2023,ECCDE2,01-01-2023,Female,27
2023,ECCDE3,01-01-2023,Male,22
2023,ECCDE3,01-01-2023,Female,20
2023,PRY1,01-01-2023,Male,10
2023,PRY1,01-01-2023,Female,15
2023,PRY2,01-01-2023,Male,13
2023,PRY2,01-01-2023,Female,11
2023,PRY3,01-01-2023,Male,11
2023,PRY3,01-01-2023,Female,9
2023,PRY4,01-01-2023,Male,10
2023,PRY4,01-01-2023,Female,12
2023,PRY5,01-01-2023,Male,17
2023,PRY5,01-01-2023,Female,21
2023,PRY6,01-01-2023,Male,18
2023,PRY6,01-01-2023,Female,14
2024,ECCDE1,01-01-2023,Male,10
2024,ECCDE1,01-01-2023,Female,9
2024,ECCDE2,01-01-2023,Male,10
2024,ECCDE2,01-01-2023,Female,4
2024,ECCDE3,01-01-2023,Male,10
2024,ECCDE3,01-01-2023,Female,7
2024,PRY1,01-01-2023,Male,8
2024,PRY1,01-01-2023,Female,8
2024,PRY2,01-01-2023,Male,4
2024,PRY2,01-01-2023,Female,10
2024,PRY3,01-01-2023,Male,7
2024,PRY3,01-01-2023,Female,7
2024,PRY4,01-01-2023,Male,10
2024,PRY4,01-01-2023,Female,6
2024,PRY5,01-01-2023,Male,8
2024,PRY5,01-01-2023,Female,11
2024,PRY6,01-01-2023,Male,5
2024,PRY6,01-01-2023,Female,7
2025,ECCDE1,01-01-2023,Male,21
2025,ECCDE1,01-01-2023,Female,9
2025,ECCDE2,01-01-2023,Male,13
2025,ECCDE2,01-01-2023,Female,8
2025,ECCDE3,01-01-2023,Male,6
2025,ECCDE3,01-01-2023,Female,13
2025,PRY1,01-01-2023,Male,16
2025,PRY1,01-01-2023,Female,16
2025,PRY2,01-01-2023,Male,11
2025,PRY2,01-01-2023,Female,16
2025,PRY3,01-01-2023,Male,11
2025,PRY3,01-01-2023,Female,14
2025,PRY4,01-01-2023,Male,17
2025,PRY4,01-01-2023,Female,11
2025,PRY5,01-01-2023,Male,18
2025,PRY5,01-01-2023,Female,11
2025,PRY6,01-01-2023,Male,20
2025,PRY6,01-01-2023,Female,15
2026,ECCDE1,01-01-2023,Male,9
2026,ECCDE1,01-01-2023,Female,10
2026,ECCDE2,01-01-2023,Male,9
2026,ECCDE2,01-01-2023,Female,9
2026,ECCDE3,01-01-2023,Male,15
2026,ECCDE3,01-01-2023,Female,4
2026,PRY1,01-01-2023,Male,13
2026,PRY1,01-01-2023,Female,11
2026,PRY2,01-01-2023,Male,13
2026,PRY2,01-01-2023,Female,9
2026,PRY3,01-01-2023,Male,15
2026,PRY3,01-01-2023,Female,9
2026,PRY4,01-01-2023,Male,12
2026,PRY4,01-01-2023,Female,12
2026,PRY5,01-01-2023,Male,8
2026,PRY5,01-01-2023,Female,10
2026,PRY6,01-01-2023,Male,9
2026,PRY6,01-01-2023,Female,7
2027,ECCDE1,01-01-2023,Male,16
2027,ECCDE1,01-01-2023,Female,14
2027,ECCDE2,01-01-2023,Male,7
2027,ECCDE2,01-01-2023,Female,8
2027,ECCDE3,01-01-2023,Male,10
2027,ECCDE3,01-01-2023,Female,10
2027,PRY1,01-01-2023,Male,7
2027,PRY1,01-01-2023,Female,8
2027,PRY2,01-01-2023,Male,10
2027,PRY2,01-01-2023,Female,6
2027,PRY3,01-01-2023,Male,10
2027,PRY3,01-01-2023,Female,9
2027,PRY4,01-01-2023,Male,7
2027,PRY4,01-01-2023,Female,7
2027,PRY5,01-01-2023,Male,5
2027,PRY5,01-01-2023,Female,7
2027,PRY6,01-01-2023,Male,8
2027,PRY6,01-01-2023,Female,4
2028,ECCDE1,01-01-2023,Male,17
2028,ECCDE1,01-01-2023,Female,10
2028,ECCDE2,01-01-2023,Male,10
2028,ECCDE2,01-01-2023,Female,10
2028,ECCDE3,01-01-2023,Male,8
2028,ECCDE3,01-01-2023,Female,8
2028,PRY1,01-01-2023,Male,10
2028,PRY1,01-01-2023,Female,10
2028,PRY2,01-01-2023,Male,10
2028,PRY2,01-01-2023,Female,9
2028,PRY3,01-01-2023,Male,12
2028,PRY3,01-01-2023,Female,8
2028,PRY4,01-01-2023,Male,14
2028,PRY4,01-01-2023,Female,11
2028,PRY5,01-01-2023,Male,12
2028,PRY5,01-01-2023,Female,13
2028,PRY6,01-01-2023,Male,9
2028,PRY6,01-01-2023,Female,9
2029,ECCDE1,01-01-2023,Male,23
2029,ECCDE1,01-01-2023,Female,27
2029,ECCDE2,01-01-2023,Male,8
2029,ECCDE2,01-01-2023,Female,17
2029,ECCDE3,01-01-2023,Male,11
2029,ECCDE3,01-01-2023,Female,10
2029,PRY1,01-01-2023,Male,18
2029,PRY1,01-01-2023,Female,9
2029,PRY2,01-01-2023,Male,14
2029,PRY2,01-01-2023,Female,12
2029,PRY3,01-01-2023,Male,11
2029,PRY3,01-01-2023,Female,18
2029,PRY4,01-01-2023,Male,12
2029,PRY4,01-01-2023,Female,7
2029,PRY5,01-01-2023,Male,17
2029,PRY5,01-01-2023,Female,22
2029,PRY6,01-01-2023,Male,13
2029,PRY6,01-01-2023,Female,12
2030,ECCDE1,01-01-2023,Male,37
2030,ECCDE1,01-01-2023,Female,41
2030,ECCDE2,01-01-2023,Male,25
2030,ECCDE2,01-01-2023,Female,23
2030,ECCDE3,01-01-2023,Male,28
2030,ECCDE3,01-01-2023,Female,27
2030,PRY1,01-01-2023,Male,30
2030,PRY1,01-01-2023,Female,22
2030,PRY2,01-01-2023,Male,28
2030,PRY2,01-01-2023,Female,30
2030,PRY3,01-01-2023,Male,33
2030,PRY3,01-01-2023,Female,30
2030,PRY4,01-01-2023,Male,28
2030,PRY4,01-01-2023,Female,25
2030,PRY5,01-01-2023,Male,30
2030,PRY5,01-01-2023,Female,31
2030,PRY6,01-01-2023,Male,26
2030,PRY6,01-01-2023,Female,31
2031,ECCDE1,01-01-2023,Male,13
2031,ECCDE1,01-01-2023,Female,12
2031,ECCDE2,01-01-2023,Male,7
2031,ECCDE2,01-01-2023,Female,8
2031,ECCDE3,01-01-2023,Male,5
2031,ECCDE3,01-01-2023,Female,5
2031,PRY1,01-01-2023,Male,7
2031,PRY1,01-01-2023,Female,7
2031,PRY2,01-01-2023,Male,10
2031,PRY2,01-01-2023,Female,9
2031,PRY3,01-01-2023,Male,11
2031,PRY3,01-01-2023,Female,7
2031,PRY4,01-01-2023,Male,9
2031,PRY4,01-01-2023,Female,4
2031,PRY5,01-01-2023,Male,11
2031,PRY5,01-01-2023,Female,8
2031,PRY6,01-01-2023,Male,4
2031,PRY6,01-01-2023,Female,18
2032,ECCDE1,01-01-2023,Male,17
2032,ECCDE1,01-01-2023,Female,10
2032,ECCDE2,01-01-2023,Male,2
2032,ECCDE2,01-01-2023,Female,7
2032,ECCDE3,01-01-2023,Male,3
2032,ECCDE3,01-01-2023,Female,12
2032,PRY1,01-01-2023,Male,11
2032,PRY1,01-01-2023,Female,9
2032,PRY2,01-01-2023,Male,8
2032,PRY2,01-01-2023,Female,5
2032,PRY3,01-01-2023,Male,6
2032,PRY3,01-01-2023,Female,9
2032,PRY4,01-01-2023,Male,6
2032,PRY4,01-01-2023,Female,8
2032,PRY5,01-01-2023,Male,6
2032,PRY5,01-01-2023,Female,6
2032,PRY6,01-01-2023,Male,17
2032,PRY6,01-01-2023,Female,8
2033,ECCDE1,01-01-2023,Male,14
2033,ECCDE1,01-01-2023,Female,21
2033,ECCDE2,01-01-2023,Male,10
2033,ECCDE2,01-01-2023,Female,15
2033,ECCDE3,01-01-2023,Male,15
2033,ECCDE3,01-01-2023,Female,13
2033,PRY1,01-01-2023,Male,13
2033,PRY1,01-01-2023,Female,17
2033,PRY2,01-01-2023,Male,15
2033,PRY2,01-01-2023,Female,10
2033,PRY3,01-01-2023,Male,15
2033,PRY3,01-01-2023,Female,16
2033,PRY4,01-01-2023,Male,23
2033,PRY4,01-01-2023,Female,10
2033,PRY5,01-01-2023,Male,18
2033,PRY5,01-01-2023,Female,18
2033,PRY6,01-01-2023,Male,14
2033,PRY6,01-01-2023,Female,6
2034,ECCDE1,01-01-2023,Male,7
2034,ECCDE1,01-01-2023,Female,7
2034,ECCDE2,01-01-2023,Male,6
2034,ECCDE2,01-01-2023,Female,9
2034,ECCDE3,01-01-2023,Male,13
2034,ECCDE3,01-01-2023,Female,9
2034,PRY1,01-01-2023,Male,12
2034,PRY1,01-01-2023,Female,9
2034,PRY2,01-01-2023,Male,6
2034,PRY2,01-01-2023,Female,7
2034,PRY3,01-01-2023,Male,16
2034,PRY3,01-01-2023,Female,8
2034,PRY4,01-01-2023,Male,14
2034,PRY4,01-01-2023,Female,10
2034,PRY5,01-01-2023,Male,8
2034,PRY5,01-01-2023,Female,6
2034,PRY6,01-01-2023,Male,9
2034,PRY6,01-01-2023,Female,12
2035,ECCDE1,01-01-2023,Male,16
2035,ECCDE1,01-01-2023,Female,12
2035,ECCDE2,01-01-2023,Male,9
2035,ECCDE2,01-01-2023,Female,6
2035,ECCDE3,01-01-2023,Male,8
2035,ECCDE3,01-01-2023,Female,6
2035,PRY1,01-01-2023,Male,6
2035,PRY1,01-01-2023,Female,6
2035,PRY2,01-01-2023,Male,14
2035,PRY2,01-01-2023,Female,8
2035,PRY3,01-01-2023,Male,11
2035,PRY3,01-01-2023,Female,9
2035,PRY4,01-01-2023,Male,10
2035,PRY4,01-01-2023,Female,5
2035,PRY5,01-01-2023,Male,16
2035,PRY5,01-01-2023,Female,9
2035,PRY6,01-01-2023,Male,5
2035,PRY6,01-01-2023,Female,9
2036,ECCDE1,01-01-2023,Male,24
2036,ECCDE1,01-01-2023,Female,21
2036,ECCDE2,01-01-2023,Male,20
2036,ECCDE2,01-01-2023,Female,13
2036,ECCDE3,01-01-2023,Male,8
2036,ECCDE3,01-01-2023,Female,16
2036,PRY1,01-01-2023,Male,20
2036,PRY1,01-01-2023,Female,11
2036,PRY2,01-01-2023,Male,15
2036,PRY2,01-01-2023,Female,20
2036,PRY3,01-01-2023,Male,15
2036,PRY3,01-01-2023,Female,13
2036,PRY4,01-01-2023,Male,17
2036,PRY4,01-01-2023,Female,11
2036,PRY5,01-01-2023,Male,19
2036,PRY5,01-01-2023,Female,8
2036,PRY6,01-01-2023,Male,14
2036,PRY6,01-01-2023,Female,16
2037,ECCDE1,01-01-2023,Male,34
2037,ECCDE1,01-01-2023,Female,33
2037,ECCDE2,01-01-2023,Male,14
2037,ECCDE2,01-01-2023,Female,16
2037,ECCDE3,01-01-2023,Male,14
2037,ECCDE3,01-01-2023,Female,13
2037,PRY1,01-01-2023,Male,19
2037,PRY1,01-01-2023,Female,10
2037,PRY2,01-01-2023,Male,18
2037,PRY2,01-01-2023,Female,20
2037,PRY3,01-01-2023,Male,16
2037,PRY3,01-01-2023,Female,17
2037,PRY4,01-01-2023,Male,19
2037,PRY4,01-01-2023,Female,11
2037,PRY5,01-01-2023,Male,23
2037,PRY5,01-01-2023,Female,13
2037,PRY6,01-01-2023,Male,13
2037,PRY6,01-01-2023,Female,6
2038,ECCDE1,01-01-2023,Male,37
2038,ECCDE1,01-01-2023,Female,33
2038,ECCDE2,01-01-2023,Male,15
2038,ECCDE2,01-01-2023,Female,16
2038,ECCDE3,01-01-2023,Male,15
2038,ECCDE3,01-01-2023,Female,14
2038,PRY1,01-01-2023,Male,16
2038,PRY1,01-01-2023,Female,24
2038,PRY2,01-01-2023,Male,9
2038,PRY2,01-01-2023,Female,15
2038,PRY3,01-01-2023,Male,18
2038,PRY3,01-01-2023,Female,24
2038,PRY4,01-01-2023,Male,16
2038,PRY4,01-01-2023,Female,10
2038,PRY5,01-01-2023,Male,16
2038,PRY5,01-01-2023,Female,26
2038,PRY6,01-01-2023,Male,13
2038,PRY6,01-01-2023,Female,12
2039,ECCDE1,01-01-2023,Male,10
2039,ECCDE1,01-01-2023,Female,17
2039,ECCDE2,01-01-2023,Male,8
2039,ECCDE2,01-01-2023,Female,12
2039,ECCDE3,01-01-2023,Male,10
2039,ECCDE3,01-01-2023,Female,16
2039,PRY1,01-01-2023,Male,10
2039,PRY1,01-01-2023,Female,16
2039,PRY2,01-01-2023,Male,12
2039,PRY2,01-01-2023,Female,14
2039,PRY3,01-01-2023,Male,13
2039,PRY3,01-01-2023,Female,11
2039,PRY4,01-01-2023,Male,18
2039,PRY4,01-01-2023,Female,8
2039,PRY5,01-01-2023,Male,25
2039,PRY5,01-01-2023,Female,10
2039,PRY6,01-01-2023,Male,13
2039,PRY6,01-01-2023,Female,18
2040,ECCDE1,01-01-2023,Male,9
2040,ECCDE1,01-01-2023,Female,16
2040,ECCDE2,01-01-2023,Male,8
2040,ECCDE2,01-01-2023,Female,7
2040,ECCDE3,01-01-2023,Male,8
2040,ECCDE3,01-01-2023,Female,10
2040,PRY1,01-01-2023,Male,10
2040,PRY1,01-01-2023,Female,10
2040,PRY2,01-01-2023,Male,9
2040,PRY2,01-01-2023,Female,11
2040,PRY3,01-01-2023,Male,9
2040,PRY3,01-01-2023,Female,11
2040,PRY4,01-01-2023,Male,15
2040,PRY4,01-01-2023,Female,20
2040,PRY5,01-01-2023,Male,8
2040,PRY5,01-01-2023,Female,9
2040,PRY6,01-01-2023,Male,12
2040,PRY6,01-01-2023,Female,10
2041,ECCDE1,01-01-2023,Male,68
2041,ECCDE1,01-01-2023,Female,69
2041,ECCDE2,01-01-2023,Male,33
2041,ECCDE2,01-01-2023,Female,37
2041,ECCDE3,01-01-2023,Male,50
2041,ECCDE3,01-01-2023,Female,38
2041,PRY1,01-01-2023,Male,36
2041,PRY1,01-01-2023,Female,38
2041,PRY2,01-01-2023,Male,44
2041,PRY2,01-01-2023,Female,37
2041,PRY3,01-01-2023,Male,43
2041,PRY3,01-01-2023,Female,34
2041,PRY4,01-01-2023,Male,37
2041,PRY4,01-01-2023,Female,43
2041,PRY5,01-01-2023,Male,46
2041,PRY5,01-01-2023,Female,36
2041,PRY6,01-01-2023,Male,39
2041,PRY6,01-01-2023,Female,28
2042,ECCDE1,01-01-2023,Male,28
2042,ECCDE1,01-01-2023,Female,29
2042,ECCDE2,01-01-2023,Male,11
2042,ECCDE2,01-01-2023,Female,16
2042,ECCDE3,01-01-2023,Male,17
2042,ECCDE3,01-01-2023,Female,18
2042,PRY1,01-01-2023,Male,18
2042,PRY1,01-01-2023,Female,19
2042,PRY2,01-01-2023,Male,26
2042,PRY2,01-01-2023,Female,18
2042,PRY3,01-01-2023,Male,26
2042,PRY3,01-01-2023,Female,17
2042,PRY4,01-01-2023,Male,28
2042,PRY4,01-01-2023,Female,18
2042,PRY5,01-01-2023,Male,35
2042,PRY5,01-01-2023,Female,27
2042,PRY6,01-01-2023,Male,19
2042,PRY6,01-01-2023,Female,12
2043,ECCDE1,01-01-2023,Male,23
2043,ECCDE1,01-01-2023,Female,24
2043,ECCDE2,01-01-2023,Male,18
2043,ECCDE2,01-01-2023,Female,19
2043,ECCDE3,01-01-2023,Male,21
2043,ECCDE3,01-01-2023,Female,19
2043,PRY1,01-01-2023,Male,18
2043,PRY1,01-01-2023,Female,18
2043,PRY2,01-01-2023,Male,22
2043,PRY2,01-01-2023,Female,15
2043,PRY3,01-01-2023,Male,20
2043,PRY3,01-01-2023,Female,13
2043,PRY4,01-01-2023,Male,24
2043,PRY4,01-01-2023,Female,26
2043,PRY5,01-01-2023,Male,17
2043,PRY5,01-01-2023,Female,20
2043,PRY6,01-01-2023,Male,16
2043,PRY6,01-01-2023,Female,22
2044,ECCDE1,01-01-2023,Male,2
2044,ECCDE1,01-01-2023,Female,2
2044,ECCDE2,01-01-2023,Male,1
2044,ECCDE2,01-01-2023,Female,3
2044,ECCDE3,01-01-2023,Male,2
2044,ECCDE3,01-01-2023,Female,2
2044,PRY1,01-01-2023,Male,4
2044,PRY1,01-01-2023,Female,4
2044,PRY2,01-01-2023,Male,2
2044,PRY2,01-01-2023,Female,3
2044,PRY3,01-01-2023,Male,3
2044,PRY3,01-01-2023,Female,8
2044,PRY4,01-01-2023,Male,4
2044,PRY4,01-01-2023,Female,10
2044,PRY5,01-01-2023,Male,5
2044,PRY5,01-01-2023,Female,5
2044,PRY6,01-01-2023,Male,6
2044,PRY6,01-01-2023,Female,6
2045,ECCDE1,01-01-2023,Male,24
2045,ECCDE1,01-01-2023,Female,30
2045,ECCDE2,01-01-2023,Male,9
2045,ECCDE2,01-01-2023,Female,11
2045,ECCDE3,01-01-2023,Male,10
2045,ECCDE3,01-01-2023,Female,12
2045,PRY1,01-01-2023,Male,14
2045,PRY1,01-01-2023,Female,7
2045,PRY2,01-01-2023,Male,16
2045,PRY2,01-01-2023,Female,11
2045,PRY3,01-01-2023,Male,17
2045,PRY3,01-01-2023,Female,11
2045,PRY4,01-01-2023,Male,18
2045,PRY4,01-01-2023,Female,8
2045,PRY5,01-01-2023,Male,10
2045,PRY5,01-01-2023,Female,9
2045,PRY6,01-01-2023,Male,14
2045,PRY6,01-01-2023,Female,10
2046,ECCDE1,01-01-2023,Male,6
2046,ECCDE1,01-01-2023,Female,7
2046,ECCDE2,01-01-2023,Male,4
2046,ECCDE2,01-01-2023,Female,3
2046,ECCDE3,01-01-2023,Male,1
2046,ECCDE3,01-01-2023,Female,3
2046,PRY1,01-01-2023,Male,4
2046,PRY1,01-01-2023,Female,2
2046,PRY2,01-01-2023,Male,7
2046,PRY2,01-01-2023,Female,2
2046,PRY3,01-01-2023,Male,5
2046,PRY3,01-01-2023,Female,3
2046,PRY4,01-01-2023,Male,4
2046,PRY4,01-01-2023,Female,8
2046,PRY5,01-01-2023,Male,3
2046,PRY5,01-01-2023,Female,6
2046,PRY6,01-01-2023,Male,3
2046,PRY6,01-01-2023,Female,4
2047,ECCDE1,01-01-2023,Male,3
2047,ECCDE1,01-01-2023,Female,11
2047,ECCDE2,01-01-2023,Male,4
2047,ECCDE2,01-01-2023,Female,8
2047,ECCDE3,01-01-2023,Male,6
2047,ECCDE3,01-01-2023,Female,9
2047,PRY1,01-01-2023,Male,4
2047,PRY1,01-01-2023,Female,9
2047,PRY2,01-01-2023,Male,6
2047,PRY2,01-01-2023,Female,8
2047,PRY3,01-01-2023,Male,11
2047,PRY3,01-01-2023,Female,6
2047,PRY4,01-01-2023,Male,12
2047,PRY4,01-01-2023,Female,8
2047,PRY5,01-01-2023,Male,10
2047,PRY5,01-01-2023,Female,7
2047,PRY6,01-01-2023,Male,8
2047,PRY6,01-01-2023,Female,10
2048,ECCDE1,01-01-2023,Male,16
2048,ECCDE1,01-01-2023,Female,9
2048,ECCDE2,01-01-2023,Male,5
2048,ECCDE2,01-01-2023,Female,4
2048,ECCDE3,01-01-2023,Male,6
2048,ECCDE3,01-01-2023,Female,9
2048,PRY1,01-01-2023,Male,9
2048,PRY1,01-01-2023,Female,6
2048,PRY2,01-01-2023,Male,5
2048,PRY2,01-01-2023,Female,5
2048,PRY3,01-01-2023,Male,7
2048,PRY3,01-01-2023,Female,9
2048,PRY4,01-01-2023,Male,6
2048,PRY4,01-01-2023,Female,6
2048,PRY5,01-01-2023,Male,6
2048,PRY5,01-01-2023,Female,2
2048,PRY6,01-01-2023,Male,3
2048,PRY6,01-01-2023,Female,9
2049,ECCDE1,01-01-2023,Male,14
2049,ECCDE1,01-01-2023,Female,12
2049,ECCDE2,01-01-2023,Male,13
2049,ECCDE2,01-01-2023,Female,12
2049,ECCDE3,01-01-2023,Male,6
2049,ECCDE3,01-01-2023,Female,19
2049,PRY1,01-01-2023,Male,9
2049,PRY1,01-01-2023,Female,8
2049,PRY2,01-01-2023,Male,8
2049,PRY2,01-01-2023,Female,8
2049,PRY3,01-01-2023,Male,10
2049,PRY3,01-01-2023,Female,10
2049,PRY4,01-01-2023,Male,12
2049,PRY4,01-01-2023,Female,10
2049,PRY5,01-01-2023,Male,6
2049,PRY5,01-01-2023,Female,9
2049,PRY6,01-01-2023,Male,13
2049,PRY6,01-01-2023,Female,12
2050,ECCDE1,01-01-2023,Male,34
2050,ECCDE1,01-01-2023,Female,33
2050,ECCDE2,01-01-2023,Male,28
2050,ECCDE2,01-01-2023,Female,17
2050,ECCDE3,01-01-2023,Male,23
2050,ECCDE3,01-01-2023,Female,24
2050,PRY1,01-01-2023,Male,24
2050,PRY1,01-01-2023,Female,18
2050,PRY2,01-01-2023,Male,23
2050,PRY2,01-01-2023,Female,18
2050,PRY3,01-01-2023,Male,23
2050,PRY3,01-01-2023,Female,25
2050,PRY4,01-01-2023,Male,32
2050,PRY4,01-01-2023,Female,23
2050,PRY5,01-01-2023,Male,24
2050,PRY5,01-01-2023,Female,17
2050,PRY6,01-01-2023,Male,23
2050,PRY6,01-01-2023,Female,18
2051,ECCDE1,01-01-2023,Male,28
2051,ECCDE1,01-01-2023,Female,34
2051,ECCDE2,01-01-2023,Male,12
2051,ECCDE2,01-01-2023,Female,17
2051,ECCDE3,01-01-2023,Male,14
2051,ECCDE3,01-01-2023,Female,15
2051,PRY1,01-01-2023,Male,10
2051,PRY1,01-01-2023,Female,20
2051,PRY2,01-01-2023,Male,13
2051,PRY2,01-01-2023,Female,15
2051,PRY3,01-01-2023,Male,21
2051,PRY3,01-01-2023,Female,10
2051,PRY4,01-01-2023,Male,12
2051,PRY4,01-01-2023,Female,12
2051,PRY5,01-01-2023,Male,11
2051,PRY5,01-01-2023,Female,11
2051,PRY6,01-01-2023,Male,9
2051,PRY6,01-01-2023,Female,13
2052,ECCDE1,01-01-2023,Male,4
2052,ECCDE1,01-01-2023,Female,10
2052,ECCDE2,01-01-2023,Male,5
2052,ECCDE2,01-01-2023,Female,5
2052,ECCDE3,01-01-2023,Male,3
2052,ECCDE3,01-01-2023,Female,2
2052,PRY1,01-01-2023,Male,6
2052,PRY1,01-01-2023,Female,6
2052,PRY2,01-01-2023,Male,5
2052,PRY2,01-01-2023,Female,5
2052,PRY3,01-01-2023,Male,3
2052,PRY3,01-01-2023,Female,10
2052,PRY4,01-01-2023,Male,5
2052,PRY4,01-01-2023,Female,6
2052,PRY5,01-01-2023,Male,7
2052,PRY5,01-01-2023,Female,2
2052,PRY6,01-01-2023,Male,5
2052,PRY6,01-01-2023,Female,6
2053,ECCDE1,01-01-2023,Male,0
2053,ECCDE1,01-01-2023,Female,0
2053,ECCDE2,01-01-2023,Male,0
2053,ECCDE2,01-01-2023,Female,0
2053,ECCDE3,01-01-2023,Male,0
2053,ECCDE3,01-01-2023,Female,0
2053,PRY1,01-01-2023,Male,0
2053,PRY1,01-01-2023,Female,0
2053,PRY2,01-01-2023,Male,0
2053,PRY2,01-01-2023,Female,0
2053,PRY3,01-01-2023,Male,0
2053,PRY3,01-01-2023,Female,0
2053,PRY4,01-01-2023,Male,0
2053,PRY4,01-01-2023,Female,0
2053,PRY5,01-01-2023,Male,0
2053,PRY5,01-01-2023,Female,0
2053,PRY6,01-01-2023,Male,0
2053,PRY6,01-01-2023,Female,0
2054,ECCDE1,01-01-2023,Male,15
2054,ECCDE1,01-01-2023,Female,8
2054,ECCDE2,01-01-2023,Male,10
2054,ECCDE2,01-01-2023,Female,9
2054,ECCDE3,01-01-2023,Male,11
2054,ECCDE3,01-01-2023,Female,16
2054,PRY1,01-01-2023,Male,18
2054,PRY1,01-01-2023,Female,8
2054,PRY2,01-01-2023,Male,14
2054,PRY2,01-01-2023,Female,21
2054,PRY3,01-01-2023,Male,22
2054,PRY3,01-01-2023,Female,13
2054,PRY4,01-01-2023,Male,18
2054,PRY4,01-01-2023,Female,17
2054,PRY5,01-01-2023,Male,20
2054,PRY5,01-01-2023,Female,13
2054,PRY6,01-01-2023,Male,12
2054,PRY6,01-01-2023,Female,9
2055,ECCDE1,01-01-2023,Male,28
2055,ECCDE1,01-01-2023,Female,18
2055,ECCDE2,01-01-2023,Male,15
2055,ECCDE2,01-01-2023,Female,13
2055,ECCDE3,01-01-2023,Male,16
2055,ECCDE3,01-01-2023,Female,12
2055,PRY1,01-01-2023,Male,14
2055,PRY1,01-01-2023,Female,16
2055,PRY2,01-01-2023,Male,16
2055,PRY2,01-01-2023,Female,21
2055,PRY3,01-01-2023,Male,27
2055,PRY3,01-01-2023,Female,12
2055,PRY4,01-01-2023,Male,21
2055,PRY4,01-01-2023,Female,13
2055,PRY5,01-01-2023,Male,20
2055,PRY5,01-01-2023,Female,11
2055,PRY6,01-01-2023,Male,18
2055,PRY6,01-01-2023,Female,13
2056,ECCDE1,01-01-2023,Male,24
2056,ECCDE1,01-01-2023,Female,30
2056,ECCDE2,01-01-2023,Male,10
2056,ECCDE2,01-01-2023,Female,14
2056,ECCDE3,01-01-2023,Male,11
2056,ECCDE3,01-01-2023,Female,13
2056,PRY1,01-01-2023,Male,12
2056,PRY1,01-01-2023,Female,10
2056,PRY2,01-01-2023,Male,13
2056,PRY2,01-01-2023,Female,14
2056,PRY3,01-01-2023,Male,13
2056,PRY3,01-01-2023,Female,12
2056,PRY4,01-01-2023,Male,10
2056,PRY4,01-01-2023,Female,16
2056,PRY5,01-01-2023,Male,14
2056,PRY5,01-01-2023,Female,10
2056,PRY6,01-01-2023,Male,10
2056,PRY6,01-01-2023,Female,13
2057,ECCDE1,01-01-2023,Male,28
2057,ECCDE1,01-01-2023,Female,17
2057,ECCDE2,01-01-2023,Male,11
2057,ECCDE2,01-01-2023,Female,15
2057,ECCDE3,01-01-2023,Male,7
2057,ECCDE3,01-01-2023,Female,12
2057,PRY1,01-01-2023,Male,9
2057,PRY1,01-01-2023,Female,13
2057,PRY2,01-01-2023,Male,10
2057,PRY2,01-01-2023,Female,10
2057,PRY3,01-01-2023,Male,13
2057,PRY3,01-01-2023,Female,20
2057,PRY4,01-01-2023,Male,13
2057,PRY4,01-01-2023,Female,9
2057,PRY5,01-01-2023,Male,15
2057,PRY5,01-01-2023,Female,18
2057,PRY6,01-01-2023,Male,12
2057,PRY6,01-01-2023,Female,14
2058,ECCDE1,01-01-2023,Male,13
2058,ECCDE1,01-01-2023,Female,13
2058,ECCDE2,01-01-2023,Male,10
2058,ECCDE2,01-01-2023,Female,20
2058,ECCDE3,01-01-2023,Male,14
2058,ECCDE3,01-01-2023,Female,13
2058,PRY1,01-01-2023,Male,10
2058,PRY1,01-01-2023,Female,18
2058,PRY2,01-01-2023,Male,19
2058,PRY2,01-01-2023,Female,8
2058,PRY3,01-01-2023,Male,16
2058,PRY3,01-01-2023,Female,16
2058,PRY4,01-01-2023,Male,16
2058,PRY4,01-01-2023,Female,13
2058,PRY5,01-01-2023,Male,13
2058,PRY5,01-01-2023,Female,14
2058,PRY6,01-01-2023,Male,10
2058,PRY6,01-01-2023,Female,13
2059,ECCDE1,01-01-2023,Male,15
2059,ECCDE1,01-01-2023,Female,16
2059,ECCDE2,01-01-2023,Male,2
2059,ECCDE2,01-01-2023,Female,4
2059,ECCDE3,01-01-2023,Male,2
2059,ECCDE3,01-01-2023,Female,4
2059,PRY1,01-01-2023,Male,3
2059,PRY1,01-01-2023,Female,10
2059,PRY2,01-01-2023,Male,6
2059,PRY2,01-01-2023,Female,8
2059,PRY3,01-01-2023,Male,7
2059,PRY3,01-01-2023,Female,7
2059,PRY4,01-01-2023,Male,9
2059,PRY4,01-01-2023,Female,9
2059,PRY5,01-01-2023,Male,9
2059,PRY5,01-01-2023,Female,10
2059,PRY6,01-01-2023,Male,5
2059,PRY6,01-01-2023,Female,5
2060,ECCDE1,01-01-2023,Male,28
2060,ECCDE1,01-01-2023,Female,14
2060,ECCDE2,01-01-2023,Male,5
2060,ECCDE2,01-01-2023,Female,13
2060,ECCDE3,01-01-2023,Male,17
2060,ECCDE3,01-01-2023,Female,12
2060,PRY1,01-01-2023,Male,12
2060,PRY1,01-01-2023,Female,7
2060,PRY2,01-01-2023,Male,14
2060,PRY2,01-01-2023,Female,5
2060,PRY3,01-01-2023,Male,14
2060,PRY3,01-01-2023,Female,11
2060,PRY4,01-01-2023,Male,12
2060,PRY4,01-01-2023,Female,14
2060,PRY5,01-01-2023,Male,10
2060,PRY5,01-01-2023,Female,9
2060,PRY6,01-01-2023,Male,11
2060,PRY6,01-01-2023,Female,6
2061,ECCDE1,01-01-2023,Male,26
2061,ECCDE1,01-01-2023,Female,15
2061,ECCDE2,01-01-2023,Male,13
2061,ECCDE2,01-01-2023,Female,17
2061,ECCDE3,01-01-2023,Male,14
2061,ECCDE3,01-01-2023,Female,18
2061,PRY1,01-01-2023,Male,16
2061,PRY1,01-01-2023,Female,14
2061,PRY2,01-01-2023,Male,16
2061,PRY2,01-01-2023,Female,15
2061,PRY3,01-01-2023,Male,18
2061,PRY3,01-01-2023,Female,14
2061,PRY4,01-01-2023,Male,14
2061,PRY4,01-01-2023,Female,19
2061,PRY5,01-01-2023,Male,14
2061,PRY5,01-01-2023,Female,16
2061,PRY6,01-01-2023,Male,9
2061,PRY6,01-01-2023,Female,8
2062,ECCDE1,01-01-2023,Male,17
2062,ECCDE1,01-01-2023,Female,12
2062,ECCDE2,01-01-2023,Male,6
2062,ECCDE2,01-01-2023,Female,17
2062,ECCDE3,01-01-2023,Male,13
2062,ECCDE3,01-01-2023,Female,6
2062,PRY1,01-01-2023,Male,9
2062,PRY1,01-01-2023,Female,5
2062,PRY2,01-01-2023,Male,12
2062,PRY2,01-01-2023,Female,9
2062,PRY3,01-01-2023,Male,9
2062,PRY3,01-01-2023,Female,7
2062,PRY4,01-01-2023,Male,9
2062,PRY4,01-01-2023,Female,8
2062,PRY5,01-01-2023,Male,8
2062,PRY5,01-01-2023,Female,10
2062,PRY6,01-01-2023,Male,7
2062,PRY6,01-01-2023,Female,7
2063,ECCDE1,01-01-2023,Male,10
2063,ECCDE1,01-01-2023,Female,8
2063,ECCDE2,01-01-2023,Male,11
2063,ECCDE2,01-01-2023,Female,8
2063,ECCDE3,01-01-2023,Male,9
2063,ECCDE3,01-01-2023,Female,4
2063,PRY1,01-01-2023,Male,14
2063,PRY1,01-01-2023,Female,6
2063,PRY2,01-01-2023,Male,10
2063,PRY2,01-01-2023,Female,9
2063,PRY3,01-01-2023,Male,6
2063,PRY3,01-01-2023,Female,8
2063,PRY4,01-01-2023,Male,7
2063,PRY4,01-01-2023,Female,13
2063,PRY5,01-01-2023,Male,4
2063,PRY5,01-01-2023,Female,5
2063,PRY6,01-01-2023,Male,11
2063,PRY6,01-01-2023,Female,5
2064,ECCDE1,01-01-2023,Male,9
2064,ECCDE1,01-01-2023,Female,9
2064,ECCDE2,01-01-2023,Male,5
2064,ECCDE2,01-01-2023,Female,5
2064,ECCDE3,01-01-2023,Male,4
2064,ECCDE3,01-01-2023,Female,5
2064,PRY1,01-01-2023,Male,6
2064,PRY1,01-01-2023,Female,7
2064,PRY2,01-01-2023,Male,10
2064,PRY2,01-01-2023,Female,6
2064,PRY3,01-01-2023,Male,6
2064,PRY3,01-01-2023,Female,7
2064,PRY4,01-01-2023,Male,16
2064,PRY4,01-01-2023,Female,10
2064,PRY5,01-01-2023,Male,10
2064,PRY5,01-01-2023,Female,8
2064,PRY6,01-01-2023,Male,8
2064,PRY6,01-01-2023,Female,7
2065,ECCDE1,01-01-2023,Male,23
2065,ECCDE1,01-01-2023,Female,25
2065,ECCDE2,01-01-2023,Male,6
2065,ECCDE2,01-01-2023,Female,17
2065,ECCDE3,01-01-2023,Male,10
2065,ECCDE3,01-01-2023,Female,8
2065,PRY1,01-01-2023,Male,13
2065,PRY1,01-01-2023,Female,11
2065,PRY2,01-01-2023,Male,16
2065,PRY2,01-01-2023,Female,13
2065,PRY3,01-01-2023,Male,17
2065,PRY3,01-01-2023,Female,16
2065,PRY4,01-01-2023,Male,17
2065,PRY4,01-01-2023,Female,6
2065,PRY5,01-01-2023,Male,13
2065,PRY5,01-01-2023,Female,8
2065,PRY6,01-01-2023,Male,13
2065,PRY6,01-01-2023,Female,10
2066,ECCDE1,01-01-2023,Male,24
2066,ECCDE1,01-01-2023,Female,21
2066,ECCDE2,01-01-2023,Male,10
2066,ECCDE2,01-01-2023,Female,9
2066,ECCDE3,01-01-2023,Male,12
2066,ECCDE3,01-01-2023,Female,9
2066,PRY1,01-01-2023,Male,16
2066,PRY1,01-01-2023,Female,8
2066,PRY2,01-01-2023,Male,15
2066,PRY2,01-01-2023,Female,14
2066,PRY3,01-01-2023,Male,13
2066,PRY3,01-01-2023,Female,14
2066,PRY4,01-01-2023,Male,16
2066,PRY4,01-01-2023,Female,5
2066,PRY5,01-01-2023,Male,19
2066,PRY5,01-01-2023,Female,15
2066,PRY6,01-01-2023,Male,18
2066,PRY6,01-01-2023,Female,16
2067,ECCDE1,01-01-2023,Male,12
2067,ECCDE1,01-01-2023,Female,4
2067,ECCDE2,01-01-2023,Male,3
2067,ECCDE2,01-01-2023,Female,5
2067,ECCDE3,01-01-2023,Male,6
2067,ECCDE3,01-01-2023,Female,6
2067,PRY1,01-01-2023,Male,6
2067,PRY1,01-01-2023,Female,6
2067,PRY2,01-01-2023,Male,6
2067,PRY2,01-01-2023,Female,10
2067,PRY3,01-01-2023,Male,6
2067,PRY3,01-01-2023,Female,6
2067,PRY4,01-01-2023,Male,11
2067,PRY4,01-01-2023,Female,5
2067,PRY5,01-01-2023,Male,12
2067,PRY5,01-01-2023,Female,10
2067,PRY6,01-01-2023,Male,12
2067,PRY6,01-01-2023,Female,11
2068,ECCDE1,01-01-2023,Male,0
2068,ECCDE1,01-01-2023,Female,0
2068,ECCDE2,01-01-2023,Male,0
2068,ECCDE2,01-01-2023,Female,0
2068,ECCDE3,01-01-2023,Male,0
2068,ECCDE3,01-01-2023,Female,0
2068,PRY1,01-01-2023,Male,17
2068,PRY1,01-01-2023,Female,17
2068,PRY2,01-01-2023,Male,16
2068,PRY2,01-01-2023,Female,13
2068,PRY3,01-01-2023,Male,15
2068,PRY3,01-01-2023,Female,13
2068,PRY4,01-01-2023,Male,14
2068,PRY4,01-01-2023,Female,16
2068,PRY5,01-01-2023,Male,22
2068,PRY5,01-01-2023,Female,19
2068,PRY6,01-01-2023,Male,8
2068,PRY6,01-01-2023,Female,28
2069,ECCDE1,01-01-2023,Male,0
2069,ECCDE1,01-01-2023,Female,0
2069,ECCDE2,01-01-2023,Male,0
2069,ECCDE2,01-01-2023,Female,0
2069,ECCDE3,01-01-2023,Male,0
2069,ECCDE3,01-01-2023,Female,0
2069,PRY1,01-01-2023,Male,39
2069,PRY1,01-01-2023,Female,31
2069,PRY2,01-01-2023,Male,19
2069,PRY2,01-01-2023,Female,11
2069,PRY3,01-01-2023,Male,14
2069,PRY3,01-01-2023,Female,9
2069,PRY4,01-01-2023,Male,19
2069,PRY4,01-01-2023,Female,11
2069,PRY5,01-01-2023,Male,24
2069,PRY5,01-01-2023,Female,16
2069,PRY6,01-01-2023,Male,0
2069,PRY6,01-01-2023,Female,0
2070,ECCDE1,01-01-2023,Male,22
2070,ECCDE1,01-01-2023,Female,22
2070,ECCDE2,01-01-2023,Male,12
2070,ECCDE2,01-01-2023,Female,6
2070,ECCDE3,01-01-2023,Male,10
2070,ECCDE3,01-01-2023,Female,8
2070,PRY1,01-01-2023,Male,18
2070,PRY1,01-01-2023,Female,14
2070,PRY2,01-01-2023,Male,15
2070,PRY2,01-01-2023,Female,9
2070,PRY3,01-01-2023,Male,10
2070,PRY3,01-01-2023,Female,16
2070,PRY4,01-01-2023,Male,20
2070,PRY4,01-01-2023,Female,10
2070,PRY5,01-01-2023,Male,20
2070,PRY5,01-01-2023,Female,9
2070,PRY6,01-01-2023,Male,23
2070,PRY6,01-01-2023,Female,18
2071,ECCDE1,01-01-2023,Male,5
2071,ECCDE1,01-01-2023,Female,5
2071,ECCDE2,01-01-2023,Male,2
2071,ECCDE2,01-01-2023,Female,3
2071,ECCDE3,01-01-2023,Male,4
2071,ECCDE3,01-01-2023,Female,2
2071,PRY1,01-01-2023,Male,3
2071,PRY1,01-01-2023,Female,3
2071,PRY2,01-01-2023,Male,0
2071,PRY2,01-01-2023,Female,4
2071,PRY3,01-01-2023,Male,4
2071,PRY3,01-01-2023,Female,3
2071,PRY4,01-01-2023,Male,3
2071,PRY4,01-01-2023,Female,7
2071,PRY5,01-01-2023,Male,6
2071,PRY5,01-01-2023,Female,3
2071,PRY6,01-01-2023,Male,4
2071,PRY6,01-01-2023,Female,4
2072,ECCDE1,01-01-2023,Male,9
2072,ECCDE1,01-01-2023,Female,4
2072,ECCDE2,01-01-2023,Male,8
2072,ECCDE2,01-01-2023,Female,6
2072,ECCDE3,01-01-2023,Male,0
2072,ECCDE3,01-01-2023,Female,0
2072,PRY1,01-01-2023,Male,0
2072,PRY1,01-01-2023,Female,2
2072,PRY2,01-01-2023,Male,2
2072,PRY2,01-01-2023,Female,2
2072,PRY3,01-01-2023,Male,4
2072,PRY3,01-01-2023,Female,0
2072,PRY4,01-01-2023,Male,0
2072,PRY4,01-01-2023,Female,2
2072,PRY5,01-01-2023,Male,3
2072,PRY5,01-01-2023,Female,1
2072,PRY6,01-01-2023,Male,1
2072,PRY6,01-01-2023,Female,1
2073,ECCDE1,01-01-2023,Male,17
2073,ECCDE1,01-01-2023,Female,17
2073,ECCDE2,01-01-2023,Male,7
2073,ECCDE2,01-01-2023,Female,6
2073,ECCDE3,01-01-2023,Male,4
2073,ECCDE3,01-01-2023,Female,4
2073,PRY1,01-01-2023,Male,7
2073,PRY1,01-01-2023,Female,3
2073,PRY2,01-01-2023,Male,3
2073,PRY2,01-01-2023,Female,6
2073,PRY3,01-01-2023,Male,7
2073,PRY3,01-01-2023,Female,8
2073,PRY4,01-01-2023,Male,7
2073,PRY4,01-01-2023,Female,7
2073,PRY5,01-01-2023,Male,10
2073,PRY5,01-01-2023,Female,7
2073,PRY6,01-01-2023,Male,6
2073,PRY6,01-01-2023,Female,3
2074,ECCDE1,01-01-2023,Male,1
2074,ECCDE1,01-01-2023,Female,6
2074,ECCDE2,01-01-2023,Male,1
2074,ECCDE2,01-01-2023,Female,2
2074,ECCDE3,01-01-2023,Male,3
2074,ECCDE3,01-01-2023,Female,5
2074,PRY1,01-01-2023,Male,5
2074,PRY1,01-01-2023,Female,2
2074,PRY2,01-01-2023,Male,4
2074,PRY2,01-01-2023,Female,1
2074,PRY3,01-01-2023,Male,2
2074,PRY3,01-01-2023,Female,2
2074,PRY4,01-01-2023,Male,1
2074,PRY4,01-01-2023,Female,2
2074,PRY5,01-01-2023,Male,2
2074,PRY5,01-01-2023,Female,4
2074,PRY6,01-01-2023,Male,2
2074,PRY6,01-01-2023,Female,4
2075,ECCDE1,01-01-2023,Male,56
2075,ECCDE1,01-01-2023,Female,72
2075,ECCDE2,01-01-2023,Male,35
2075,ECCDE2,01-01-2023,Female,37
2075,ECCDE3,01-01-2023,Male,48
2075,ECCDE3,01-01-2023,Female,32
2075,PRY1,01-01-2023,Male,60
2075,PRY1,01-01-2023,Female,52
2075,PRY2,01-01-2023,Male,52
2075,PRY2,01-01-2023,Female,59
2075,PRY3,01-01-2023,Male,50
2075,PRY3,01-01-2023,Female,71
2075,PRY4,01-01-2023,Male,63
2075,PRY4,01-01-2023,Female,59
2075,PRY5,01-01-2023,Male,57
2075,PRY5,01-01-2023,Female,63
2075,PRY6,01-01-2023,Male,64
2075,PRY6,01-01-2023,Female,59
2076,ECCDE1,01-01-2023,Male,35
2076,ECCDE1,01-01-2023,Female,41
2076,ECCDE2,01-01-2023,Male,40
2076,ECCDE2,01-01-2023,Female,31
2076,ECCDE3,01-01-2023,Male,31
2076,ECCDE3,01-01-2023,Female,27
2076,PRY1,01-01-2023,Male,32
2076,PRY1,01-01-2023,Female,33
2076,PRY2,01-01-2023,Male,44
2076,PRY2,01-01-2023,Female,41
2076,PRY3,01-01-2023,Male,43
2076,PRY3,01-01-2023,Female,25
2076,PRY4,01-01-2023,Male,40
2076,PRY4,01-01-2023,Female,44
2076,PRY5,01-01-2023,Male,45
2076,PRY5,01-01-2023,Female,49
2076,PRY6,01-01-2023,Male,54
2076,PRY6,01-01-2023,Female,59
2077,ECCDE1,01-01-2023,Male,17
2077,ECCDE1,01-01-2023,Female,15
2077,ECCDE2,01-01-2023,Male,10
2077,ECCDE2,01-01-2023,Female,9
2077,ECCDE3,01-01-2023,Male,12
2077,ECCDE3,01-01-2023,Female,12
2077,PRY1,01-01-2023,Male,21
2077,PRY1,01-01-2023,Female,13
2077,PRY2,01-01-2023,Male,6
2077,PRY2,01-01-2023,Female,14
2077,PRY3,01-01-2023,Male,5
2077,PRY3,01-01-2023,Female,15
2077,PRY4,01-01-2023,Male,14
2077,PRY4,01-01-2023,Female,13
2077,PRY5,01-01-2023,Male,12
2077,PRY5,01-01-2023,Female,13
2077,PRY6,01-01-2023,Male,9
2077,PRY6,01-01-2023,Female,11
2078,ECCDE1,01-01-2023,Male,8
2078,ECCDE1,01-01-2023,Female,15
2078,ECCDE2,01-01-2023,Male,26
2078,ECCDE2,01-01-2023,Female,27
2078,ECCDE3,01-01-2023,Male,13
2078,ECCDE3,01-01-2023,Female,11
2078,PRY1,01-01-2023,Male,16
2078,PRY1,01-01-2023,Female,13
2078,PRY2,01-01-2023,Male,20
2078,PRY2,01-01-2023,Female,19
2078,PRY3,01-01-2023,Male,16
2078,PRY3,01-01-2023,Female,19
2078,PRY4,01-01-2023,Male,29
2078,PRY4,01-01-2023,Female,36
2078,PRY5,01-01-2023,Male,14
2078,PRY5,01-01-2023,Female,19
2078,PRY6,01-01-2023,Male,28
2078,PRY6,01-01-2023,Female,38
2079,ECCDE1,01-01-2023,Male,81
2079,ECCDE1,01-01-2023,Female,74
2079,ECCDE2,01-01-2023,Male,40
2079,ECCDE2,01-01-2023,Female,36
2079,ECCDE3,01-01-2023,Male,48
2079,ECCDE3,01-01-2023,Female,40
2079,PRY1,01-01-2023,Male,45
2079,PRY1,01-01-2023,Female,57
2079,PRY2,01-01-2023,Male,91
2079,PRY2,01-01-2023,Female,78
2079,PRY3,01-01-2023,Male,78
2079,PRY3,01-01-2023,Female,68
2079,PRY4,01-01-2023,Male,81
2079,PRY4,01-01-2023,Female,66
2079,PRY5,01-01-2023,Male,86
2079,PRY5,01-01-2023,Female,63
2079,PRY6,01-01-2023,Male,63
2079,PRY6,01-01-2023,Female,61
2080,ECCDE1,01-01-2023,Male,3
2080,ECCDE1,01-01-2023,Female,4
2080,ECCDE2,01-01-2023,Male,3
2080,ECCDE2,01-01-2023,Female,4
2080,ECCDE3,01-01-2023,Male,3
2080,ECCDE3,01-01-2023,Female,4
2080,PRY1,01-01-2023,Male,4
2080,PRY1,01-01-2023,Female,4
2080,PRY2,01-01-2023,Male,3
2080,PRY2,01-01-2023,Female,4
2080,PRY3,01-01-2023,Male,6
2080,PRY3,01-01-2023,Female,4
2080,PRY4,01-01-2023,Male,5
2080,PRY4,01-01-2023,Female,7
2080,PRY5,01-01-2023,Male,6
2080,PRY5,01-01-2023,Female,5
2080,PRY6,01-01-2023,Male,6
2080,PRY6,01-01-2023,Female,4
2081,ECCDE1,01-01-2023,Male,20
2081,ECCDE1,01-01-2023,Female,20
2081,ECCDE2,01-01-2023,Male,20
2081,ECCDE2,01-01-2023,Female,16
2081,ECCDE3,01-01-2023,Male,12
2081,ECCDE3,01-01-2023,Female,16
2081,PRY1,01-01-2023,Male,14
2081,PRY1,01-01-2023,Female,10
2081,PRY2,01-01-2023,Male,15
2081,PRY2,01-01-2023,Female,20
2081,PRY3,01-01-2023,Male,18
2081,PRY3,01-01-2023,Female,25
2081,PRY4,01-01-2023,Male,16
2081,PRY4,01-01-2023,Female,18
2081,PRY5,01-01-2023,Male,18
2081,PRY5,01-01-2023,Female,10
2081,PRY6,01-01-2023,Male,16
2081,PRY6,01-01-2023,Female,17
2082,ECCDE1,01-01-2023,Male,5
2082,ECCDE1,01-01-2023,Female,5
2082,ECCDE2,01-01-2023,Male,10
2082,ECCDE2,01-01-2023,Female,15
2082,ECCDE3,01-01-2023,Male,10
2082,ECCDE3,01-01-2023,Female,8
2082,PRY1,01-01-2023,Male,10
2082,PRY1,01-01-2023,Female,10
2082,PRY2,01-01-2023,Male,16
2082,PRY2,01-01-2023,Female,10
2082,PRY3,01-01-2023,Male,4
2082,PRY3,01-01-2023,Female,9
2082,PRY4,01-01-2023,Male,5
2082,PRY4,01-01-2023,Female,8
2082,PRY5,01-01-2023,Male,9
2082,PRY5,01-01-2023,Female,7
2082,PRY6,01-01-2023,Male,10
2082,PRY6,01-01-2023,Female,3
2083,ECCDE1,01-01-2023,Male,30
2083,ECCDE1,01-01-2023,Female,27
2083,ECCDE2,01-01-2023,Male,11
2083,ECCDE2,01-01-2023,Female,13
2083,ECCDE3,01-01-2023,Male,18
2083,ECCDE3,01-01-2023,Female,21
2083,PRY1,01-01-2023,Male,8
2083,PRY1,01-01-2023,Female,8
2083,PRY2,01-01-2023,Male,4
2083,PRY2,01-01-2023,Female,8
2083,PRY3,01-01-2023,Male,11
2083,PRY3,01-01-2023,Female,17
2083,PRY4,01-01-2023,Male,6
2083,PRY4,01-01-2023,Female,10
2083,PRY5,01-01-2023,Male,13
2083,PRY5,01-01-2023,Female,11
2083,PRY6,01-01-2023,Male,20
2083,PRY6,01-01-2023,Female,16
2084,ECCDE1,01-01-2023,Male,5
2084,ECCDE1,01-01-2023,Female,10
2084,ECCDE2,01-01-2023,Male,11
2084,ECCDE2,01-01-2023,Female,10
2084,ECCDE3,01-01-2023,Male,3
2084,ECCDE3,01-01-2023,Female,2
2084,PRY1,01-01-2023,Male,8
2084,PRY1,01-01-2023,Female,8
2084,PRY2,01-01-2023,Male,4
2084,PRY2,01-01-2023,Female,8
2084,PRY3,01-01-2023,Male,11
2084,PRY3,01-01-2023,Female,17
2084,PRY4,01-01-2023,Male,6
2084,PRY4,01-01-2023,Female,10
2084,PRY5,01-01-2023,Male,13
2084,PRY5,01-01-2023,Female,11
2084,PRY6,01-01-2023,Male,20
2084,PRY6,01-01-2023,Female,16
2085,ECCDE1,01-01-2023,Male,0
2085,ECCDE1,01-01-2023,Female,0
2085,ECCDE2,01-01-2023,Male,0
2085,ECCDE2,01-01-2023,Female,0
2085,ECCDE3,01-01-2023,Male,0
2085,ECCDE3,01-01-2023,Female,0
2085,PRY1,01-01-2023,Male,2
2085,PRY1,01-01-2023,Female,3
2085,PRY2,01-01-2023,Male,1
2085,PRY2,01-01-2023,Female,2
2085,PRY3,01-01-2023,Male,3
2085,PRY3,01-01-2023,Female,3
2085,PRY4,01-01-2023,Male,2
2085,PRY4,01-01-2023,Female,3
2085,PRY5,01-01-2023,Male,3
2085,PRY5,01-01-2023,Female,4
2085,PRY6,01-01-2023,Male,1
2085,PRY6,01-01-2023,Female,2
2086,ECCDE1,01-01-2023,Male,10
2086,ECCDE1,01-01-2023,Female,8
2086,ECCDE2,01-01-2023,Male,0
2086,ECCDE2,01-01-2023,Female,0
2086,ECCDE3,01-01-2023,Male,0
2086,ECCDE3,01-01-2023,Female,0
2086,PRY1,01-01-2023,Male,10
2086,PRY1,01-01-2023,Female,10
2086,PRY2,01-01-2023,Male,12
2086,PRY2,01-01-2023,Female,14
2086,PRY3,01-01-2023,Male,12
2086,PRY3,01-01-2023,Female,14
2086,PRY4,01-01-2023,Male,6
2086,PRY4,01-01-2023,Female,6
2086,PRY5,01-01-2023,Male,4
2086,PRY5,01-01-2023,Female,4
2086,PRY6,01-01-2023,Male,8
2086,PRY6,01-01-2023,Female,8
2087,ECCDE1,01-01-2023,Male,4
2087,ECCDE1,01-01-2023,Female,3
2087,ECCDE2,01-01-2023,Male,3
2087,ECCDE2,01-01-2023,Female,2
2087,ECCDE3,01-01-2023,Male,6
2087,ECCDE3,01-01-2023,Female,2
2087,PRY1,01-01-2023,Male,6
2087,PRY1,01-01-2023,Female,4
2087,PRY2,01-01-2023,Male,4
2087,PRY2,01-01-2023,Female,2
2087,PRY3,01-01-2023,Male,4
2087,PRY3,01-01-2023,Female,5
2087,PRY4,01-01-2023,Male,5
2087,PRY4,01-01-2023,Female,5
2087,PRY5,01-01-2023,Male,6
2087,PRY5,01-01-2023,Female,5
2087,PRY6,01-01-2023,Male,15
2087,PRY6,01-01-2023,Female,9
2088,ECCDE1,01-01-2023,Male,8
2088,ECCDE1,01-01-2023,Female,7
2088,ECCDE2,01-01-2023,Male,10
2088,ECCDE2,01-01-2023,Female,10
2088,ECCDE3,01-01-2023,Male,6
2088,ECCDE3,01-01-2023,Female,3
2088,PRY1,01-01-2023,Male,1
2088,PRY1,01-01-2023,Female,7
2088,PRY2,01-01-2023,Male,6
2088,PRY2,01-01-2023,Female,1
2088,PRY3,01-01-2023,Male,2
2088,PRY3,01-01-2023,Female,5
2088,PRY4,01-01-2023,Male,3
2088,PRY4,01-01-2023,Female,6
2088,PRY5,01-01-2023,Male,3
2088,PRY5,01-01-2023,Female,5
2088,PRY6,01-01-2023,Male,5
2088,PRY6,01-01-2023,Female,5
2089,ECCDE1,01-01-2023,Male,31
2089,ECCDE1,01-01-2023,Female,19
2089,ECCDE2,01-01-2023,Male,17
2089,ECCDE2,01-01-2023,Female,18
2089,ECCDE3,01-01-2023,Male,18
2089,ECCDE3,01-01-2023,Female,13
2089,PRY1,01-01-2023,Male,16
2089,PRY1,01-01-2023,Female,25
2089,PRY2,01-01-2023,Male,22
2089,PRY2,01-01-2023,Female,12
2089,PRY3,01-01-2023,Male,24
2089,PRY3,01-01-2023,Female,15
2089,PRY4,01-01-2023,Male,20
2089,PRY4,01-01-2023,Female,11
2089,PRY5,01-01-2023,Male,22
2089,PRY5,01-01-2023,Female,20
2089,PRY6,01-01-2023,Male,30
2089,PRY6,01-01-2023,Female,32
2090,ECCDE1,01-01-2023,Male,12
2090,ECCDE1,01-01-2023,Female,17
2090,ECCDE2,01-01-2023,Male,12
2090,ECCDE2,01-01-2023,Female,12
2090,ECCDE3,01-01-2023,Male,10
2090,ECCDE3,01-01-2023,Female,8
2090,PRY1,01-01-2023,Male,6
2090,PRY1,01-01-2023,Female,5
2090,PRY2,01-01-2023,Male,4
2090,PRY2,01-01-2023,Female,3
2090,PRY3,01-01-2023,Male,3
2090,PRY3,01-01-2023,Female,3
2090,PRY4,01-01-2023,Male,3
2090,PRY4,01-01-2023,Female,2
2090,PRY5,01-01-2023,Male,2
2090,PRY5,01-01-2023,Female,2
2090,PRY6,01-01-2023,Male,4
2090,PRY6,01-01-2023,Female,2
2091,ECCDE1,01-01-2023,Male,14
2091,ECCDE1,01-01-2023,Female,14
2091,ECCDE2,01-01-2023,Male,15
2091,ECCDE2,01-01-2023,Female,17
2091,ECCDE3,01-01-2023,Male,13
2091,ECCDE3,01-01-2023,Female,14
2091,PRY1,01-01-2023,Male,14
2091,PRY1,01-01-2023,Female,13
2091,PRY2,01-01-2023,Male,17
2091,PRY2,01-01-2023,Female,22
2091,PRY3,01-01-2023,Male,14
2091,PRY3,01-01-2023,Female,15
2091,PRY4,01-01-2023,Male,11
2091,PRY4,01-01-2023,Female,16
2091,PRY5,01-01-2023,Male,10
2091,PRY5,01-01-2023,Female,14
2091,PRY6,01-01-2023,Male,12
2091,PRY6,01-01-2023,Female,17
2092,ECCDE1,01-01-2023,Male,16
2092,ECCDE1,01-01-2023,Female,16
2092,ECCDE2,01-01-2023,Male,10
2092,ECCDE2,01-01-2023,Female,14
2092,ECCDE3,01-01-2023,Male,12
2092,ECCDE3,01-01-2023,Female,13
2092,PRY1,01-01-2023,Male,8
2092,PRY1,01-01-2023,Female,12
2092,PRY2,01-01-2023,Male,10
2092,PRY2,01-01-2023,Female,8
2092,PRY3,01-01-2023,Male,10
2092,PRY3,01-01-2023,Female,11
2092,PRY4,01-01-2023,Male,12
2092,PRY4,01-01-2023,Female,12
2092,PRY5,01-01-2023,Male,13
2092,PRY5,01-01-2023,Female,11
2092,PRY6,01-01-2023,Male,7
2092,PRY6,01-01-2023,Female,21
2093,ECCDE1,01-01-2023,Male,11
2093,ECCDE1,01-01-2023,Female,9
2093,ECCDE2,01-01-2023,Male,10
2093,ECCDE2,01-01-2023,Female,10
2093,ECCDE3,01-01-2023,Male,15
2093,ECCDE3,01-01-2023,Female,14
2093,PRY1,01-01-2023,Male,6
2093,PRY1,01-01-2023,Female,4
2093,PRY2,01-01-2023,Male,5
2093,PRY2,01-01-2023,Female,5
2093,PRY3,01-01-2023,Male,5
2093,PRY3,01-01-2023,Female,6
2093,PRY4,01-01-2023,Male,6
2093,PRY4,01-01-2023,Female,6
2093,PRY5,01-01-2023,Male,6
2093,PRY5,01-01-2023,Female,6
2093,PRY6,01-01-2023,Male,6
2093,PRY6,01-01-2023,Female,6
2094,ECCDE1,01-01-2023,Male,11
2094,ECCDE1,01-01-2023,Female,13
2094,ECCDE2,01-01-2023,Male,12
2094,ECCDE2,01-01-2023,Female,10
2094,ECCDE3,01-01-2023,Male,7
2094,ECCDE3,01-01-2023,Female,10
2094,PRY1,01-01-2023,Male,12
2094,PRY1,01-01-2023,Female,10
2094,PRY2,01-01-2023,Male,12
2094,PRY2,01-01-2023,Female,20
2094,PRY3,01-01-2023,Male,22
2094,PRY3,01-01-2023,Female,22
2094,PRY4,01-01-2023,Male,14
2094,PRY4,01-01-2023,Female,18
2094,PRY5,01-01-2023,Male,22
2094,PRY5,01-01-2023,Female,18
2094,PRY6,01-01-2023,Male,14
2094,PRY6,01-01-2023,Female,9
2095,ECCDE1,01-01-2023,Male,13
2095,ECCDE1,01-01-2023,Female,21
2095,ECCDE2,01-01-2023,Male,14
2095,ECCDE2,01-01-2023,Female,19
2095,ECCDE3,01-01-2023,Male,24
2095,ECCDE3,01-01-2023,Female,20
2095,PRY1,01-01-2023,Male,20
2095,PRY1,01-01-2023,Female,17
2095,PRY2,01-01-2023,Male,25
2095,PRY2,01-01-2023,Female,19
2095,PRY3,01-01-2023,Male,20
2095,PRY3,01-01-2023,Female,26
2095,PRY4,01-01-2023,Male,20
2095,PRY4,01-01-2023,Female,25
2095,PRY5,01-01-2023,Male,18
2095,PRY5,01-01-2023,Female,16
2095,PRY6,01-01-2023,Male,26
2095,PRY6,01-01-2023,Female,27
2096,ECCDE1,01-01-2023,Male,15
2096,ECCDE1,01-01-2023,Female,13
2096,ECCDE2,01-01-2023,Male,11
2096,ECCDE2,01-01-2023,Female,10
2096,ECCDE3,01-01-2023,Male,10
2096,ECCDE3,01-01-2023,Female,11
2096,PRY1,01-01-2023,Male,7
2096,PRY1,01-01-2023,Female,5
2096,PRY2,01-01-2023,Male,7
2096,PRY2,01-01-2023,Female,8
2096,PRY3,01-01-2023,Male,5
2096,PRY3,01-01-2023,Female,8
2096,PRY4,01-01-2023,Male,6
2096,PRY4,01-01-2023,Female,6
2096,PRY5,01-01-2023,Male,5
2096,PRY5,01-01-2023,Female,5
2096,PRY6,01-01-2023,Male,7
2096,PRY6,01-01-2023,Female,5
2097,ECCDE1,01-01-2023,Male,11
2097,ECCDE1,01-01-2023,Female,14
2097,ECCDE2,01-01-2023,Male,4
2097,ECCDE2,01-01-2023,Female,10
2097,ECCDE3,01-01-2023,Male,3
2097,ECCDE3,01-01-2023,Female,4
2097,PRY1,01-01-2023,Male,6
2097,PRY1,01-01-2023,Female,5
2097,PRY2,01-01-2023,Male,10
2097,PRY2,01-01-2023,Female,9
2097,PRY3,01-01-2023,Male,7
2097,PRY3,01-01-2023,Female,5
2097,PRY4,01-01-2023,Male,8
2097,PRY4,01-01-2023,Female,4
2097,PRY5,01-01-2023,Male,5
2097,PRY5,01-01-2023,Female,6
2097,PRY6,01-01-2023,Male,5
2097,PRY6,01-01-2023,Female,7
2098,ECCDE1,01-01-2023,Male,0
2098,ECCDE1,01-01-2023,Female,0
2098,ECCDE2,01-01-2023,Male,0
2098,ECCDE2,01-01-2023,Female,0
2098,ECCDE3,01-01-2023,Male,0
2098,ECCDE3,01-01-2023,Female,0
2098,PRY1,01-01-2023,Male,0
2098,PRY1,01-01-2023,Female,0
2098,PRY2,01-01-2023,Male,0
2098,PRY2,01-01-2023,Female,0
2098,PRY3,01-01-2023,Male,0
2098,PRY3,01-01-2023,Female,0
2098,PRY4,01-01-2023,Male,0
2098,PRY4,01-01-2023,Female,0
2098,PRY5,01-01-2023,Male,0
2098,PRY5,01-01-2023,Female,0
2098,PRY6,01-01-2023,Male,0
2098,PRY6,01-01-2023,Female,0
2099,ECCDE1,01-01-2023,Male,10
2099,ECCDE1,01-01-2023,Female,12
2099,ECCDE2,01-01-2023,Male,5
2099,ECCDE2,01-01-2023,Female,5
2099,ECCDE3,01-01-2023,Male,7
2099,ECCDE3,01-01-2023,Female,8
2099,PRY1,01-01-2023,Male,8
2099,PRY1,01-01-2023,Female,12
2099,PRY2,01-01-2023,Male,10
2099,PRY2,01-01-2023,Female,15
2099,PRY3,01-01-2023,Male,8
2099,PRY3,01-01-2023,Female,12
2099,PRY4,01-01-2023,Male,8
2099,PRY4,01-01-2023,Female,10
2099,PRY5,01-01-2023,Male,10
2099,PRY5,01-01-2023,Female,10
2099,PRY6,01-01-2023,Male,10
2099,PRY6,01-01-2023,Female,12
2100,ECCDE1,01-01-2023,Male,8
2100,ECCDE1,01-01-2023,Female,4
2100,ECCDE2,01-01-2023,Male,5
2100,ECCDE2,01-01-2023,Female,5
2100,ECCDE3,01-01-2023,Male,0
2100,ECCDE3,01-01-2023,Female,0
2100,PRY1,01-01-2023,Male,9
2100,PRY1,01-01-2023,Female,5
2100,PRY2,01-01-2023,Male,10
2100,PRY2,01-01-2023,Female,11
2100,PRY3,01-01-2023,Male,10
2100,PRY3,01-01-2023,Female,11
2100,PRY4,01-01-2023,Male,7
2100,PRY4,01-01-2023,Female,4
2100,PRY5,01-01-2023,Male,5
2100,PRY5,01-01-2023,Female,5
2100,PRY6,01-01-2023,Male,5
2100,PRY6,01-01-2023,Female,6
2101,ECCDE1,01-01-2023,Male,0
2101,ECCDE1,01-01-2023,Female,0
2101,ECCDE2,01-01-2023,Male,0
2101,ECCDE2,01-01-2023,Female,0
2101,ECCDE3,01-01-2023,Male,0
2101,ECCDE3,01-01-2023,Female,0
2101,PRY1,01-01-2023,Male,0
2101,PRY1,01-01-2023,Female,0
2101,PRY2,01-01-2023,Male,0
2101,PRY2,01-01-2023,Female,0
2101,PRY3,01-01-2023,Male,0
2101,PRY3,01-01-2023,Female,0
2101,PRY4,01-01-2023,Male,0
2101,PRY4,01-01-2023,Female,0
2101,PRY5,01-01-2023,Male,0
2101,PRY5,01-01-2023,Female,0
2101,PRY6,01-01-2023,Male,0
2101,PRY6,01-01-2023,Female,0
2102,ECCDE1,01-01-2023,Male,20
2102,ECCDE1,01-01-2023,Female,25
2102,ECCDE2,01-01-2023,Male,20
2102,ECCDE2,01-01-2023,Female,20
2102,ECCDE3,01-01-2023,Male,10
2102,ECCDE3,01-01-2023,Female,25
2102,PRY1,01-01-2023,Male,7
2102,PRY1,01-01-2023,Female,14
2102,PRY2,01-01-2023,Male,20
2102,PRY2,01-01-2023,Female,20
2102,PRY3,01-01-2023,Male,20
2102,PRY3,01-01-2023,Female,30
2102,PRY4,01-01-2023,Male,10
2102,PRY4,01-01-2023,Female,15
2102,PRY5,01-01-2023,Male,12
2102,PRY5,01-01-2023,Female,10
2102,PRY6,01-01-2023,Male,10
2102,PRY6,01-01-2023,Female,15
2103,ECCDE1,01-01-2023,Male,0
2103,ECCDE1,01-01-2023,Female,0
2103,ECCDE2,01-01-2023,Male,0
2103,ECCDE2,01-01-2023,Female,0
2103,ECCDE3,01-01-2023,Male,0
2103,ECCDE3,01-01-2023,Female,0
2103,PRY1,01-01-2023,Male,12
2103,PRY1,01-01-2023,Female,18
2103,PRY2,01-01-2023,Male,16
2103,PRY2,01-01-2023,Female,20
2103,PRY3,01-01-2023,Male,20
2103,PRY3,01-01-2023,Female,22
2103,PRY4,01-01-2023,Male,13
2103,PRY4,01-01-2023,Female,25
2103,PRY5,01-01-2023,Male,19
2103,PRY5,01-01-2023,Female,20
2103,PRY6,01-01-2023,Male,8
2103,PRY6,01-01-2023,Female,10
2104,ECCDE1,01-01-2023,Male,28
2104,ECCDE1,01-01-2023,Female,30
2104,ECCDE2,01-01-2023,Male,16
2104,ECCDE2,01-01-2023,Female,14
2104,ECCDE3,01-01-2023,Male,18
2104,ECCDE3,01-01-2023,Female,20
2104,PRY1,01-01-2023,Male,15
2104,PRY1,01-01-2023,Female,16
2104,PRY2,01-01-2023,Male,18
2104,PRY2,01-01-2023,Female,17
2104,PRY3,01-01-2023,Male,12
2104,PRY3,01-01-2023,Female,13
2104,PRY4,01-01-2023,Male,14
2104,PRY4,01-01-2023,Female,16
2104,PRY5,01-01-2023,Male,15
2104,PRY5,01-01-2023,Female,16
2104,PRY6,01-01-2023,Male,14
2104,PRY6,01-01-2023,Female,13
2105,ECCDE1,01-01-2023,Male,41
2105,ECCDE1,01-01-2023,Female,50
2105,ECCDE2,01-01-2023,Male,26
2105,ECCDE2,01-01-2023,Female,30
2105,ECCDE3,01-01-2023,Male,13
2105,ECCDE3,01-01-2023,Female,18
2105,PRY1,01-01-2023,Male,25
2105,PRY1,01-01-2023,Female,23
2105,PRY2,01-01-2023,Male,27
2105,PRY2,01-01-2023,Female,21
2105,PRY3,01-01-2023,Male,25
2105,PRY3,01-01-2023,Female,25
2105,PRY4,01-01-2023,Male,23
2105,PRY4,01-01-2023,Female,27
2105,PRY5,01-01-2023,Male,18
2105,PRY5,01-01-2023,Female,20
2105,PRY6,01-01-2023,Male,29
2105,PRY6,01-01-2023,Female,25
2106,ECCDE1,01-01-2023,Male,38
2106,ECCDE1,01-01-2023,Female,30
2106,ECCDE2,01-01-2023,Male,19
2106,ECCDE2,01-01-2023,Female,16
2106,ECCDE3,01-01-2023,Male,24
2106,ECCDE3,01-01-2023,Female,36
2106,PRY1,01-01-2023,Male,33
2106,PRY1,01-01-2023,Female,41
2106,PRY2,01-01-2023,Male,29
2106,PRY2,01-01-2023,Female,31
2106,PRY3,01-01-2023,Male,30
2106,PRY3,01-01-2023,Female,25
2106,PRY4,01-01-2023,Male,37
2106,PRY4,01-01-2023,Female,37
2106,PRY5,01-01-2023,Male,30
2106,PRY5,01-01-2023,Female,30
2106,PRY6,01-01-2023,Male,36
2106,PRY6,01-01-2023,Female,36
2107,ECCDE1,01-01-2023,Male,60
2107,ECCDE1,01-01-2023,Female,41
2107,ECCDE2,01-01-2023,Male,40
2107,ECCDE2,01-01-2023,Female,35
2107,ECCDE3,01-01-2023,Male,41
2107,ECCDE3,01-01-2023,Female,42
2107,PRY1,01-01-2023,Male,45
2107,PRY1,01-01-2023,Female,38
2107,PRY2,01-01-2023,Male,45
2107,PRY2,01-01-2023,Female,40
2107,PRY3,01-01-2023,Male,59
2107,PRY3,01-01-2023,Female,48
2107,PRY4,01-01-2023,Male,58
2107,PRY4,01-01-2023,Female,64
2107,PRY5,01-01-2023,Male,63
2107,PRY5,01-01-2023,Female,53
2107,PRY6,01-01-2023,Male,78
2107,PRY6,01-01-2023,Female,72
2108,ECCDE1,01-01-2023,Male,8
2108,ECCDE1,01-01-2023,Female,10
2108,ECCDE2,01-01-2023,Male,8
2108,ECCDE2,01-01-2023,Female,15
2108,ECCDE3,01-01-2023,Male,8
2108,ECCDE3,01-01-2023,Female,10
2108,PRY1,01-01-2023,Male,8
2108,PRY1,01-01-2023,Female,10
2108,PRY2,01-01-2023,Male,7
2108,PRY2,01-01-2023,Female,13
2108,PRY3,01-01-2023,Male,10
2108,PRY3,01-01-2023,Female,15
2108,PRY4,01-01-2023,Male,9
2108,PRY4,01-01-2023,Female,14
2108,PRY5,01-01-2023,Male,10
2108,PRY5,01-01-2023,Female,16
2108,PRY6,01-01-2023,Male,9
2108,PRY6,01-01-2023,Female,10
2109,ECCDE1,01-01-2023,Male,16
2109,ECCDE1,01-01-2023,Female,10
2109,ECCDE2,01-01-2023,Male,10
2109,ECCDE2,01-01-2023,Female,5
2109,ECCDE3,01-01-2023,Male,12
2109,ECCDE3,01-01-2023,Female,8
2109,PRY1,01-01-2023,Male,12
2109,PRY1,01-01-2023,Female,18
2109,PRY2,01-01-2023,Male,20
2109,PRY2,01-01-2023,Female,10
2109,PRY3,01-01-2023,Male,21
2109,PRY3,01-01-2023,Female,15
2109,PRY4,01-01-2023,Male,10
2109,PRY4,01-01-2023,Female,9
2109,PRY5,01-01-2023,Male,15
2109,PRY5,01-01-2023,Female,2
2109,PRY6,01-01-2023,Male,19
2109,PRY6,01-01-2023,Female,15
2110,ECCDE1,01-01-2023,Male,15
2110,ECCDE1,01-01-2023,Female,10
2110,ECCDE2,01-01-2023,Male,15
2110,ECCDE2,01-01-2023,Female,15
2110,ECCDE3,01-01-2023,Male,20
2110,ECCDE3,01-01-2023,Female,25
2110,PRY1,01-01-2023,Male,22
2110,PRY1,01-01-2023,Female,23
2110,PRY2,01-01-2023,Male,20
2110,PRY2,01-01-2023,Female,20
2110,PRY3,01-01-2023,Male,20
2110,PRY3,01-01-2023,Female,20
2110,PRY4,01-01-2023,Male,25
2110,PRY4,01-01-2023,Female,20
2110,PRY5,01-01-2023,Male,23
2110,PRY5,01-01-2023,Female,21
2110,PRY6,01-01-2023,Male,20
2110,PRY6,01-01-2023,Female,16
2111,ECCDE1,01-01-2023,Male,3
2111,ECCDE1,01-01-2023,Female,3
2111,ECCDE2,01-01-2023,Male,10
2111,ECCDE2,01-01-2023,Female,8
2111,ECCDE3,01-01-2023,Male,9
2111,ECCDE3,01-01-2023,Female,9
2111,PRY1,01-01-2023,Male,12
2111,PRY1,01-01-2023,Female,12
2111,PRY2,01-01-2023,Male,13
2111,PRY2,01-01-2023,Female,12
2111,PRY3,01-01-2023,Male,10
2111,PRY3,01-01-2023,Female,10
2111,PRY4,01-01-2023,Male,10
2111,PRY4,01-01-2023,Female,9
2111,PRY5,01-01-2023,Male,8
2111,PRY5,01-01-2023,Female,18
2111,PRY6,01-01-2023,Male,15
2111,PRY6,01-01-2023,Female,10
2112,ECCDE1,01-01-2023,Male,20
2112,ECCDE1,01-01-2023,Female,15
2112,ECCDE2,01-01-2023,Male,8
2112,ECCDE2,01-01-2023,Female,12
2112,ECCDE3,01-01-2023,Male,15
2112,ECCDE3,01-01-2023,Female,6
2112,PRY1,01-01-2023,Male,8
2112,PRY1,01-01-2023,Female,4
2112,PRY2,01-01-2023,Male,6
2112,PRY2,01-01-2023,Female,5
2112,PRY3,01-01-2023,Male,5
2112,PRY3,01-01-2023,Female,4
2112,PRY4,01-01-2023,Male,4
2112,PRY4,01-01-2023,Female,10
2112,PRY5,01-01-2023,Male,6
2112,PRY5,01-01-2023,Female,4
2112,PRY6,01-01-2023,Male,6
2112,PRY6,01-01-2023,Female,5
2113,ECCDE1,01-01-2023,Male,10
2113,ECCDE1,01-01-2023,Female,15
2113,ECCDE2,01-01-2023,Male,16
2113,ECCDE2,01-01-2023,Female,9
2113,ECCDE3,01-01-2023,Male,12
2113,ECCDE3,01-01-2023,Female,12
2113,PRY1,01-01-2023,Male,10
2113,PRY1,01-01-2023,Female,12
2113,PRY2,01-01-2023,Male,15
2113,PRY2,01-01-2023,Female,6
2113,PRY3,01-01-2023,Male,12
2113,PRY3,01-01-2023,Female,14
2113,PRY4,01-01-2023,Male,16
2113,PRY4,01-01-2023,Female,11
2113,PRY5,01-01-2023,Male,7
2113,PRY5,01-01-2023,Female,6
2113,PRY6,01-01-2023,Male,15
2113,PRY6,01-01-2023,Female,11
2114,ECCDE1,01-01-2023,Male,13
2114,ECCDE1,01-01-2023,Female,7
2114,ECCDE2,01-01-2023,Male,4
2114,ECCDE2,01-01-2023,Female,3
2114,ECCDE3,01-01-2023,Male,8
2114,ECCDE3,01-01-2023,Female,2
2114,PRY1,01-01-2023,Male,7
2114,PRY1,01-01-2023,Female,13
2114,PRY2,01-01-2023,Male,6
2114,PRY2,01-01-2023,Female,6
2114,PRY3,01-01-2023,Male,6
2114,PRY3,01-01-2023,Female,5
2114,PRY4,01-01-2023,Male,5
2114,PRY4,01-01-2023,Female,6
2114,PRY5,01-01-2023,Male,7
2114,PRY5,01-01-2023,Female,3
2114,PRY6,01-01-2023,Male,4
2114,PRY6,01-01-2023,Female,6
2115,ECCDE1,01-01-2023,Male,29
2115,ECCDE1,01-01-2023,Female,23
2115,ECCDE2,01-01-2023,Male,10
2115,ECCDE2,01-01-2023,Female,10
2115,ECCDE3,01-01-2023,Male,10
2115,ECCDE3,01-01-2023,Female,15
2115,PRY1,01-01-2023,Male,25
2115,PRY1,01-01-2023,Female,20
2115,PRY2,01-01-2023,Male,11
2115,PRY2,01-01-2023,Female,9
2115,PRY3,01-01-2023,Male,14
2115,PRY3,01-01-2023,Female,12
2115,PRY4,01-01-2023,Male,13
2115,PRY4,01-01-2023,Female,7
2115,PRY5,01-01-2023,Male,17
2115,PRY5,01-01-2023,Female,10
2115,PRY6,01-01-2023,Male,13
2115,PRY6,01-01-2023,Female,11
2116,ECCDE1,01-01-2023,Male,4
2116,ECCDE1,01-01-2023,Female,3
2116,ECCDE2,01-01-2023,Male,10
2116,ECCDE2,01-01-2023,Female,6
2116,ECCDE3,01-01-2023,Male,3
2116,ECCDE3,01-01-2023,Female,4
2116,PRY1,01-01-2023,Male,3
2116,PRY1,01-01-2023,Female,5
2116,PRY2,01-01-2023,Male,5
2116,PRY2,01-01-2023,Female,2
2116,PRY3,01-01-2023,Male,5
2116,PRY3,01-01-2023,Female,2
2116,PRY4,01-01-2023,Male,4
2116,PRY4,01-01-2023,Female,2
2116,PRY5,01-01-2023,Male,4
2116,PRY5,01-01-2023,Female,4
2116,PRY6,01-01-2023,Male,3
2116,PRY6,01-01-2023,Female,1
2117,ECCDE1,01-01-2023,Male,6
2117,ECCDE1,01-01-2023,Female,6
2117,ECCDE2,01-01-2023,Male,6
2117,ECCDE2,01-01-2023,Female,7
2117,ECCDE3,01-01-2023,Male,6
2117,ECCDE3,01-01-2023,Female,7
2117,PRY1,01-01-2023,Male,6
2117,PRY1,01-01-2023,Female,6
2117,PRY2,01-01-2023,Male,5
2117,PRY2,01-01-2023,Female,6
2117,PRY3,01-01-2023,Male,6
2117,PRY3,01-01-2023,Female,6
2117,PRY4,01-01-2023,Male,7
2117,PRY4,01-01-2023,Female,4
2117,PRY5,01-01-2023,Male,6
2117,PRY5,01-01-2023,Female,7
2117,PRY6,01-01-2023,Male,1
2117,PRY6,01-01-2023,Female,8
2118,ECCDE1,01-01-2023,Male,13
2118,ECCDE1,01-01-2023,Female,16
2118,ECCDE2,01-01-2023,Male,19
2118,ECCDE2,01-01-2023,Female,5
2118,ECCDE3,01-01-2023,Male,14
2118,ECCDE3,01-01-2023,Female,4
2118,PRY1,01-01-2023,Male,13
2118,PRY1,01-01-2023,Female,14
2118,PRY2,01-01-2023,Male,9
2118,PRY2,01-01-2023,Female,8
2118,PRY3,01-01-2023,Male,14
2118,PRY3,01-01-2023,Female,10
2118,PRY4,01-01-2023,Male,14
2118,PRY4,01-01-2023,Female,10
2118,PRY5,01-01-2023,Male,14
2118,PRY5,01-01-2023,Female,8
2118,PRY6,01-01-2023,Male,8
2118,PRY6,01-01-2023,Female,10
2119,ECCDE1,01-01-2023,Male,5
2119,ECCDE1,01-01-2023,Female,8
2119,ECCDE2,01-01-2023,Male,16
2119,ECCDE2,01-01-2023,Female,10
2119,ECCDE3,01-01-2023,Male,16
2119,ECCDE3,01-01-2023,Female,10
2119,PRY1,01-01-2023,Male,11
2119,PRY1,01-01-2023,Female,14
2119,PRY2,01-01-2023,Male,14
2119,PRY2,01-01-2023,Female,12
2119,PRY3,01-01-2023,Male,22
2119,PRY3,01-01-2023,Female,12
2119,PRY4,01-01-2023,Male,15
2119,PRY4,01-01-2023,Female,7
2119,PRY5,01-01-2023,Male,20
2119,PRY5,01-01-2023,Female,2
2119,PRY6,01-01-2023,Male,15
2119,PRY6,01-01-2023,Female,17
2120,ECCDE1,01-01-2023,Male,9
2120,ECCDE1,01-01-2023,Female,16
2120,ECCDE2,01-01-2023,Male,5
2120,ECCDE2,01-01-2023,Female,13
2120,ECCDE3,01-01-2023,Male,21
2120,ECCDE3,01-01-2023,Female,11
2120,PRY1,01-01-2023,Male,11
2120,PRY1,01-01-2023,Female,14
2120,PRY2,01-01-2023,Male,8
2120,PRY2,01-01-2023,Female,20
2120,PRY3,01-01-2023,Male,10
2120,PRY3,01-01-2023,Female,11
2120,PRY4,01-01-2023,Male,7
2120,PRY4,01-01-2023,Female,13
2120,PRY5,01-01-2023,Male,13
2120,PRY5,01-01-2023,Female,9
2120,PRY6,01-01-2023,Male,9
2120,PRY6,01-01-2023,Female,7
2121,ECCDE1,01-01-2023,Male,5
2121,ECCDE1,01-01-2023,Female,4
2121,ECCDE2,01-01-2023,Male,5
2121,ECCDE2,01-01-2023,Female,6
2121,ECCDE3,01-01-2023,Male,5
2121,ECCDE3,01-01-2023,Female,7
2121,PRY1,01-01-2023,Male,8
2121,PRY1,01-01-2023,Female,5
2121,PRY2,01-01-2023,Male,8
2121,PRY2,01-01-2023,Female,7
2121,PRY3,01-01-2023,Male,6
2121,PRY3,01-01-2023,Female,5
2121,PRY4,01-01-2023,Male,5
2121,PRY4,01-01-2023,Female,3
2121,PRY5,01-01-2023,Male,6
2121,PRY5,01-01-2023,Female,3
2121,PRY6,01-01-2023,Male,6
2121,PRY6,01-01-2023,Female,9
2122,ECCDE1,01-01-2023,Male,14
2122,ECCDE1,01-01-2023,Female,16
2122,ECCDE2,01-01-2023,Male,9
2122,ECCDE2,01-01-2023,Female,8
2122,ECCDE3,01-01-2023,Male,10
2122,ECCDE3,01-01-2023,Female,8
2122,PRY1,01-01-2023,Male,4
2122,PRY1,01-01-2023,Female,4
2122,PRY2,01-01-2023,Male,6
2122,PRY2,01-01-2023,Female,4
2122,PRY3,01-01-2023,Male,5
2122,PRY3,01-01-2023,Female,3
2122,PRY4,01-01-2023,Male,3
2122,PRY4,01-01-2023,Female,4
2122,PRY5,01-01-2023,Male,4
2122,PRY5,01-01-2023,Female,4
2122,PRY6,01-01-2023,Male,4
2122,PRY6,01-01-2023,Female,4
2123,ECCDE1,01-01-2023,Male,28
2123,ECCDE1,01-01-2023,Female,50
2123,ECCDE2,01-01-2023,Male,20
2123,ECCDE2,01-01-2023,Female,24
2123,ECCDE3,01-01-2023,Male,15
2123,ECCDE3,01-01-2023,Female,10
2123,PRY1,01-01-2023,Male,26
2123,PRY1,01-01-2023,Female,25
2123,PRY2,01-01-2023,Male,30
2123,PRY2,01-01-2023,Female,20
2123,PRY3,01-01-2023,Male,30
2123,PRY3,01-01-2023,Female,15
2123,PRY4,01-01-2023,Male,30
2123,PRY4,01-01-2023,Female,18
2123,PRY5,01-01-2023,Male,28
2123,PRY5,01-01-2023,Female,20
2123,PRY6,01-01-2023,Male,25
2123,PRY6,01-01-2023,Female,15
2124,ECCDE1,01-01-2023,Male,29
2124,ECCDE1,01-01-2023,Female,25
2124,ECCDE2,01-01-2023,Male,15
2124,ECCDE2,01-01-2023,Female,14
2124,ECCDE3,01-01-2023,Male,15
2124,ECCDE3,01-01-2023,Female,17
2124,PRY1,01-01-2023,Male,14
2124,PRY1,01-01-2023,Female,9
2124,PRY2,01-01-2023,Male,10
2124,PRY2,01-01-2023,Female,11
2124,PRY3,01-01-2023,Male,13
2124,PRY3,01-01-2023,Female,9
2124,PRY4,01-01-2023,Male,11
2124,PRY4,01-01-2023,Female,12
2124,PRY5,01-01-2023,Male,20
2124,PRY5,01-01-2023,Female,13
2124,PRY6,01-01-2023,Male,9
2124,PRY6,01-01-2023,Female,14
2125,ECCDE1,01-01-2023,Male,1
2125,ECCDE1,01-01-2023,Female,2
2125,ECCDE2,01-01-2023,Male,1
2125,ECCDE2,01-01-2023,Female,4
2125,ECCDE3,01-01-2023,Male,2
2125,ECCDE3,01-01-2023,Female,1
2125,PRY1,01-01-2023,Male,4
2125,PRY1,01-01-2023,Female,4
2125,PRY2,01-01-2023,Male,1
2125,PRY2,01-01-2023,Female,4
2125,PRY3,01-01-2023,Male,2
2125,PRY3,01-01-2023,Female,2
2125,PRY4,01-01-2023,Male,6
2125,PRY4,01-01-2023,Female,6
2125,PRY5,01-01-2023,Male,2
2125,PRY5,01-01-2023,Female,3
2125,PRY6,01-01-2023,Male,7
2125,PRY6,01-01-2023,Female,6
2126,ECCDE1,01-01-2023,Male,10
2126,ECCDE1,01-01-2023,Female,12
2126,ECCDE2,01-01-2023,Male,20
2126,ECCDE2,01-01-2023,Female,14
2126,ECCDE3,01-01-2023,Male,5
2126,ECCDE3,01-01-2023,Female,7
2126,PRY1,01-01-2023,Male,8
2126,PRY1,01-01-2023,Female,8
2126,PRY2,01-01-2023,Male,7
2126,PRY2,01-01-2023,Female,9
2126,PRY3,01-01-2023,Male,8
2126,PRY3,01-01-2023,Female,8
2126,PRY4,01-01-2023,Male,8
2126,PRY4,01-01-2023,Female,8
2126,PRY5,01-01-2023,Male,5
2126,PRY5,01-01-2023,Female,10
2126,PRY6,01-01-2023,Male,5
2126,PRY6,01-01-2023,Female,10
2127,ECCDE1,01-01-2023,Male,3
2127,ECCDE1,01-01-2023,Female,1
2127,ECCDE2,01-01-2023,Male,1
2127,ECCDE2,01-01-2023,Female,2
2127,ECCDE3,01-01-2023,Male,2
2127,ECCDE3,01-01-2023,Female,1
2127,PRY1,01-01-2023,Male,3
2127,PRY1,01-01-2023,Female,3
2127,PRY2,01-01-2023,Male,3
2127,PRY2,01-01-2023,Female,4
2127,PRY3,01-01-2023,Male,2
2127,PRY3,01-01-2023,Female,4
2127,PRY4,01-01-2023,Male,2
2127,PRY4,01-01-2023,Female,3
2127,PRY5,01-01-2023,Male,3
2127,PRY5,01-01-2023,Female,3
2127,PRY6,01-01-2023,Male,2
2127,PRY6,01-01-2023,Female,3
2128,ECCDE1,01-01-2023,Male,38
2128,ECCDE1,01-01-2023,Female,15
2128,ECCDE2,01-01-2023,Male,27
2128,ECCDE2,01-01-2023,Female,26
2128,ECCDE3,01-01-2023,Male,15
2128,ECCDE3,01-01-2023,Female,8
2128,PRY1,01-01-2023,Male,37
2128,PRY1,01-01-2023,Female,37
2128,PRY2,01-01-2023,Male,34
2128,PRY2,01-01-2023,Female,32
2128,PRY3,01-01-2023,Male,31
2128,PRY3,01-01-2023,Female,47
2128,PRY4,01-01-2023,Male,51
2128,PRY4,01-01-2023,Female,28
2128,PRY5,01-01-2023,Male,34
2128,PRY5,01-01-2023,Female,36
2128,PRY6,01-01-2023,Male,46
2128,PRY6,01-01-2023,Female,43
2129,ECCDE1,01-01-2023,Male,8
2129,ECCDE1,01-01-2023,Female,9
2129,ECCDE2,01-01-2023,Male,12
2129,ECCDE2,01-01-2023,Female,5
2129,ECCDE3,01-01-2023,Male,3
2129,ECCDE3,01-01-2023,Female,6
2129,PRY1,01-01-2023,Male,14
2129,PRY1,01-01-2023,Female,10
2129,PRY2,01-01-2023,Male,11
2129,PRY2,01-01-2023,Female,9
2129,PRY3,01-01-2023,Male,10
2129,PRY3,01-01-2023,Female,2
2129,PRY4,01-01-2023,Male,14
2129,PRY4,01-01-2023,Female,5
2129,PRY5,01-01-2023,Male,5
2129,PRY5,01-01-2023,Female,9
2129,PRY6,01-01-2023,Male,9
2129,PRY6,01-01-2023,Female,12
2130,ECCDE1,01-01-2023,Male,20
2130,ECCDE1,01-01-2023,Female,19
2130,ECCDE2,01-01-2023,Male,16
2130,ECCDE2,01-01-2023,Female,14
2130,ECCDE3,01-01-2023,Male,10
2130,ECCDE3,01-01-2023,Female,16
2130,PRY1,01-01-2023,Male,14
2130,PRY1,01-01-2023,Female,9
2130,PRY2,01-01-2023,Male,14
2130,PRY2,01-01-2023,Female,18
2130,PRY3,01-01-2023,Male,14
2130,PRY3,01-01-2023,Female,12
2130,PRY4,01-01-2023,Male,17
2130,PRY4,01-01-2023,Female,23
2130,PRY5,01-01-2023,Male,15
2130,PRY5,01-01-2023,Female,12
2130,PRY6,01-01-2023,Male,15
2130,PRY6,01-01-2023,Female,20
2131,ECCDE1,01-01-2023,Male,9
2131,ECCDE1,01-01-2023,Female,14
2131,ECCDE2,01-01-2023,Male,13
2131,ECCDE2,01-01-2023,Female,12
2131,ECCDE3,01-01-2023,Male,10
2131,ECCDE3,01-01-2023,Female,16
2131,PRY1,01-01-2023,Male,25
2131,PRY1,01-01-2023,Female,23
2131,PRY2,01-01-2023,Male,22
2131,PRY2,01-01-2023,Female,23
2131,PRY3,01-01-2023,Male,23
2131,PRY3,01-01-2023,Female,16
2131,PRY4,01-01-2023,Male,19
2131,PRY4,01-01-2023,Female,17
2131,PRY5,01-01-2023,Male,21
2131,PRY5,01-01-2023,Female,19
2131,PRY6,01-01-2023,Male,21
2131,PRY6,01-01-2023,Female,27
2132,ECCDE1,01-01-2023,Male,3
2132,ECCDE1,01-01-2023,Female,6
2132,ECCDE2,01-01-2023,Male,5
2132,ECCDE2,01-01-2023,Female,7
2132,ECCDE3,01-01-2023,Male,0
2132,ECCDE3,01-01-2023,Female,0
2132,PRY1,01-01-2023,Male,7
2132,PRY1,01-01-2023,Female,14
2132,PRY2,01-01-2023,Male,9
2132,PRY2,01-01-2023,Female,6
2132,PRY3,01-01-2023,Male,5
2132,PRY3,01-01-2023,Female,7
2132,PRY4,01-01-2023,Male,8
2132,PRY4,01-01-2023,Female,6
2132,PRY5,01-01-2023,Male,7
2132,PRY5,01-01-2023,Female,5
2132,PRY6,01-01-2023,Male,5
2132,PRY6,01-01-2023,Female,3
2133,ECCDE1,01-01-2023,Male,4
2133,ECCDE1,01-01-2023,Female,3
2133,ECCDE2,01-01-2023,Male,5
2133,ECCDE2,01-01-2023,Female,0
2133,ECCDE3,01-01-2023,Male,5
2133,ECCDE3,01-01-2023,Female,9
2133,PRY1,01-01-2023,Male,4
2133,PRY1,01-01-2023,Female,2
2133,PRY2,01-01-2023,Male,3
2133,PRY2,01-01-2023,Female,3
2133,PRY3,01-01-2023,Male,5
2133,PRY3,01-01-2023,Female,8
2133,PRY4,01-01-2023,Male,5
2133,PRY4,01-01-2023,Female,6
2133,PRY5,01-01-2023,Male,4
2133,PRY5,01-01-2023,Female,7
2133,PRY6,01-01-2023,Male,4
2133,PRY6,01-01-2023,Female,3
2134,ECCDE1,01-01-2023,Male,7
2134,ECCDE1,01-01-2023,Female,9
2134,ECCDE2,01-01-2023,Male,16
2134,ECCDE2,01-01-2023,Female,8
2134,ECCDE3,01-01-2023,Male,9
2134,ECCDE3,01-01-2023,Female,10
2134,PRY1,01-01-2023,Male,10
2134,PRY1,01-01-2023,Female,4
2134,PRY2,01-01-2023,Male,5
2134,PRY2,01-01-2023,Female,6
2134,PRY3,01-01-2023,Male,10
2134,PRY3,01-01-2023,Female,6
2134,PRY4,01-01-2023,Male,8
2134,PRY4,01-01-2023,Female,8
2134,PRY5,01-01-2023,Male,6
2134,PRY5,01-01-2023,Female,8
2134,PRY6,01-01-2023,Male,4
2134,PRY6,01-01-2023,Female,9
2135,ECCDE1,01-01-2023,Male,9
2135,ECCDE1,01-01-2023,Female,4
2135,ECCDE2,01-01-2023,Male,3
2135,ECCDE2,01-01-2023,Female,2
2135,ECCDE3,01-01-2023,Male,0
2135,ECCDE3,01-01-2023,Female,0
2135,PRY1,01-01-2023,Male,5
2135,PRY1,01-01-2023,Female,8
2135,PRY2,01-01-2023,Male,5
2135,PRY2,01-01-2023,Female,3
2135,PRY3,01-01-2023,Male,5
2135,PRY3,01-01-2023,Female,5
2135,PRY4,01-01-2023,Male,4
2135,PRY4,01-01-2023,Female,7
2135,PRY5,01-01-2023,Male,2
2135,PRY5,01-01-2023,Female,4
2135,PRY6,01-01-2023,Male,2
2135,PRY6,01-01-2023,Female,2
2136,ECCDE1,01-01-2023,Male,3
2136,ECCDE1,01-01-2023,Female,2
2136,ECCDE2,01-01-2023,Male,2
2136,ECCDE2,01-01-2023,Female,2
2136,ECCDE3,01-01-2023,Male,0
2136,ECCDE3,01-01-2023,Female,0
2136,PRY1,01-01-2023,Male,7
2136,PRY1,01-01-2023,Female,4
2136,PRY2,01-01-2023,Male,4
2136,PRY2,01-01-2023,Female,6
2136,PRY3,01-01-2023,Male,3
2136,PRY3,01-01-2023,Female,4
2136,PRY4,01-01-2023,Male,5
2136,PRY4,01-01-2023,Female,2
2136,PRY5,01-01-2023,Male,3
2136,PRY5,01-01-2023,Female,2
2136,PRY6,01-01-2023,Male,1
2136,PRY6,01-01-2023,Female,1
2137,ECCDE1,01-01-2023,Male,4
2137,ECCDE1,01-01-2023,Female,7
2137,ECCDE2,01-01-2023,Male,2
2137,ECCDE2,01-01-2023,Female,10
2137,ECCDE3,01-01-2023,Male,8
2137,ECCDE3,01-01-2023,Female,1
2137,PRY1,01-01-2023,Male,7
2137,PRY1,01-01-2023,Female,6
2137,PRY2,01-01-2023,Male,8
2137,PRY2,01-01-2023,Female,9
2137,PRY3,01-01-2023,Male,8
2137,PRY3,01-01-2023,Female,6
2137,PRY4,01-01-2023,Male,9
2137,PRY4,01-01-2023,Female,10
2137,PRY5,01-01-2023,Male,5
2137,PRY5,01-01-2023,Female,7
2137,PRY6,01-01-2023,Male,11
2137,PRY6,01-01-2023,Female,7
2138,ECCDE1,01-01-2023,Male,41
2138,ECCDE1,01-01-2023,Female,29
2138,ECCDE2,01-01-2023,Male,9
2138,ECCDE2,01-01-2023,Female,11
2138,ECCDE3,01-01-2023,Male,10
2138,ECCDE3,01-01-2023,Female,12
2138,PRY1,01-01-2023,Male,19
2138,PRY1,01-01-2023,Female,11
2138,PRY2,01-01-2023,Male,16
2138,PRY2,01-01-2023,Female,12
2138,PRY3,01-01-2023,Male,14
2138,PRY3,01-01-2023,Female,18
2138,PRY4,01-01-2023,Male,14
2138,PRY4,01-01-2023,Female,15
2138,PRY5,01-01-2023,Male,10
2138,PRY5,01-01-2023,Female,10
2138,PRY6,01-01-2023,Male,11
2138,PRY6,01-01-2023,Female,16
2139,ECCDE1,01-01-2023,Male,9
2139,ECCDE1,01-01-2023,Female,6
2139,ECCDE2,01-01-2023,Male,9
2139,ECCDE2,01-01-2023,Female,13
2139,ECCDE3,01-01-2023,Male,2
2139,ECCDE3,01-01-2023,Female,3
2139,PRY1,01-01-2023,Male,7
2139,PRY1,01-01-2023,Female,13
2139,PRY2,01-01-2023,Male,13
2139,PRY2,01-01-2023,Female,11
2139,PRY3,01-01-2023,Male,7
2139,PRY3,01-01-2023,Female,10
2139,PRY4,01-01-2023,Male,7
2139,PRY4,01-01-2023,Female,5
2139,PRY5,01-01-2023,Male,5
2139,PRY5,01-01-2023,Female,9
2139,PRY6,01-01-2023,Male,3
2139,PRY6,01-01-2023,Female,5
2140,ECCDE1,01-01-2023,Male,10
2140,ECCDE1,01-01-2023,Female,10
2140,ECCDE2,01-01-2023,Male,10
2140,ECCDE2,01-01-2023,Female,5
2140,ECCDE3,01-01-2023,Male,3
2140,ECCDE3,01-01-2023,Female,7
2140,PRY1,01-01-2023,Male,2
2140,PRY1,01-01-2023,Female,2
2140,PRY2,01-01-2023,Male,3
2140,PRY2,01-01-2023,Female,0
2140,PRY3,01-01-2023,Male,1
2140,PRY3,01-01-2023,Female,2
2140,PRY4,01-01-2023,Male,0
2140,PRY4,01-01-2023,Female,0
2140,PRY5,01-01-2023,Male,0
2140,PRY5,01-01-2023,Female,0
2140,PRY6,01-01-2023,Male,0
2140,PRY6,01-01-2023,Female,0
2141,ECCDE1,01-01-2023,Male,35
2141,ECCDE1,01-01-2023,Female,30
2141,ECCDE2,01-01-2023,Male,20
2141,ECCDE2,01-01-2023,Female,14
2141,ECCDE3,01-01-2023,Male,20
2141,ECCDE3,01-01-2023,Female,10
2141,PRY1,01-01-2023,Male,18
2141,PRY1,01-01-2023,Female,20
2141,PRY2,01-01-2023,Male,15
2141,PRY2,01-01-2023,Female,20
2141,PRY3,01-01-2023,Male,15
2141,PRY3,01-01-2023,Female,15
2141,PRY4,01-01-2023,Male,18
2141,PRY4,01-01-2023,Female,12
2141,PRY5,01-01-2023,Male,14
2141,PRY5,01-01-2023,Female,16
2141,PRY6,01-01-2023,Male,16
2141,PRY6,01-01-2023,Female,16
2142,ECCDE1,01-01-2023,Male,10
2142,ECCDE1,01-01-2023,Female,8
2142,ECCDE2,01-01-2023,Male,6
2142,ECCDE2,01-01-2023,Female,4
2142,ECCDE3,01-01-2023,Male,5
2142,ECCDE3,01-01-2023,Female,3
2142,PRY1,01-01-2023,Male,6
2142,PRY1,01-01-2023,Female,3
2142,PRY2,01-01-2023,Male,4
2142,PRY2,01-01-2023,Female,5
2142,PRY3,01-01-2023,Male,6
2142,PRY3,01-01-2023,Female,2
2142,PRY4,01-01-2023,Male,3
2142,PRY4,01-01-2023,Female,3
2142,PRY5,01-01-2023,Male,4
2142,PRY5,01-01-2023,Female,4
2142,PRY6,01-01-2023,Male,3
2142,PRY6,01-01-2023,Female,1
2143,ECCDE1,01-01-2023,Male,7
2143,ECCDE1,01-01-2023,Female,9
2143,ECCDE2,01-01-2023,Male,5
2143,ECCDE2,01-01-2023,Female,5
2143,ECCDE3,01-01-2023,Male,15
2143,ECCDE3,01-01-2023,Female,13
2143,PRY1,01-01-2023,Male,13
2143,PRY1,01-01-2023,Female,18
2143,PRY2,01-01-2023,Male,12
2143,PRY2,01-01-2023,Female,15
2143,PRY3,01-01-2023,Male,12
2143,PRY3,01-01-2023,Female,14
2143,PRY4,01-01-2023,Male,12
2143,PRY4,01-01-2023,Female,19
2143,PRY5,01-01-2023,Male,16
2143,PRY5,01-01-2023,Female,22
2143,PRY6,01-01-2023,Male,13
2143,PRY6,01-01-2023,Female,8
2144,ECCDE1,01-01-2023,Male,5
2144,ECCDE1,01-01-2023,Female,3
2144,ECCDE2,01-01-2023,Male,4
2144,ECCDE2,01-01-2023,Female,7
2144,ECCDE3,01-01-2023,Male,8
2144,ECCDE3,01-01-2023,Female,6
2144,PRY1,01-01-2023,Male,6
2144,PRY1,01-01-2023,Female,8
2144,PRY2,01-01-2023,Male,13
2144,PRY2,01-01-2023,Female,12
2144,PRY3,01-01-2023,Male,7
2144,PRY3,01-01-2023,Female,6
2144,PRY4,01-01-2023,Male,4
2144,PRY4,01-01-2023,Female,3
2144,PRY5,01-01-2023,Male,2
2144,PRY5,01-01-2023,Female,13
2144,PRY6,01-01-2023,Male,11
2144,PRY6,01-01-2023,Female,6
2145,ECCDE1,01-01-2023,Male,10
2145,ECCDE1,01-01-2023,Female,15
2145,ECCDE2,01-01-2023,Male,12
2145,ECCDE2,01-01-2023,Female,8
2145,ECCDE3,01-01-2023,Male,5
2145,ECCDE3,01-01-2023,Female,10
2145,PRY1,01-01-2023,Male,6
2145,PRY1,01-01-2023,Female,7
2145,PRY2,01-01-2023,Male,10
2145,PRY2,01-01-2023,Female,5
2145,PRY3,01-01-2023,Male,7
2145,PRY3,01-01-2023,Female,4
2145,PRY4,01-01-2023,Male,8
2145,PRY4,01-01-2023,Female,5
2145,PRY5,01-01-2023,Male,10
2145,PRY5,01-01-2023,Female,9
2145,PRY6,01-01-2023,Male,11
2145,PRY6,01-01-2023,Female,9
2146,ECCDE1,01-01-2023,Male,0
2146,ECCDE1,01-01-2023,Female,0
2146,ECCDE2,01-01-2023,Male,0
2146,ECCDE2,01-01-2023,Female,0
2146,ECCDE3,01-01-2023,Male,0
2146,ECCDE3,01-01-2023,Female,0
2146,PRY1,01-01-2023,Male,9
2146,PRY1,01-01-2023,Female,5
2146,PRY2,01-01-2023,Male,6
2146,PRY2,01-01-2023,Female,5
2146,PRY3,01-01-2023,Male,2
2146,PRY3,01-01-2023,Female,8
2146,PRY4,01-01-2023,Male,5
2146,PRY4,01-01-2023,Female,3
2146,PRY5,01-01-2023,Male,5
2146,PRY5,01-01-2023,Female,3
2146,PRY6,01-01-2023,Male,6
2146,PRY6,01-01-2023,Female,5
2147,ECCDE1,01-01-2023,Male,11
2147,ECCDE1,01-01-2023,Female,16
2147,ECCDE2,01-01-2023,Male,25
2147,ECCDE2,01-01-2023,Female,18
2147,ECCDE3,01-01-2023,Male,20
2147,ECCDE3,01-01-2023,Female,17
2147,PRY1,01-01-2023,Male,11
2147,PRY1,01-01-2023,Female,10
2147,PRY2,01-01-2023,Male,13
2147,PRY2,01-01-2023,Female,11
2147,PRY3,01-01-2023,Male,12
2147,PRY3,01-01-2023,Female,13
2147,PRY4,01-01-2023,Male,10
2147,PRY4,01-01-2023,Female,15
2147,PRY5,01-01-2023,Male,14
2147,PRY5,01-01-2023,Female,12
2147,PRY6,01-01-2023,Male,14
2147,PRY6,01-01-2023,Female,12
2148,ECCDE1,01-01-2023,Male,2
2148,ECCDE1,01-01-2023,Female,4
2148,ECCDE2,01-01-2023,Male,3
2148,ECCDE2,01-01-2023,Female,2
2148,ECCDE3,01-01-2023,Male,0
2148,ECCDE3,01-01-2023,Female,0
2148,PRY1,01-01-2023,Male,2
2148,PRY1,01-01-2023,Female,3
2148,PRY2,01-01-2023,Male,4
2148,PRY2,01-01-2023,Female,3
2148,PRY3,01-01-2023,Male,2
2148,PRY3,01-01-2023,Female,2
2148,PRY4,01-01-2023,Male,0
2148,PRY4,01-01-2023,Female,0
2148,PRY5,01-01-2023,Male,0
2148,PRY5,01-01-2023,Female,0
2148,PRY6,01-01-2023,Male,0
2148,PRY6,01-01-2023,Female,0
2149,ECCDE1,01-01-2023,Male,6
2149,ECCDE1,01-01-2023,Female,3
2149,ECCDE2,01-01-2023,Male,0
2149,ECCDE2,01-01-2023,Female,0
2149,ECCDE3,01-01-2023,Male,0
2149,ECCDE3,01-01-2023,Female,0
2149,PRY1,01-01-2023,Male,6
2149,PRY1,01-01-2023,Female,7
2149,PRY2,01-01-2023,Male,3
2149,PRY2,01-01-2023,Female,7
2149,PRY3,01-01-2023,Male,3
2149,PRY3,01-01-2023,Female,10
2149,PRY4,01-01-2023,Male,13
2149,PRY4,01-01-2023,Female,18
2149,PRY5,01-01-2023,Male,6
2149,PRY5,01-01-2023,Female,5
2149,PRY6,01-01-2023,Male,6
2149,PRY6,01-01-2023,Female,3
2150,ECCDE1,01-01-2023,Male,0
2150,ECCDE1,01-01-2023,Female,0
2150,ECCDE2,01-01-2023,Male,0
2150,ECCDE2,01-01-2023,Female,0
2150,ECCDE3,01-01-2023,Male,0
2150,ECCDE3,01-01-2023,Female,0
2150,PRY1,01-01-2023,Male,3
2150,PRY1,01-01-2023,Female,5
2150,PRY2,01-01-2023,Male,5
2150,PRY2,01-01-2023,Female,2
2150,PRY3,01-01-2023,Male,3
2150,PRY3,01-01-2023,Female,3
2150,PRY4,01-01-2023,Male,3
2150,PRY4,01-01-2023,Female,2
2150,PRY5,01-01-2023,Male,2
2150,PRY5,01-01-2023,Female,1
2150,PRY6,01-01-2023,Male,0
2150,PRY6,01-01-2023,Female,0
2151,ECCDE1,01-01-2023,Male,0
2151,ECCDE1,01-01-2023,Female,0
2151,ECCDE2,01-01-2023,Male,0
2151,ECCDE2,01-01-2023,Female,0
2151,ECCDE3,01-01-2023,Male,0
2151,ECCDE3,01-01-2023,Female,0
2151,PRY1,01-01-2023,Male,2
2151,PRY1,01-01-2023,Female,4
2151,PRY2,01-01-2023,Male,2
2151,PRY2,01-01-2023,Female,2
2151,PRY3,01-01-2023,Male,1
2151,PRY3,01-01-2023,Female,4
2151,PRY4,01-01-2023,Male,2
2151,PRY4,01-01-2023,Female,2
2151,PRY5,01-01-2023,Male,1
2151,PRY5,01-01-2023,Female,3
2151,PRY6,01-01-2023,Male,0
2151,PRY6,01-01-2023,Female,0
2152,ECCDE1,01-01-2023,Male,0
2152,ECCDE1,01-01-2023,Female,0
2152,ECCDE2,01-01-2023,Male,0
2152,ECCDE2,01-01-2023,Female,0
2152,ECCDE3,01-01-2023,Male,0
2152,ECCDE3,01-01-2023,Female,0
2152,PRY1,01-01-2023,Male,5
2152,PRY1,01-01-2023,Female,1
2152,PRY2,01-01-2023,Male,2
2152,PRY2,01-01-2023,Female,5
2152,PRY3,01-01-2023,Male,2
2152,PRY3,01-01-2023,Female,1
2152,PRY4,01-01-2023,Male,0
2152,PRY4,01-01-2023,Female,0
2152,PRY5,01-01-2023,Male,0
2152,PRY5,01-01-2023,Female,0
2152,PRY6,01-01-2023,Male,0
2152,PRY6,01-01-2023,Female,0
2153,ECCDE1,01-01-2023,Male,0
2153,ECCDE1,01-01-2023,Female,0
2153,ECCDE2,01-01-2023,Male,0
2153,ECCDE2,01-01-2023,Female,0
2153,ECCDE3,01-01-2023,Male,0
2153,ECCDE3,01-01-2023,Female,0
2153,PRY1,01-01-2023,Male,4
2153,PRY1,01-01-2023,Female,1
2153,PRY2,01-01-2023,Male,1
2153,PRY2,01-01-2023,Female,2
2153,PRY3,01-01-2023,Male,1
2153,PRY3,01-01-2023,Female,1
2153,PRY4,01-01-2023,Male,0
2153,PRY4,01-01-2023,Female,0
2153,PRY5,01-01-2023,Male,0
2153,PRY5,01-01-2023,Female,0
2153,PRY6,01-01-2023,Male,0
2153,PRY6,01-01-2023,Female,0
2154,ECCDE1,01-01-2023,Male,0
2154,ECCDE1,01-01-2023,Female,0
2154,ECCDE2,01-01-2023,Male,0
2154,ECCDE2,01-01-2023,Female,0
2154,ECCDE3,01-01-2023,Male,0
2154,ECCDE3,01-01-2023,Female,0
2154,PRY1,01-01-2023,Male,2
2154,PRY1,01-01-2023,Female,2
2154,PRY2,01-01-2023,Male,2
2154,PRY2,01-01-2023,Female,2
2154,PRY3,01-01-2023,Male,2
2154,PRY3,01-01-2023,Female,1
2154,PRY4,01-01-2023,Male,0
2154,PRY4,01-01-2023,Female,0
2154,PRY5,01-01-2023,Male,0
2154,PRY5,01-01-2023,Female,0
2154,PRY6,01-01-2023,Male,0
2154,PRY6,01-01-2023,Female,0
2155,ECCDE1,01-01-2023,Male,5
2155,ECCDE1,01-01-2023,Female,8
2155,ECCDE2,01-01-2023,Male,4
2155,ECCDE2,01-01-2023,Female,5
2155,ECCDE3,01-01-2023,Male,4
2155,ECCDE3,01-01-2023,Female,6
2155,PRY1,01-01-2023,Male,4
2155,PRY1,01-01-2023,Female,6
2155,PRY2,01-01-2023,Male,3
2155,PRY2,01-01-2023,Female,5
2155,PRY3,01-01-2023,Male,2
2155,PRY3,01-01-2023,Female,6
2155,PRY4,01-01-2023,Male,3
2155,PRY4,01-01-2023,Female,2
2155,PRY5,01-01-2023,Male,3
2155,PRY5,01-01-2023,Female,4
2155,PRY6,01-01-2023,Male,0
2155,PRY6,01-01-2023,Female,0
2156,ECCDE1,01-01-2023,Male,2
2156,ECCDE1,01-01-2023,Female,3
2156,ECCDE2,01-01-2023,Male,3
2156,ECCDE2,01-01-2023,Female,3
2156,ECCDE3,01-01-2023,Male,3
2156,ECCDE3,01-01-2023,Female,2
2156,PRY1,01-01-2023,Male,2
2156,PRY1,01-01-2023,Female,3
2156,PRY2,01-01-2023,Male,2
2156,PRY2,01-01-2023,Female,2
2156,PRY3,01-01-2023,Male,2
2156,PRY3,01-01-2023,Female,2
2156,PRY4,01-01-2023,Male,1
2156,PRY4,01-01-2023,Female,2
2156,PRY5,01-01-2023,Male,1
2156,PRY5,01-01-2023,Female,2
2156,PRY6,01-01-2023,Male,0
2156,PRY6,01-01-2023,Female,1
2157,ECCDE1,01-01-2023,Male,11
2157,ECCDE1,01-01-2023,Female,8
2157,ECCDE2,01-01-2023,Male,5
2157,ECCDE2,01-01-2023,Female,3
2157,ECCDE3,01-01-2023,Male,3
2157,ECCDE3,01-01-2023,Female,5
2157,PRY1,01-01-2023,Male,4
2157,PRY1,01-01-2023,Female,3
2157,PRY2,01-01-2023,Male,3
2157,PRY2,01-01-2023,Female,2
2157,PRY3,01-01-2023,Male,2
2157,PRY3,01-01-2023,Female,3
2157,PRY4,01-01-2023,Male,2
2157,PRY4,01-01-2023,Female,1
2157,PRY5,01-01-2023,Male,2
2157,PRY5,01-01-2023,Female,4
2157,PRY6,01-01-2023,Male,4
2157,PRY6,01-01-2023,Female,3
2158,ECCDE1,01-01-2023,Male,4
2158,ECCDE1,01-01-2023,Female,9
2158,ECCDE2,01-01-2023,Male,3
2158,ECCDE2,01-01-2023,Female,5
2158,ECCDE3,01-01-2023,Male,9
2158,ECCDE3,01-01-2023,Female,11
2158,PRY1,01-01-2023,Male,8
2158,PRY1,01-01-2023,Female,6
2158,PRY2,01-01-2023,Male,5
2158,PRY2,01-01-2023,Female,7
2158,PRY3,01-01-2023,Male,2
2158,PRY3,01-01-2023,Female,4
2158,PRY4,01-01-2023,Male,3
2158,PRY4,01-01-2023,Female,2
2158,PRY5,01-01-2023,Male,4
2158,PRY5,01-01-2023,Female,5
2158,PRY6,01-01-2023,Male,2
2158,PRY6,01-01-2023,Female,2
2159,ECCDE1,01-01-2023,Male,2
2159,ECCDE1,01-01-2023,Female,2
2159,ECCDE2,01-01-2023,Male,2
2159,ECCDE2,01-01-2023,Female,1
2159,ECCDE3,01-01-2023,Male,3
2159,ECCDE3,01-01-2023,Female,1
2159,PRY1,01-01-2023,Male,2
2159,PRY1,01-01-2023,Female,2
2159,PRY2,01-01-2023,Male,3
2159,PRY2,01-01-2023,Female,3
2159,PRY3,01-01-2023,Male,2
2159,PRY3,01-01-2023,Female,1
2159,PRY4,01-01-2023,Male,5
2159,PRY4,01-01-2023,Female,5
2159,PRY5,01-01-2023,Male,3
2159,PRY5,01-01-2023,Female,4
2159,PRY6,01-01-2023,Male,1
2159,PRY6,01-01-2023,Female,1
2160,ECCDE1,01-01-2023,Male,1
2160,ECCDE1,01-01-2023,Female,2
2160,ECCDE2,01-01-2023,Male,2
2160,ECCDE2,01-01-2023,Female,2
2160,ECCDE3,01-01-2023,Male,1
2160,ECCDE3,01-01-2023,Female,1
2160,PRY1,01-01-2023,Male,3
2160,PRY1,01-01-2023,Female,4
2160,PRY2,01-01-2023,Male,2
2160,PRY2,01-01-2023,Female,2
2160,PRY3,01-01-2023,Male,1
2160,PRY3,01-01-2023,Female,2
2160,PRY4,01-01-2023,Male,2
2160,PRY4,01-01-2023,Female,3
2160,PRY5,01-01-2023,Male,2
2160,PRY5,01-01-2023,Female,2
2160,PRY6,01-01-2023,Male,1
2160,PRY6,01-01-2023,Female,2
2161,ECCDE1,01-01-2023,Male,4
2161,ECCDE1,01-01-2023,Female,4
2161,ECCDE2,01-01-2023,Male,4
2161,ECCDE2,01-01-2023,Female,5
2161,ECCDE3,01-01-2023,Male,5
2161,ECCDE3,01-01-2023,Female,5
2161,PRY1,01-01-2023,Male,3
2161,PRY1,01-01-2023,Female,5
2161,PRY2,01-01-2023,Male,4
2161,PRY2,01-01-2023,Female,3
2161,PRY3,01-01-2023,Male,4
2161,PRY3,01-01-2023,Female,6
2161,PRY4,01-01-2023,Male,4
2161,PRY4,01-01-2023,Female,4
2161,PRY5,01-01-2023,Male,3
2161,PRY5,01-01-2023,Female,4
2161,PRY6,01-01-2023,Male,3
2161,PRY6,01-01-2023,Female,5
2162,ECCDE1,01-01-2023,Male,8
2162,ECCDE1,01-01-2023,Female,6
2162,ECCDE2,01-01-2023,Male,3
2162,ECCDE2,01-01-2023,Female,5
2162,ECCDE3,01-01-2023,Male,4
2162,ECCDE3,01-01-2023,Female,5
2162,PRY1,01-01-2023,Male,3
2162,PRY1,01-01-2023,Female,4
2162,PRY2,01-01-2023,Male,5
2162,PRY2,01-01-2023,Female,12
2162,PRY3,01-01-2023,Male,5
2162,PRY3,01-01-2023,Female,8
2162,PRY4,01-01-2023,Male,0
2162,PRY4,01-01-2023,Female,0
2162,PRY5,01-01-2023,Male,0
2162,PRY5,01-01-2023,Female,0
2162,PRY6,01-01-2023,Male,0
2162,PRY6,01-01-2023,Female,0
2163,ECCDE1,01-01-2023,Male,0
2163,ECCDE1,01-01-2023,Female,0
2163,ECCDE2,01-01-2023,Male,0
2163,ECCDE2,01-01-2023,Female,0
2163,ECCDE3,01-01-2023,Male,0
2163,ECCDE3,01-01-2023,Female,0
2163,PRY1,01-01-2023,Male,8
2163,PRY1,01-01-2023,Female,6
2163,PRY2,01-01-2023,Male,5
2163,PRY2,01-01-2023,Female,7
2163,PRY3,01-01-2023,Male,3
2163,PRY3,01-01-2023,Female,5
2163,PRY4,01-01-2023,Male,4
2163,PRY4,01-01-2023,Female,4
2163,PRY5,01-01-2023,Male,3
2163,PRY5,01-01-2023,Female,5
2163,PRY6,01-01-2023,Male,2
2163,PRY6,01-01-2023,Female,2
2164,ECCDE1,01-01-2023,Male,0
2164,ECCDE1,01-01-2023,Female,0
2164,ECCDE2,01-01-2023,Male,0
2164,ECCDE2,01-01-2023,Female,0
2164,ECCDE3,01-01-2023,Male,0
2164,ECCDE3,01-01-2023,Female,0
2164,PRY1,01-01-2023,Male,1
2164,PRY1,01-01-2023,Female,2
2164,PRY2,01-01-2023,Male,3
2164,PRY2,01-01-2023,Female,2
2164,PRY3,01-01-2023,Male,3
2164,PRY3,01-01-2023,Female,2
2164,PRY4,01-01-2023,Male,1
2164,PRY4,01-01-2023,Female,2
2164,PRY5,01-01-2023,Male,0
2164,PRY5,01-01-2023,Female,0
2164,PRY6,01-01-2023,Male,0
2164,PRY6,01-01-2023,Female,0
2165,ECCDE1,01-01-2023,Male,10
2165,ECCDE1,01-01-2023,Female,5
2165,ECCDE2,01-01-2023,Male,4
2165,ECCDE2,01-01-2023,Female,8
2165,ECCDE3,01-01-2023,Male,3
2165,ECCDE3,01-01-2023,Female,6
2165,PRY1,01-01-2023,Male,2
2165,PRY1,01-01-2023,Female,3
2165,PRY2,01-01-2023,Male,1
2165,PRY2,01-01-2023,Female,4
2165,PRY3,01-01-2023,Male,3
2165,PRY3,01-01-2023,Female,2
2165,PRY4,01-01-2023,Male,0
2165,PRY4,01-01-2023,Female,0
2165,PRY5,01-01-2023,Male,0
2165,PRY5,01-01-2023,Female,0
2165,PRY6,01-01-2023,Male,0
2165,PRY6,01-01-2023,Female,0
2166,ECCDE1,01-01-2023,Male,30
2166,ECCDE1,01-01-2023,Female,55
2166,ECCDE2,01-01-2023,Male,19
2166,ECCDE2,01-01-2023,Female,30
2166,ECCDE3,01-01-2023,Male,30
2166,ECCDE3,01-01-2023,Female,29
2166,PRY1,01-01-2023,Male,36
2166,PRY1,01-01-2023,Female,19
2166,PRY2,01-01-2023,Male,29
2166,PRY2,01-01-2023,Female,21
2166,PRY3,01-01-2023,Male,28
2166,PRY3,01-01-2023,Female,22
2166,PRY4,01-01-2023,Male,23
2166,PRY4,01-01-2023,Female,20
2166,PRY5,01-01-2023,Male,18
2166,PRY5,01-01-2023,Female,20
2166,PRY6,01-01-2023,Male,13
2166,PRY6,01-01-2023,Female,15
2167,ECCDE1,01-01-2023,Male,5
2167,ECCDE1,01-01-2023,Female,7
2167,ECCDE2,01-01-2023,Male,5
2167,ECCDE2,01-01-2023,Female,5
2167,ECCDE3,01-01-2023,Male,5
2167,ECCDE3,01-01-2023,Female,2
2167,PRY1,01-01-2023,Male,1
2167,PRY1,01-01-2023,Female,1
2167,PRY2,01-01-2023,Male,2
2167,PRY2,01-01-2023,Female,1
2167,PRY3,01-01-2023,Male,0
2167,PRY3,01-01-2023,Female,4
2167,PRY4,01-01-2023,Male,0
2167,PRY4,01-01-2023,Female,2
2167,PRY5,01-01-2023,Male,0
2167,PRY5,01-01-2023,Female,0
2167,PRY6,01-01-2023,Male,0
2167,PRY6,01-01-2023,Female,0
2168,ECCDE1,01-01-2023,Male,0
2168,ECCDE1,01-01-2023,Female,0
2168,ECCDE2,01-01-2023,Male,0
2168,ECCDE2,01-01-2023,Female,0
2168,ECCDE3,01-01-2023,Male,0
2168,ECCDE3,01-01-2023,Female,0
2168,PRY1,01-01-2023,Male,2
2168,PRY1,01-01-2023,Female,2
2168,PRY2,01-01-2023,Male,3
2168,PRY2,01-01-2023,Female,4
2168,PRY3,01-01-2023,Male,1
2168,PRY3,01-01-2023,Female,2
2168,PRY4,01-01-2023,Male,0
2168,PRY4,01-01-2023,Female,0
2168,PRY5,01-01-2023,Male,0
2168,PRY5,01-01-2023,Female,0
2168,PRY6,01-01-2023,Male,0
2168,PRY6,01-01-2023,Female,0
2169,ECCDE1,01-01-2023,Male,5
2169,ECCDE1,01-01-2023,Female,5
2169,ECCDE2,01-01-2023,Male,1
2169,ECCDE2,01-01-2023,Female,4
2169,ECCDE3,01-01-2023,Male,2
2169,ECCDE3,01-01-2023,Female,3
2169,PRY1,01-01-2023,Male,7
2169,PRY1,01-01-2023,Female,8
2169,PRY2,01-01-2023,Male,6
2169,PRY2,01-01-2023,Female,8
2169,PRY3,01-01-2023,Male,3
2169,PRY3,01-01-2023,Female,5
2169,PRY4,01-01-2023,Male,5
2169,PRY4,01-01-2023,Female,5
2169,PRY5,01-01-2023,Male,3
2169,PRY5,01-01-2023,Female,3
2169,PRY6,01-01-2023,Male,2
2169,PRY6,01-01-2023,Female,3
2170,ECCDE1,01-01-2023,Male,10
2170,ECCDE1,01-01-2023,Female,5
2170,ECCDE2,01-01-2023,Male,0
2170,ECCDE2,01-01-2023,Female,0
2170,ECCDE3,01-01-2023,Male,0
2170,ECCDE3,01-01-2023,Female,0
2170,PRY1,01-01-2023,Male,2
2170,PRY1,01-01-2023,Female,1
2170,PRY2,01-01-2023,Male,2
2170,PRY2,01-01-2023,Female,2
2170,PRY3,01-01-2023,Male,1
2170,PRY3,01-01-2023,Female,2
2170,PRY4,01-01-2023,Male,0
2170,PRY4,01-01-2023,Female,0
2170,PRY5,01-01-2023,Male,0
2170,PRY5,01-01-2023,Female,0
2170,PRY6,01-01-2023,Male,0
2170,PRY6,01-01-2023,Female,0
2171,ECCDE1,01-01-2023,Male,0
2171,ECCDE1,01-01-2023,Female,0
2171,ECCDE2,01-01-2023,Male,0
2171,ECCDE2,01-01-2023,Female,0
2171,ECCDE3,01-01-2023,Male,0
2171,ECCDE3,01-01-2023,Female,0
2171,PRY1,01-01-2023,Male,4
2171,PRY1,01-01-2023,Female,5
2171,PRY2,01-01-2023,Male,6
2171,PRY2,01-01-2023,Female,4
2171,PRY3,01-01-2023,Male,3
2171,PRY3,01-01-2023,Female,5
2171,PRY4,01-01-2023,Male,4
2171,PRY4,01-01-2023,Female,7
2171,PRY5,01-01-2023,Male,2
2171,PRY5,01-01-2023,Female,3
2171,PRY6,01-01-2023,Male,1
2171,PRY6,01-01-2023,Female,4
2172,ECCDE1,01-01-2023,Male,2
2172,ECCDE1,01-01-2023,Female,6
2172,ECCDE2,01-01-2023,Male,3
2172,ECCDE2,01-01-2023,Female,8
2172,ECCDE3,01-01-2023,Male,3
2172,ECCDE3,01-01-2023,Female,4
2172,PRY1,01-01-2023,Male,3
2172,PRY1,01-01-2023,Female,3
2172,PRY2,01-01-2023,Male,3
2172,PRY2,01-01-2023,Female,5
2172,PRY3,01-01-2023,Male,5
2172,PRY3,01-01-2023,Female,5
2172,PRY4,01-01-2023,Male,4
2172,PRY4,01-01-2023,Female,5
2172,PRY5,01-01-2023,Male,2
2172,PRY5,01-01-2023,Female,4
2172,PRY6,01-01-2023,Male,1
2172,PRY6,01-01-2023,Female,2
2173,ECCDE1,01-01-2023,Male,2
2173,ECCDE1,01-01-2023,Female,5
2173,ECCDE2,01-01-2023,Male,9
2173,ECCDE2,01-01-2023,Female,9
2173,ECCDE3,01-01-2023,Male,14
2173,ECCDE3,01-01-2023,Female,24
2173,PRY1,01-01-2023,Male,10
2173,PRY1,01-01-2023,Female,12
2173,PRY2,01-01-2023,Male,8
2173,PRY2,01-01-2023,Female,11
2173,PRY3,01-01-2023,Male,6
2173,PRY3,01-01-2023,Female,10
2173,PRY4,01-01-2023,Male,4
2173,PRY4,01-01-2023,Female,7
2173,PRY5,01-01-2023,Male,7
2173,PRY5,01-01-2023,Female,9
2173,PRY6,01-01-2023,Male,5
2173,PRY6,01-01-2023,Female,3
2174,ECCDE1,01-01-2023,Male,7
2174,ECCDE1,01-01-2023,Female,5
2174,ECCDE2,01-01-2023,Male,5
2174,ECCDE2,01-01-2023,Female,5
2174,ECCDE3,01-01-2023,Male,5
2174,ECCDE3,01-01-2023,Female,6
2174,PRY1,01-01-2023,Male,3
2174,PRY1,01-01-2023,Female,4
2174,PRY2,01-01-2023,Male,4
2174,PRY2,01-01-2023,Female,1
2174,PRY3,01-01-2023,Male,2
2174,PRY3,01-01-2023,Female,1
2174,PRY4,01-01-2023,Male,2
2174,PRY4,01-01-2023,Female,4
2174,PRY5,01-01-2023,Male,2
2174,PRY5,01-01-2023,Female,2
2174,PRY6,01-01-2023,Male,1
2174,PRY6,01-01-2023,Female,1
2175,ECCDE1,01-01-2023,Male,5
2175,ECCDE1,01-01-2023,Female,5
2175,ECCDE2,01-01-2023,Male,8
2175,ECCDE2,01-01-2023,Female,5
2175,ECCDE3,01-01-2023,Male,5
2175,ECCDE3,01-01-2023,Female,9
2175,PRY1,01-01-2023,Male,10
2175,PRY1,01-01-2023,Female,12
2175,PRY2,01-01-2023,Male,13
2175,PRY2,01-01-2023,Female,11
2175,PRY3,01-01-2023,Male,6
2175,PRY3,01-01-2023,Female,13
2175,PRY4,01-01-2023,Male,8
2175,PRY4,01-01-2023,Female,7
2175,PRY5,01-01-2023,Male,5
2175,PRY5,01-01-2023,Female,8
2175,PRY6,01-01-2023,Male,3
2175,PRY6,01-01-2023,Female,4
2176,ECCDE1,01-01-2023,Male,0
2176,ECCDE1,01-01-2023,Female,0
2176,ECCDE2,01-01-2023,Male,0
2176,ECCDE2,01-01-2023,Female,0
2176,ECCDE3,01-01-2023,Male,0
2176,ECCDE3,01-01-2023,Female,0
2176,PRY1,01-01-2023,Male,3
2176,PRY1,01-01-2023,Female,6
2176,PRY2,01-01-2023,Male,4
2176,PRY2,01-01-2023,Female,5
2176,PRY3,01-01-2023,Male,2
2176,PRY3,01-01-2023,Female,3
2176,PRY4,01-01-2023,Male,0
2176,PRY4,01-01-2023,Female,0
2176,PRY5,01-01-2023,Male,0
2176,PRY5,01-01-2023,Female,0
2176,PRY6,01-01-2023,Male,0
2176,PRY6,01-01-2023,Female,0
2177,ECCDE1,01-01-2023,Male,4
2177,ECCDE1,01-01-2023,Female,3
2177,ECCDE2,01-01-2023,Male,3
2177,ECCDE2,01-01-2023,Female,1
2177,ECCDE3,01-01-2023,Male,1
2177,ECCDE3,01-01-2023,Female,1
2177,PRY1,01-01-2023,Male,3
2177,PRY1,01-01-2023,Female,0
2177,PRY2,01-01-2023,Male,2
2177,PRY2,01-01-2023,Female,0
2177,PRY3,01-01-2023,Male,1
2177,PRY3,01-01-2023,Female,1
2177,PRY4,01-01-2023,Male,1
2177,PRY4,01-01-2023,Female,1
2177,PRY5,01-01-2023,Male,2
2177,PRY5,01-01-2023,Female,0
2177,PRY6,01-01-2023,Male,2
2177,PRY6,01-01-2023,Female,3
2178,ECCDE1,01-01-2023,Male,0
2178,ECCDE1,01-01-2023,Female,0
2178,ECCDE2,01-01-2023,Male,0
2178,ECCDE2,01-01-2023,Female,0
2178,ECCDE3,01-01-2023,Male,0
2178,ECCDE3,01-01-2023,Female,0
2178,PRY1,01-01-2023,Male,3
2178,PRY1,01-01-2023,Female,4
2178,PRY2,01-01-2023,Male,4
2178,PRY2,01-01-2023,Female,5
2178,PRY3,01-01-2023,Male,0
2178,PRY3,01-01-2023,Female,0
2178,PRY4,01-01-2023,Male,0
2178,PRY4,01-01-2023,Female,0
2178,PRY5,01-01-2023,Male,0
2178,PRY5,01-01-2023,Female,0
2178,PRY6,01-01-2023,Male,0
2178,PRY6,01-01-2023,Female,0
2179,ECCDE1,01-01-2023,Male,0
2179,ECCDE1,01-01-2023,Female,0
2179,ECCDE2,01-01-2023,Male,7
2179,ECCDE2,01-01-2023,Female,4
2179,ECCDE3,01-01-2023,Male,8
2179,ECCDE3,01-01-2023,Female,7
2179,PRY1,01-01-2023,Male,8
2179,PRY1,01-01-2023,Female,12
2179,PRY2,01-01-2023,Male,5
2179,PRY2,01-01-2023,Female,9
2179,PRY3,01-01-2023,Male,2
2179,PRY3,01-01-2023,Female,7
2179,PRY4,01-01-2023,Male,4
2179,PRY4,01-01-2023,Female,6
2179,PRY5,01-01-2023,Male,12
2179,PRY5,01-01-2023,Female,4
2179,PRY6,01-01-2023,Male,6
2179,PRY6,01-01-2023,Female,6
2180,ECCDE1,01-01-2023,Male,2
2180,ECCDE1,01-01-2023,Female,3
2180,ECCDE2,01-01-2023,Male,5
2180,ECCDE2,01-01-2023,Female,5
2180,ECCDE3,01-01-2023,Male,2
2180,ECCDE3,01-01-2023,Female,1
2180,PRY1,01-01-2023,Male,2
2180,PRY1,01-01-2023,Female,3
2180,PRY2,01-01-2023,Male,3
2180,PRY2,01-01-2023,Female,4
2180,PRY3,01-01-2023,Male,4
2180,PRY3,01-01-2023,Female,4
2180,PRY4,01-01-2023,Male,3
2180,PRY4,01-01-2023,Female,2
2180,PRY5,01-01-2023,Male,0
2180,PRY5,01-01-2023,Female,5
2180,PRY6,01-01-2023,Male,4
2180,PRY6,01-01-2023,Female,3
2181,ECCDE1,01-01-2023,Male,0
2181,ECCDE1,01-01-2023,Female,0
2181,ECCDE2,01-01-2023,Male,0
2181,ECCDE2,01-01-2023,Female,0
2181,ECCDE3,01-01-2023,Male,0
2181,ECCDE3,01-01-2023,Female,0
2181,PRY1,01-01-2023,Male,3
2181,PRY1,01-01-2023,Female,2
2181,PRY2,01-01-2023,Male,4
2181,PRY2,01-01-2023,Female,4
2181,PRY3,01-01-2023,Male,2
2181,PRY3,01-01-2023,Female,2
2181,PRY4,01-01-2023,Male,0
2181,PRY4,01-01-2023,Female,0
2181,PRY5,01-01-2023,Male,0
2181,PRY5,01-01-2023,Female,0
2181,PRY6,01-01-2023,Male,0
2181,PRY6,01-01-2023,Female,0
2182,ECCDE1,01-01-2023,Male,0
2182,ECCDE1,01-01-2023,Female,0
2182,ECCDE2,01-01-2023,Male,0
2182,ECCDE2,01-01-2023,Female,0
2182,ECCDE3,01-01-2023,Male,0
2182,ECCDE3,01-01-2023,Female,0
2182,PRY1,01-01-2023,Male,6
2182,PRY1,01-01-2023,Female,6
2182,PRY2,01-01-2023,Male,5
2182,PRY2,01-01-2023,Female,5
2182,PRY3,01-01-2023,Male,4
2182,PRY3,01-01-2023,Female,6
2182,PRY4,01-01-2023,Male,5
2182,PRY4,01-01-2023,Female,6
2182,PRY5,01-01-2023,Male,0
2182,PRY5,01-01-2023,Female,0
2182,PRY6,01-01-2023,Male,0
2182,PRY6,01-01-2023,Female,0
2183,ECCDE1,01-01-2023,Male,4
2183,ECCDE1,01-01-2023,Female,6
2183,ECCDE2,01-01-2023,Male,0
2183,ECCDE2,01-01-2023,Female,0
2183,ECCDE3,01-01-2023,Male,0
2183,ECCDE3,01-01-2023,Female,0
2183,PRY1,01-01-2023,Male,4
2183,PRY1,01-01-2023,Female,2
2183,PRY2,01-01-2023,Male,3
2183,PRY2,01-01-2023,Female,5
2183,PRY3,01-01-2023,Male,5
2183,PRY3,01-01-2023,Female,7
2183,PRY4,01-01-2023,Male,0
2183,PRY4,01-01-2023,Female,0
2183,PRY5,01-01-2023,Male,0
2183,PRY5,01-01-2023,Female,0
2183,PRY6,01-01-2023,Male,0
2183,PRY6,01-01-2023,Female,0
2184,ECCDE1,01-01-2023,Male,10
2184,ECCDE1,01-01-2023,Female,5
2184,ECCDE2,01-01-2023,Male,5
2184,ECCDE2,01-01-2023,Female,5
2184,ECCDE3,01-01-2023,Male,5
2184,ECCDE3,01-01-2023,Female,10
2184,PRY1,01-01-2023,Male,5
2184,PRY1,01-01-2023,Female,2
2184,PRY2,01-01-2023,Male,4
2184,PRY2,01-01-2023,Female,5
2184,PRY3,01-01-2023,Male,4
2184,PRY3,01-01-2023,Female,2
2184,PRY4,01-01-2023,Male,4
2184,PRY4,01-01-2023,Female,4
2184,PRY5,01-01-2023,Male,0
2184,PRY5,01-01-2023,Female,0
2184,PRY6,01-01-2023,Male,0
2184,PRY6,01-01-2023,Female,0
2185,ECCDE1,01-01-2023,Male,10
2185,ECCDE1,01-01-2023,Female,12
2185,ECCDE2,01-01-2023,Male,0
2185,ECCDE2,01-01-2023,Female,0
2185,ECCDE3,01-01-2023,Male,0
2185,ECCDE3,01-01-2023,Female,0
2185,PRY1,01-01-2023,Male,12
2185,PRY1,01-01-2023,Female,14
2185,PRY2,01-01-2023,Male,11
2185,PRY2,01-01-2023,Female,10
2185,PRY3,01-01-2023,Male,9
2185,PRY3,01-01-2023,Female,13
2185,PRY4,01-01-2023,Male,7
2185,PRY4,01-01-2023,Female,11
2185,PRY5,01-01-2023,Male,6
2185,PRY5,01-01-2023,Female,7
2185,PRY6,01-01-2023,Male,0
2185,PRY6,01-01-2023,Female,0
2186,ECCDE1,01-01-2023,Male,0
2186,ECCDE1,01-01-2023,Female,0
2186,ECCDE2,01-01-2023,Male,0
2186,ECCDE2,01-01-2023,Female,0
2186,ECCDE3,01-01-2023,Male,0
2186,ECCDE3,01-01-2023,Female,0
2186,PRY1,01-01-2023,Male,3
2186,PRY1,01-01-2023,Female,2
2186,PRY2,01-01-2023,Male,6
2186,PRY2,01-01-2023,Female,5
2186,PRY3,01-01-2023,Male,2
2186,PRY3,01-01-2023,Female,2
2186,PRY4,01-01-2023,Male,0
2186,PRY4,01-01-2023,Female,0
2186,PRY5,01-01-2023,Male,0
2186,PRY5,01-01-2023,Female,0
2186,PRY6,01-01-2023,Male,0
2186,PRY6,01-01-2023,Female,0
2187,ECCDE1,01-01-2023,Male,8
2187,ECCDE1,01-01-2023,Female,2
2187,ECCDE2,01-01-2023,Male,4
2187,ECCDE2,01-01-2023,Female,4
2187,ECCDE3,01-01-2023,Male,5
2187,ECCDE3,01-01-2023,Female,5
2187,PRY1,01-01-2023,Male,10
2187,PRY1,01-01-2023,Female,5
2187,PRY2,01-01-2023,Male,8
2187,PRY2,01-01-2023,Female,2
2187,PRY3,01-01-2023,Male,5
2187,PRY3,01-01-2023,Female,5
2187,PRY4,01-01-2023,Male,7
2187,PRY4,01-01-2023,Female,3
2187,PRY5,01-01-2023,Male,0
2187,PRY5,01-01-2023,Female,0
2187,PRY6,01-01-2023,Male,0
2187,PRY6,01-01-2023,Female,0
2188,ECCDE1,01-01-2023,Male,3
2188,ECCDE1,01-01-2023,Female,2
2188,ECCDE2,01-01-2023,Male,1
2188,ECCDE2,01-01-2023,Female,3
2188,ECCDE3,01-01-2023,Male,1
2188,ECCDE3,01-01-2023,Female,3
2188,PRY1,01-01-2023,Male,2
2188,PRY1,01-01-2023,Female,2
2188,PRY2,01-01-2023,Male,0
2188,PRY2,01-01-2023,Female,4
2188,PRY3,01-01-2023,Male,4
2188,PRY3,01-01-2023,Female,1
2188,PRY4,01-01-2023,Male,0
2188,PRY4,01-01-2023,Female,0
2188,PRY5,01-01-2023,Male,0
2188,PRY5,01-01-2023,Female,0
2188,PRY6,01-01-2023,Male,0
2188,PRY6,01-01-2023,Female,0
2189,ECCDE1,01-01-2023,Male,18
2189,ECCDE1,01-01-2023,Female,18
2189,ECCDE2,01-01-2023,Male,9
2189,ECCDE2,01-01-2023,Female,10
2189,ECCDE3,01-01-2023,Male,16
2189,ECCDE3,01-01-2023,Female,12
2189,PRY1,01-01-2023,Male,19
2189,PRY1,01-01-2023,Female,13
2189,PRY2,01-01-2023,Male,13
2189,PRY2,01-01-2023,Female,9
2189,PRY3,01-01-2023,Male,15
2189,PRY3,01-01-2023,Female,20
2189,PRY4,01-01-2023,Male,21
2189,PRY4,01-01-2023,Female,6
2189,PRY5,01-01-2023,Male,17
2189,PRY5,01-01-2023,Female,12
2189,PRY6,01-01-2023,Male,18
2189,PRY6,01-01-2023,Female,6
2190,ECCDE1,01-01-2023,Male,40
2190,ECCDE1,01-01-2023,Female,27
2190,ECCDE2,01-01-2023,Male,16
2190,ECCDE2,01-01-2023,Female,19
2190,ECCDE3,01-01-2023,Male,26
2190,ECCDE3,01-01-2023,Female,13
2190,PRY1,01-01-2023,Male,32
2190,PRY1,01-01-2023,Female,19
2190,PRY2,01-01-2023,Male,34
2190,PRY2,01-01-2023,Female,24
2190,PRY3,01-01-2023,Male,27
2190,PRY3,01-01-2023,Female,25
2190,PRY4,01-01-2023,Male,3
2190,PRY4,01-01-2023,Female,28
2190,PRY5,01-01-2023,Male,19
2190,PRY5,01-01-2023,Female,22
2190,PRY6,01-01-2023,Male,21
2190,PRY6,01-01-2023,Female,25
2191,ECCDE1,01-01-2023,Male,21
2191,ECCDE1,01-01-2023,Female,28
2191,ECCDE2,01-01-2023,Male,24
2191,ECCDE2,01-01-2023,Female,30
2191,ECCDE3,01-01-2023,Male,27
2191,ECCDE3,01-01-2023,Female,15
2191,PRY1,01-01-2023,Male,24
2191,PRY1,01-01-2023,Female,24
2191,PRY2,01-01-2023,Male,25
2191,PRY2,01-01-2023,Female,24
2191,PRY3,01-01-2023,Male,35
2191,PRY3,01-01-2023,Female,25
2191,PRY4,01-01-2023,Male,30
2191,PRY4,01-01-2023,Female,22
2191,PRY5,01-01-2023,Male,27
2191,PRY5,01-01-2023,Female,28
2191,PRY6,01-01-2023,Male,28
2191,PRY6,01-01-2023,Female,16
2192,ECCDE1,01-01-2023,Male,14
2192,ECCDE1,01-01-2023,Female,16
2192,ECCDE2,01-01-2023,Male,11
2192,ECCDE2,01-01-2023,Female,4
2192,ECCDE3,01-01-2023,Male,18
2192,ECCDE3,01-01-2023,Female,9
2192,PRY1,01-01-2023,Male,10
2192,PRY1,01-01-2023,Female,6
2192,PRY2,01-01-2023,Male,10
2192,PRY2,01-01-2023,Female,9
2192,PRY3,01-01-2023,Male,11
2192,PRY3,01-01-2023,Female,11
2192,PRY4,01-01-2023,Male,16
2192,PRY4,01-01-2023,Female,6
2192,PRY5,01-01-2023,Male,22
2192,PRY5,01-01-2023,Female,7
2192,PRY6,01-01-2023,Male,7
2192,PRY6,01-01-2023,Female,9
2193,ECCDE1,01-01-2023,Male,25
2193,ECCDE1,01-01-2023,Female,29
2193,ECCDE2,01-01-2023,Male,27
2193,ECCDE2,01-01-2023,Female,17
2193,ECCDE3,01-01-2023,Male,28
2193,ECCDE3,01-01-2023,Female,25
2193,PRY1,01-01-2023,Male,36
2193,PRY1,01-01-2023,Female,27
2193,PRY2,01-01-2023,Male,38
2193,PRY2,01-01-2023,Female,27
2193,PRY3,01-01-2023,Male,33
2193,PRY3,01-01-2023,Female,32
2193,PRY4,01-01-2023,Male,38
2193,PRY4,01-01-2023,Female,31
2193,PRY5,01-01-2023,Male,28
2193,PRY5,01-01-2023,Female,30
2193,PRY6,01-01-2023,Male,32
2193,PRY6,01-01-2023,Female,21
2194,ECCDE1,01-01-2023,Male,28
2194,ECCDE1,01-01-2023,Female,23
2194,ECCDE2,01-01-2023,Male,15
2194,ECCDE2,01-01-2023,Female,17
2194,ECCDE3,01-01-2023,Male,17
2194,ECCDE3,01-01-2023,Female,17
2194,PRY1,01-01-2023,Male,18
2194,PRY1,01-01-2023,Female,13
2194,PRY2,01-01-2023,Male,21
2194,PRY2,01-01-2023,Female,16
2194,PRY3,01-01-2023,Male,17
2194,PRY3,01-01-2023,Female,22
2194,PRY4,01-01-2023,Male,22
2194,PRY4,01-01-2023,Female,19
2194,PRY5,01-01-2023,Male,16
2194,PRY5,01-01-2023,Female,7
2194,PRY6,01-01-2023,Male,14
2194,PRY6,01-01-2023,Female,16
2195,ECCDE1,01-01-2023,Male,21
2195,ECCDE1,01-01-2023,Female,19
2195,ECCDE2,01-01-2023,Male,23
2195,ECCDE2,01-01-2023,Female,11
2195,ECCDE3,01-01-2023,Male,27
2195,ECCDE3,01-01-2023,Female,14
2195,PRY1,01-01-2023,Male,13
2195,PRY1,01-01-2023,Female,15
2195,PRY2,01-01-2023,Male,20
2195,PRY2,01-01-2023,Female,18
2195,PRY3,01-01-2023,Male,33
2195,PRY3,01-01-2023,Female,26
2195,PRY4,01-01-2023,Male,22
2195,PRY4,01-01-2023,Female,14
2195,PRY5,01-01-2023,Male,28
2195,PRY5,01-01-2023,Female,12
2195,PRY6,01-01-2023,Male,20
2195,PRY6,01-01-2023,Female,20
2196,ECCDE1,01-01-2023,Male,13
2196,ECCDE1,01-01-2023,Female,11
2196,ECCDE2,01-01-2023,Male,10
2196,ECCDE2,01-01-2023,Female,14
2196,ECCDE3,01-01-2023,Male,3
2196,ECCDE3,01-01-2023,Female,5
2196,PRY1,01-01-2023,Male,8
2196,PRY1,01-01-2023,Female,7
2196,PRY2,01-01-2023,Male,9
2196,PRY2,01-01-2023,Female,6
2196,PRY3,01-01-2023,Male,10
2196,PRY3,01-01-2023,Female,7
2196,PRY4,01-01-2023,Male,7
2196,PRY4,01-01-2023,Female,6
2196,PRY5,01-01-2023,Male,10
2196,PRY5,01-01-2023,Female,14
2196,PRY6,01-01-2023,Male,12
2196,PRY6,01-01-2023,Female,6
2197,ECCDE1,01-01-2023,Male,5
2197,ECCDE1,01-01-2023,Female,14
2197,ECCDE2,01-01-2023,Male,6
2197,ECCDE2,01-01-2023,Female,4
2197,ECCDE3,01-01-2023,Male,4
2197,ECCDE3,01-01-2023,Female,5
2197,PRY1,01-01-2023,Male,3
2197,PRY1,01-01-2023,Female,5
2197,PRY2,01-01-2023,Male,3
2197,PRY2,01-01-2023,Female,3
2197,PRY3,01-01-2023,Male,3
2197,PRY3,01-01-2023,Female,9
2197,PRY4,01-01-2023,Male,11
2197,PRY4,01-01-2023,Female,5
2197,PRY5,01-01-2023,Male,4
2197,PRY5,01-01-2023,Female,5
2197,PRY6,01-01-2023,Male,2
2197,PRY6,01-01-2023,Female,6
2198,ECCDE1,01-01-2023,Male,10
2198,ECCDE1,01-01-2023,Female,5
2198,ECCDE2,01-01-2023,Male,7
2198,ECCDE2,01-01-2023,Female,7
2198,ECCDE3,01-01-2023,Male,6
2198,ECCDE3,01-01-2023,Female,6
2198,PRY1,01-01-2023,Male,5
2198,PRY1,01-01-2023,Female,5
2198,PRY2,01-01-2023,Male,4
2198,PRY2,01-01-2023,Female,4
2198,PRY3,01-01-2023,Male,11
2198,PRY3,01-01-2023,Female,3
2198,PRY4,01-01-2023,Male,5
2198,PRY4,01-01-2023,Female,5
2198,PRY5,01-01-2023,Male,8
2198,PRY5,01-01-2023,Female,8
2198,PRY6,01-01-2023,Male,9
2198,PRY6,01-01-2023,Female,2
2199,ECCDE1,01-01-2023,Male,28
2199,ECCDE1,01-01-2023,Female,21
2199,ECCDE2,01-01-2023,Male,15
2199,ECCDE2,01-01-2023,Female,9
2199,ECCDE3,01-01-2023,Male,18
2199,ECCDE3,01-01-2023,Female,8
2199,PRY1,01-01-2023,Male,10
2199,PRY1,01-01-2023,Female,14
2199,PRY2,01-01-2023,Male,6
2199,PRY2,01-01-2023,Female,8
2199,PRY3,01-01-2023,Male,12
2199,PRY3,01-01-2023,Female,8
2199,PRY4,01-01-2023,Male,23
2199,PRY4,01-01-2023,Female,10
2199,PRY5,01-01-2023,Male,18
2199,PRY5,01-01-2023,Female,11
2199,PRY6,01-01-2023,Male,21
2199,PRY6,01-01-2023,Female,11
2200,ECCDE1,01-01-2023,Male,21
2200,ECCDE1,01-01-2023,Female,23
2200,ECCDE2,01-01-2023,Male,10
2200,ECCDE2,01-01-2023,Female,9
2200,ECCDE3,01-01-2023,Male,13
2200,ECCDE3,01-01-2023,Female,11
2200,PRY1,01-01-2023,Male,17
2200,PRY1,01-01-2023,Female,8
2200,PRY2,01-01-2023,Male,18
2200,PRY2,01-01-2023,Female,16
2200,PRY3,01-01-2023,Male,30
2200,PRY3,01-01-2023,Female,16
2200,PRY4,01-01-2023,Male,22
2200,PRY4,01-01-2023,Female,13
2200,PRY5,01-01-2023,Male,22
2200,PRY5,01-01-2023,Female,17
2200,PRY6,01-01-2023,Male,15
2200,PRY6,01-01-2023,Female,20
2201,ECCDE1,01-01-2023,Male,17
2201,ECCDE1,01-01-2023,Female,17
2201,ECCDE2,01-01-2023,Male,5
2201,ECCDE2,01-01-2023,Female,6
2201,ECCDE3,01-01-2023,Male,4
2201,ECCDE3,01-01-2023,Female,5
2201,PRY1,01-01-2023,Male,4
2201,PRY1,01-01-2023,Female,7
2201,PRY2,01-01-2023,Male,8
2201,PRY2,01-01-2023,Female,8
2201,PRY3,01-01-2023,Male,6
2201,PRY3,01-01-2023,Female,15
2201,PRY4,01-01-2023,Male,9
2201,PRY4,01-01-2023,Female,10
2201,PRY5,01-01-2023,Male,6
2201,PRY5,01-01-2023,Female,8
2201,PRY6,01-01-2023,Male,12
2201,PRY6,01-01-2023,Female,4
2202,ECCDE1,01-01-2023,Male,1
2202,ECCDE1,01-01-2023,Female,7
2202,ECCDE2,01-01-2023,Male,6
2202,ECCDE2,01-01-2023,Female,11
2202,ECCDE3,01-01-2023,Male,5
2202,ECCDE3,01-01-2023,Female,6
2202,PRY1,01-01-2023,Male,7
2202,PRY1,01-01-2023,Female,4
2202,PRY2,01-01-2023,Male,7
2202,PRY2,01-01-2023,Female,7
2202,PRY3,01-01-2023,Male,5
2202,PRY3,01-01-2023,Female,4
2202,PRY4,01-01-2023,Male,7
2202,PRY4,01-01-2023,Female,5
2202,PRY5,01-01-2023,Male,9
2202,PRY5,01-01-2023,Female,7
2202,PRY6,01-01-2023,Male,8
2202,PRY6,01-01-2023,Female,10
2203,ECCDE1,01-01-2023,Male,19
2203,ECCDE1,01-01-2023,Female,12
2203,ECCDE2,01-01-2023,Male,11
2203,ECCDE2,01-01-2023,Female,11
2203,ECCDE3,01-01-2023,Male,8
2203,ECCDE3,01-01-2023,Female,8
2203,PRY1,01-01-2023,Male,8
2203,PRY1,01-01-2023,Female,13
2203,PRY2,01-01-2023,Male,7
2203,PRY2,01-01-2023,Female,8
2203,PRY3,01-01-2023,Male,5
2203,PRY3,01-01-2023,Female,9
2203,PRY4,01-01-2023,Male,16
2203,PRY4,01-01-2023,Female,6
2203,PRY5,01-01-2023,Male,15
2203,PRY5,01-01-2023,Female,8
2203,PRY6,01-01-2023,Male,11
2203,PRY6,01-01-2023,Female,12
2204,ECCDE1,01-01-2023,Male,13
2204,ECCDE1,01-01-2023,Female,13
2204,ECCDE2,01-01-2023,Male,7
2204,ECCDE2,01-01-2023,Female,5
2204,ECCDE3,01-01-2023,Male,8
2204,ECCDE3,01-01-2023,Female,4
2204,PRY1,01-01-2023,Male,5
2204,PRY1,01-01-2023,Female,6
2204,PRY2,01-01-2023,Male,5
2204,PRY2,01-01-2023,Female,4
2204,PRY3,01-01-2023,Male,9
2204,PRY3,01-01-2023,Female,8
2204,PRY4,01-01-2023,Male,5
2204,PRY4,01-01-2023,Female,5
2204,PRY5,01-01-2023,Male,8
2204,PRY5,01-01-2023,Female,6
2204,PRY6,01-01-2023,Male,7
2204,PRY6,01-01-2023,Female,4
2205,ECCDE1,01-01-2023,Male,19
2205,ECCDE1,01-01-2023,Female,24
2205,ECCDE2,01-01-2023,Male,28
2205,ECCDE2,01-01-2023,Female,21
2205,ECCDE3,01-01-2023,Male,22
2205,ECCDE3,01-01-2023,Female,26
2205,PRY1,01-01-2023,Male,22
2205,PRY1,01-01-2023,Female,26
2205,PRY2,01-01-2023,Male,24
2205,PRY2,01-01-2023,Female,21
2205,PRY3,01-01-2023,Male,24
2205,PRY3,01-01-2023,Female,24
2205,PRY4,01-01-2023,Male,28
2205,PRY4,01-01-2023,Female,22
2205,PRY5,01-01-2023,Male,32
2205,PRY5,01-01-2023,Female,24
2205,PRY6,01-01-2023,Male,20
2205,PRY6,01-01-2023,Female,27
2206,ECCDE1,01-01-2023,Male,19
2206,ECCDE1,01-01-2023,Female,20
2206,ECCDE2,01-01-2023,Male,9
2206,ECCDE2,01-01-2023,Female,11
2206,ECCDE3,01-01-2023,Male,11
2206,ECCDE3,01-01-2023,Female,9
2206,PRY1,01-01-2023,Male,8
2206,PRY1,01-01-2023,Female,6
2206,PRY2,01-01-2023,Male,8
2206,PRY2,01-01-2023,Female,8
2206,PRY3,01-01-2023,Male,7
2206,PRY3,01-01-2023,Female,7
2206,PRY4,01-01-2023,Male,19
2206,PRY4,01-01-2023,Female,13
2206,PRY5,01-01-2023,Male,11
2206,PRY5,01-01-2023,Female,8
2206,PRY6,01-01-2023,Male,9
2206,PRY6,01-01-2023,Female,11
2207,ECCDE1,01-01-2023,Male,17
2207,ECCDE1,01-01-2023,Female,22
2207,ECCDE2,01-01-2023,Male,13
2207,ECCDE2,01-01-2023,Female,9
2207,ECCDE3,01-01-2023,Male,4
2207,ECCDE3,01-01-2023,Female,10
2207,PRY1,01-01-2023,Male,10
2207,PRY1,01-01-2023,Female,12
2207,PRY2,01-01-2023,Male,18
2207,PRY2,01-01-2023,Female,6
2207,PRY3,01-01-2023,Male,10
2207,PRY3,01-01-2023,Female,7
2207,PRY4,01-01-2023,Male,9
2207,PRY4,01-01-2023,Female,12
2207,PRY5,01-01-2023,Male,9
2207,PRY5,01-01-2023,Female,3
2207,PRY6,01-01-2023,Male,7
2207,PRY6,01-01-2023,Female,10
2208,ECCDE1,01-01-2023,Male,8
2208,ECCDE1,01-01-2023,Female,3
2208,ECCDE2,01-01-2023,Male,4
2208,ECCDE2,01-01-2023,Female,3
2208,ECCDE3,01-01-2023,Male,4
2208,ECCDE3,01-01-2023,Female,3
2208,PRY1,01-01-2023,Male,5
2208,PRY1,01-01-2023,Female,5
2208,PRY2,01-01-2023,Male,7
2208,PRY2,01-01-2023,Female,7
2208,PRY3,01-01-2023,Male,10
2208,PRY3,01-01-2023,Female,3
2208,PRY4,01-01-2023,Male,5
2208,PRY4,01-01-2023,Female,5
2208,PRY5,01-01-2023,Male,8
2208,PRY5,01-01-2023,Female,8
2208,PRY6,01-01-2023,Male,1
2208,PRY6,01-01-2023,Female,1
2209,ECCDE1,01-01-2023,Male,13
2209,ECCDE1,01-01-2023,Female,21
2209,ECCDE2,01-01-2023,Male,4
2209,ECCDE2,01-01-2023,Female,16
2209,ECCDE3,01-01-2023,Male,6
2209,ECCDE3,01-01-2023,Female,12
2209,PRY1,01-01-2023,Male,7
2209,PRY1,01-01-2023,Female,14
2209,PRY2,01-01-2023,Male,13
2209,PRY2,01-01-2023,Female,7
2209,PRY3,01-01-2023,Male,8
2209,PRY3,01-01-2023,Female,11
2209,PRY4,01-01-2023,Male,9
2209,PRY4,01-01-2023,Female,7
2209,PRY5,01-01-2023,Male,9
2209,PRY5,01-01-2023,Female,5
2209,PRY6,01-01-2023,Male,10
2209,PRY6,01-01-2023,Female,8
2210,ECCDE1,01-01-2023,Male,4
2210,ECCDE1,01-01-2023,Female,3
2210,ECCDE2,01-01-2023,Male,4
2210,ECCDE2,01-01-2023,Female,6
2210,ECCDE3,01-01-2023,Male,7
2210,ECCDE3,01-01-2023,Female,4
2210,PRY1,01-01-2023,Male,10
2210,PRY1,01-01-2023,Female,10
2210,PRY2,01-01-2023,Male,10
2210,PRY2,01-01-2023,Female,8
2210,PRY3,01-01-2023,Male,10
2210,PRY3,01-01-2023,Female,7
2210,PRY4,01-01-2023,Male,11
2210,PRY4,01-01-2023,Female,13
2210,PRY5,01-01-2023,Male,18
2210,PRY5,01-01-2023,Female,11
2210,PRY6,01-01-2023,Male,13
2210,PRY6,01-01-2023,Female,15
2211,ECCDE1,01-01-2023,Male,36
2211,ECCDE1,01-01-2023,Female,31
2211,ECCDE2,01-01-2023,Male,16
2211,ECCDE2,01-01-2023,Female,16
2211,ECCDE3,01-01-2023,Male,11
2211,ECCDE3,01-01-2023,Female,11
2211,PRY1,01-01-2023,Male,12
2211,PRY1,01-01-2023,Female,18
2211,PRY2,01-01-2023,Male,8
2211,PRY2,01-01-2023,Female,20
2211,PRY3,01-01-2023,Male,21
2211,PRY3,01-01-2023,Female,13
2211,PRY4,01-01-2023,Male,15
2211,PRY4,01-01-2023,Female,14
2211,PRY5,01-01-2023,Male,14
2211,PRY5,01-01-2023,Female,18
2211,PRY6,01-01-2023,Male,14
2211,PRY6,01-01-2023,Female,15
2212,ECCDE1,01-01-2023,Male,10
2212,ECCDE1,01-01-2023,Female,12
2212,ECCDE2,01-01-2023,Male,10
2212,ECCDE2,01-01-2023,Female,13
2212,ECCDE3,01-01-2023,Male,16
2212,ECCDE3,01-01-2023,Female,18
2212,PRY1,01-01-2023,Male,10
2212,PRY1,01-01-2023,Female,13
2212,PRY2,01-01-2023,Male,14
2212,PRY2,01-01-2023,Female,6
2212,PRY3,01-01-2023,Male,9
2212,PRY3,01-01-2023,Female,11
2212,PRY4,01-01-2023,Male,8
2212,PRY4,01-01-2023,Female,6
2212,PRY5,01-01-2023,Male,6
2212,PRY5,01-01-2023,Female,6
2212,PRY6,01-01-2023,Male,11
2212,PRY6,01-01-2023,Female,8
2213,ECCDE1,01-01-2023,Male,22
2213,ECCDE1,01-01-2023,Female,29
2213,ECCDE2,01-01-2023,Male,10
2213,ECCDE2,01-01-2023,Female,13
2213,ECCDE3,01-01-2023,Male,7
2213,ECCDE3,01-01-2023,Female,11
2213,PRY1,01-01-2023,Male,15
2213,PRY1,01-01-2023,Female,16
2213,PRY2,01-01-2023,Male,13
2213,PRY2,01-01-2023,Female,8
2213,PRY3,01-01-2023,Male,13
2213,PRY3,01-01-2023,Female,17
2213,PRY4,01-01-2023,Male,13
2213,PRY4,01-01-2023,Female,8
2213,PRY5,01-01-2023,Male,16
2213,PRY5,01-01-2023,Female,15
2213,PRY6,01-01-2023,Male,14
2213,PRY6,01-01-2023,Female,21
2214,ECCDE1,01-01-2023,Male,14
2214,ECCDE1,01-01-2023,Female,13
2214,ECCDE2,01-01-2023,Male,8
2214,ECCDE2,01-01-2023,Female,12
2214,ECCDE3,01-01-2023,Male,10
2214,ECCDE3,01-01-2023,Female,10
2214,PRY1,01-01-2023,Male,11
2214,PRY1,01-01-2023,Female,11
2214,PRY2,01-01-2023,Male,7
2214,PRY2,01-01-2023,Female,9
2214,PRY3,01-01-2023,Male,13
2214,PRY3,01-01-2023,Female,8
2214,PRY4,01-01-2023,Male,12
2214,PRY4,01-01-2023,Female,5
2214,PRY5,01-01-2023,Male,7
2214,PRY5,01-01-2023,Female,5
2214,PRY6,01-01-2023,Male,10
2214,PRY6,01-01-2023,Female,3
2215,ECCDE1,01-01-2023,Male,19
2215,ECCDE1,01-01-2023,Female,16
2215,ECCDE2,01-01-2023,Male,10
2215,ECCDE2,01-01-2023,Female,10
2215,ECCDE3,01-01-2023,Male,11
2215,ECCDE3,01-01-2023,Female,15
2215,PRY1,01-01-2023,Male,14
2215,PRY1,01-01-2023,Female,15
2215,PRY2,01-01-2023,Male,16
2215,PRY2,01-01-2023,Female,14
2215,PRY3,01-01-2023,Male,10
2215,PRY3,01-01-2023,Female,18
2215,PRY4,01-01-2023,Male,18
2215,PRY4,01-01-2023,Female,12
2215,PRY5,01-01-2023,Male,14
2215,PRY5,01-01-2023,Female,12
2215,PRY6,01-01-2023,Male,9
2215,PRY6,01-01-2023,Female,6
2216,ECCDE1,01-01-2023,Male,23
2216,ECCDE1,01-01-2023,Female,27
2216,ECCDE2,01-01-2023,Male,18
2216,ECCDE2,01-01-2023,Female,3
2216,ECCDE3,01-01-2023,Male,10
2216,ECCDE3,01-01-2023,Female,9
2216,PRY1,01-01-2023,Male,11
2216,PRY1,01-01-2023,Female,10
2216,PRY2,01-01-2023,Male,12
2216,PRY2,01-01-2023,Female,12
2216,PRY3,01-01-2023,Male,7
2216,PRY3,01-01-2023,Female,9
2216,PRY4,01-01-2023,Male,18
2216,PRY4,01-01-2023,Female,4
2216,PRY5,01-01-2023,Male,7
2216,PRY5,01-01-2023,Female,6
2216,PRY6,01-01-2023,Male,8
2216,PRY6,01-01-2023,Female,7
2217,ECCDE1,01-01-2023,Male,30
2217,ECCDE1,01-01-2023,Female,11
2217,ECCDE2,01-01-2023,Male,8
2217,ECCDE2,01-01-2023,Female,7
2217,ECCDE3,01-01-2023,Male,6
2217,ECCDE3,01-01-2023,Female,3
2217,PRY1,01-01-2023,Male,8
2217,PRY1,01-01-2023,Female,4
2217,PRY2,01-01-2023,Male,17
2217,PRY2,01-01-2023,Female,5
2217,PRY3,01-01-2023,Male,20
2217,PRY3,01-01-2023,Female,8
2217,PRY4,01-01-2023,Male,17
2217,PRY4,01-01-2023,Female,8
2217,PRY5,01-01-2023,Male,14
2217,PRY5,01-01-2023,Female,12
2217,PRY6,01-01-2023,Male,23
2217,PRY6,01-01-2023,Female,9
2218,ECCDE1,01-01-2023,Male,4
2218,ECCDE1,01-01-2023,Female,11
2218,ECCDE2,01-01-2023,Male,3
2218,ECCDE2,01-01-2023,Female,3
2218,ECCDE3,01-01-2023,Male,6
2218,ECCDE3,01-01-2023,Female,1
2218,PRY1,01-01-2023,Male,6
2218,PRY1,01-01-2023,Female,2
2218,PRY2,01-01-2023,Male,3
2218,PRY2,01-01-2023,Female,2
2218,PRY3,01-01-2023,Male,2
2218,PRY3,01-01-2023,Female,1
2218,PRY4,01-01-2023,Male,4
2218,PRY4,01-01-2023,Female,4
2218,PRY5,01-01-2023,Male,12
2218,PRY5,01-01-2023,Female,0
2218,PRY6,01-01-2023,Male,8
2218,PRY6,01-01-2023,Female,2
2219,ECCDE1,01-01-2023,Male,16
2219,ECCDE1,01-01-2023,Female,12
2219,ECCDE2,01-01-2023,Male,9
2219,ECCDE2,01-01-2023,Female,7
2219,ECCDE3,01-01-2023,Male,5
2219,ECCDE3,01-01-2023,Female,4
2219,PRY1,01-01-2023,Male,7
2219,PRY1,01-01-2023,Female,6
2219,PRY2,01-01-2023,Male,10
2219,PRY2,01-01-2023,Female,8
2219,PRY3,01-01-2023,Male,13
2219,PRY3,01-01-2023,Female,9
2219,PRY4,01-01-2023,Male,11
2219,PRY4,01-01-2023,Female,6
2219,PRY5,01-01-2023,Male,10
2219,PRY5,01-01-2023,Female,7
2219,PRY6,01-01-2023,Male,13
2219,PRY6,01-01-2023,Female,8
2220,ECCDE1,01-01-2023,Male,25
2220,ECCDE1,01-01-2023,Female,23
2220,ECCDE2,01-01-2023,Male,10
2220,ECCDE2,01-01-2023,Female,19
2220,ECCDE3,01-01-2023,Male,11
2220,ECCDE3,01-01-2023,Female,11
2220,PRY1,01-01-2023,Male,19
2220,PRY1,01-01-2023,Female,10
2220,PRY2,01-01-2023,Male,20
2220,PRY2,01-01-2023,Female,9
2220,PRY3,01-01-2023,Male,25
2220,PRY3,01-01-2023,Female,12
2220,PRY4,01-01-2023,Male,14
2220,PRY4,01-01-2023,Female,15
2220,PRY5,01-01-2023,Male,23
2220,PRY5,01-01-2023,Female,13
2220,PRY6,01-01-2023,Male,19
2220,PRY6,01-01-2023,Female,6
2221,ECCDE1,01-01-2023,Male,10
2221,ECCDE1,01-01-2023,Female,11
2221,ECCDE2,01-01-2023,Male,9
2221,ECCDE2,01-01-2023,Female,9
2221,ECCDE3,01-01-2023,Male,9
2221,ECCDE3,01-01-2023,Female,8
2221,PRY1,01-01-2023,Male,8
2221,PRY1,01-01-2023,Female,10
2221,PRY2,01-01-2023,Male,7
2221,PRY2,01-01-2023,Female,12
2221,PRY3,01-01-2023,Male,4
2221,PRY3,01-01-2023,Female,10
2221,PRY4,01-01-2023,Male,13
2221,PRY4,01-01-2023,Female,9
2221,PRY5,01-01-2023,Male,12
2221,PRY5,01-01-2023,Female,16
2221,PRY6,01-01-2023,Male,7
2221,PRY6,01-01-2023,Female,10
2222,ECCDE1,01-01-2023,Male,0
2222,ECCDE1,01-01-2023,Female,0
2222,ECCDE2,01-01-2023,Male,0
2222,ECCDE2,01-01-2023,Female,0
2222,ECCDE3,01-01-2023,Male,0
2222,ECCDE3,01-01-2023,Female,0
2222,PRY1,01-01-2023,Male,25
2222,PRY1,01-01-2023,Female,30
2222,PRY2,01-01-2023,Male,47
2222,PRY2,01-01-2023,Female,20
2222,PRY3,01-01-2023,Male,42
2222,PRY3,01-01-2023,Female,39
2222,PRY4,01-01-2023,Male,39
2222,PRY4,01-01-2023,Female,25
2222,PRY5,01-01-2023,Male,44
2222,PRY5,01-01-2023,Female,29
2222,PRY6,01-01-2023,Male,29
2222,PRY6,01-01-2023,Female,22
2223,ECCDE1,01-01-2023,Male,23
2223,ECCDE1,01-01-2023,Female,27
2223,ECCDE2,01-01-2023,Male,26
2223,ECCDE2,01-01-2023,Female,34
2223,ECCDE3,01-01-2023,Male,25
2223,ECCDE3,01-01-2023,Female,22
2223,PRY1,01-01-2023,Male,20
2223,PRY1,01-01-2023,Female,21
2223,PRY2,01-01-2023,Male,21
2223,PRY2,01-01-2023,Female,18
2223,PRY3,01-01-2023,Male,24
2223,PRY3,01-01-2023,Female,20
2223,PRY4,01-01-2023,Male,22
2223,PRY4,01-01-2023,Female,23
2223,PRY5,01-01-2023,Male,18
2223,PRY5,01-01-2023,Female,18
2223,PRY6,01-01-2023,Male,12
2223,PRY6,01-01-2023,Female,18
2224,ECCDE1,01-01-2023,Male,6
2224,ECCDE1,01-01-2023,Female,14
2224,ECCDE2,01-01-2023,Male,12
2224,ECCDE2,01-01-2023,Female,9
2224,ECCDE3,01-01-2023,Male,12
2224,ECCDE3,01-01-2023,Female,8
2224,PRY1,01-01-2023,Male,15
2224,PRY1,01-01-2023,Female,9
2224,PRY2,01-01-2023,Male,9
2224,PRY2,01-01-2023,Female,18
2224,PRY3,01-01-2023,Male,12
2224,PRY3,01-01-2023,Female,13
2224,PRY4,01-01-2023,Male,8
2224,PRY4,01-01-2023,Female,5
2224,PRY5,01-01-2023,Male,12
2224,PRY5,01-01-2023,Female,10
2224,PRY6,01-01-2023,Male,7
2224,PRY6,01-01-2023,Female,2
2225,ECCDE1,01-01-2023,Male,31
2225,ECCDE1,01-01-2023,Female,28
2225,ECCDE2,01-01-2023,Male,15
2225,ECCDE2,01-01-2023,Female,25
2225,ECCDE3,01-01-2023,Male,25
2225,ECCDE3,01-01-2023,Female,24
2225,PRY1,01-01-2023,Male,24
2225,PRY1,01-01-2023,Female,23
2225,PRY2,01-01-2023,Male,22
2225,PRY2,01-01-2023,Female,21
2225,PRY3,01-01-2023,Male,17
2225,PRY3,01-01-2023,Female,17
2225,PRY4,01-01-2023,Male,26
2225,PRY4,01-01-2023,Female,20
2225,PRY5,01-01-2023,Male,22
2225,PRY5,01-01-2023,Female,20
2225,PRY6,01-01-2023,Male,19
2225,PRY6,01-01-2023,Female,10
2226,ECCDE1,01-01-2023,Male,10
2226,ECCDE1,01-01-2023,Female,10
2226,ECCDE2,01-01-2023,Male,7
2226,ECCDE2,01-01-2023,Female,3
2226,ECCDE3,01-01-2023,Male,7
2226,ECCDE3,01-01-2023,Female,2
2226,PRY1,01-01-2023,Male,9
2226,PRY1,01-01-2023,Female,15
2226,PRY2,01-01-2023,Male,11
2226,PRY2,01-01-2023,Female,8
2226,PRY3,01-01-2023,Male,13
2226,PRY3,01-01-2023,Female,13
2226,PRY4,01-01-2023,Male,9
2226,PRY4,01-01-2023,Female,10
2226,PRY5,01-01-2023,Male,16
2226,PRY5,01-01-2023,Female,13
2226,PRY6,01-01-2023,Male,10
2226,PRY6,01-01-2023,Female,10
2227,ECCDE1,01-01-2023,Male,25
2227,ECCDE1,01-01-2023,Female,19
2227,ECCDE2,01-01-2023,Male,12
2227,ECCDE2,01-01-2023,Female,8
2227,ECCDE3,01-01-2023,Male,10
2227,ECCDE3,01-01-2023,Female,9
2227,PRY1,01-01-2023,Male,11
2227,PRY1,01-01-2023,Female,9
2227,PRY2,01-01-2023,Male,14
2227,PRY2,01-01-2023,Female,7
2227,PRY3,01-01-2023,Male,8
2227,PRY3,01-01-2023,Female,8
2227,PRY4,01-01-2023,Male,8
2227,PRY4,01-01-2023,Female,9
2227,PRY5,01-01-2023,Male,14
2227,PRY5,01-01-2023,Female,9
2227,PRY6,01-01-2023,Male,10
2227,PRY6,01-01-2023,Female,5
2228,ECCDE1,01-01-2023,Male,18
2228,ECCDE1,01-01-2023,Female,16
2228,ECCDE2,01-01-2023,Male,11
2228,ECCDE2,01-01-2023,Female,9
2228,ECCDE3,01-01-2023,Male,9
2228,ECCDE3,01-01-2023,Female,9
2228,PRY1,01-01-2023,Male,5
2228,PRY1,01-01-2023,Female,9
2228,PRY2,01-01-2023,Male,10
2228,PRY2,01-01-2023,Female,10
2228,PRY3,01-01-2023,Male,8
2228,PRY3,01-01-2023,Female,9
2228,PRY4,01-01-2023,Male,10
2228,PRY4,01-01-2023,Female,7
2228,PRY5,01-01-2023,Male,10
2228,PRY5,01-01-2023,Female,6
2228,PRY6,01-01-2023,Male,8
2228,PRY6,01-01-2023,Female,13
2229,ECCDE1,01-01-2023,Male,26
2229,ECCDE1,01-01-2023,Female,18
2229,ECCDE2,01-01-2023,Male,9
2229,ECCDE2,01-01-2023,Female,11
2229,ECCDE3,01-01-2023,Male,11
2229,ECCDE3,01-01-2023,Female,14
2229,PRY1,01-01-2023,Male,14
2229,PRY1,01-01-2023,Female,18
2229,PRY2,01-01-2023,Male,16
2229,PRY2,01-01-2023,Female,6
2229,PRY3,01-01-2023,Male,12
2229,PRY3,01-01-2023,Female,17
2229,PRY4,01-01-2023,Male,19
2229,PRY4,01-01-2023,Female,4
2229,PRY5,01-01-2023,Male,18
2229,PRY5,01-01-2023,Female,12
2229,PRY6,01-01-2023,Male,12
2229,PRY6,01-01-2023,Female,14
2230,ECCDE1,01-01-2023,Male,10
2230,ECCDE1,01-01-2023,Female,10
2230,ECCDE2,01-01-2023,Male,4
2230,ECCDE2,01-01-2023,Female,3
2230,ECCDE3,01-01-2023,Male,3
2230,ECCDE3,01-01-2023,Female,5
2230,PRY1,01-01-2023,Male,3
2230,PRY1,01-01-2023,Female,7
2230,PRY2,01-01-2023,Male,9
2230,PRY2,01-01-2023,Female,7
2230,PRY3,01-01-2023,Male,8
2230,PRY3,01-01-2023,Female,7
2230,PRY4,01-01-2023,Male,14
2230,PRY4,01-01-2023,Female,8
2230,PRY5,01-01-2023,Male,6
2230,PRY5,01-01-2023,Female,9
2230,PRY6,01-01-2023,Male,6
2230,PRY6,01-01-2023,Female,3
2231,ECCDE1,01-01-2023,Male,14
2231,ECCDE1,01-01-2023,Female,23
2231,ECCDE2,01-01-2023,Male,19
2231,ECCDE2,01-01-2023,Female,4
2231,ECCDE3,01-01-2023,Male,11
2231,ECCDE3,01-01-2023,Female,9
2231,PRY1,01-01-2023,Male,18
2231,PRY1,01-01-2023,Female,9
2231,PRY2,01-01-2023,Male,7
2231,PRY2,01-01-2023,Female,21
2231,PRY3,01-01-2023,Male,18
2231,PRY3,01-01-2023,Female,9
2231,PRY4,01-01-2023,Male,22
2231,PRY4,01-01-2023,Female,12
2231,PRY5,01-01-2023,Male,14
2231,PRY5,01-01-2023,Female,12
2231,PRY6,01-01-2023,Male,9
2231,PRY6,01-01-2023,Female,8
2232,ECCDE1,01-01-2023,Male,17
2232,ECCDE1,01-01-2023,Female,10
2232,ECCDE2,01-01-2023,Male,6
2232,ECCDE2,01-01-2023,Female,2
2232,ECCDE3,01-01-2023,Male,9
2232,ECCDE3,01-01-2023,Female,4
2232,PRY1,01-01-2023,Male,10
2232,PRY1,01-01-2023,Female,7
2232,PRY2,01-01-2023,Male,7
2232,PRY2,01-01-2023,Female,7
2232,PRY3,01-01-2023,Male,5
2232,PRY3,01-01-2023,Female,8
2232,PRY4,01-01-2023,Male,12
2232,PRY4,01-01-2023,Female,4
2232,PRY5,01-01-2023,Male,4
2232,PRY5,01-01-2023,Female,9
2232,PRY6,01-01-2023,Male,9
2232,PRY6,01-01-2023,Female,9
2233,ECCDE1,01-01-2023,Male,15
2233,ECCDE1,01-01-2023,Female,12
2233,ECCDE2,01-01-2023,Male,7
2233,ECCDE2,01-01-2023,Female,12
2233,ECCDE3,01-01-2023,Male,10
2233,ECCDE3,01-01-2023,Female,15
2233,PRY1,01-01-2023,Male,8
2233,PRY1,01-01-2023,Female,9
2233,PRY2,01-01-2023,Male,12
2233,PRY2,01-01-2023,Female,11
2233,PRY3,01-01-2023,Male,10
2233,PRY3,01-01-2023,Female,11
2233,PRY4,01-01-2023,Male,11
2233,PRY4,01-01-2023,Female,11
2233,PRY5,01-01-2023,Male,6
2233,PRY5,01-01-2023,Female,12
2233,PRY6,01-01-2023,Male,10
2233,PRY6,01-01-2023,Female,15
2234,ECCDE1,01-01-2023,Male,17
2234,ECCDE1,01-01-2023,Female,13
2234,ECCDE2,01-01-2023,Male,4
2234,ECCDE2,01-01-2023,Female,9
2234,ECCDE3,01-01-2023,Male,11
2234,ECCDE3,01-01-2023,Female,6
2234,PRY1,01-01-2023,Male,6
2234,PRY1,01-01-2023,Female,4
2234,PRY2,01-01-2023,Male,9
2234,PRY2,01-01-2023,Female,8
2234,PRY3,01-01-2023,Male,5
2234,PRY3,01-01-2023,Female,9
2234,PRY4,01-01-2023,Male,5
2234,PRY4,01-01-2023,Female,6
2234,PRY5,01-01-2023,Male,10
2234,PRY5,01-01-2023,Female,7
2234,PRY6,01-01-2023,Male,3
2234,PRY6,01-01-2023,Female,8
2235,ECCDE1,01-01-2023,Male,21
2235,ECCDE1,01-01-2023,Female,17
2235,ECCDE2,01-01-2023,Male,10
2235,ECCDE2,01-01-2023,Female,14
2235,ECCDE3,01-01-2023,Male,17
2235,ECCDE3,01-01-2023,Female,13
2235,PRY1,01-01-2023,Male,24
2235,PRY1,01-01-2023,Female,15
2235,PRY2,01-01-2023,Male,18
2235,PRY2,01-01-2023,Female,22
2235,PRY3,01-01-2023,Male,17
2235,PRY3,01-01-2023,Female,14
2235,PRY4,01-01-2023,Male,9
2235,PRY4,01-01-2023,Female,20
2235,PRY5,01-01-2023,Male,19
2235,PRY5,01-01-2023,Female,20
2235,PRY6,01-01-2023,Male,12
2235,PRY6,01-01-2023,Female,10
2236,ECCDE1,01-01-2023,Male,7
2236,ECCDE1,01-01-2023,Female,6
2236,ECCDE2,01-01-2023,Male,4
2236,ECCDE2,01-01-2023,Female,3
2236,ECCDE3,01-01-2023,Male,4
2236,ECCDE3,01-01-2023,Female,4
2236,PRY1,01-01-2023,Male,7
2236,PRY1,01-01-2023,Female,4
2236,PRY2,01-01-2023,Male,9
2236,PRY2,01-01-2023,Female,5
2236,PRY3,01-01-2023,Male,9
2236,PRY3,01-01-2023,Female,3
2236,PRY4,01-01-2023,Male,13
2236,PRY4,01-01-2023,Female,8
2236,PRY5,01-01-2023,Male,8
2236,PRY5,01-01-2023,Female,3
2236,PRY6,01-01-2023,Male,10
2236,PRY6,01-01-2023,Female,10
2237,ECCDE1,01-01-2023,Male,9
2237,ECCDE1,01-01-2023,Female,10
2237,ECCDE2,01-01-2023,Male,7
2237,ECCDE2,01-01-2023,Female,10
2237,ECCDE3,01-01-2023,Male,4
2237,ECCDE3,01-01-2023,Female,6
2237,PRY1,01-01-2023,Male,29
2237,PRY1,01-01-2023,Female,20
2237,PRY2,01-01-2023,Male,10
2237,PRY2,01-01-2023,Female,11
2237,PRY3,01-01-2023,Male,14
2237,PRY3,01-01-2023,Female,10
2237,PRY4,01-01-2023,Male,10
2237,PRY4,01-01-2023,Female,15
2237,PRY5,01-01-2023,Male,10
2237,PRY5,01-01-2023,Female,10
2237,PRY6,01-01-2023,Male,10
2237,PRY6,01-01-2023,Female,6
2238,ECCDE1,01-01-2023,Male,22
2238,ECCDE1,01-01-2023,Female,16
2238,ECCDE2,01-01-2023,Male,10
2238,ECCDE2,01-01-2023,Female,6
2238,ECCDE3,01-01-2023,Male,8
2238,ECCDE3,01-01-2023,Female,9
2238,PRY1,01-01-2023,Male,11
2238,PRY1,01-01-2023,Female,17
2238,PRY2,01-01-2023,Male,13
2238,PRY2,01-01-2023,Female,14
2238,PRY3,01-01-2023,Male,11
2238,PRY3,01-01-2023,Female,14
2238,PRY4,01-01-2023,Male,11
2238,PRY4,01-01-2023,Female,22
2238,PRY5,01-01-2023,Male,13
2238,PRY5,01-01-2023,Female,14
2238,PRY6,01-01-2023,Male,13
2238,PRY6,01-01-2023,Female,13
2239,ECCDE1,01-01-2023,Male,7
2239,ECCDE1,01-01-2023,Female,14
2239,ECCDE2,01-01-2023,Male,10
2239,ECCDE2,01-01-2023,Female,4
2239,ECCDE3,01-01-2023,Male,11
2239,ECCDE3,01-01-2023,Female,2
2239,PRY1,01-01-2023,Male,13
2239,PRY1,01-01-2023,Female,7
2239,PRY2,01-01-2023,Male,11
2239,PRY2,01-01-2023,Female,10
2239,PRY3,01-01-2023,Male,16
2239,PRY3,01-01-2023,Female,10
2239,PRY4,01-01-2023,Male,8
2239,PRY4,01-01-2023,Female,5
2239,PRY5,01-01-2023,Male,8
2239,PRY5,01-01-2023,Female,6
2239,PRY6,01-01-2023,Male,2
2239,PRY6,01-01-2023,Female,13
2240,ECCDE1,01-01-2023,Male,26
2240,ECCDE1,01-01-2023,Female,24
2240,ECCDE2,01-01-2023,Male,12
2240,ECCDE2,01-01-2023,Female,12
2240,ECCDE3,01-01-2023,Male,18
2240,ECCDE3,01-01-2023,Female,22
2240,PRY1,01-01-2023,Male,17
2240,PRY1,01-01-2023,Female,15
2240,PRY2,01-01-2023,Male,18
2240,PRY2,01-01-2023,Female,10
2240,PRY3,01-01-2023,Male,18
2240,PRY3,01-01-2023,Female,24
2240,PRY4,01-01-2023,Male,15
2240,PRY4,01-01-2023,Female,19
2240,PRY5,01-01-2023,Male,19
2240,PRY5,01-01-2023,Female,17
2240,PRY6,01-01-2023,Male,22
2240,PRY6,01-01-2023,Female,14
2241,ECCDE1,01-01-2023,Male,30
2241,ECCDE1,01-01-2023,Female,20
2241,ECCDE2,01-01-2023,Male,22
2241,ECCDE2,01-01-2023,Female,18
2241,ECCDE3,01-01-2023,Male,13
2241,ECCDE3,01-01-2023,Female,25
2241,PRY1,01-01-2023,Male,15
2241,PRY1,01-01-2023,Female,15
2241,PRY2,01-01-2023,Male,15
2241,PRY2,01-01-2023,Female,15
2241,PRY3,01-01-2023,Male,14
2241,PRY3,01-01-2023,Female,13
2241,PRY4,01-01-2023,Male,14
2241,PRY4,01-01-2023,Female,12
2241,PRY5,01-01-2023,Male,14
2241,PRY5,01-01-2023,Female,15
2241,PRY6,01-01-2023,Male,14
2241,PRY6,01-01-2023,Female,16
2242,ECCDE1,01-01-2023,Male,43
2242,ECCDE1,01-01-2023,Female,42
2242,ECCDE2,01-01-2023,Male,17
2242,ECCDE2,01-01-2023,Female,13
2242,ECCDE3,01-01-2023,Male,24
2242,ECCDE3,01-01-2023,Female,22
2242,PRY1,01-01-2023,Male,38
2242,PRY1,01-01-2023,Female,36
2242,PRY2,01-01-2023,Male,29
2242,PRY2,01-01-2023,Female,26
2242,PRY3,01-01-2023,Male,38
2242,PRY3,01-01-2023,Female,28
2242,PRY4,01-01-2023,Male,36
2242,PRY4,01-01-2023,Female,28
2242,PRY5,01-01-2023,Male,36
2242,PRY5,01-01-2023,Female,29
2242,PRY6,01-01-2023,Male,38
2242,PRY6,01-01-2023,Female,28
2243,ECCDE1,01-01-2023,Male,9
2243,ECCDE1,01-01-2023,Female,8
2243,ECCDE2,01-01-2023,Male,11
2243,ECCDE2,01-01-2023,Female,5
2243,ECCDE3,01-01-2023,Male,13
2243,ECCDE3,01-01-2023,Female,8
2243,PRY1,01-01-2023,Male,6
2243,PRY1,01-01-2023,Female,9
2243,PRY2,01-01-2023,Male,8
2243,PRY2,01-01-2023,Female,5
2243,PRY3,01-01-2023,Male,10
2243,PRY3,01-01-2023,Female,5
2243,PRY4,01-01-2023,Male,6
2243,PRY4,01-01-2023,Female,4
2243,PRY5,01-01-2023,Male,4
2243,PRY5,01-01-2023,Female,6
2243,PRY6,01-01-2023,Male,10
2243,PRY6,01-01-2023,Female,5
2244,ECCDE1,01-01-2023,Male,8
2244,ECCDE1,01-01-2023,Female,4
2244,ECCDE2,01-01-2023,Male,2
2244,ECCDE2,01-01-2023,Female,2
2244,ECCDE3,01-01-2023,Male,13
2244,ECCDE3,01-01-2023,Female,7
2244,PRY1,01-01-2023,Male,15
2244,PRY1,01-01-2023,Female,22
2244,PRY2,01-01-2023,Male,28
2244,PRY2,01-01-2023,Female,30
2244,PRY3,01-01-2023,Male,12
2244,PRY3,01-01-2023,Female,19
2244,PRY4,01-01-2023,Male,19
2244,PRY4,01-01-2023,Female,16
2244,PRY5,01-01-2023,Male,26
2244,PRY5,01-01-2023,Female,11
2244,PRY6,01-01-2023,Male,21
2244,PRY6,01-01-2023,Female,23
2245,ECCDE1,01-01-2023,Male,10
2245,ECCDE1,01-01-2023,Female,10
2245,ECCDE2,01-01-2023,Male,10
2245,ECCDE2,01-01-2023,Female,15
2245,ECCDE3,01-01-2023,Male,10
2245,ECCDE3,01-01-2023,Female,15
2245,PRY1,01-01-2023,Male,12
2245,PRY1,01-01-2023,Female,12
2245,PRY2,01-01-2023,Male,12
2245,PRY2,01-01-2023,Female,14
2245,PRY3,01-01-2023,Male,10
2245,PRY3,01-01-2023,Female,10
2245,PRY4,01-01-2023,Male,10
2245,PRY4,01-01-2023,Female,14
2245,PRY5,01-01-2023,Male,10
2245,PRY5,01-01-2023,Female,12
2245,PRY6,01-01-2023,Male,10
2245,PRY6,01-01-2023,Female,15
2246,ECCDE1,01-01-2023,Male,20
2246,ECCDE1,01-01-2023,Female,11
2246,ECCDE2,01-01-2023,Male,23
2246,ECCDE2,01-01-2023,Female,14
2246,ECCDE3,01-01-2023,Male,24
2246,ECCDE3,01-01-2023,Female,17
2246,PRY1,01-01-2023,Male,19
2246,PRY1,01-01-2023,Female,22
2246,PRY2,01-01-2023,Male,25
2246,PRY2,01-01-2023,Female,28
2246,PRY3,01-01-2023,Male,20
2246,PRY3,01-01-2023,Female,23
2246,PRY4,01-01-2023,Male,32
2246,PRY4,01-01-2023,Female,28
2246,PRY5,01-01-2023,Male,18
2246,PRY5,01-01-2023,Female,16
2246,PRY6,01-01-2023,Male,20
2246,PRY6,01-01-2023,Female,25
2247,ECCDE1,01-01-2023,Male,18
2247,ECCDE1,01-01-2023,Female,19
2247,ECCDE2,01-01-2023,Male,19
2247,ECCDE2,01-01-2023,Female,18
2247,ECCDE3,01-01-2023,Male,30
2247,ECCDE3,01-01-2023,Female,12
2247,PRY1,01-01-2023,Male,35
2247,PRY1,01-01-2023,Female,32
2247,PRY2,01-01-2023,Male,38
2247,PRY2,01-01-2023,Female,38
2247,PRY3,01-01-2023,Male,21
2247,PRY3,01-01-2023,Female,20
2247,PRY4,01-01-2023,Male,35
2247,PRY4,01-01-2023,Female,38
2247,PRY5,01-01-2023,Male,40
2247,PRY5,01-01-2023,Female,41
2247,PRY6,01-01-2023,Male,50
2247,PRY6,01-01-2023,Female,50
2248,ECCDE1,01-01-2023,Male,12
2248,ECCDE1,01-01-2023,Female,18
2248,ECCDE2,01-01-2023,Male,10
2248,ECCDE2,01-01-2023,Female,8
2248,ECCDE3,01-01-2023,Male,10
2248,ECCDE3,01-01-2023,Female,10
2248,PRY1,01-01-2023,Male,14
2248,PRY1,01-01-2023,Female,11
2248,PRY2,01-01-2023,Male,10
2248,PRY2,01-01-2023,Female,8
2248,PRY3,01-01-2023,Male,8
2248,PRY3,01-01-2023,Female,7
2248,PRY4,01-01-2023,Male,9
2248,PRY4,01-01-2023,Female,9
2248,PRY5,01-01-2023,Male,9
2248,PRY5,01-01-2023,Female,8
2248,PRY6,01-01-2023,Male,16
2248,PRY6,01-01-2023,Female,8
2249,ECCDE1,01-01-2023,Male,5
2249,ECCDE1,01-01-2023,Female,6
2249,ECCDE2,01-01-2023,Male,0
2249,ECCDE2,01-01-2023,Female,0
2249,ECCDE3,01-01-2023,Male,0
2249,ECCDE3,01-01-2023,Female,0
2249,PRY1,01-01-2023,Male,2
2249,PRY1,01-01-2023,Female,1
2249,PRY2,01-01-2023,Male,9
2249,PRY2,01-01-2023,Female,3
2249,PRY3,01-01-2023,Male,3
2249,PRY3,01-01-2023,Female,2
2249,PRY4,01-01-2023,Male,5
2249,PRY4,01-01-2023,Female,4
2249,PRY5,01-01-2023,Male,6
2249,PRY5,01-01-2023,Female,2
2249,PRY6,01-01-2023,Male,1
2249,PRY6,01-01-2023,Female,3
2250,ECCDE1,01-01-2023,Male,16
2250,ECCDE1,01-01-2023,Female,14
2250,ECCDE2,01-01-2023,Male,14
2250,ECCDE2,01-01-2023,Female,18
2250,ECCDE3,01-01-2023,Male,27
2250,ECCDE3,01-01-2023,Female,30
2250,PRY1,01-01-2023,Male,27
2250,PRY1,01-01-2023,Female,26
2250,PRY2,01-01-2023,Male,17
2250,PRY2,01-01-2023,Female,16
2250,PRY3,01-01-2023,Male,17
2250,PRY3,01-01-2023,Female,15
2250,PRY4,01-01-2023,Male,23
2250,PRY4,01-01-2023,Female,10
2250,PRY5,01-01-2023,Male,14
2250,PRY5,01-01-2023,Female,14
2250,PRY6,01-01-2023,Male,13
2250,PRY6,01-01-2023,Female,11
2251,ECCDE1,01-01-2023,Male,0
2251,ECCDE1,01-01-2023,Female,0
2251,ECCDE2,01-01-2023,Male,8
2251,ECCDE2,01-01-2023,Female,4
2251,ECCDE3,01-01-2023,Male,0
2251,ECCDE3,01-01-2023,Female,0
2251,PRY1,01-01-2023,Male,2
2251,PRY1,01-01-2023,Female,4
2251,PRY2,01-01-2023,Male,2
2251,PRY2,01-01-2023,Female,3
2251,PRY3,01-01-2023,Male,4
2251,PRY3,01-01-2023,Female,3
2251,PRY4,01-01-2023,Male,2
2251,PRY4,01-01-2023,Female,7
2251,PRY5,01-01-2023,Male,5
2251,PRY5,01-01-2023,Female,0
2251,PRY6,01-01-2023,Male,2
2251,PRY6,01-01-2023,Female,1
2252,ECCDE1,01-01-2023,Male,14
2252,ECCDE1,01-01-2023,Female,9
2252,ECCDE2,01-01-2023,Male,7
2252,ECCDE2,01-01-2023,Female,24
2252,ECCDE3,01-01-2023,Male,12
2252,ECCDE3,01-01-2023,Female,10
2252,PRY1,01-01-2023,Male,18
2252,PRY1,01-01-2023,Female,23
2252,PRY2,01-01-2023,Male,30
2252,PRY2,01-01-2023,Female,12
2252,PRY3,01-01-2023,Male,22
2252,PRY3,01-01-2023,Female,18
2252,PRY4,01-01-2023,Male,24
2252,PRY4,01-01-2023,Female,30
2252,PRY5,01-01-2023,Male,36
2252,PRY5,01-01-2023,Female,31
2252,PRY6,01-01-2023,Male,36
2252,PRY6,01-01-2023,Female,30
2253,ECCDE1,01-01-2023,Male,13
2253,ECCDE1,01-01-2023,Female,13
2253,ECCDE2,01-01-2023,Male,10
2253,ECCDE2,01-01-2023,Female,8
2253,ECCDE3,01-01-2023,Male,14
2253,ECCDE3,01-01-2023,Female,14
2253,PRY1,01-01-2023,Male,16
2253,PRY1,01-01-2023,Female,11
2253,PRY2,01-01-2023,Male,12
2253,PRY2,01-01-2023,Female,13
2253,PRY3,01-01-2023,Male,16
2253,PRY3,01-01-2023,Female,17
2253,PRY4,01-01-2023,Male,16
2253,PRY4,01-01-2023,Female,14
2253,PRY5,01-01-2023,Male,18
2253,PRY5,01-01-2023,Female,14
2253,PRY6,01-01-2023,Male,6
2253,PRY6,01-01-2023,Female,30
2254,ECCDE1,01-01-2023,Male,7
2254,ECCDE1,01-01-2023,Female,6
2254,ECCDE2,01-01-2023,Male,7
2254,ECCDE2,01-01-2023,Female,8
2254,ECCDE3,01-01-2023,Male,15
2254,ECCDE3,01-01-2023,Female,10
2254,PRY1,01-01-2023,Male,9
2254,PRY1,01-01-2023,Female,18
2254,PRY2,01-01-2023,Male,11
2254,PRY2,01-01-2023,Female,10
2254,PRY3,01-01-2023,Male,5
2254,PRY3,01-01-2023,Female,6
2254,PRY4,01-01-2023,Male,8
2254,PRY4,01-01-2023,Female,5
2254,PRY5,01-01-2023,Male,9
2254,PRY5,01-01-2023,Female,6
2254,PRY6,01-01-2023,Male,11
2254,PRY6,01-01-2023,Female,5
2255,ECCDE1,01-01-2023,Male,20
2255,ECCDE1,01-01-2023,Female,38
2255,ECCDE2,01-01-2023,Male,25
2255,ECCDE2,01-01-2023,Female,26
2255,ECCDE3,01-01-2023,Male,24
2255,ECCDE3,01-01-2023,Female,12
2255,PRY1,01-01-2023,Male,10
2255,PRY1,01-01-2023,Female,11
2255,PRY2,01-01-2023,Male,9
2255,PRY2,01-01-2023,Female,7
2255,PRY3,01-01-2023,Male,10
2255,PRY3,01-01-2023,Female,13
2255,PRY4,01-01-2023,Male,12
2255,PRY4,01-01-2023,Female,7
2255,PRY5,01-01-2023,Male,6
2255,PRY5,01-01-2023,Female,5
2255,PRY6,01-01-2023,Male,16
2255,PRY6,01-01-2023,Female,8
2256,ECCDE1,01-01-2023,Male,31
2256,ECCDE1,01-01-2023,Female,13
2256,ECCDE2,01-01-2023,Male,10
2256,ECCDE2,01-01-2023,Female,10
2256,ECCDE3,01-01-2023,Male,17
2256,ECCDE3,01-01-2023,Female,24
2256,PRY1,01-01-2023,Male,10
2256,PRY1,01-01-2023,Female,10
2256,PRY2,01-01-2023,Male,12
2256,PRY2,01-01-2023,Female,10
2256,PRY3,01-01-2023,Male,11
2256,PRY3,01-01-2023,Female,3
2256,PRY4,01-01-2023,Male,8
2256,PRY4,01-01-2023,Female,9
2256,PRY5,01-01-2023,Male,7
2256,PRY5,01-01-2023,Female,9
2256,PRY6,01-01-2023,Male,7
2256,PRY6,01-01-2023,Female,4
2257,ECCDE1,01-01-2023,Male,23
2257,ECCDE1,01-01-2023,Female,31
2257,ECCDE2,01-01-2023,Male,15
2257,ECCDE2,01-01-2023,Female,15
2257,ECCDE3,01-01-2023,Male,20
2257,ECCDE3,01-01-2023,Female,17
2257,PRY1,01-01-2023,Male,14
2257,PRY1,01-01-2023,Female,18
2257,PRY2,01-01-2023,Male,21
2257,PRY2,01-01-2023,Female,19
2257,PRY3,01-01-2023,Male,17
2257,PRY3,01-01-2023,Female,14
2257,PRY4,01-01-2023,Male,16
2257,PRY4,01-01-2023,Female,15
2257,PRY5,01-01-2023,Male,12
2257,PRY5,01-01-2023,Female,11
2257,PRY6,01-01-2023,Male,16
2257,PRY6,01-01-2023,Female,8
2258,ECCDE1,01-01-2023,Male,23
2258,ECCDE1,01-01-2023,Female,20
2258,ECCDE2,01-01-2023,Male,20
2258,ECCDE2,01-01-2023,Female,18
2258,ECCDE3,01-01-2023,Male,21
2258,ECCDE3,01-01-2023,Female,14
2258,PRY1,01-01-2023,Male,11
2258,PRY1,01-01-2023,Female,14
2258,PRY2,01-01-2023,Male,8
2258,PRY2,01-01-2023,Female,13
2258,PRY3,01-01-2023,Male,12
2258,PRY3,01-01-2023,Female,14
2258,PRY4,01-01-2023,Male,14
2258,PRY4,01-01-2023,Female,13
2258,PRY5,01-01-2023,Male,11
2258,PRY5,01-01-2023,Female,15
2258,PRY6,01-01-2023,Male,10
2258,PRY6,01-01-2023,Female,8
2259,ECCDE1,01-01-2023,Male,16
2259,ECCDE1,01-01-2023,Female,6
2259,ECCDE2,01-01-2023,Male,10
2259,ECCDE2,01-01-2023,Female,9
2259,ECCDE3,01-01-2023,Male,7
2259,ECCDE3,01-01-2023,Female,11
2259,PRY1,01-01-2023,Male,10
2259,PRY1,01-01-2023,Female,11
2259,PRY2,01-01-2023,Male,6
2259,PRY2,01-01-2023,Female,6
2259,PRY3,01-01-2023,Male,10
2259,PRY3,01-01-2023,Female,12
2259,PRY4,01-01-2023,Male,6
2259,PRY4,01-01-2023,Female,10
2259,PRY5,01-01-2023,Male,15
2259,PRY5,01-01-2023,Female,7
2259,PRY6,01-01-2023,Male,5
2259,PRY6,01-01-2023,Female,14
2260,ECCDE1,01-01-2023,Male,23
2260,ECCDE1,01-01-2023,Female,14
2260,ECCDE2,01-01-2023,Male,18
2260,ECCDE2,01-01-2023,Female,24
2260,ECCDE3,01-01-2023,Male,24
2260,ECCDE3,01-01-2023,Female,20
2260,PRY1,01-01-2023,Male,25
2260,PRY1,01-01-2023,Female,10
2260,PRY2,01-01-2023,Male,24
2260,PRY2,01-01-2023,Female,17
2260,PRY3,01-01-2023,Male,19
2260,PRY3,01-01-2023,Female,18
2260,PRY4,01-01-2023,Male,24
2260,PRY4,01-01-2023,Female,18
2260,PRY5,01-01-2023,Male,28
2260,PRY5,01-01-2023,Female,16
2260,PRY6,01-01-2023,Male,18
2260,PRY6,01-01-2023,Female,16
2261,ECCDE1,01-01-2023,Male,20
2261,ECCDE1,01-01-2023,Female,22
2261,ECCDE2,01-01-2023,Male,18
2261,ECCDE2,01-01-2023,Female,10
2261,ECCDE3,01-01-2023,Male,15
2261,ECCDE3,01-01-2023,Female,17
2261,PRY1,01-01-2023,Male,16
2261,PRY1,01-01-2023,Female,7
2261,PRY2,01-01-2023,Male,12
2261,PRY2,01-01-2023,Female,8
2261,PRY3,01-01-2023,Male,10
2261,PRY3,01-01-2023,Female,10
2261,PRY4,01-01-2023,Male,16
2261,PRY4,01-01-2023,Female,5
2261,PRY5,01-01-2023,Male,11
2261,PRY5,01-01-2023,Female,10
2261,PRY6,01-01-2023,Male,10
2261,PRY6,01-01-2023,Female,8
2262,ECCDE1,01-01-2023,Male,15
2262,ECCDE1,01-01-2023,Female,15
2262,ECCDE2,01-01-2023,Male,12
2262,ECCDE2,01-01-2023,Female,6
2262,ECCDE3,01-01-2023,Male,10
2262,ECCDE3,01-01-2023,Female,6
2262,PRY1,01-01-2023,Male,10
2262,PRY1,01-01-2023,Female,10
2262,PRY2,01-01-2023,Male,7
2262,PRY2,01-01-2023,Female,8
2262,PRY3,01-01-2023,Male,11
2262,PRY3,01-01-2023,Female,20
2262,PRY4,01-01-2023,Male,11
2262,PRY4,01-01-2023,Female,7
2262,PRY5,01-01-2023,Male,10
2262,PRY5,01-01-2023,Female,9
2262,PRY6,01-01-2023,Male,9
2262,PRY6,01-01-2023,Female,5
2263,ECCDE1,01-01-2023,Male,7
2263,ECCDE1,01-01-2023,Female,5
2263,ECCDE2,01-01-2023,Male,13
2263,ECCDE2,01-01-2023,Female,17
2263,ECCDE3,01-01-2023,Male,10
2263,ECCDE3,01-01-2023,Female,11
2263,PRY1,01-01-2023,Male,6
2263,PRY1,01-01-2023,Female,10
2263,PRY2,01-01-2023,Male,13
2263,PRY2,01-01-2023,Female,8
2263,PRY3,01-01-2023,Male,16
2263,PRY3,01-01-2023,Female,14
2263,PRY4,01-01-2023,Male,5
2263,PRY4,01-01-2023,Female,9
2263,PRY5,01-01-2023,Male,14
2263,PRY5,01-01-2023,Female,3
2263,PRY6,01-01-2023,Male,5
2263,PRY6,01-01-2023,Female,12
2264,ECCDE1,01-01-2023,Male,14
2264,ECCDE1,01-01-2023,Female,10
2264,ECCDE2,01-01-2023,Male,18
2264,ECCDE2,01-01-2023,Female,10
2264,ECCDE3,01-01-2023,Male,14
2264,ECCDE3,01-01-2023,Female,17
2264,PRY1,01-01-2023,Male,14
2264,PRY1,01-01-2023,Female,17
2264,PRY2,01-01-2023,Male,21
2264,PRY2,01-01-2023,Female,19
2264,PRY3,01-01-2023,Male,22
2264,PRY3,01-01-2023,Female,6
2264,PRY4,01-01-2023,Male,15
2264,PRY4,01-01-2023,Female,10
2264,PRY5,01-01-2023,Male,16
2264,PRY5,01-01-2023,Female,8
2264,PRY6,01-01-2023,Male,17
2264,PRY6,01-01-2023,Female,8
2265,ECCDE1,01-01-2023,Male,12
2265,ECCDE1,01-01-2023,Female,10
2265,ECCDE2,01-01-2023,Male,16
2265,ECCDE2,01-01-2023,Female,13
2265,ECCDE3,01-01-2023,Male,15
2265,ECCDE3,01-01-2023,Female,6
2265,PRY1,01-01-2023,Male,5
2265,PRY1,01-01-2023,Female,6
2265,PRY2,01-01-2023,Male,9
2265,PRY2,01-01-2023,Female,4
2265,PRY3,01-01-2023,Male,10
2265,PRY3,01-01-2023,Female,5
2265,PRY4,01-01-2023,Male,7
2265,PRY4,01-01-2023,Female,10
2265,PRY5,01-01-2023,Male,9
2265,PRY5,01-01-2023,Female,3
2265,PRY6,01-01-2023,Male,12
2265,PRY6,01-01-2023,Female,10
2266,ECCDE1,01-01-2023,Male,18
2266,ECCDE1,01-01-2023,Female,22
2266,ECCDE2,01-01-2023,Male,21
2266,ECCDE2,01-01-2023,Female,19
2266,ECCDE3,01-01-2023,Male,22
2266,ECCDE3,01-01-2023,Female,24
2266,PRY1,01-01-2023,Male,25
2266,PRY1,01-01-2023,Female,25
2266,PRY2,01-01-2023,Male,30
2266,PRY2,01-01-2023,Female,26
2266,PRY3,01-01-2023,Male,28
2266,PRY3,01-01-2023,Female,26
2266,PRY4,01-01-2023,Male,19
2266,PRY4,01-01-2023,Female,23
2266,PRY5,01-01-2023,Male,20
2266,PRY5,01-01-2023,Female,17
2266,PRY6,01-01-2023,Male,10
2266,PRY6,01-01-2023,Female,10
2267,ECCDE1,01-01-2023,Male,11
2267,ECCDE1,01-01-2023,Female,20
2267,ECCDE2,01-01-2023,Male,5
2267,ECCDE2,01-01-2023,Female,6
2267,ECCDE3,01-01-2023,Male,6
2267,ECCDE3,01-01-2023,Female,5
2267,PRY1,01-01-2023,Male,10
2267,PRY1,01-01-2023,Female,11
2267,PRY2,01-01-2023,Male,11
2267,PRY2,01-01-2023,Female,10
2267,PRY3,01-01-2023,Male,6
2267,PRY3,01-01-2023,Female,6
2267,PRY4,01-01-2023,Male,11
2267,PRY4,01-01-2023,Female,13
2267,PRY5,01-01-2023,Male,10
2267,PRY5,01-01-2023,Female,18
2267,PRY6,01-01-2023,Male,9
2267,PRY6,01-01-2023,Female,13
2268,ECCDE1,01-01-2023,Male,9
2268,ECCDE1,01-01-2023,Female,8
2268,ECCDE2,01-01-2023,Male,10
2268,ECCDE2,01-01-2023,Female,6
2268,ECCDE3,01-01-2023,Male,11
2268,ECCDE3,01-01-2023,Female,13
2268,PRY1,01-01-2023,Male,13
2268,PRY1,01-01-2023,Female,17
2268,PRY2,01-01-2023,Male,10
2268,PRY2,01-01-2023,Female,14
2268,PRY3,01-01-2023,Male,10
2268,PRY3,01-01-2023,Female,12
2268,PRY4,01-01-2023,Male,8
2268,PRY4,01-01-2023,Female,8
2268,PRY5,01-01-2023,Male,8
2268,PRY5,01-01-2023,Female,7
2268,PRY6,01-01-2023,Male,9
2268,PRY6,01-01-2023,Female,11
2269,ECCDE1,01-01-2023,Male,6
2269,ECCDE1,01-01-2023,Female,4
2269,ECCDE2,01-01-2023,Male,4
2269,ECCDE2,01-01-2023,Female,8
2269,ECCDE3,01-01-2023,Male,4
2269,ECCDE3,01-01-2023,Female,4
2269,PRY1,01-01-2023,Male,8
2269,PRY1,01-01-2023,Female,10
2269,PRY2,01-01-2023,Male,10
2269,PRY2,01-01-2023,Female,10
2269,PRY3,01-01-2023,Male,4
2269,PRY3,01-01-2023,Female,6
2269,PRY4,01-01-2023,Male,6
2269,PRY4,01-01-2023,Female,6
2269,PRY5,01-01-2023,Male,6
2269,PRY5,01-01-2023,Female,6
2269,PRY6,01-01-2023,Male,4
2269,PRY6,01-01-2023,Female,4
2270,ECCDE1,01-01-2023,Male,8
2270,ECCDE1,01-01-2023,Female,9
2270,ECCDE2,01-01-2023,Male,5
2270,ECCDE2,01-01-2023,Female,7
2270,ECCDE3,01-01-2023,Male,8
2270,ECCDE3,01-01-2023,Female,4
2270,PRY1,01-01-2023,Male,5
2270,PRY1,01-01-2023,Female,10
2270,PRY2,01-01-2023,Male,4
2270,PRY2,01-01-2023,Female,7
2270,PRY3,01-01-2023,Male,8
2270,PRY3,01-01-2023,Female,6
2270,PRY4,01-01-2023,Male,5
2270,PRY4,01-01-2023,Female,4
2270,PRY5,01-01-2023,Male,9
2270,PRY5,01-01-2023,Female,8
2270,PRY6,01-01-2023,Male,8
2270,PRY6,01-01-2023,Female,6
2271,ECCDE1,01-01-2023,Male,10
2271,ECCDE1,01-01-2023,Female,11
2271,ECCDE2,01-01-2023,Male,0
2271,ECCDE2,01-01-2023,Female,0
2271,ECCDE3,01-01-2023,Male,0
2271,ECCDE3,01-01-2023,Female,0
2271,PRY1,01-01-2023,Male,8
2271,PRY1,01-01-2023,Female,13
2271,PRY2,01-01-2023,Male,7
2271,PRY2,01-01-2023,Female,11
2271,PRY3,01-01-2023,Male,11
2271,PRY3,01-01-2023,Female,7
2271,PRY4,01-01-2023,Male,13
2271,PRY4,01-01-2023,Female,7
2271,PRY5,01-01-2023,Male,12
2271,PRY5,01-01-2023,Female,8
2271,PRY6,01-01-2023,Male,9
2271,PRY6,01-01-2023,Female,10
2272,ECCDE1,01-01-2023,Male,21
2272,ECCDE1,01-01-2023,Female,8
2272,ECCDE2,01-01-2023,Male,8
2272,ECCDE2,01-01-2023,Female,14
2272,ECCDE3,01-01-2023,Male,9
2272,ECCDE3,01-01-2023,Female,3
2272,PRY1,01-01-2023,Male,15
2272,PRY1,01-01-2023,Female,12
2272,PRY2,01-01-2023,Male,17
2272,PRY2,01-01-2023,Female,19
2272,PRY3,01-01-2023,Male,11
2272,PRY3,01-01-2023,Female,16
2272,PRY4,01-01-2023,Male,12
2272,PRY4,01-01-2023,Female,12
2272,PRY5,01-01-2023,Male,8
2272,PRY5,01-01-2023,Female,8
2272,PRY6,01-01-2023,Male,20
2272,PRY6,01-01-2023,Female,14
2273,ECCDE1,01-01-2023,Male,6
2273,ECCDE1,01-01-2023,Female,9
2273,ECCDE2,01-01-2023,Male,6
2273,ECCDE2,01-01-2023,Female,11
2273,ECCDE3,01-01-2023,Male,10
2273,ECCDE3,01-01-2023,Female,14
2273,PRY1,01-01-2023,Male,6
2273,PRY1,01-01-2023,Female,7
2273,PRY2,01-01-2023,Male,5
2273,PRY2,01-01-2023,Female,6
2273,PRY3,01-01-2023,Male,12
2273,PRY3,01-01-2023,Female,10
2273,PRY4,01-01-2023,Male,15
2273,PRY4,01-01-2023,Female,8
2273,PRY5,01-01-2023,Male,15
2273,PRY5,01-01-2023,Female,11
2273,PRY6,01-01-2023,Male,14
2273,PRY6,01-01-2023,Female,9
2274,ECCDE1,01-01-2023,Male,0
2274,ECCDE1,01-01-2023,Female,0
2274,ECCDE2,01-01-2023,Male,0
2274,ECCDE2,01-01-2023,Female,0
2274,ECCDE3,01-01-2023,Male,0
2274,ECCDE3,01-01-2023,Female,0
2274,PRY1,01-01-2023,Male,8
2274,PRY1,01-01-2023,Female,6
2274,PRY2,01-01-2023,Male,4
2274,PRY2,01-01-2023,Female,6
2274,PRY3,01-01-2023,Male,4
2274,PRY3,01-01-2023,Female,5
2274,PRY4,01-01-2023,Male,0
2274,PRY4,01-01-2023,Female,0
2274,PRY5,01-01-2023,Male,0
2274,PRY5,01-01-2023,Female,0
2274,PRY6,01-01-2023,Male,0
2274,PRY6,01-01-2023,Female,0
2275,ECCDE1,01-01-2023,Male,4
2275,ECCDE1,01-01-2023,Female,4
2275,ECCDE2,01-01-2023,Male,3
2275,ECCDE2,01-01-2023,Female,3
2275,ECCDE3,01-01-2023,Male,7
2275,ECCDE3,01-01-2023,Female,5
2275,PRY1,01-01-2023,Male,1
2275,PRY1,01-01-2023,Female,7
2275,PRY2,01-01-2023,Male,7
2275,PRY2,01-01-2023,Female,4
2275,PRY3,01-01-2023,Male,7
2275,PRY3,01-01-2023,Female,4
2275,PRY4,01-01-2023,Male,3
2275,PRY4,01-01-2023,Female,3
2275,PRY5,01-01-2023,Male,3
2275,PRY5,01-01-2023,Female,3
2275,PRY6,01-01-2023,Male,0
2275,PRY6,01-01-2023,Female,0
2276,ECCDE1,01-01-2023,Male,1
2276,ECCDE1,01-01-2023,Female,3
2276,ECCDE2,01-01-2023,Male,1
2276,ECCDE2,01-01-2023,Female,2
2276,ECCDE3,01-01-2023,Male,0
2276,ECCDE3,01-01-2023,Female,3
2276,PRY1,01-01-2023,Male,4
2276,PRY1,01-01-2023,Female,6
2276,PRY2,01-01-2023,Male,2
2276,PRY2,01-01-2023,Female,6
2276,PRY3,01-01-2023,Male,2
2276,PRY3,01-01-2023,Female,2
2276,PRY4,01-01-2023,Male,4
2276,PRY4,01-01-2023,Female,5
2276,PRY5,01-01-2023,Male,0
2276,PRY5,01-01-2023,Female,0
2276,PRY6,01-01-2023,Male,0
2276,PRY6,01-01-2023,Female,0
2277,ECCDE1,01-01-2023,Male,10
2277,ECCDE1,01-01-2023,Female,12
2277,ECCDE2,01-01-2023,Male,7
2277,ECCDE2,01-01-2023,Female,8
2277,ECCDE3,01-01-2023,Male,7
2277,ECCDE3,01-01-2023,Female,8
2277,PRY1,01-01-2023,Male,8
2277,PRY1,01-01-2023,Female,8
2277,PRY2,01-01-2023,Male,5
2277,PRY2,01-01-2023,Female,8
2277,PRY3,01-01-2023,Male,4
2277,PRY3,01-01-2023,Female,5
2277,PRY4,01-01-2023,Male,0
2277,PRY4,01-01-2023,Female,0
2277,PRY5,01-01-2023,Male,0
2277,PRY5,01-01-2023,Female,0
2277,PRY6,01-01-2023,Male,0
2277,PRY6,01-01-2023,Female,0
2278,ECCDE1,01-01-2023,Male,24
2278,ECCDE1,01-01-2023,Female,17
2278,ECCDE2,01-01-2023,Male,19
2278,ECCDE2,01-01-2023,Female,11
2278,ECCDE3,01-01-2023,Male,15
2278,ECCDE3,01-01-2023,Female,22
2278,PRY1,01-01-2023,Male,25
2278,PRY1,01-01-2023,Female,20
2278,PRY2,01-01-2023,Male,32
2278,PRY2,01-01-2023,Female,25
2278,PRY3,01-01-2023,Male,28
2278,PRY3,01-01-2023,Female,30
2278,PRY4,01-01-2023,Male,21
2278,PRY4,01-01-2023,Female,45
2278,PRY5,01-01-2023,Male,32
2278,PRY5,01-01-2023,Female,34
2278,PRY6,01-01-2023,Male,41
2278,PRY6,01-01-2023,Female,37
2279,ECCDE1,01-01-2023,Male,11
2279,ECCDE1,01-01-2023,Female,10
2279,ECCDE2,01-01-2023,Male,14
2279,ECCDE2,01-01-2023,Female,16
2279,ECCDE3,01-01-2023,Male,25
2279,ECCDE3,01-01-2023,Female,20
2279,PRY1,01-01-2023,Male,11
2279,PRY1,01-01-2023,Female,12
2279,PRY2,01-01-2023,Male,15
2279,PRY2,01-01-2023,Female,20
2279,PRY3,01-01-2023,Male,20
2279,PRY3,01-01-2023,Female,28
2279,PRY4,01-01-2023,Male,19
2279,PRY4,01-01-2023,Female,28
2279,PRY5,01-01-2023,Male,28
2279,PRY5,01-01-2023,Female,30
2279,PRY6,01-01-2023,Male,31
2279,PRY6,01-01-2023,Female,41
2280,ECCDE1,01-01-2023,Male,33
2280,ECCDE1,01-01-2023,Female,16
2280,ECCDE2,01-01-2023,Male,20
2280,ECCDE2,01-01-2023,Female,20
2280,ECCDE3,01-01-2023,Male,30
2280,ECCDE3,01-01-2023,Female,35
2280,PRY1,01-01-2023,Male,41
2280,PRY1,01-01-2023,Female,25
2280,PRY2,01-01-2023,Male,48
2280,PRY2,01-01-2023,Female,38
2280,PRY3,01-01-2023,Male,60
2280,PRY3,01-01-2023,Female,68
2280,PRY4,01-01-2023,Male,92
2280,PRY4,01-01-2023,Female,46
2280,PRY5,01-01-2023,Male,46
2280,PRY5,01-01-2023,Female,108
2280,PRY6,01-01-2023,Male,76
2280,PRY6,01-01-2023,Female,75
2281,ECCDE1,01-01-2023,Male,6
2281,ECCDE1,01-01-2023,Female,7
2281,ECCDE2,01-01-2023,Male,7
2281,ECCDE2,01-01-2023,Female,3
2281,ECCDE3,01-01-2023,Male,4
2281,ECCDE3,01-01-2023,Female,3
2281,PRY1,01-01-2023,Male,7
2281,PRY1,01-01-2023,Female,8
2281,PRY2,01-01-2023,Male,16
2281,PRY2,01-01-2023,Female,3
2281,PRY3,01-01-2023,Male,8
2281,PRY3,01-01-2023,Female,8
2281,PRY4,01-01-2023,Male,11
2281,PRY4,01-01-2023,Female,4
2281,PRY5,01-01-2023,Male,16
2281,PRY5,01-01-2023,Female,7
2281,PRY6,01-01-2023,Male,21
2281,PRY6,01-01-2023,Female,16
2282,ECCDE1,01-01-2023,Male,14
2282,ECCDE1,01-01-2023,Female,7
2282,ECCDE2,01-01-2023,Male,10
2282,ECCDE2,01-01-2023,Female,10
2282,ECCDE3,01-01-2023,Male,10
2282,ECCDE3,01-01-2023,Female,7
2282,PRY1,01-01-2023,Male,19
2282,PRY1,01-01-2023,Female,16
2282,PRY2,01-01-2023,Male,16
2282,PRY2,01-01-2023,Female,10
2282,PRY3,01-01-2023,Male,12
2282,PRY3,01-01-2023,Female,13
2282,PRY4,01-01-2023,Male,22
2282,PRY4,01-01-2023,Female,16
2282,PRY5,01-01-2023,Male,11
2282,PRY5,01-01-2023,Female,21
2282,PRY6,01-01-2023,Male,17
2282,PRY6,01-01-2023,Female,19
2283,ECCDE1,01-01-2023,Male,5
2283,ECCDE1,01-01-2023,Female,2
2283,ECCDE2,01-01-2023,Male,6
2283,ECCDE2,01-01-2023,Female,3
2283,ECCDE3,01-01-2023,Male,5
2283,ECCDE3,01-01-2023,Female,5
2283,PRY1,01-01-2023,Male,6
2283,PRY1,01-01-2023,Female,9
2283,PRY2,01-01-2023,Male,2
2283,PRY2,01-01-2023,Female,11
2283,PRY3,01-01-2023,Male,7
2283,PRY3,01-01-2023,Female,15
2283,PRY4,01-01-2023,Male,7
2283,PRY4,01-01-2023,Female,4
2283,PRY5,01-01-2023,Male,9
2283,PRY5,01-01-2023,Female,13
2283,PRY6,01-01-2023,Male,11
2283,PRY6,01-01-2023,Female,10
2284,ECCDE1,01-01-2023,Male,22
2284,ECCDE1,01-01-2023,Female,14
2284,ECCDE2,01-01-2023,Male,10
2284,ECCDE2,01-01-2023,Female,15
2284,ECCDE3,01-01-2023,Male,15
2284,ECCDE3,01-01-2023,Female,19
2284,PRY1,01-01-2023,Male,17
2284,PRY1,01-01-2023,Female,13
2284,PRY2,01-01-2023,Male,21
2284,PRY2,01-01-2023,Female,19
2284,PRY3,01-01-2023,Male,25
2284,PRY3,01-01-2023,Female,25
2284,PRY4,01-01-2023,Male,31
2284,PRY4,01-01-2023,Female,19
2284,PRY5,01-01-2023,Male,18
2284,PRY5,01-01-2023,Female,32
2284,PRY6,01-01-2023,Male,24
2284,PRY6,01-01-2023,Female,19
2285,ECCDE1,01-01-2023,Male,10
2285,ECCDE1,01-01-2023,Female,10
2285,ECCDE2,01-01-2023,Male,12
2285,ECCDE2,01-01-2023,Female,6
2285,ECCDE3,01-01-2023,Male,3
2285,ECCDE3,01-01-2023,Female,4
2285,PRY1,01-01-2023,Male,5
2285,PRY1,01-01-2023,Female,6
2285,PRY2,01-01-2023,Male,8
2285,PRY2,01-01-2023,Female,6
2285,PRY3,01-01-2023,Male,8
2285,PRY3,01-01-2023,Female,8
2285,PRY4,01-01-2023,Male,8
2285,PRY4,01-01-2023,Female,10
2285,PRY5,01-01-2023,Male,6
2285,PRY5,01-01-2023,Female,10
2285,PRY6,01-01-2023,Male,10
2285,PRY6,01-01-2023,Female,9
2286,ECCDE1,01-01-2023,Male,23
2286,ECCDE1,01-01-2023,Female,19
2286,ECCDE2,01-01-2023,Male,31
2286,ECCDE2,01-01-2023,Female,14
2286,ECCDE3,01-01-2023,Male,21
2286,ECCDE3,01-01-2023,Female,16
2286,PRY1,01-01-2023,Male,13
2286,PRY1,01-01-2023,Female,22
2286,PRY2,01-01-2023,Male,26
2286,PRY2,01-01-2023,Female,15
2286,PRY3,01-01-2023,Male,28
2286,PRY3,01-01-2023,Female,27
2286,PRY4,01-01-2023,Male,31
2286,PRY4,01-01-2023,Female,27
2286,PRY5,01-01-2023,Male,22
2286,PRY5,01-01-2023,Female,24
2286,PRY6,01-01-2023,Male,28
2286,PRY6,01-01-2023,Female,16
2287,ECCDE1,01-01-2023,Male,30
2287,ECCDE1,01-01-2023,Female,31
2287,ECCDE2,01-01-2023,Male,28
2287,ECCDE2,01-01-2023,Female,30
2287,ECCDE3,01-01-2023,Male,24
2287,ECCDE3,01-01-2023,Female,26
2287,PRY1,01-01-2023,Male,25
2287,PRY1,01-01-2023,Female,25
2287,PRY2,01-01-2023,Male,31
2287,PRY2,01-01-2023,Female,38
2287,PRY3,01-01-2023,Male,42
2287,PRY3,01-01-2023,Female,33
2287,PRY4,01-01-2023,Male,42
2287,PRY4,01-01-2023,Female,50
2287,PRY5,01-01-2023,Male,50
2287,PRY5,01-01-2023,Female,67
2287,PRY6,01-01-2023,Male,62
2287,PRY6,01-01-2023,Female,72
2288,ECCDE1,01-01-2023,Male,0
2288,ECCDE1,01-01-2023,Female,0
2288,ECCDE2,01-01-2023,Male,0
2288,ECCDE2,01-01-2023,Female,0
2288,ECCDE3,01-01-2023,Male,0
2288,ECCDE3,01-01-2023,Female,0
2288,PRY1,01-01-2023,Male,15
2288,PRY1,01-01-2023,Female,10
2288,PRY2,01-01-2023,Male,15
2288,PRY2,01-01-2023,Female,14
2288,PRY3,01-01-2023,Male,20
2288,PRY3,01-01-2023,Female,13
2288,PRY4,01-01-2023,Male,14
2288,PRY4,01-01-2023,Female,14
2288,PRY5,01-01-2023,Male,15
2288,PRY5,01-01-2023,Female,16
2288,PRY6,01-01-2023,Male,15
2288,PRY6,01-01-2023,Female,18
2289,ECCDE1,01-01-2023,Male,19
2289,ECCDE1,01-01-2023,Female,22
2289,ECCDE2,01-01-2023,Male,16
2289,ECCDE2,01-01-2023,Female,9
2289,ECCDE3,01-01-2023,Male,11
2289,ECCDE3,01-01-2023,Female,11
2289,PRY1,01-01-2023,Male,15
2289,PRY1,01-01-2023,Female,12
2289,PRY2,01-01-2023,Male,19
2289,PRY2,01-01-2023,Female,18
2289,PRY3,01-01-2023,Male,20
2289,PRY3,01-01-2023,Female,21
2289,PRY4,01-01-2023,Male,25
2289,PRY4,01-01-2023,Female,21
2289,PRY5,01-01-2023,Male,30
2289,PRY5,01-01-2023,Female,30
2289,PRY6,01-01-2023,Male,25
2289,PRY6,01-01-2023,Female,30
2290,ECCDE1,01-01-2023,Male,15
2290,ECCDE1,01-01-2023,Female,20
2290,ECCDE2,01-01-2023,Male,10
2290,ECCDE2,01-01-2023,Female,10
2290,ECCDE3,01-01-2023,Male,17
2290,ECCDE3,01-01-2023,Female,10
2290,PRY1,01-01-2023,Male,15
2290,PRY1,01-01-2023,Female,15
2290,PRY2,01-01-2023,Male,20
2290,PRY2,01-01-2023,Female,25
2290,PRY3,01-01-2023,Male,30
2290,PRY3,01-01-2023,Female,30
2290,PRY4,01-01-2023,Male,30
2290,PRY4,01-01-2023,Female,40
2290,PRY5,01-01-2023,Male,30
2290,PRY5,01-01-2023,Female,35
2290,PRY6,01-01-2023,Male,40
2290,PRY6,01-01-2023,Female,40
2291,ECCDE1,01-01-2023,Male,29
2291,ECCDE1,01-01-2023,Female,44
2291,ECCDE2,01-01-2023,Male,18
2291,ECCDE2,01-01-2023,Female,28
2291,ECCDE3,01-01-2023,Male,18
2291,ECCDE3,01-01-2023,Female,14
2291,PRY1,01-01-2023,Male,20
2291,PRY1,01-01-2023,Female,30
2291,PRY2,01-01-2023,Male,21
2291,PRY2,01-01-2023,Female,30
2291,PRY3,01-01-2023,Male,24
2291,PRY3,01-01-2023,Female,23
2291,PRY4,01-01-2023,Male,22
2291,PRY4,01-01-2023,Female,26
2291,PRY5,01-01-2023,Male,26
2291,PRY5,01-01-2023,Female,24
2291,PRY6,01-01-2023,Male,16
2291,PRY6,01-01-2023,Female,28
2292,ECCDE1,01-01-2023,Male,18
2292,ECCDE1,01-01-2023,Female,29
2292,ECCDE2,01-01-2023,Male,11
2292,ECCDE2,01-01-2023,Female,15
2292,ECCDE3,01-01-2023,Male,14
2292,ECCDE3,01-01-2023,Female,16
2292,PRY1,01-01-2023,Male,21
2292,PRY1,01-01-2023,Female,20
2292,PRY2,01-01-2023,Male,26
2292,PRY2,01-01-2023,Female,26
2292,PRY3,01-01-2023,Male,31
2292,PRY3,01-01-2023,Female,33
2292,PRY4,01-01-2023,Male,31
2292,PRY4,01-01-2023,Female,30
2292,PRY5,01-01-2023,Male,42
2292,PRY5,01-01-2023,Female,43
2292,PRY6,01-01-2023,Male,59
2292,PRY6,01-01-2023,Female,63
2293,ECCDE1,01-01-2023,Male,9
2293,ECCDE1,01-01-2023,Female,9
2293,ECCDE2,01-01-2023,Male,4
2293,ECCDE2,01-01-2023,Female,6
2293,ECCDE3,01-01-2023,Male,4
2293,ECCDE3,01-01-2023,Female,4
2293,PRY1,01-01-2023,Male,7
2293,PRY1,01-01-2023,Female,1
2293,PRY2,01-01-2023,Male,8
2293,PRY2,01-01-2023,Female,4
2293,PRY3,01-01-2023,Male,10
2293,PRY3,01-01-2023,Female,6
2293,PRY4,01-01-2023,Male,5
2293,PRY4,01-01-2023,Female,3
2293,PRY5,01-01-2023,Male,8
2293,PRY5,01-01-2023,Female,8
2293,PRY6,01-01-2023,Male,10
2293,PRY6,01-01-2023,Female,7
2294,ECCDE1,01-01-2023,Male,6
2294,ECCDE1,01-01-2023,Female,5
2294,ECCDE2,01-01-2023,Male,4
2294,ECCDE2,01-01-2023,Female,6
2294,ECCDE3,01-01-2023,Male,5
2294,ECCDE3,01-01-2023,Female,2
2294,PRY1,01-01-2023,Male,7
2294,PRY1,01-01-2023,Female,7
2294,PRY2,01-01-2023,Male,10
2294,PRY2,01-01-2023,Female,2
2294,PRY3,01-01-2023,Male,3
2294,PRY3,01-01-2023,Female,5
2294,PRY4,01-01-2023,Male,7
2294,PRY4,01-01-2023,Female,3
2294,PRY5,01-01-2023,Male,7
2294,PRY5,01-01-2023,Female,3
2294,PRY6,01-01-2023,Male,1
2294,PRY6,01-01-2023,Female,9
2295,ECCDE1,01-01-2023,Male,21
2295,ECCDE1,01-01-2023,Female,10
2295,ECCDE2,01-01-2023,Male,22
2295,ECCDE2,01-01-2023,Female,22
2295,ECCDE3,01-01-2023,Male,19
2295,ECCDE3,01-01-2023,Female,18
2295,PRY1,01-01-2023,Male,19
2295,PRY1,01-01-2023,Female,28
2295,PRY2,01-01-2023,Male,23
2295,PRY2,01-01-2023,Female,26
2295,PRY3,01-01-2023,Male,31
2295,PRY3,01-01-2023,Female,35
2295,PRY4,01-01-2023,Male,35
2295,PRY4,01-01-2023,Female,43
2295,PRY5,01-01-2023,Male,51
2295,PRY5,01-01-2023,Female,34
2295,PRY6,01-01-2023,Male,34
2295,PRY6,01-01-2023,Female,47
2296,ECCDE1,01-01-2023,Male,13
2296,ECCDE1,01-01-2023,Female,16
2296,ECCDE2,01-01-2023,Male,10
2296,ECCDE2,01-01-2023,Female,16
2296,ECCDE3,01-01-2023,Male,14
2296,ECCDE3,01-01-2023,Female,20
2296,PRY1,01-01-2023,Male,25
2296,PRY1,01-01-2023,Female,19
2296,PRY2,01-01-2023,Male,32
2296,PRY2,01-01-2023,Female,22
2296,PRY3,01-01-2023,Male,36
2296,PRY3,01-01-2023,Female,29
2296,PRY4,01-01-2023,Male,50
2296,PRY4,01-01-2023,Female,40
2296,PRY5,01-01-2023,Male,39
2296,PRY5,01-01-2023,Female,49
2296,PRY6,01-01-2023,Male,26
2296,PRY6,01-01-2023,Female,29
2297,ECCDE1,01-01-2023,Male,12
2297,ECCDE1,01-01-2023,Female,10
2297,ECCDE2,01-01-2023,Male,8
2297,ECCDE2,01-01-2023,Female,7
2297,ECCDE3,01-01-2023,Male,10
2297,ECCDE3,01-01-2023,Female,10
2297,PRY1,01-01-2023,Male,9
2297,PRY1,01-01-2023,Female,9
2297,PRY2,01-01-2023,Male,10
2297,PRY2,01-01-2023,Female,9
2297,PRY3,01-01-2023,Male,10
2297,PRY3,01-01-2023,Female,8
2297,PRY4,01-01-2023,Male,8
2297,PRY4,01-01-2023,Female,7
2297,PRY5,01-01-2023,Male,8
2297,PRY5,01-01-2023,Female,12
2297,PRY6,01-01-2023,Male,14
2297,PRY6,01-01-2023,Female,12
2298,ECCDE1,01-01-2023,Male,10
2298,ECCDE1,01-01-2023,Female,12
2298,ECCDE2,01-01-2023,Male,8
2298,ECCDE2,01-01-2023,Female,3
2298,ECCDE3,01-01-2023,Male,6
2298,ECCDE3,01-01-2023,Female,11
2298,PRY1,01-01-2023,Male,8
2298,PRY1,01-01-2023,Female,12
2298,PRY2,01-01-2023,Male,13
2298,PRY2,01-01-2023,Female,9
2298,PRY3,01-01-2023,Male,9
2298,PRY3,01-01-2023,Female,8
2298,PRY4,01-01-2023,Male,9
2298,PRY4,01-01-2023,Female,5
2298,PRY5,01-01-2023,Male,8
2298,PRY5,01-01-2023,Female,9
2298,PRY6,01-01-2023,Male,12
2298,PRY6,01-01-2023,Female,14
2299,ECCDE1,01-01-2023,Male,16
2299,ECCDE1,01-01-2023,Female,9
2299,ECCDE2,01-01-2023,Male,6
2299,ECCDE2,01-01-2023,Female,10
2299,ECCDE3,01-01-2023,Male,6
2299,ECCDE3,01-01-2023,Female,6
2299,PRY1,01-01-2023,Male,8
2299,PRY1,01-01-2023,Female,13
2299,PRY2,01-01-2023,Male,8
2299,PRY2,01-01-2023,Female,12
2299,PRY3,01-01-2023,Male,8
2299,PRY3,01-01-2023,Female,13
2299,PRY4,01-01-2023,Male,17
2299,PRY4,01-01-2023,Female,22
2299,PRY5,01-01-2023,Male,17
2299,PRY5,01-01-2023,Female,16
2299,PRY6,01-01-2023,Male,19
2299,PRY6,01-01-2023,Female,22
2300,ECCDE1,01-01-2023,Male,20
2300,ECCDE1,01-01-2023,Female,34
2300,ECCDE2,01-01-2023,Male,24
2300,ECCDE2,01-01-2023,Female,33
2300,ECCDE3,01-01-2023,Male,30
2300,ECCDE3,01-01-2023,Female,26
2300,PRY1,01-01-2023,Male,28
2300,PRY1,01-01-2023,Female,30
2300,PRY2,01-01-2023,Male,30
2300,PRY2,01-01-2023,Female,46
2300,PRY3,01-01-2023,Male,40
2300,PRY3,01-01-2023,Female,61
2300,PRY4,01-01-2023,Male,50
2300,PRY4,01-01-2023,Female,58
2300,PRY5,01-01-2023,Male,49
2300,PRY5,01-01-2023,Female,59
2300,PRY6,01-01-2023,Male,51
2300,PRY6,01-01-2023,Female,71
2301,ECCDE1,01-01-2023,Male,17
2301,ECCDE1,01-01-2023,Female,12
2301,ECCDE2,01-01-2023,Male,6
2301,ECCDE2,01-01-2023,Female,10
2301,ECCDE3,01-01-2023,Male,7
2301,ECCDE3,01-01-2023,Female,12
2301,PRY1,01-01-2023,Male,11
2301,PRY1,01-01-2023,Female,12
2301,PRY2,01-01-2023,Male,21
2301,PRY2,01-01-2023,Female,16
2301,PRY3,01-01-2023,Male,16
2301,PRY3,01-01-2023,Female,14
2301,PRY4,01-01-2023,Male,20
2301,PRY4,01-01-2023,Female,23
2301,PRY5,01-01-2023,Male,21
2301,PRY5,01-01-2023,Female,29
2301,PRY6,01-01-2023,Male,22
2301,PRY6,01-01-2023,Female,24
2302,ECCDE1,01-01-2023,Male,9
2302,ECCDE1,01-01-2023,Female,7
2302,ECCDE2,01-01-2023,Male,11
2302,ECCDE2,01-01-2023,Female,11
2302,ECCDE3,01-01-2023,Male,8
2302,ECCDE3,01-01-2023,Female,12
2302,PRY1,01-01-2023,Male,9
2302,PRY1,01-01-2023,Female,5
2302,PRY2,01-01-2023,Male,7
2302,PRY2,01-01-2023,Female,9
2302,PRY3,01-01-2023,Male,6
2302,PRY3,01-01-2023,Female,6
2302,PRY4,01-01-2023,Male,1
2302,PRY4,01-01-2023,Female,6
2302,PRY5,01-01-2023,Male,2
2302,PRY5,01-01-2023,Female,8
2302,PRY6,01-01-2023,Male,4
2302,PRY6,01-01-2023,Female,4
2303,ECCDE1,01-01-2023,Male,20
2303,ECCDE1,01-01-2023,Female,33
2303,ECCDE2,01-01-2023,Male,18
2303,ECCDE2,01-01-2023,Female,26
2303,ECCDE3,01-01-2023,Male,28
2303,ECCDE3,01-01-2023,Female,30
2303,PRY1,01-01-2023,Male,25
2303,PRY1,01-01-2023,Female,25
2303,PRY2,01-01-2023,Male,25
2303,PRY2,01-01-2023,Female,38
2303,PRY3,01-01-2023,Male,30
2303,PRY3,01-01-2023,Female,32
2303,PRY4,01-01-2023,Male,33
2303,PRY4,01-01-2023,Female,33
2303,PRY5,01-01-2023,Male,45
2303,PRY5,01-01-2023,Female,35
2303,PRY6,01-01-2023,Male,42
2303,PRY6,01-01-2023,Female,58
2304,ECCDE1,01-01-2023,Male,4
2304,ECCDE1,01-01-2023,Female,10
2304,ECCDE2,01-01-2023,Male,1
2304,ECCDE2,01-01-2023,Female,4
2304,ECCDE3,01-01-2023,Male,4
2304,ECCDE3,01-01-2023,Female,6
2304,PRY1,01-01-2023,Male,5
2304,PRY1,01-01-2023,Female,7
2304,PRY2,01-01-2023,Male,6
2304,PRY2,01-01-2023,Female,9
2304,PRY3,01-01-2023,Male,8
2304,PRY3,01-01-2023,Female,7
2304,PRY4,01-01-2023,Male,12
2304,PRY4,01-01-2023,Female,13
2304,PRY5,01-01-2023,Male,10
2304,PRY5,01-01-2023,Female,12
2304,PRY6,01-01-2023,Male,10
2304,PRY6,01-01-2023,Female,11
2305,ECCDE1,01-01-2023,Male,6
2305,ECCDE1,01-01-2023,Female,9
2305,ECCDE2,01-01-2023,Male,3
2305,ECCDE2,01-01-2023,Female,6
2305,ECCDE3,01-01-2023,Male,5
2305,ECCDE3,01-01-2023,Female,3
2305,PRY1,01-01-2023,Male,1
2305,PRY1,01-01-2023,Female,8
2305,PRY2,01-01-2023,Male,9
2305,PRY2,01-01-2023,Female,5
2305,PRY3,01-01-2023,Male,9
2305,PRY3,01-01-2023,Female,10
2305,PRY4,01-01-2023,Male,8
2305,PRY4,01-01-2023,Female,14
2305,PRY5,01-01-2023,Male,10
2305,PRY5,01-01-2023,Female,8
2305,PRY6,01-01-2023,Male,19
2305,PRY6,01-01-2023,Female,11
2306,ECCDE1,01-01-2023,Male,20
2306,ECCDE1,01-01-2023,Female,30
2306,ECCDE2,01-01-2023,Male,30
2306,ECCDE2,01-01-2023,Female,20
2306,ECCDE3,01-01-2023,Male,25
2306,ECCDE3,01-01-2023,Female,20
2306,PRY1,01-01-2023,Male,20
2306,PRY1,01-01-2023,Female,21
2306,PRY2,01-01-2023,Male,15
2306,PRY2,01-01-2023,Female,31
2306,PRY3,01-01-2023,Male,17
2306,PRY3,01-01-2023,Female,31
2306,PRY4,01-01-2023,Male,20
2306,PRY4,01-01-2023,Female,33
2306,PRY5,01-01-2023,Male,30
2306,PRY5,01-01-2023,Female,33
2306,PRY6,01-01-2023,Male,36
2306,PRY6,01-01-2023,Female,39
2307,ECCDE1,01-01-2023,Male,14
2307,ECCDE1,01-01-2023,Female,20
2307,ECCDE2,01-01-2023,Male,11
2307,ECCDE2,01-01-2023,Female,8
2307,ECCDE3,01-01-2023,Male,9
2307,ECCDE3,01-01-2023,Female,18
2307,PRY1,01-01-2023,Male,17
2307,PRY1,01-01-2023,Female,20
2307,PRY2,01-01-2023,Male,15
2307,PRY2,01-01-2023,Female,20
2307,PRY3,01-01-2023,Male,20
2307,PRY3,01-01-2023,Female,32
2307,PRY4,01-01-2023,Male,33
2307,PRY4,01-01-2023,Female,20
2307,PRY5,01-01-2023,Male,22
2307,PRY5,01-01-2023,Female,32
2307,PRY6,01-01-2023,Male,31
2307,PRY6,01-01-2023,Female,30
2308,ECCDE1,01-01-2023,Male,8
2308,ECCDE1,01-01-2023,Female,17
2308,ECCDE2,01-01-2023,Male,6
2308,ECCDE2,01-01-2023,Female,6
2308,ECCDE3,01-01-2023,Male,16
2308,ECCDE3,01-01-2023,Female,10
2308,PRY1,01-01-2023,Male,15
2308,PRY1,01-01-2023,Female,16
2308,PRY2,01-01-2023,Male,14
2308,PRY2,01-01-2023,Female,26
2308,PRY3,01-01-2023,Male,22
2308,PRY3,01-01-2023,Female,30
2308,PRY4,01-01-2023,Male,32
2308,PRY4,01-01-2023,Female,32
2308,PRY5,01-01-2023,Male,23
2308,PRY5,01-01-2023,Female,42
2308,PRY6,01-01-2023,Male,38
2308,PRY6,01-01-2023,Female,37
2309,ECCDE1,01-01-2023,Male,15
2309,ECCDE1,01-01-2023,Female,13
2309,ECCDE2,01-01-2023,Male,12
2309,ECCDE2,01-01-2023,Female,15
2309,ECCDE3,01-01-2023,Male,15
2309,ECCDE3,01-01-2023,Female,15
2309,PRY1,01-01-2023,Male,12
2309,PRY1,01-01-2023,Female,13
2309,PRY2,01-01-2023,Male,15
2309,PRY2,01-01-2023,Female,20
2309,PRY3,01-01-2023,Male,15
2309,PRY3,01-01-2023,Female,25
2309,PRY4,01-01-2023,Male,25
2309,PRY4,01-01-2023,Female,25
2309,PRY5,01-01-2023,Male,27
2309,PRY5,01-01-2023,Female,35
2309,PRY6,01-01-2023,Male,34
2309,PRY6,01-01-2023,Female,35
2310,ECCDE1,01-01-2023,Male,18
2310,ECCDE1,01-01-2023,Female,19
2310,ECCDE2,01-01-2023,Male,12
2310,ECCDE2,01-01-2023,Female,13
2310,ECCDE3,01-01-2023,Male,17
2310,ECCDE3,01-01-2023,Female,11
2310,PRY1,01-01-2023,Male,16
2310,PRY1,01-01-2023,Female,18
2310,PRY2,01-01-2023,Male,16
2310,PRY2,01-01-2023,Female,26
2310,PRY3,01-01-2023,Male,21
2310,PRY3,01-01-2023,Female,14
2310,PRY4,01-01-2023,Male,16
2310,PRY4,01-01-2023,Female,17
2310,PRY5,01-01-2023,Male,26
2310,PRY5,01-01-2023,Female,11
2310,PRY6,01-01-2023,Male,19
2310,PRY6,01-01-2023,Female,10
2311,ECCDE1,01-01-2023,Male,12
2311,ECCDE1,01-01-2023,Female,9
2311,ECCDE2,01-01-2023,Male,6
2311,ECCDE2,01-01-2023,Female,6
2311,ECCDE3,01-01-2023,Male,12
2311,ECCDE3,01-01-2023,Female,8
2311,PRY1,01-01-2023,Male,17
2311,PRY1,01-01-2023,Female,13
2311,PRY2,01-01-2023,Male,25
2311,PRY2,01-01-2023,Female,30
2311,PRY3,01-01-2023,Male,31
2311,PRY3,01-01-2023,Female,27
2311,PRY4,01-01-2023,Male,34
2311,PRY4,01-01-2023,Female,43
2311,PRY5,01-01-2023,Male,40
2311,PRY5,01-01-2023,Female,50
2311,PRY6,01-01-2023,Male,46
2311,PRY6,01-01-2023,Female,46
2312,ECCDE1,01-01-2023,Male,8
2312,ECCDE1,01-01-2023,Female,8
2312,ECCDE2,01-01-2023,Male,6
2312,ECCDE2,01-01-2023,Female,7
2312,ECCDE3,01-01-2023,Male,6
2312,ECCDE3,01-01-2023,Female,7
2312,PRY1,01-01-2023,Male,16
2312,PRY1,01-01-2023,Female,9
2312,PRY2,01-01-2023,Male,16
2312,PRY2,01-01-2023,Female,8
2312,PRY3,01-01-2023,Male,13
2312,PRY3,01-01-2023,Female,15
2312,PRY4,01-01-2023,Male,11
2312,PRY4,01-01-2023,Female,11
2312,PRY5,01-01-2023,Male,8
2312,PRY5,01-01-2023,Female,18
2312,PRY6,01-01-2023,Male,4
2312,PRY6,01-01-2023,Female,6
2313,ECCDE1,01-01-2023,Male,10
2313,ECCDE1,01-01-2023,Female,10
2313,ECCDE2,01-01-2023,Male,10
2313,ECCDE2,01-01-2023,Female,5
2313,ECCDE3,01-01-2023,Male,10
2313,ECCDE3,01-01-2023,Female,10
2313,PRY1,01-01-2023,Male,13
2313,PRY1,01-01-2023,Female,13
2313,PRY2,01-01-2023,Male,11
2313,PRY2,01-01-2023,Female,17
2313,PRY3,01-01-2023,Male,16
2313,PRY3,01-01-2023,Female,14
2313,PRY4,01-01-2023,Male,19
2313,PRY4,01-01-2023,Female,16
2313,PRY5,01-01-2023,Male,14
2313,PRY5,01-01-2023,Female,16
2313,PRY6,01-01-2023,Male,19
2313,PRY6,01-01-2023,Female,11
2314,ECCDE1,01-01-2023,Male,10
2314,ECCDE1,01-01-2023,Female,14
2314,ECCDE2,01-01-2023,Male,14
2314,ECCDE2,01-01-2023,Female,15
2314,ECCDE3,01-01-2023,Male,5
2314,ECCDE3,01-01-2023,Female,11
2314,PRY1,01-01-2023,Male,14
2314,PRY1,01-01-2023,Female,12
2314,PRY2,01-01-2023,Male,12
2314,PRY2,01-01-2023,Female,15
2314,PRY3,01-01-2023,Male,13
2314,PRY3,01-01-2023,Female,13
2314,PRY4,01-01-2023,Male,21
2314,PRY4,01-01-2023,Female,14
2314,PRY5,01-01-2023,Male,24
2314,PRY5,01-01-2023,Female,22
2314,PRY6,01-01-2023,Male,17
2314,PRY6,01-01-2023,Female,7
2315,ECCDE1,01-01-2023,Male,0
2315,ECCDE1,01-01-2023,Female,0
2315,ECCDE2,01-01-2023,Male,0
2315,ECCDE2,01-01-2023,Female,0
2315,ECCDE3,01-01-2023,Male,0
2315,ECCDE3,01-01-2023,Female,0
2315,PRY1,01-01-2023,Male,1
2315,PRY1,01-01-2023,Female,2
2315,PRY2,01-01-2023,Male,9
2315,PRY2,01-01-2023,Female,1
2315,PRY3,01-01-2023,Male,2
2315,PRY3,01-01-2023,Female,2
2315,PRY4,01-01-2023,Male,1
2315,PRY4,01-01-2023,Female,2
2315,PRY5,01-01-2023,Male,3
2315,PRY5,01-01-2023,Female,3
2315,PRY6,01-01-2023,Male,5
2315,PRY6,01-01-2023,Female,4
2316,ECCDE1,01-01-2023,Male,13
2316,ECCDE1,01-01-2023,Female,11
2316,ECCDE2,01-01-2023,Male,7
2316,ECCDE2,01-01-2023,Female,10
2316,ECCDE3,01-01-2023,Male,9
2316,ECCDE3,01-01-2023,Female,4
2316,PRY1,01-01-2023,Male,11
2316,PRY1,01-01-2023,Female,9
2316,PRY2,01-01-2023,Male,7
2316,PRY2,01-01-2023,Female,9
2316,PRY3,01-01-2023,Male,6
2316,PRY3,01-01-2023,Female,12
2316,PRY4,01-01-2023,Male,8
2316,PRY4,01-01-2023,Female,9
2316,PRY5,01-01-2023,Male,14
2316,PRY5,01-01-2023,Female,6
2316,PRY6,01-01-2023,Male,14
2316,PRY6,01-01-2023,Female,3
2317,ECCDE1,01-01-2023,Male,1
2317,ECCDE1,01-01-2023,Female,1
2317,ECCDE2,01-01-2023,Male,1
2317,ECCDE2,01-01-2023,Female,1
2317,ECCDE3,01-01-2023,Male,1
2317,ECCDE3,01-01-2023,Female,2
2317,PRY1,01-01-2023,Male,1
2317,PRY1,01-01-2023,Female,2
2317,PRY2,01-01-2023,Male,2
2317,PRY2,01-01-2023,Female,5
2317,PRY3,01-01-2023,Male,6
2317,PRY3,01-01-2023,Female,1
2317,PRY4,01-01-2023,Male,4
2317,PRY4,01-01-2023,Female,3
2317,PRY5,01-01-2023,Male,3
2317,PRY5,01-01-2023,Female,5
2317,PRY6,01-01-2023,Male,3
2317,PRY6,01-01-2023,Female,4
2318,ECCDE1,01-01-2023,Male,10
2318,ECCDE1,01-01-2023,Female,11
2318,ECCDE2,01-01-2023,Male,8
2318,ECCDE2,01-01-2023,Female,10
2318,ECCDE3,01-01-2023,Male,10
2318,ECCDE3,01-01-2023,Female,6
2318,PRY1,01-01-2023,Male,4
2318,PRY1,01-01-2023,Female,6
2318,PRY2,01-01-2023,Male,6
2318,PRY2,01-01-2023,Female,6
2318,PRY3,01-01-2023,Male,6
2318,PRY3,01-01-2023,Female,8
2318,PRY4,01-01-2023,Male,0
2318,PRY4,01-01-2023,Female,0
2318,PRY5,01-01-2023,Male,0
2318,PRY5,01-01-2023,Female,0
2318,PRY6,01-01-2023,Male,0
2318,PRY6,01-01-2023,Female,0
2319,ECCDE1,01-01-2023,Male,17
2319,ECCDE1,01-01-2023,Female,8
2319,ECCDE2,01-01-2023,Male,10
2319,ECCDE2,01-01-2023,Female,14
2319,ECCDE3,01-01-2023,Male,11
2319,ECCDE3,01-01-2023,Female,15
2319,PRY1,01-01-2023,Male,8
2319,PRY1,01-01-2023,Female,9
2319,PRY2,01-01-2023,Male,7
2319,PRY2,01-01-2023,Female,15
2319,PRY3,01-01-2023,Male,12
2319,PRY3,01-01-2023,Female,11
2319,PRY4,01-01-2023,Male,8
2319,PRY4,01-01-2023,Female,20
2319,PRY5,01-01-2023,Male,13
2319,PRY5,01-01-2023,Female,11
2319,PRY6,01-01-2023,Male,12
2319,PRY6,01-01-2023,Female,8
2320,ECCDE1,01-01-2023,Male,2
2320,ECCDE1,01-01-2023,Female,7
2320,ECCDE2,01-01-2023,Male,1
2320,ECCDE2,01-01-2023,Female,4
2320,ECCDE3,01-01-2023,Male,6
2320,ECCDE3,01-01-2023,Female,5
2320,PRY1,01-01-2023,Male,7
2320,PRY1,01-01-2023,Female,3
2320,PRY2,01-01-2023,Male,6
2320,PRY2,01-01-2023,Female,9
2320,PRY3,01-01-2023,Male,5
2320,PRY3,01-01-2023,Female,4
2320,PRY4,01-01-2023,Male,3
2320,PRY4,01-01-2023,Female,3
2320,PRY5,01-01-2023,Male,4
2320,PRY5,01-01-2023,Female,8
2320,PRY6,01-01-2023,Male,6
2320,PRY6,01-01-2023,Female,5
2321,ECCDE1,01-01-2023,Male,7
2321,ECCDE1,01-01-2023,Female,6
2321,ECCDE2,01-01-2023,Male,2
2321,ECCDE2,01-01-2023,Female,4
2321,ECCDE3,01-01-2023,Male,9
2321,ECCDE3,01-01-2023,Female,0
2321,PRY1,01-01-2023,Male,3
2321,PRY1,01-01-2023,Female,4
2321,PRY2,01-01-2023,Male,1
2321,PRY2,01-01-2023,Female,5
2321,PRY3,01-01-2023,Male,5
2321,PRY3,01-01-2023,Female,3
2321,PRY4,01-01-2023,Male,2
2321,PRY4,01-01-2023,Female,7
2321,PRY5,01-01-2023,Male,7
2321,PRY5,01-01-2023,Female,3
2321,PRY6,01-01-2023,Male,2
2321,PRY6,01-01-2023,Female,3
2322,ECCDE1,01-01-2023,Male,15
2322,ECCDE1,01-01-2023,Female,10
2322,ECCDE2,01-01-2023,Male,8
2322,ECCDE2,01-01-2023,Female,7
2322,ECCDE3,01-01-2023,Male,10
2322,ECCDE3,01-01-2023,Female,11
2322,PRY1,01-01-2023,Male,11
2322,PRY1,01-01-2023,Female,9
2322,PRY2,01-01-2023,Male,16
2322,PRY2,01-01-2023,Female,18
2322,PRY3,01-01-2023,Male,19
2322,PRY3,01-01-2023,Female,14
2322,PRY4,01-01-2023,Male,22
2322,PRY4,01-01-2023,Female,26
2322,PRY5,01-01-2023,Male,16
2322,PRY5,01-01-2023,Female,25
2322,PRY6,01-01-2023,Male,23
2322,PRY6,01-01-2023,Female,28
2323,ECCDE1,01-01-2023,Male,15
2323,ECCDE1,01-01-2023,Female,10
2323,ECCDE2,01-01-2023,Male,21
2323,ECCDE2,01-01-2023,Female,22
2323,ECCDE3,01-01-2023,Male,18
2323,ECCDE3,01-01-2023,Female,24
2323,PRY1,01-01-2023,Male,16
2323,PRY1,01-01-2023,Female,12
2323,PRY2,01-01-2023,Male,18
2323,PRY2,01-01-2023,Female,15
2323,PRY3,01-01-2023,Male,13
2323,PRY3,01-01-2023,Female,11
2323,PRY4,01-01-2023,Male,15
2323,PRY4,01-01-2023,Female,14
2323,PRY5,01-01-2023,Male,16
2323,PRY5,01-01-2023,Female,17
2323,PRY6,01-01-2023,Male,12
2323,PRY6,01-01-2023,Female,14
2324,ECCDE1,01-01-2023,Male,40
2324,ECCDE1,01-01-2023,Female,50
2324,ECCDE2,01-01-2023,Male,25
2324,ECCDE2,01-01-2023,Female,32
2324,ECCDE3,01-01-2023,Male,20
2324,ECCDE3,01-01-2023,Female,22
2324,PRY1,01-01-2023,Male,20
2324,PRY1,01-01-2023,Female,21
2324,PRY2,01-01-2023,Male,25
2324,PRY2,01-01-2023,Female,27
2324,PRY3,01-01-2023,Male,26
2324,PRY3,01-01-2023,Female,23
2324,PRY4,01-01-2023,Male,10
2324,PRY4,01-01-2023,Female,11
2324,PRY5,01-01-2023,Male,11
2324,PRY5,01-01-2023,Female,12
2324,PRY6,01-01-2023,Male,12
2324,PRY6,01-01-2023,Female,11
2325,ECCDE1,01-01-2023,Male,8
2325,ECCDE1,01-01-2023,Female,6
2325,ECCDE2,01-01-2023,Male,6
2325,ECCDE2,01-01-2023,Female,6
2325,ECCDE3,01-01-2023,Male,10
2325,ECCDE3,01-01-2023,Female,10
2325,PRY1,01-01-2023,Male,7
2325,PRY1,01-01-2023,Female,12
2325,PRY2,01-01-2023,Male,10
2325,PRY2,01-01-2023,Female,12
2325,PRY3,01-01-2023,Male,18
2325,PRY3,01-01-2023,Female,10
2325,PRY4,01-01-2023,Male,5
2325,PRY4,01-01-2023,Female,9
2325,PRY5,01-01-2023,Male,8
2325,PRY5,01-01-2023,Female,10
2325,PRY6,01-01-2023,Male,8
2325,PRY6,01-01-2023,Female,5
2326,ECCDE1,01-01-2023,Male,15
2326,ECCDE1,01-01-2023,Female,16
2326,ECCDE2,01-01-2023,Male,24
2326,ECCDE2,01-01-2023,Female,14
2326,ECCDE3,01-01-2023,Male,14
2326,ECCDE3,01-01-2023,Female,15
2326,PRY1,01-01-2023,Male,15
2326,PRY1,01-01-2023,Female,16
2326,PRY2,01-01-2023,Male,9
2326,PRY2,01-01-2023,Female,19
2326,PRY3,01-01-2023,Male,13
2326,PRY3,01-01-2023,Female,16
2326,PRY4,01-01-2023,Male,15
2326,PRY4,01-01-2023,Female,12
2326,PRY5,01-01-2023,Male,13
2326,PRY5,01-01-2023,Female,14
2326,PRY6,01-01-2023,Male,12
2326,PRY6,01-01-2023,Female,15
2327,ECCDE1,01-01-2023,Male,26
2327,ECCDE1,01-01-2023,Female,23
2327,ECCDE2,01-01-2023,Male,20
2327,ECCDE2,01-01-2023,Female,20
2327,ECCDE3,01-01-2023,Male,15
2327,ECCDE3,01-01-2023,Female,13
2327,PRY1,01-01-2023,Male,16
2327,PRY1,01-01-2023,Female,12
2327,PRY2,01-01-2023,Male,13
2327,PRY2,01-01-2023,Female,15
2327,PRY3,01-01-2023,Male,12
2327,PRY3,01-01-2023,Female,10
2327,PRY4,01-01-2023,Male,15
2327,PRY4,01-01-2023,Female,13
2327,PRY5,01-01-2023,Male,20
2327,PRY5,01-01-2023,Female,10
2327,PRY6,01-01-2023,Male,16
2327,PRY6,01-01-2023,Female,13
2328,ECCDE1,01-01-2023,Male,17
2328,ECCDE1,01-01-2023,Female,13
2328,ECCDE2,01-01-2023,Male,10
2328,ECCDE2,01-01-2023,Female,10
2328,ECCDE3,01-01-2023,Male,10
2328,ECCDE3,01-01-2023,Female,15
2328,PRY1,01-01-2023,Male,11
2328,PRY1,01-01-2023,Female,10
2328,PRY2,01-01-2023,Male,13
2328,PRY2,01-01-2023,Female,10
2328,PRY3,01-01-2023,Male,11
2328,PRY3,01-01-2023,Female,10
2328,PRY4,01-01-2023,Male,12
2328,PRY4,01-01-2023,Female,8
2328,PRY5,01-01-2023,Male,8
2328,PRY5,01-01-2023,Female,10
2328,PRY6,01-01-2023,Male,23
2328,PRY6,01-01-2023,Female,10
2329,ECCDE1,01-01-2023,Male,15
2329,ECCDE1,01-01-2023,Female,17
2329,ECCDE2,01-01-2023,Male,14
2329,ECCDE2,01-01-2023,Female,18
2329,ECCDE3,01-01-2023,Male,19
2329,ECCDE3,01-01-2023,Female,21
2329,PRY1,01-01-2023,Male,7
2329,PRY1,01-01-2023,Female,6
2329,PRY2,01-01-2023,Male,8
2329,PRY2,01-01-2023,Female,7
2329,PRY3,01-01-2023,Male,9
2329,PRY3,01-01-2023,Female,5
2329,PRY4,01-01-2023,Male,4
2329,PRY4,01-01-2023,Female,8
2329,PRY5,01-01-2023,Male,6
2329,PRY5,01-01-2023,Female,6
2329,PRY6,01-01-2023,Male,5
2329,PRY6,01-01-2023,Female,6
2330,ECCDE1,01-01-2023,Male,0
2330,ECCDE1,01-01-2023,Female,0
2330,ECCDE2,01-01-2023,Male,0
2330,ECCDE2,01-01-2023,Female,0
2330,ECCDE3,01-01-2023,Male,0
2330,ECCDE3,01-01-2023,Female,0
2330,PRY1,01-01-2023,Male,6
2330,PRY1,01-01-2023,Female,5
2330,PRY2,01-01-2023,Male,7
2330,PRY2,01-01-2023,Female,3
2330,PRY3,01-01-2023,Male,7
2330,PRY3,01-01-2023,Female,6
2330,PRY4,01-01-2023,Male,6
2330,PRY4,01-01-2023,Female,6
2330,PRY5,01-01-2023,Male,7
2330,PRY5,01-01-2023,Female,6
2330,PRY6,01-01-2023,Male,7
2330,PRY6,01-01-2023,Female,3
2331,ECCDE1,01-01-2023,Male,20
2331,ECCDE1,01-01-2023,Female,30
2331,ECCDE2,01-01-2023,Male,13
2331,ECCDE2,01-01-2023,Female,13
2331,ECCDE3,01-01-2023,Male,17
2331,ECCDE3,01-01-2023,Female,17
2331,PRY1,01-01-2023,Male,15
2331,PRY1,01-01-2023,Female,15
2331,PRY2,01-01-2023,Male,13
2331,PRY2,01-01-2023,Female,12
2331,PRY3,01-01-2023,Male,15
2331,PRY3,01-01-2023,Female,8
2331,PRY4,01-01-2023,Male,16
2331,PRY4,01-01-2023,Female,10
2331,PRY5,01-01-2023,Male,14
2331,PRY5,01-01-2023,Female,14
2331,PRY6,01-01-2023,Male,8
2331,PRY6,01-01-2023,Female,8
2332,ECCDE1,01-01-2023,Male,30
2332,ECCDE1,01-01-2023,Female,39
2332,ECCDE2,01-01-2023,Male,14
2332,ECCDE2,01-01-2023,Female,11
2332,ECCDE3,01-01-2023,Male,20
2332,ECCDE3,01-01-2023,Female,22
2332,PRY1,01-01-2023,Male,31
2332,PRY1,01-01-2023,Female,15
2332,PRY2,01-01-2023,Male,27
2332,PRY2,01-01-2023,Female,24
2332,PRY3,01-01-2023,Male,22
2332,PRY3,01-01-2023,Female,17
2332,PRY4,01-01-2023,Male,27
2332,PRY4,01-01-2023,Female,20
2332,PRY5,01-01-2023,Male,18
2332,PRY5,01-01-2023,Female,19
2332,PRY6,01-01-2023,Male,26
2332,PRY6,01-01-2023,Female,25
2333,ECCDE1,01-01-2023,Male,32
2333,ECCDE1,01-01-2023,Female,29
2333,ECCDE2,01-01-2023,Male,17
2333,ECCDE2,01-01-2023,Female,17
2333,ECCDE3,01-01-2023,Male,20
2333,ECCDE3,01-01-2023,Female,27
2333,PRY1,01-01-2023,Male,29
2333,PRY1,01-01-2023,Female,26
2333,PRY2,01-01-2023,Male,24
2333,PRY2,01-01-2023,Female,24
2333,PRY3,01-01-2023,Male,28
2333,PRY3,01-01-2023,Female,30
2333,PRY4,01-01-2023,Male,20
2333,PRY4,01-01-2023,Female,21
2333,PRY5,01-01-2023,Male,23
2333,PRY5,01-01-2023,Female,23
2333,PRY6,01-01-2023,Male,20
2333,PRY6,01-01-2023,Female,17
2334,ECCDE1,01-01-2023,Male,15
2334,ECCDE1,01-01-2023,Female,10
2334,ECCDE2,01-01-2023,Male,7
2334,ECCDE2,01-01-2023,Female,4
2334,ECCDE3,01-01-2023,Male,6
2334,ECCDE3,01-01-2023,Female,5
2334,PRY1,01-01-2023,Male,12
2334,PRY1,01-01-2023,Female,4
2334,PRY2,01-01-2023,Male,5
2334,PRY2,01-01-2023,Female,5
2334,PRY3,01-01-2023,Male,7
2334,PRY3,01-01-2023,Female,4
2334,PRY4,01-01-2023,Male,4
2334,PRY4,01-01-2023,Female,2
2334,PRY5,01-01-2023,Male,4
2334,PRY5,01-01-2023,Female,4
2334,PRY6,01-01-2023,Male,2
2334,PRY6,01-01-2023,Female,3
2335,ECCDE1,01-01-2023,Male,32
2335,ECCDE1,01-01-2023,Female,10
2335,ECCDE2,01-01-2023,Male,9
2335,ECCDE2,01-01-2023,Female,11
2335,ECCDE3,01-01-2023,Male,9
2335,ECCDE3,01-01-2023,Female,7
2335,PRY1,01-01-2023,Male,8
2335,PRY1,01-01-2023,Female,17
2335,PRY2,01-01-2023,Male,14
2335,PRY2,01-01-2023,Female,6
2335,PRY3,01-01-2023,Male,13
2335,PRY3,01-01-2023,Female,12
2335,PRY4,01-01-2023,Male,8
2335,PRY4,01-01-2023,Female,9
2335,PRY5,01-01-2023,Male,9
2335,PRY5,01-01-2023,Female,11
2335,PRY6,01-01-2023,Male,2
2335,PRY6,01-01-2023,Female,5
2336,ECCDE1,01-01-2023,Male,12
2336,ECCDE1,01-01-2023,Female,10
2336,ECCDE2,01-01-2023,Male,10
2336,ECCDE2,01-01-2023,Female,11
2336,ECCDE3,01-01-2023,Male,8
2336,ECCDE3,01-01-2023,Female,10
2336,PRY1,01-01-2023,Male,13
2336,PRY1,01-01-2023,Female,12
2336,PRY2,01-01-2023,Male,10
2336,PRY2,01-01-2023,Female,13
2336,PRY3,01-01-2023,Male,22
2336,PRY3,01-01-2023,Female,18
2336,PRY4,01-01-2023,Male,9
2336,PRY4,01-01-2023,Female,11
2336,PRY5,01-01-2023,Male,11
2336,PRY5,01-01-2023,Female,12
2336,PRY6,01-01-2023,Male,10
2336,PRY6,01-01-2023,Female,12
2337,ECCDE1,01-01-2023,Male,12
2337,ECCDE1,01-01-2023,Female,19
2337,ECCDE2,01-01-2023,Male,10
2337,ECCDE2,01-01-2023,Female,9
2337,ECCDE3,01-01-2023,Male,20
2337,ECCDE3,01-01-2023,Female,22
2337,PRY1,01-01-2023,Male,25
2337,PRY1,01-01-2023,Female,36
2337,PRY2,01-01-2023,Male,15
2337,PRY2,01-01-2023,Female,22
2337,PRY3,01-01-2023,Male,22
2337,PRY3,01-01-2023,Female,23
2337,PRY4,01-01-2023,Male,21
2337,PRY4,01-01-2023,Female,11
2337,PRY5,01-01-2023,Male,22
2337,PRY5,01-01-2023,Female,16
2337,PRY6,01-01-2023,Male,19
2337,PRY6,01-01-2023,Female,18
2338,ECCDE1,01-01-2023,Male,31
2338,ECCDE1,01-01-2023,Female,21
2338,ECCDE2,01-01-2023,Male,18
2338,ECCDE2,01-01-2023,Female,14
2338,ECCDE3,01-01-2023,Male,17
2338,ECCDE3,01-01-2023,Female,13
2338,PRY1,01-01-2023,Male,18
2338,PRY1,01-01-2023,Female,22
2338,PRY2,01-01-2023,Male,17
2338,PRY2,01-01-2023,Female,16
2338,PRY3,01-01-2023,Male,14
2338,PRY3,01-01-2023,Female,18
2338,PRY4,01-01-2023,Male,14
2338,PRY4,01-01-2023,Female,15
2338,PRY5,01-01-2023,Male,19
2338,PRY5,01-01-2023,Female,14
2338,PRY6,01-01-2023,Male,24
2338,PRY6,01-01-2023,Female,14
2339,ECCDE1,01-01-2023,Male,15
2339,ECCDE1,01-01-2023,Female,7
2339,ECCDE2,01-01-2023,Male,12
2339,ECCDE2,01-01-2023,Female,8
2339,ECCDE3,01-01-2023,Male,15
2339,ECCDE3,01-01-2023,Female,12
2339,PRY1,01-01-2023,Male,5
2339,PRY1,01-01-2023,Female,4
2339,PRY2,01-01-2023,Male,4
2339,PRY2,01-01-2023,Female,11
2339,PRY3,01-01-2023,Male,11
2339,PRY3,01-01-2023,Female,13
2339,PRY4,01-01-2023,Male,13
2339,PRY4,01-01-2023,Female,11
2339,PRY5,01-01-2023,Male,10
2339,PRY5,01-01-2023,Female,24
2339,PRY6,01-01-2023,Male,5
2339,PRY6,01-01-2023,Female,14
2340,ECCDE1,01-01-2023,Male,10
2340,ECCDE1,01-01-2023,Female,18
2340,ECCDE2,01-01-2023,Male,15
2340,ECCDE2,01-01-2023,Female,20
2340,ECCDE3,01-01-2023,Male,20
2340,ECCDE3,01-01-2023,Female,25
2340,PRY1,01-01-2023,Male,19
2340,PRY1,01-01-2023,Female,22
2340,PRY2,01-01-2023,Male,17
2340,PRY2,01-01-2023,Female,20
2340,PRY3,01-01-2023,Male,23
2340,PRY3,01-01-2023,Female,11
2340,PRY4,01-01-2023,Male,20
2340,PRY4,01-01-2023,Female,25
2340,PRY5,01-01-2023,Male,21
2340,PRY5,01-01-2023,Female,15
2340,PRY6,01-01-2023,Male,22
2340,PRY6,01-01-2023,Female,12
2341,ECCDE1,01-01-2023,Male,30
2341,ECCDE1,01-01-2023,Female,35
2341,ECCDE2,01-01-2023,Male,25
2341,ECCDE2,01-01-2023,Female,23
2341,ECCDE3,01-01-2023,Male,25
2341,ECCDE3,01-01-2023,Female,25
2341,PRY1,01-01-2023,Male,22
2341,PRY1,01-01-2023,Female,20
2341,PRY2,01-01-2023,Male,17
2341,PRY2,01-01-2023,Female,13
2341,PRY3,01-01-2023,Male,20
2341,PRY3,01-01-2023,Female,15
2341,PRY4,01-01-2023,Male,20
2341,PRY4,01-01-2023,Female,23
2341,PRY5,01-01-2023,Male,32
2341,PRY5,01-01-2023,Female,28
2341,PRY6,01-01-2023,Male,2
2341,PRY6,01-01-2023,Female,4
2342,ECCDE1,01-01-2023,Male,2
2342,ECCDE1,01-01-2023,Female,4
2342,ECCDE2,01-01-2023,Male,3
2342,ECCDE2,01-01-2023,Female,4
2342,ECCDE3,01-01-2023,Male,4
2342,ECCDE3,01-01-2023,Female,4
2342,PRY1,01-01-2023,Male,4
2342,PRY1,01-01-2023,Female,5
2342,PRY2,01-01-2023,Male,2
2342,PRY2,01-01-2023,Female,4
2342,PRY3,01-01-2023,Male,3
2342,PRY3,01-01-2023,Female,4
2342,PRY4,01-01-2023,Male,3
2342,PRY4,01-01-2023,Female,3
2342,PRY5,01-01-2023,Male,3
2342,PRY5,01-01-2023,Female,4
2342,PRY6,01-01-2023,Male,3
2342,PRY6,01-01-2023,Female,4
2343,ECCDE1,01-01-2023,Male,6
2343,ECCDE1,01-01-2023,Female,8
2343,ECCDE2,01-01-2023,Male,5
2343,ECCDE2,01-01-2023,Female,4
2343,ECCDE3,01-01-2023,Male,6
2343,ECCDE3,01-01-2023,Female,8
2343,PRY1,01-01-2023,Male,5
2343,PRY1,01-01-2023,Female,7
2343,PRY2,01-01-2023,Male,4
2343,PRY2,01-01-2023,Female,5
2343,PRY3,01-01-2023,Male,1
2343,PRY3,01-01-2023,Female,3
2343,PRY4,01-01-2023,Male,2
2343,PRY4,01-01-2023,Female,2
2343,PRY5,01-01-2023,Male,4
2343,PRY5,01-01-2023,Female,4
2343,PRY6,01-01-2023,Male,8
2343,PRY6,01-01-2023,Female,6
2344,ECCDE1,01-01-2023,Male,6
2344,ECCDE1,01-01-2023,Female,8
2344,ECCDE2,01-01-2023,Male,5
2344,ECCDE2,01-01-2023,Female,4
2344,ECCDE3,01-01-2023,Male,6
2344,ECCDE3,01-01-2023,Female,8
2344,PRY1,01-01-2023,Male,5
2344,PRY1,01-01-2023,Female,7
2344,PRY2,01-01-2023,Male,4
2344,PRY2,01-01-2023,Female,5
2344,PRY3,01-01-2023,Male,1
2344,PRY3,01-01-2023,Female,3
2344,PRY4,01-01-2023,Male,2
2344,PRY4,01-01-2023,Female,2
2344,PRY5,01-01-2023,Male,6
2344,PRY5,01-01-2023,Female,8
2344,PRY6,01-01-2023,Male,6
2344,PRY6,01-01-2023,Female,8
2345,ECCDE1,01-01-2023,Male,20
2345,ECCDE1,01-01-2023,Female,36
2345,ECCDE2,01-01-2023,Male,28
2345,ECCDE2,01-01-2023,Female,30
2345,ECCDE3,01-01-2023,Male,15
2345,ECCDE3,01-01-2023,Female,18
2345,PRY1,01-01-2023,Male,32
2345,PRY1,01-01-2023,Female,49
2345,PRY2,01-01-2023,Male,25
2345,PRY2,01-01-2023,Female,57
2345,PRY3,01-01-2023,Male,23
2345,PRY3,01-01-2023,Female,23
2345,PRY4,01-01-2023,Male,22
2345,PRY4,01-01-2023,Female,42
2345,PRY5,01-01-2023,Male,22
2345,PRY5,01-01-2023,Female,22
2345,PRY6,01-01-2023,Male,13
2345,PRY6,01-01-2023,Female,14
2346,ECCDE1,01-01-2023,Male,26
2346,ECCDE1,01-01-2023,Female,8
2346,ECCDE2,01-01-2023,Male,19
2346,ECCDE2,01-01-2023,Female,18
2346,ECCDE3,01-01-2023,Male,14
2346,ECCDE3,01-01-2023,Female,13
2346,PRY1,01-01-2023,Male,15
2346,PRY1,01-01-2023,Female,7
2346,PRY2,01-01-2023,Male,16
2346,PRY2,01-01-2023,Female,11
2346,PRY3,01-01-2023,Male,18
2346,PRY3,01-01-2023,Female,7
2346,PRY4,01-01-2023,Male,8
2346,PRY4,01-01-2023,Female,10
2346,PRY5,01-01-2023,Male,12
2346,PRY5,01-01-2023,Female,9
2346,PRY6,01-01-2023,Male,9
2346,PRY6,01-01-2023,Female,7
2347,ECCDE1,01-01-2023,Male,10
2347,ECCDE1,01-01-2023,Female,15
2347,ECCDE2,01-01-2023,Male,10
2347,ECCDE2,01-01-2023,Female,15
2347,ECCDE3,01-01-2023,Male,12
2347,ECCDE3,01-01-2023,Female,8
2347,PRY1,01-01-2023,Male,10
2347,PRY1,01-01-2023,Female,14
2347,PRY2,01-01-2023,Male,8
2347,PRY2,01-01-2023,Female,9
2347,PRY3,01-01-2023,Male,9
2347,PRY3,01-01-2023,Female,11
2347,PRY4,01-01-2023,Male,6
2347,PRY4,01-01-2023,Female,18
2347,PRY5,01-01-2023,Male,10
2347,PRY5,01-01-2023,Female,5
2347,PRY6,01-01-2023,Male,5
2347,PRY6,01-01-2023,Female,8
2348,ECCDE1,01-01-2023,Male,0
2348,ECCDE1,01-01-2023,Female,0
2348,ECCDE2,01-01-2023,Male,0
2348,ECCDE2,01-01-2023,Female,0
2348,ECCDE3,01-01-2023,Male,0
2348,ECCDE3,01-01-2023,Female,0
2348,PRY1,01-01-2023,Male,2
2348,PRY1,01-01-2023,Female,1
2348,PRY2,01-01-2023,Male,1
2348,PRY2,01-01-2023,Female,1
2348,PRY3,01-01-2023,Male,2
2348,PRY3,01-01-2023,Female,1
2348,PRY4,01-01-2023,Male,1
2348,PRY4,01-01-2023,Female,1
2348,PRY5,01-01-2023,Male,1
2348,PRY5,01-01-2023,Female,1
2348,PRY6,01-01-2023,Male,7
2348,PRY6,01-01-2023,Female,3
2349,ECCDE1,01-01-2023,Male,11
2349,ECCDE1,01-01-2023,Female,10
2349,ECCDE2,01-01-2023,Male,9
2349,ECCDE2,01-01-2023,Female,13
2349,ECCDE3,01-01-2023,Male,12
2349,ECCDE3,01-01-2023,Female,7
2349,PRY1,01-01-2023,Male,8
2349,PRY1,01-01-2023,Female,14
2349,PRY2,01-01-2023,Male,9
2349,PRY2,01-01-2023,Female,10
2349,PRY3,01-01-2023,Male,10
2349,PRY3,01-01-2023,Female,5
2349,PRY4,01-01-2023,Male,6
2349,PRY4,01-01-2023,Female,9
2349,PRY5,01-01-2023,Male,9
2349,PRY5,01-01-2023,Female,9
2349,PRY6,01-01-2023,Male,7
2349,PRY6,01-01-2023,Female,13
2350,ECCDE1,01-01-2023,Male,68
2350,ECCDE1,01-01-2023,Female,69
2350,ECCDE2,01-01-2023,Male,43
2350,ECCDE2,01-01-2023,Female,78
2350,ECCDE3,01-01-2023,Male,55
2350,ECCDE3,01-01-2023,Female,68
2350,PRY1,01-01-2023,Male,48
2350,PRY1,01-01-2023,Female,61
2350,PRY2,01-01-2023,Male,36
2350,PRY2,01-01-2023,Female,36
2350,PRY3,01-01-2023,Male,30
2350,PRY3,01-01-2023,Female,47
2350,PRY4,01-01-2023,Male,32
2350,PRY4,01-01-2023,Female,26
2350,PRY5,01-01-2023,Male,30
2350,PRY5,01-01-2023,Female,34
2350,PRY6,01-01-2023,Male,35
2350,PRY6,01-01-2023,Female,34
2351,ECCDE1,01-01-2023,Male,41
2351,ECCDE1,01-01-2023,Female,38
2351,ECCDE2,01-01-2023,Male,23
2351,ECCDE2,01-01-2023,Female,30
2351,ECCDE3,01-01-2023,Male,16
2351,ECCDE3,01-01-2023,Female,30
2351,PRY1,01-01-2023,Male,23
2351,PRY1,01-01-2023,Female,30
2351,PRY2,01-01-2023,Male,27
2351,PRY2,01-01-2023,Female,25
2351,PRY3,01-01-2023,Male,20
2351,PRY3,01-01-2023,Female,13
2351,PRY4,01-01-2023,Male,22
2351,PRY4,01-01-2023,Female,28
2351,PRY5,01-01-2023,Male,18
2351,PRY5,01-01-2023,Female,23
2351,PRY6,01-01-2023,Male,22
2351,PRY6,01-01-2023,Female,19
2352,ECCDE1,01-01-2023,Male,29
2352,ECCDE1,01-01-2023,Female,23
2352,ECCDE2,01-01-2023,Male,18
2352,ECCDE2,01-01-2023,Female,14
2352,ECCDE3,01-01-2023,Male,14
2352,ECCDE3,01-01-2023,Female,12
2352,PRY1,01-01-2023,Male,15
2352,PRY1,01-01-2023,Female,13
2352,PRY2,01-01-2023,Male,23
2352,PRY2,01-01-2023,Female,12
2352,PRY3,01-01-2023,Male,13
2352,PRY3,01-01-2023,Female,10
2352,PRY4,01-01-2023,Male,16
2352,PRY4,01-01-2023,Female,10
2352,PRY5,01-01-2023,Male,14
2352,PRY5,01-01-2023,Female,12
2352,PRY6,01-01-2023,Male,22
2352,PRY6,01-01-2023,Female,20
2353,ECCDE1,01-01-2023,Male,10
2353,ECCDE1,01-01-2023,Female,9
2353,ECCDE2,01-01-2023,Male,10
2353,ECCDE2,01-01-2023,Female,9
2353,ECCDE3,01-01-2023,Male,10
2353,ECCDE3,01-01-2023,Female,10
2353,PRY1,01-01-2023,Male,17
2353,PRY1,01-01-2023,Female,13
2353,PRY2,01-01-2023,Male,16
2353,PRY2,01-01-2023,Female,15
2353,PRY3,01-01-2023,Male,16
2353,PRY3,01-01-2023,Female,7
2353,PRY4,01-01-2023,Male,19
2353,PRY4,01-01-2023,Female,6
2353,PRY5,01-01-2023,Male,12
2353,PRY5,01-01-2023,Female,10
2353,PRY6,01-01-2023,Male,8
2353,PRY6,01-01-2023,Female,4
2354,ECCDE1,01-01-2023,Male,4
2354,ECCDE1,01-01-2023,Female,6
2354,ECCDE2,01-01-2023,Male,5
2354,ECCDE2,01-01-2023,Female,7
2354,ECCDE3,01-01-2023,Male,2
2354,ECCDE3,01-01-2023,Female,6
2354,PRY1,01-01-2023,Male,4
2354,PRY1,01-01-2023,Female,6
2354,PRY2,01-01-2023,Male,9
2354,PRY2,01-01-2023,Female,7
2354,PRY3,01-01-2023,Male,7
2354,PRY3,01-01-2023,Female,4
2354,PRY4,01-01-2023,Male,2
2354,PRY4,01-01-2023,Female,5
2354,PRY5,01-01-2023,Male,7
2354,PRY5,01-01-2023,Female,5
2354,PRY6,01-01-2023,Male,5
2354,PRY6,01-01-2023,Female,4
2355,ECCDE1,01-01-2023,Male,6
2355,ECCDE1,01-01-2023,Female,6
2355,ECCDE2,01-01-2023,Male,6
2355,ECCDE2,01-01-2023,Female,12
2355,ECCDE3,01-01-2023,Male,10
2355,ECCDE3,01-01-2023,Female,13
2355,PRY1,01-01-2023,Male,5
2355,PRY1,01-01-2023,Female,5
2355,PRY2,01-01-2023,Male,5
2355,PRY2,01-01-2023,Female,5
2355,PRY3,01-01-2023,Male,10
2355,PRY3,01-01-2023,Female,2
2355,PRY4,01-01-2023,Male,10
2355,PRY4,01-01-2023,Female,10
2355,PRY5,01-01-2023,Male,2
2355,PRY5,01-01-2023,Female,8
2355,PRY6,01-01-2023,Male,0
2355,PRY6,01-01-2023,Female,0
2356,ECCDE1,01-01-2023,Male,10
2356,ECCDE1,01-01-2023,Female,7
2356,ECCDE2,01-01-2023,Male,7
2356,ECCDE2,01-01-2023,Female,6
2356,ECCDE3,01-01-2023,Male,5
2356,ECCDE3,01-01-2023,Female,7
2356,PRY1,01-01-2023,Male,5
2356,PRY1,01-01-2023,Female,2
2356,PRY2,01-01-2023,Male,7
2356,PRY2,01-01-2023,Female,3
2356,PRY3,01-01-2023,Male,3
2356,PRY3,01-01-2023,Female,3
2356,PRY4,01-01-2023,Male,4
2356,PRY4,01-01-2023,Female,2
2356,PRY5,01-01-2023,Male,2
2356,PRY5,01-01-2023,Female,4
2356,PRY6,01-01-2023,Male,3
2356,PRY6,01-01-2023,Female,2
2357,ECCDE1,01-01-2023,Male,20
2357,ECCDE1,01-01-2023,Female,36
2357,ECCDE2,01-01-2023,Male,19
2357,ECCDE2,01-01-2023,Female,13
2357,ECCDE3,01-01-2023,Male,17
2357,ECCDE3,01-01-2023,Female,14
2357,PRY1,01-01-2023,Male,11
2357,PRY1,01-01-2023,Female,7
2357,PRY2,01-01-2023,Male,7
2357,PRY2,01-01-2023,Female,6
2357,PRY3,01-01-2023,Male,12
2357,PRY3,01-01-2023,Female,5
2357,PRY4,01-01-2023,Male,9
2357,PRY4,01-01-2023,Female,3
2357,PRY5,01-01-2023,Male,10
2357,PRY5,01-01-2023,Female,4
2357,PRY6,01-01-2023,Male,8
2357,PRY6,01-01-2023,Female,6
2358,ECCDE1,01-01-2023,Male,23
2358,ECCDE1,01-01-2023,Female,21
2358,ECCDE2,01-01-2023,Male,5
2358,ECCDE2,01-01-2023,Female,8
2358,ECCDE3,01-01-2023,Male,11
2358,ECCDE3,01-01-2023,Female,5
2358,PRY1,01-01-2023,Male,12
2358,PRY1,01-01-2023,Female,8
2358,PRY2,01-01-2023,Male,8
2358,PRY2,01-01-2023,Female,8
2358,PRY3,01-01-2023,Male,5
2358,PRY3,01-01-2023,Female,3
2358,PRY4,01-01-2023,Male,6
2358,PRY4,01-01-2023,Female,7
2358,PRY5,01-01-2023,Male,3
2358,PRY5,01-01-2023,Female,5
2358,PRY6,01-01-2023,Male,5
2358,PRY6,01-01-2023,Female,9
2359,ECCDE1,01-01-2023,Male,0
2359,ECCDE1,01-01-2023,Female,0
2359,ECCDE2,01-01-2023,Male,0
2359,ECCDE2,01-01-2023,Female,0
2359,ECCDE3,01-01-2023,Male,0
2359,ECCDE3,01-01-2023,Female,0
2359,PRY1,01-01-2023,Male,10
2359,PRY1,01-01-2023,Female,8
2359,PRY2,01-01-2023,Male,8
2359,PRY2,01-01-2023,Female,8
2359,PRY3,01-01-2023,Male,5
2359,PRY3,01-01-2023,Female,3
2359,PRY4,01-01-2023,Male,6
2359,PRY4,01-01-2023,Female,7
2359,PRY5,01-01-2023,Male,3
2359,PRY5,01-01-2023,Female,5
2359,PRY6,01-01-2023,Male,5
2359,PRY6,01-01-2023,Female,9
2360,ECCDE1,01-01-2023,Male,21
2360,ECCDE1,01-01-2023,Female,19
2360,ECCDE2,01-01-2023,Male,11
2360,ECCDE2,01-01-2023,Female,13
2360,ECCDE3,01-01-2023,Male,12
2360,ECCDE3,01-01-2023,Female,13
2360,PRY1,01-01-2023,Male,9
2360,PRY1,01-01-2023,Female,8
2360,PRY2,01-01-2023,Male,10
2360,PRY2,01-01-2023,Female,14
2360,PRY3,01-01-2023,Male,12
2360,PRY3,01-01-2023,Female,7
2360,PRY4,01-01-2023,Male,8
2360,PRY4,01-01-2023,Female,7
2360,PRY5,01-01-2023,Male,10
2360,PRY5,01-01-2023,Female,16
2360,PRY6,01-01-2023,Male,10
2360,PRY6,01-01-2023,Female,9
2361,ECCDE1,01-01-2023,Male,20
2361,ECCDE1,01-01-2023,Female,30
2361,ECCDE2,01-01-2023,Male,10
2361,ECCDE2,01-01-2023,Female,12
2361,ECCDE3,01-01-2023,Male,6
2361,ECCDE3,01-01-2023,Female,9
2361,PRY1,01-01-2023,Male,8
2361,PRY1,01-01-2023,Female,12
2361,PRY2,01-01-2023,Male,14
2361,PRY2,01-01-2023,Female,19
2361,PRY3,01-01-2023,Male,4
2361,PRY3,01-01-2023,Female,8
2361,PRY4,01-01-2023,Male,6
2361,PRY4,01-01-2023,Female,4
2361,PRY5,01-01-2023,Male,3
2361,PRY5,01-01-2023,Female,6
2361,PRY6,01-01-2023,Male,6
2361,PRY6,01-01-2023,Female,4
2362,ECCDE1,01-01-2023,Male,10
2362,ECCDE1,01-01-2023,Female,15
2362,ECCDE2,01-01-2023,Male,20
2362,ECCDE2,01-01-2023,Female,10
2362,ECCDE3,01-01-2023,Male,6
2362,ECCDE3,01-01-2023,Female,4
2362,PRY1,01-01-2023,Male,7
2362,PRY1,01-01-2023,Female,14
2362,PRY2,01-01-2023,Male,9
2362,PRY2,01-01-2023,Female,17
2362,PRY3,01-01-2023,Male,8
2362,PRY3,01-01-2023,Female,7
2362,PRY4,01-01-2023,Male,10
2362,PRY4,01-01-2023,Female,8
2362,PRY5,01-01-2023,Male,12
2362,PRY5,01-01-2023,Female,13
2362,PRY6,01-01-2023,Male,7
2362,PRY6,01-01-2023,Female,6
2363,ECCDE1,01-01-2023,Male,16
2363,ECCDE1,01-01-2023,Female,13
2363,ECCDE2,01-01-2023,Male,8
2363,ECCDE2,01-01-2023,Female,11
2363,ECCDE3,01-01-2023,Male,8
2363,ECCDE3,01-01-2023,Female,6
2363,PRY1,01-01-2023,Male,12
2363,PRY1,01-01-2023,Female,10
2363,PRY2,01-01-2023,Male,14
2363,PRY2,01-01-2023,Female,11
2363,PRY3,01-01-2023,Male,11
2363,PRY3,01-01-2023,Female,7
2363,PRY4,01-01-2023,Male,8
2363,PRY4,01-01-2023,Female,7
2363,PRY5,01-01-2023,Male,7
2363,PRY5,01-01-2023,Female,8
2363,PRY6,01-01-2023,Male,7
2363,PRY6,01-01-2023,Female,6
2364,ECCDE1,01-01-2023,Male,4
2364,ECCDE1,01-01-2023,Female,7
2364,ECCDE2,01-01-2023,Male,14
2364,ECCDE2,01-01-2023,Female,5
2364,ECCDE3,01-01-2023,Male,7
2364,ECCDE3,01-01-2023,Female,5
2364,PRY1,01-01-2023,Male,5
2364,PRY1,01-01-2023,Female,6
2364,PRY2,01-01-2023,Male,5
2364,PRY2,01-01-2023,Female,6
2364,PRY3,01-01-2023,Male,4
2364,PRY3,01-01-2023,Female,9
2364,PRY4,01-01-2023,Male,8
2364,PRY4,01-01-2023,Female,3
2364,PRY5,01-01-2023,Male,5
2364,PRY5,01-01-2023,Female,4
2364,PRY6,01-01-2023,Male,7
2364,PRY6,01-01-2023,Female,5
2365,ECCDE1,01-01-2023,Male,2
2365,ECCDE1,01-01-2023,Female,3
2365,ECCDE2,01-01-2023,Male,2
2365,ECCDE2,01-01-2023,Female,3
2365,ECCDE3,01-01-2023,Male,2
2365,ECCDE3,01-01-2023,Female,2
2365,PRY1,01-01-2023,Male,10
2365,PRY1,01-01-2023,Female,10
2365,PRY2,01-01-2023,Male,22
2365,PRY2,01-01-2023,Female,20
2365,PRY3,01-01-2023,Male,10
2365,PRY3,01-01-2023,Female,10
2365,PRY4,01-01-2023,Male,0
2365,PRY4,01-01-2023,Female,0
2365,PRY5,01-01-2023,Male,5
2365,PRY5,01-01-2023,Female,10
2365,PRY6,01-01-2023,Male,12
2365,PRY6,01-01-2023,Female,10
2366,ECCDE1,01-01-2023,Male,0
2366,ECCDE1,01-01-2023,Female,0
2366,ECCDE2,01-01-2023,Male,0
2366,ECCDE2,01-01-2023,Female,0
2366,ECCDE3,01-01-2023,Male,0
2366,ECCDE3,01-01-2023,Female,0
2366,PRY1,01-01-2023,Male,16
2366,PRY1,01-01-2023,Female,20
2366,PRY2,01-01-2023,Male,16
2366,PRY2,01-01-2023,Female,17
2366,PRY3,01-01-2023,Male,17
2366,PRY3,01-01-2023,Female,16
2366,PRY4,01-01-2023,Male,22
2366,PRY4,01-01-2023,Female,21
2366,PRY5,01-01-2023,Male,9
2366,PRY5,01-01-2023,Female,11
2366,PRY6,01-01-2023,Male,14
2366,PRY6,01-01-2023,Female,13
2367,ECCDE1,01-01-2023,Male,0
2367,ECCDE1,01-01-2023,Female,2
2367,ECCDE2,01-01-2023,Male,4
2367,ECCDE2,01-01-2023,Female,2
2367,ECCDE3,01-01-2023,Male,2
2367,ECCDE3,01-01-2023,Female,2
2367,PRY1,01-01-2023,Male,5
2367,PRY1,01-01-2023,Female,0
2367,PRY2,01-01-2023,Male,3
2367,PRY2,01-01-2023,Female,2
2367,PRY3,01-01-2023,Male,1
2367,PRY3,01-01-2023,Female,2
2367,PRY4,01-01-2023,Male,2
2367,PRY4,01-01-2023,Female,3
2367,PRY5,01-01-2023,Male,3
2367,PRY5,01-01-2023,Female,2
2367,PRY6,01-01-2023,Male,9
2367,PRY6,01-01-2023,Female,9
2368,ECCDE1,01-01-2023,Male,11
2368,ECCDE1,01-01-2023,Female,9
2368,ECCDE2,01-01-2023,Male,4
2368,ECCDE2,01-01-2023,Female,6
2368,ECCDE3,01-01-2023,Male,7
2368,ECCDE3,01-01-2023,Female,13
2368,PRY1,01-01-2023,Male,7
2368,PRY1,01-01-2023,Female,15
2368,PRY2,01-01-2023,Male,11
2368,PRY2,01-01-2023,Female,9
2368,PRY3,01-01-2023,Male,12
2368,PRY3,01-01-2023,Female,12
2368,PRY4,01-01-2023,Male,5
2368,PRY4,01-01-2023,Female,9
2368,PRY5,01-01-2023,Male,5
2368,PRY5,01-01-2023,Female,10
2368,PRY6,01-01-2023,Male,6
2368,PRY6,01-01-2023,Female,13
2369,ECCDE1,01-01-2023,Male,15
2369,ECCDE1,01-01-2023,Female,18
2369,ECCDE2,01-01-2023,Male,14
2369,ECCDE2,01-01-2023,Female,7
2369,ECCDE3,01-01-2023,Male,15
2369,ECCDE3,01-01-2023,Female,13
2369,PRY1,01-01-2023,Male,7
2369,PRY1,01-01-2023,Female,4
2369,PRY2,01-01-2023,Male,7
2369,PRY2,01-01-2023,Female,7
2369,PRY3,01-01-2023,Male,13
2369,PRY3,01-01-2023,Female,11
2369,PRY4,01-01-2023,Male,4
2369,PRY4,01-01-2023,Female,11
2369,PRY5,01-01-2023,Male,7
2369,PRY5,01-01-2023,Female,8
2369,PRY6,01-01-2023,Male,5
2369,PRY6,01-01-2023,Female,11
2370,ECCDE1,01-01-2023,Male,20
2370,ECCDE1,01-01-2023,Female,15
2370,ECCDE2,01-01-2023,Male,15
2370,ECCDE2,01-01-2023,Female,5
2370,ECCDE3,01-01-2023,Male,11
2370,ECCDE3,01-01-2023,Female,9
2370,PRY1,01-01-2023,Male,10
2370,PRY1,01-01-2023,Female,6
2370,PRY2,01-01-2023,Male,5
2370,PRY2,01-01-2023,Female,15
2370,PRY3,01-01-2023,Male,10
2370,PRY3,01-01-2023,Female,10
2370,PRY4,01-01-2023,Male,6
2370,PRY4,01-01-2023,Female,10
2370,PRY5,01-01-2023,Male,6
2370,PRY5,01-01-2023,Female,14
2370,PRY6,01-01-2023,Male,20
2370,PRY6,01-01-2023,Female,10
2371,ECCDE1,01-01-2023,Male,26
2371,ECCDE1,01-01-2023,Female,30
2371,ECCDE2,01-01-2023,Male,13
2371,ECCDE2,01-01-2023,Female,9
2371,ECCDE3,01-01-2023,Male,10
2371,ECCDE3,01-01-2023,Female,10
2371,PRY1,01-01-2023,Male,14
2371,PRY1,01-01-2023,Female,16
2371,PRY2,01-01-2023,Male,14
2371,PRY2,01-01-2023,Female,10
2371,PRY3,01-01-2023,Male,10
2371,PRY3,01-01-2023,Female,8
2371,PRY4,01-01-2023,Male,12
2371,PRY4,01-01-2023,Female,6
2371,PRY5,01-01-2023,Male,11
2371,PRY5,01-01-2023,Female,8
2371,PRY6,01-01-2023,Male,12
2371,PRY6,01-01-2023,Female,6
2372,ECCDE1,01-01-2023,Male,8
2372,ECCDE1,01-01-2023,Female,4
2372,ECCDE2,01-01-2023,Male,16
2372,ECCDE2,01-01-2023,Female,5
2372,ECCDE3,01-01-2023,Male,12
2372,ECCDE3,01-01-2023,Female,12
2372,PRY1,01-01-2023,Male,7
2372,PRY1,01-01-2023,Female,8
2372,PRY2,01-01-2023,Male,12
2372,PRY2,01-01-2023,Female,10
2372,PRY3,01-01-2023,Male,10
2372,PRY3,01-01-2023,Female,9
2372,PRY4,01-01-2023,Male,9
2372,PRY4,01-01-2023,Female,8
2372,PRY5,01-01-2023,Male,10
2372,PRY5,01-01-2023,Female,11
2372,PRY6,01-01-2023,Male,12
2372,PRY6,01-01-2023,Female,9
2373,ECCDE1,01-01-2023,Male,7
2373,ECCDE1,01-01-2023,Female,4
2373,ECCDE2,01-01-2023,Male,5
2373,ECCDE2,01-01-2023,Female,5
2373,ECCDE3,01-01-2023,Male,6
2373,ECCDE3,01-01-2023,Female,8
2373,PRY1,01-01-2023,Male,7
2373,PRY1,01-01-2023,Female,11
2373,PRY2,01-01-2023,Male,7
2373,PRY2,01-01-2023,Female,11
2373,PRY3,01-01-2023,Male,15
2373,PRY3,01-01-2023,Female,8
2373,PRY4,01-01-2023,Male,19
2373,PRY4,01-01-2023,Female,14
2373,PRY5,01-01-2023,Male,20
2373,PRY5,01-01-2023,Female,7
2373,PRY6,01-01-2023,Male,23
2373,PRY6,01-01-2023,Female,12
2374,ECCDE1,01-01-2023,Male,11
2374,ECCDE1,01-01-2023,Female,9
2374,ECCDE2,01-01-2023,Male,10
2374,ECCDE2,01-01-2023,Female,12
2374,ECCDE3,01-01-2023,Male,15
2374,ECCDE3,01-01-2023,Female,15
2374,PRY1,01-01-2023,Male,17
2374,PRY1,01-01-2023,Female,13
2374,PRY2,01-01-2023,Male,14
2374,PRY2,01-01-2023,Female,16
2374,PRY3,01-01-2023,Male,14
2374,PRY3,01-01-2023,Female,14
2374,PRY4,01-01-2023,Male,13
2374,PRY4,01-01-2023,Female,12
2374,PRY5,01-01-2023,Male,20
2374,PRY5,01-01-2023,Female,16
2374,PRY6,01-01-2023,Male,24
2374,PRY6,01-01-2023,Female,20
2375,ECCDE1,01-01-2023,Male,13
2375,ECCDE1,01-01-2023,Female,10
2375,ECCDE2,01-01-2023,Male,8
2375,ECCDE2,01-01-2023,Female,17
2375,ECCDE3,01-01-2023,Male,17
2375,ECCDE3,01-01-2023,Female,10
2375,PRY1,01-01-2023,Male,11
2375,PRY1,01-01-2023,Female,20
2375,PRY2,01-01-2023,Male,18
2375,PRY2,01-01-2023,Female,17
2375,PRY3,01-01-2023,Male,21
2375,PRY3,01-01-2023,Female,25
2375,PRY4,01-01-2023,Male,22
2375,PRY4,01-01-2023,Female,20
2375,PRY5,01-01-2023,Male,24
2375,PRY5,01-01-2023,Female,24
2375,PRY6,01-01-2023,Male,30
2375,PRY6,01-01-2023,Female,24
2376,ECCDE1,01-01-2023,Male,8
2376,ECCDE1,01-01-2023,Female,12
2376,ECCDE2,01-01-2023,Male,13
2376,ECCDE2,01-01-2023,Female,3
2376,ECCDE3,01-01-2023,Male,15
2376,ECCDE3,01-01-2023,Female,5
2376,PRY1,01-01-2023,Male,7
2376,PRY1,01-01-2023,Female,3
2376,PRY2,01-01-2023,Male,10
2376,PRY2,01-01-2023,Female,10
2376,PRY3,01-01-2023,Male,10
2376,PRY3,01-01-2023,Female,9
2376,PRY4,01-01-2023,Male,9
2376,PRY4,01-01-2023,Female,14
2376,PRY5,01-01-2023,Male,11
2376,PRY5,01-01-2023,Female,9
2376,PRY6,01-01-2023,Male,12
2376,PRY6,01-01-2023,Female,11
2377,ECCDE1,01-01-2023,Male,6
2377,ECCDE1,01-01-2023,Female,4
2377,ECCDE2,01-01-2023,Male,8
2377,ECCDE2,01-01-2023,Female,8
2377,ECCDE3,01-01-2023,Male,8
2377,ECCDE3,01-01-2023,Female,8
2377,PRY1,01-01-2023,Male,6
2377,PRY1,01-01-2023,Female,4
2377,PRY2,01-01-2023,Male,6
2377,PRY2,01-01-2023,Female,6
2377,PRY3,01-01-2023,Male,6
2377,PRY3,01-01-2023,Female,4
2377,PRY4,01-01-2023,Male,8
2377,PRY4,01-01-2023,Female,4
2377,PRY5,01-01-2023,Male,8
2377,PRY5,01-01-2023,Female,8
2377,PRY6,01-01-2023,Male,8
2377,PRY6,01-01-2023,Female,4
2378,ECCDE1,01-01-2023,Male,14
2378,ECCDE1,01-01-2023,Female,12
2378,ECCDE2,01-01-2023,Male,9
2378,ECCDE2,01-01-2023,Female,5
2378,ECCDE3,01-01-2023,Male,8
2378,ECCDE3,01-01-2023,Female,8
2378,PRY1,01-01-2023,Male,9
2378,PRY1,01-01-2023,Female,9
2378,PRY2,01-01-2023,Male,21
2378,PRY2,01-01-2023,Female,9
2378,PRY3,01-01-2023,Male,14
2378,PRY3,01-01-2023,Female,10
2378,PRY4,01-01-2023,Male,11
2378,PRY4,01-01-2023,Female,13
2378,PRY5,01-01-2023,Male,20
2378,PRY5,01-01-2023,Female,14
2378,PRY6,01-01-2023,Male,18
2378,PRY6,01-01-2023,Female,11
2379,ECCDE1,01-01-2023,Male,17
2379,ECCDE1,01-01-2023,Female,12
2379,ECCDE2,01-01-2023,Male,11
2379,ECCDE2,01-01-2023,Female,10
2379,ECCDE3,01-01-2023,Male,11
2379,ECCDE3,01-01-2023,Female,12
2379,PRY1,01-01-2023,Male,15
2379,PRY1,01-01-2023,Female,10
2379,PRY2,01-01-2023,Male,23
2379,PRY2,01-01-2023,Female,16
2379,PRY3,01-01-2023,Male,26
2379,PRY3,01-01-2023,Female,26
2379,PRY4,01-01-2023,Male,36
2379,PRY4,01-01-2023,Female,16
2379,PRY5,01-01-2023,Male,25
2379,PRY5,01-01-2023,Female,20
2379,PRY6,01-01-2023,Male,21
2379,PRY6,01-01-2023,Female,19
2380,ECCDE1,01-01-2023,Male,14
2380,ECCDE1,01-01-2023,Female,12
2380,ECCDE2,01-01-2023,Male,13
2380,ECCDE2,01-01-2023,Female,10
2380,ECCDE3,01-01-2023,Male,14
2380,ECCDE3,01-01-2023,Female,13
2380,PRY1,01-01-2023,Male,14
2380,PRY1,01-01-2023,Female,12
2380,PRY2,01-01-2023,Male,13
2380,PRY2,01-01-2023,Female,15
2380,PRY3,01-01-2023,Male,26
2380,PRY3,01-01-2023,Female,20
2380,PRY4,01-01-2023,Male,20
2380,PRY4,01-01-2023,Female,16
2380,PRY5,01-01-2023,Male,18
2380,PRY5,01-01-2023,Female,12
2380,PRY6,01-01-2023,Male,22
2380,PRY6,01-01-2023,Female,19
2381,ECCDE1,01-01-2023,Male,17
2381,ECCDE1,01-01-2023,Female,10
2381,ECCDE2,01-01-2023,Male,19
2381,ECCDE2,01-01-2023,Female,19
2381,ECCDE3,01-01-2023,Male,28
2381,ECCDE3,01-01-2023,Female,16
2381,PRY1,01-01-2023,Male,22
2381,PRY1,01-01-2023,Female,21
2381,PRY2,01-01-2023,Male,19
2381,PRY2,01-01-2023,Female,31
2381,PRY3,01-01-2023,Male,25
2381,PRY3,01-01-2023,Female,19
2381,PRY4,01-01-2023,Male,24
2381,PRY4,01-01-2023,Female,29
2381,PRY5,01-01-2023,Male,27
2381,PRY5,01-01-2023,Female,23
2381,PRY6,01-01-2023,Male,27
2381,PRY6,01-01-2023,Female,19
2382,ECCDE1,01-01-2023,Male,14
2382,ECCDE1,01-01-2023,Female,20
2382,ECCDE2,01-01-2023,Male,8
2382,ECCDE2,01-01-2023,Female,16
2382,ECCDE3,01-01-2023,Male,9
2382,ECCDE3,01-01-2023,Female,6
2382,PRY1,01-01-2023,Male,9
2382,PRY1,01-01-2023,Female,8
2382,PRY2,01-01-2023,Male,16
2382,PRY2,01-01-2023,Female,8
2382,PRY3,01-01-2023,Male,9
2382,PRY3,01-01-2023,Female,6
2382,PRY4,01-01-2023,Male,15
2382,PRY4,01-01-2023,Female,15
2382,PRY5,01-01-2023,Male,18
2382,PRY5,01-01-2023,Female,21
2382,PRY6,01-01-2023,Male,22
2382,PRY6,01-01-2023,Female,18
2383,ECCDE1,01-01-2023,Male,9
2383,ECCDE1,01-01-2023,Female,9
2383,ECCDE2,01-01-2023,Male,7
2383,ECCDE2,01-01-2023,Female,10
2383,ECCDE3,01-01-2023,Male,9
2383,ECCDE3,01-01-2023,Female,10
2383,PRY1,01-01-2023,Male,16
2383,PRY1,01-01-2023,Female,11
2383,PRY2,01-01-2023,Male,14
2383,PRY2,01-01-2023,Female,14
2383,PRY3,01-01-2023,Male,17
2383,PRY3,01-01-2023,Female,15
2383,PRY4,01-01-2023,Male,10
2383,PRY4,01-01-2023,Female,7
2383,PRY5,01-01-2023,Male,16
2383,PRY5,01-01-2023,Female,13
2383,PRY6,01-01-2023,Male,7
2383,PRY6,01-01-2023,Female,19
2384,ECCDE1,01-01-2023,Male,24
2384,ECCDE1,01-01-2023,Female,21
2384,ECCDE2,01-01-2023,Male,17
2384,ECCDE2,01-01-2023,Female,25
2384,ECCDE3,01-01-2023,Male,20
2384,ECCDE3,01-01-2023,Female,21
2384,PRY1,01-01-2023,Male,28
2384,PRY1,01-01-2023,Female,22
2384,PRY2,01-01-2023,Male,27
2384,PRY2,01-01-2023,Female,22
2384,PRY3,01-01-2023,Male,23
2384,PRY3,01-01-2023,Female,28
2384,PRY4,01-01-2023,Male,27
2384,PRY4,01-01-2023,Female,26
2384,PRY5,01-01-2023,Male,27
2384,PRY5,01-01-2023,Female,28
2384,PRY6,01-01-2023,Male,20
2384,PRY6,01-01-2023,Female,16
2385,ECCDE1,01-01-2023,Male,46
2385,ECCDE1,01-01-2023,Female,28
2385,ECCDE2,01-01-2023,Male,30
2385,ECCDE2,01-01-2023,Female,20
2385,ECCDE3,01-01-2023,Male,20
2385,ECCDE3,01-01-2023,Female,23
2385,PRY1,01-01-2023,Male,25
2385,PRY1,01-01-2023,Female,35
2385,PRY2,01-01-2023,Male,32
2385,PRY2,01-01-2023,Female,25
2385,PRY3,01-01-2023,Male,27
2385,PRY3,01-01-2023,Female,35
2385,PRY4,01-01-2023,Male,30
2385,PRY4,01-01-2023,Female,35
2385,PRY5,01-01-2023,Male,33
2385,PRY5,01-01-2023,Female,22
2385,PRY6,01-01-2023,Male,29
2385,PRY6,01-01-2023,Female,30
2386,ECCDE1,01-01-2023,Male,16
2386,ECCDE1,01-01-2023,Female,12
2386,ECCDE2,01-01-2023,Male,29
2386,ECCDE2,01-01-2023,Female,26
2386,ECCDE3,01-01-2023,Male,19
2386,ECCDE3,01-01-2023,Female,21
2386,PRY1,01-01-2023,Male,25
2386,PRY1,01-01-2023,Female,23
2386,PRY2,01-01-2023,Male,15
2386,PRY2,01-01-2023,Female,21
2386,PRY3,01-01-2023,Male,28
2386,PRY3,01-01-2023,Female,22
2386,PRY4,01-01-2023,Male,29
2386,PRY4,01-01-2023,Female,28
2386,PRY5,01-01-2023,Male,26
2386,PRY5,01-01-2023,Female,30
2386,PRY6,01-01-2023,Male,22
2386,PRY6,01-01-2023,Female,25
2387,ECCDE1,01-01-2023,Male,30
2387,ECCDE1,01-01-2023,Female,20
2387,ECCDE2,01-01-2023,Male,16
2387,ECCDE2,01-01-2023,Female,21
2387,ECCDE3,01-01-2023,Male,16
2387,ECCDE3,01-01-2023,Female,12
2387,PRY1,01-01-2023,Male,22
2387,PRY1,01-01-2023,Female,19
2387,PRY2,01-01-2023,Male,29
2387,PRY2,01-01-2023,Female,23
2387,PRY3,01-01-2023,Male,24
2387,PRY3,01-01-2023,Female,23
2387,PRY4,01-01-2023,Male,24
2387,PRY4,01-01-2023,Female,25
2387,PRY5,01-01-2023,Male,33
2387,PRY5,01-01-2023,Female,32
2387,PRY6,01-01-2023,Male,28
2387,PRY6,01-01-2023,Female,38
2388,ECCDE1,01-01-2023,Male,16
2388,ECCDE1,01-01-2023,Female,18
2388,ECCDE2,01-01-2023,Male,5
2388,ECCDE2,01-01-2023,Female,7
2388,ECCDE3,01-01-2023,Male,6
2388,ECCDE3,01-01-2023,Female,6
2388,PRY1,01-01-2023,Male,10
2388,PRY1,01-01-2023,Female,11
2388,PRY2,01-01-2023,Male,11
2388,PRY2,01-01-2023,Female,10
2388,PRY3,01-01-2023,Male,10
2388,PRY3,01-01-2023,Female,10
2388,PRY4,01-01-2023,Male,18
2388,PRY4,01-01-2023,Female,16
2388,PRY5,01-01-2023,Male,22
2388,PRY5,01-01-2023,Female,8
2388,PRY6,01-01-2023,Male,16
2388,PRY6,01-01-2023,Female,17
2389,ECCDE1,01-01-2023,Male,20
2389,ECCDE1,01-01-2023,Female,16
2389,ECCDE2,01-01-2023,Male,10
2389,ECCDE2,01-01-2023,Female,10
2389,ECCDE3,01-01-2023,Male,13
2389,ECCDE3,01-01-2023,Female,10
2389,PRY1,01-01-2023,Male,14
2389,PRY1,01-01-2023,Female,12
2389,PRY2,01-01-2023,Male,14
2389,PRY2,01-01-2023,Female,9
2389,PRY3,01-01-2023,Male,8
2389,PRY3,01-01-2023,Female,10
2389,PRY4,01-01-2023,Male,16
2389,PRY4,01-01-2023,Female,11
2389,PRY5,01-01-2023,Male,12
2389,PRY5,01-01-2023,Female,5
2389,PRY6,01-01-2023,Male,22
2389,PRY6,01-01-2023,Female,14
2390,ECCDE1,01-01-2023,Male,9
2390,ECCDE1,01-01-2023,Female,10
2390,ECCDE2,01-01-2023,Male,12
2390,ECCDE2,01-01-2023,Female,10
2390,ECCDE3,01-01-2023,Male,9
2390,ECCDE3,01-01-2023,Female,12
2390,PRY1,01-01-2023,Male,14
2390,PRY1,01-01-2023,Female,7
2390,PRY2,01-01-2023,Male,14
2390,PRY2,01-01-2023,Female,12
2390,PRY3,01-01-2023,Male,11
2390,PRY3,01-01-2023,Female,15
2390,PRY4,01-01-2023,Male,9
2390,PRY4,01-01-2023,Female,12
2390,PRY5,01-01-2023,Male,14
2390,PRY5,01-01-2023,Female,12
2390,PRY6,01-01-2023,Male,12
2390,PRY6,01-01-2023,Female,17
2391,ECCDE1,01-01-2023,Male,7
2391,ECCDE1,01-01-2023,Female,3
2391,ECCDE2,01-01-2023,Male,4
2391,ECCDE2,01-01-2023,Female,4
2391,ECCDE3,01-01-2023,Male,6
2391,ECCDE3,01-01-2023,Female,6
2391,PRY1,01-01-2023,Male,10
2391,PRY1,01-01-2023,Female,5
2391,PRY2,01-01-2023,Male,7
2391,PRY2,01-01-2023,Female,6
2391,PRY3,01-01-2023,Male,5
2391,PRY3,01-01-2023,Female,6
2391,PRY4,01-01-2023,Male,6
2391,PRY4,01-01-2023,Female,7
2391,PRY5,01-01-2023,Male,3
2391,PRY5,01-01-2023,Female,3
2391,PRY6,01-01-2023,Male,6
2391,PRY6,01-01-2023,Female,6
2392,ECCDE1,01-01-2023,Male,16
2392,ECCDE1,01-01-2023,Female,12
2392,ECCDE2,01-01-2023,Male,15
2392,ECCDE2,01-01-2023,Female,14
2392,ECCDE3,01-01-2023,Male,13
2392,ECCDE3,01-01-2023,Female,14
2392,PRY1,01-01-2023,Male,10
2392,PRY1,01-01-2023,Female,10
2392,PRY2,01-01-2023,Male,8
2392,PRY2,01-01-2023,Female,10
2392,PRY3,01-01-2023,Male,8
2392,PRY3,01-01-2023,Female,14
2392,PRY4,01-01-2023,Male,18
2392,PRY4,01-01-2023,Female,4
2392,PRY5,01-01-2023,Male,15
2392,PRY5,01-01-2023,Female,6
2392,PRY6,01-01-2023,Male,5
2392,PRY6,01-01-2023,Female,14
2393,ECCDE1,01-01-2023,Male,15
2393,ECCDE1,01-01-2023,Female,13
2393,ECCDE2,01-01-2023,Male,10
2393,ECCDE2,01-01-2023,Female,8
2393,ECCDE3,01-01-2023,Male,9
2393,ECCDE3,01-01-2023,Female,10
2393,PRY1,01-01-2023,Male,8
2393,PRY1,01-01-2023,Female,6
2393,PRY2,01-01-2023,Male,8
2393,PRY2,01-01-2023,Female,12
2393,PRY3,01-01-2023,Male,7
2393,PRY3,01-01-2023,Female,8
2393,PRY4,01-01-2023,Male,7
2393,PRY4,01-01-2023,Female,7
2393,PRY5,01-01-2023,Male,9
2393,PRY5,01-01-2023,Female,12
2393,PRY6,01-01-2023,Male,10
2393,PRY6,01-01-2023,Female,15
2394,ECCDE1,01-01-2023,Male,41
2394,ECCDE1,01-01-2023,Female,34
2394,ECCDE2,01-01-2023,Male,18
2394,ECCDE2,01-01-2023,Female,23
2394,ECCDE3,01-01-2023,Male,20
2394,ECCDE3,01-01-2023,Female,32
2394,PRY1,01-01-2023,Male,40
2394,PRY1,01-01-2023,Female,16
2394,PRY2,01-01-2023,Male,27
2394,PRY2,01-01-2023,Female,47
2394,PRY3,01-01-2023,Male,43
2394,PRY3,01-01-2023,Female,35
2394,PRY4,01-01-2023,Male,33
2394,PRY4,01-01-2023,Female,39
2394,PRY5,01-01-2023,Male,48
2394,PRY5,01-01-2023,Female,42
2394,PRY6,01-01-2023,Male,35
2394,PRY6,01-01-2023,Female,35
2395,ECCDE1,01-01-2023,Male,17
2395,ECCDE1,01-01-2023,Female,33
2395,ECCDE2,01-01-2023,Male,20
2395,ECCDE2,01-01-2023,Female,21
2395,ECCDE3,01-01-2023,Male,21
2395,ECCDE3,01-01-2023,Female,18
2395,PRY1,01-01-2023,Male,12
2395,PRY1,01-01-2023,Female,16
2395,PRY2,01-01-2023,Male,18
2395,PRY2,01-01-2023,Female,22
2395,PRY3,01-01-2023,Male,23
2395,PRY3,01-01-2023,Female,21
2395,PRY4,01-01-2023,Male,20
2395,PRY4,01-01-2023,Female,27
2395,PRY5,01-01-2023,Male,27
2395,PRY5,01-01-2023,Female,23
2395,PRY6,01-01-2023,Male,29
2395,PRY6,01-01-2023,Female,25
2396,ECCDE1,01-01-2023,Male,48
2396,ECCDE1,01-01-2023,Female,48
2396,ECCDE2,01-01-2023,Male,28
2396,ECCDE2,01-01-2023,Female,24
2396,ECCDE3,01-01-2023,Male,25
2396,ECCDE3,01-01-2023,Female,27
2396,PRY1,01-01-2023,Male,22
2396,PRY1,01-01-2023,Female,46
2396,PRY2,01-01-2023,Male,30
2396,PRY2,01-01-2023,Female,31
2396,PRY3,01-01-2023,Male,32
2396,PRY3,01-01-2023,Female,30
2396,PRY4,01-01-2023,Male,44
2396,PRY4,01-01-2023,Female,39
2396,PRY5,01-01-2023,Male,36
2396,PRY5,01-01-2023,Female,40
2396,PRY6,01-01-2023,Male,38
2396,PRY6,01-01-2023,Female,28
2397,ECCDE1,01-01-2023,Male,19
2397,ECCDE1,01-01-2023,Female,17
2397,ECCDE2,01-01-2023,Male,6
2397,ECCDE2,01-01-2023,Female,7
2397,ECCDE3,01-01-2023,Male,5
2397,ECCDE3,01-01-2023,Female,13
2397,PRY1,01-01-2023,Male,5
2397,PRY1,01-01-2023,Female,12
2397,PRY2,01-01-2023,Male,6
2397,PRY2,01-01-2023,Female,12
2397,PRY3,01-01-2023,Male,8
2397,PRY3,01-01-2023,Female,11
2397,PRY4,01-01-2023,Male,10
2397,PRY4,01-01-2023,Female,14
2397,PRY5,01-01-2023,Male,11
2397,PRY5,01-01-2023,Female,25
2397,PRY6,01-01-2023,Male,9
2397,PRY6,01-01-2023,Female,15
2398,ECCDE1,01-01-2023,Male,14
2398,ECCDE1,01-01-2023,Female,11
2398,ECCDE2,01-01-2023,Male,16
2398,ECCDE2,01-01-2023,Female,11
2398,ECCDE3,01-01-2023,Male,9
2398,ECCDE3,01-01-2023,Female,9
2398,PRY1,01-01-2023,Male,9
2398,PRY1,01-01-2023,Female,5
2398,PRY2,01-01-2023,Male,12
2398,PRY2,01-01-2023,Female,6
2398,PRY3,01-01-2023,Male,16
2398,PRY3,01-01-2023,Female,8
2398,PRY4,01-01-2023,Male,13
2398,PRY4,01-01-2023,Female,9
2398,PRY5,01-01-2023,Male,11
2398,PRY5,01-01-2023,Female,8
2398,PRY6,01-01-2023,Male,14
2398,PRY6,01-01-2023,Female,12
2399,ECCDE1,01-01-2023,Male,15
2399,ECCDE1,01-01-2023,Female,11
2399,ECCDE2,01-01-2023,Male,19
2399,ECCDE2,01-01-2023,Female,16
2399,ECCDE3,01-01-2023,Male,27
2399,ECCDE3,01-01-2023,Female,15
2399,PRY1,01-01-2023,Male,14
2399,PRY1,01-01-2023,Female,6
2399,PRY2,01-01-2023,Male,19
2399,PRY2,01-01-2023,Female,18
2399,PRY3,01-01-2023,Male,25
2399,PRY3,01-01-2023,Female,20
2399,PRY4,01-01-2023,Male,25
2399,PRY4,01-01-2023,Female,21
2399,PRY5,01-01-2023,Male,22
2399,PRY5,01-01-2023,Female,18
2399,PRY6,01-01-2023,Male,42
2399,PRY6,01-01-2023,Female,22
2400,ECCDE1,01-01-2023,Male,39
2400,ECCDE1,01-01-2023,Female,21
2400,ECCDE2,01-01-2023,Male,18
2400,ECCDE2,01-01-2023,Female,18
2400,ECCDE3,01-01-2023,Male,18
2400,ECCDE3,01-01-2023,Female,15
2400,PRY1,01-01-2023,Male,19
2400,PRY1,01-01-2023,Female,20
2400,PRY2,01-01-2023,Male,24
2400,PRY2,01-01-2023,Female,20
2400,PRY3,01-01-2023,Male,29
2400,PRY3,01-01-2023,Female,20
2400,PRY4,01-01-2023,Male,38
2400,PRY4,01-01-2023,Female,17
2400,PRY5,01-01-2023,Male,30
2400,PRY5,01-01-2023,Female,22
2400,PRY6,01-01-2023,Male,20
2400,PRY6,01-01-2023,Female,23
2401,ECCDE1,01-01-2023,Male,19
2401,ECCDE1,01-01-2023,Female,20
2401,ECCDE2,01-01-2023,Male,13
2401,ECCDE2,01-01-2023,Female,2
2401,ECCDE3,01-01-2023,Male,12
2401,ECCDE3,01-01-2023,Female,2
2401,PRY1,01-01-2023,Male,7
2401,PRY1,01-01-2023,Female,4
2401,PRY2,01-01-2023,Male,6
2401,PRY2,01-01-2023,Female,5
2401,PRY3,01-01-2023,Male,12
2401,PRY3,01-01-2023,Female,7
2401,PRY4,01-01-2023,Male,8
2401,PRY4,01-01-2023,Female,9
2401,PRY5,01-01-2023,Male,7
2401,PRY5,01-01-2023,Female,4
2401,PRY6,01-01-2023,Male,4
2401,PRY6,01-01-2023,Female,10
2402,ECCDE1,01-01-2023,Male,20
2402,ECCDE1,01-01-2023,Female,16
2402,ECCDE2,01-01-2023,Male,10
2402,ECCDE2,01-01-2023,Female,7
2402,ECCDE3,01-01-2023,Male,12
2402,ECCDE3,01-01-2023,Female,12
2402,PRY1,01-01-2023,Male,8
2402,PRY1,01-01-2023,Female,3
2402,PRY2,01-01-2023,Male,10
2402,PRY2,01-01-2023,Female,9
2402,PRY3,01-01-2023,Male,10
2402,PRY3,01-01-2023,Female,1
2402,PRY4,01-01-2023,Male,6
2402,PRY4,01-01-2023,Female,10
2402,PRY5,01-01-2023,Male,9
2402,PRY5,01-01-2023,Female,5
2402,PRY6,01-01-2023,Male,17
2402,PRY6,01-01-2023,Female,7
2403,ECCDE1,01-01-2023,Male,57
2403,ECCDE1,01-01-2023,Female,51
2403,ECCDE2,01-01-2023,Male,22
2403,ECCDE2,01-01-2023,Female,15
2403,ECCDE3,01-01-2023,Male,26
2403,ECCDE3,01-01-2023,Female,29
2403,PRY1,01-01-2023,Male,25
2403,PRY1,01-01-2023,Female,21
2403,PRY2,01-01-2023,Male,31
2403,PRY2,01-01-2023,Female,27
2403,PRY3,01-01-2023,Male,20
2403,PRY3,01-01-2023,Female,16
2403,PRY4,01-01-2023,Male,26
2403,PRY4,01-01-2023,Female,19
2403,PRY5,01-01-2023,Male,39
2403,PRY5,01-01-2023,Female,26
2403,PRY6,01-01-2023,Male,40
2403,PRY6,01-01-2023,Female,26
2404,ECCDE1,01-01-2023,Male,40
2404,ECCDE1,01-01-2023,Female,38
2404,ECCDE2,01-01-2023,Male,16
2404,ECCDE2,01-01-2023,Female,17
2404,ECCDE3,01-01-2023,Male,25
2404,ECCDE3,01-01-2023,Female,18
2404,PRY1,01-01-2023,Male,15
2404,PRY1,01-01-2023,Female,14
2404,PRY2,01-01-2023,Male,30
2404,PRY2,01-01-2023,Female,9
2404,PRY3,01-01-2023,Male,24
2404,PRY3,01-01-2023,Female,20
2404,PRY4,01-01-2023,Male,18
2404,PRY4,01-01-2023,Female,20
2404,PRY5,01-01-2023,Male,23
2404,PRY5,01-01-2023,Female,30
2404,PRY6,01-01-2023,Male,26
2404,PRY6,01-01-2023,Female,26
2405,ECCDE1,01-01-2023,Male,19
2405,ECCDE1,01-01-2023,Female,24
2405,ECCDE2,01-01-2023,Male,11
2405,ECCDE2,01-01-2023,Female,6
2405,ECCDE3,01-01-2023,Male,10
2405,ECCDE3,01-01-2023,Female,11
2405,PRY1,01-01-2023,Male,12
2405,PRY1,01-01-2023,Female,4
2405,PRY2,01-01-2023,Male,10
2405,PRY2,01-01-2023,Female,10
2405,PRY3,01-01-2023,Male,10
2405,PRY3,01-01-2023,Female,12
2405,PRY4,01-01-2023,Male,14
2405,PRY4,01-01-2023,Female,13
2405,PRY5,01-01-2023,Male,14
2405,PRY5,01-01-2023,Female,10
2405,PRY6,01-01-2023,Male,9
2405,PRY6,01-01-2023,Female,13
2406,ECCDE1,01-01-2023,Male,21
2406,ECCDE1,01-01-2023,Female,23
2406,ECCDE2,01-01-2023,Male,7
2406,ECCDE2,01-01-2023,Female,5
2406,ECCDE3,01-01-2023,Male,9
2406,ECCDE3,01-01-2023,Female,13
2406,PRY1,01-01-2023,Male,14
2406,PRY1,01-01-2023,Female,10
2406,PRY2,01-01-2023,Male,13
2406,PRY2,01-01-2023,Female,11
2406,PRY3,01-01-2023,Male,20
2406,PRY3,01-01-2023,Female,10
2406,PRY4,01-01-2023,Male,9
2406,PRY4,01-01-2023,Female,7
2406,PRY5,01-01-2023,Male,13
2406,PRY5,01-01-2023,Female,6
2406,PRY6,01-01-2023,Male,7
2406,PRY6,01-01-2023,Female,8
2407,ECCDE1,01-01-2023,Male,26
2407,ECCDE1,01-01-2023,Female,24
2407,ECCDE2,01-01-2023,Male,23
2407,ECCDE2,01-01-2023,Female,20
2407,ECCDE3,01-01-2023,Male,44
2407,ECCDE3,01-01-2023,Female,35
2407,PRY1,01-01-2023,Male,16
2407,PRY1,01-01-2023,Female,18
2407,PRY2,01-01-2023,Male,27
2407,PRY2,01-01-2023,Female,42
2407,PRY3,01-01-2023,Male,35
2407,PRY3,01-01-2023,Female,30
2407,PRY4,01-01-2023,Male,35
2407,PRY4,01-01-2023,Female,34
2407,PRY5,01-01-2023,Male,43
2407,PRY5,01-01-2023,Female,39
2407,PRY6,01-01-2023,Male,20
2407,PRY6,01-01-2023,Female,27
2408,ECCDE1,01-01-2023,Male,6
2408,ECCDE1,01-01-2023,Female,3
2408,ECCDE2,01-01-2023,Male,8
2408,ECCDE2,01-01-2023,Female,1
2408,ECCDE3,01-01-2023,Male,6
2408,ECCDE3,01-01-2023,Female,8
2408,PRY1,01-01-2023,Male,6
2408,PRY1,01-01-2023,Female,11
2408,PRY2,01-01-2023,Male,5
2408,PRY2,01-01-2023,Female,7
2408,PRY3,01-01-2023,Male,10
2408,PRY3,01-01-2023,Female,6
2408,PRY4,01-01-2023,Male,3
2408,PRY4,01-01-2023,Female,6
2408,PRY5,01-01-2023,Male,10
2408,PRY5,01-01-2023,Female,5
2408,PRY6,01-01-2023,Male,3
2408,PRY6,01-01-2023,Female,9
2409,ECCDE1,01-01-2023,Male,29
2409,ECCDE1,01-01-2023,Female,33
2409,ECCDE2,01-01-2023,Male,20
2409,ECCDE2,01-01-2023,Female,28
2409,ECCDE3,01-01-2023,Male,30
2409,ECCDE3,01-01-2023,Female,27
2409,PRY1,01-01-2023,Male,17
2409,PRY1,01-01-2023,Female,13
2409,PRY2,01-01-2023,Male,21
2409,PRY2,01-01-2023,Female,19
2409,PRY3,01-01-2023,Male,22
2409,PRY3,01-01-2023,Female,25
2409,PRY4,01-01-2023,Male,24
2409,PRY4,01-01-2023,Female,26
2409,PRY5,01-01-2023,Male,30
2409,PRY5,01-01-2023,Female,26
2409,PRY6,01-01-2023,Male,34
2409,PRY6,01-01-2023,Female,39
2410,ECCDE1,01-01-2023,Male,18
2410,ECCDE1,01-01-2023,Female,11
2410,ECCDE2,01-01-2023,Male,12
2410,ECCDE2,01-01-2023,Female,18
2410,ECCDE3,01-01-2023,Male,10
2410,ECCDE3,01-01-2023,Female,10
2410,PRY1,01-01-2023,Male,9
2410,PRY1,01-01-2023,Female,10
2410,PRY2,01-01-2023,Male,13
2410,PRY2,01-01-2023,Female,12
2410,PRY3,01-01-2023,Male,17
2410,PRY3,01-01-2023,Female,16
2410,PRY4,01-01-2023,Male,17
2410,PRY4,01-01-2023,Female,14
2410,PRY5,01-01-2023,Male,21
2410,PRY5,01-01-2023,Female,12
2410,PRY6,01-01-2023,Male,16
2410,PRY6,01-01-2023,Female,18
2411,ECCDE1,01-01-2023,Male,35
2411,ECCDE1,01-01-2023,Female,31
2411,ECCDE2,01-01-2023,Male,9
2411,ECCDE2,01-01-2023,Female,16
2411,ECCDE3,01-01-2023,Male,12
2411,ECCDE3,01-01-2023,Female,15
2411,PRY1,01-01-2023,Male,15
2411,PRY1,01-01-2023,Female,11
2411,PRY2,01-01-2023,Male,11
2411,PRY2,01-01-2023,Female,17
2411,PRY3,01-01-2023,Male,14
2411,PRY3,01-01-2023,Female,15
2411,PRY4,01-01-2023,Male,13
2411,PRY4,01-01-2023,Female,8
2411,PRY5,01-01-2023,Male,21
2411,PRY5,01-01-2023,Female,13
2411,PRY6,01-01-2023,Male,21
2411,PRY6,01-01-2023,Female,17
2412,ECCDE1,01-01-2023,Male,21
2412,ECCDE1,01-01-2023,Female,18
2412,ECCDE2,01-01-2023,Male,14
2412,ECCDE2,01-01-2023,Female,13
2412,ECCDE3,01-01-2023,Male,19
2412,ECCDE3,01-01-2023,Female,4
2412,PRY1,01-01-2023,Male,15
2412,PRY1,01-01-2023,Female,19
2412,PRY2,01-01-2023,Male,20
2412,PRY2,01-01-2023,Female,5
2412,PRY3,01-01-2023,Male,14
2412,PRY3,01-01-2023,Female,18
2412,PRY4,01-01-2023,Male,21
2412,PRY4,01-01-2023,Female,20
2412,PRY5,01-01-2023,Male,17
2412,PRY5,01-01-2023,Female,17
2412,PRY6,01-01-2023,Male,19
2412,PRY6,01-01-2023,Female,19
2413,ECCDE1,01-01-2023,Male,13
2413,ECCDE1,01-01-2023,Female,14
2413,ECCDE2,01-01-2023,Male,11
2413,ECCDE2,01-01-2023,Female,14
2413,ECCDE3,01-01-2023,Male,12
2413,ECCDE3,01-01-2023,Female,14
2413,PRY1,01-01-2023,Male,9
2413,PRY1,01-01-2023,Female,9
2413,PRY2,01-01-2023,Male,11
2413,PRY2,01-01-2023,Female,11
2413,PRY3,01-01-2023,Male,14
2413,PRY3,01-01-2023,Female,10
2413,PRY4,01-01-2023,Male,18
2413,PRY4,01-01-2023,Female,20
2413,PRY5,01-01-2023,Male,11
2413,PRY5,01-01-2023,Female,17
2413,PRY6,01-01-2023,Male,17
2413,PRY6,01-01-2023,Female,17
2414,ECCDE1,01-01-2023,Male,18
2414,ECCDE1,01-01-2023,Female,31
2414,ECCDE2,01-01-2023,Male,16
2414,ECCDE2,01-01-2023,Female,16
2414,ECCDE3,01-01-2023,Male,12
2414,ECCDE3,01-01-2023,Female,20
2414,PRY1,01-01-2023,Male,15
2414,PRY1,01-01-2023,Female,17
2414,PRY2,01-01-2023,Male,10
2414,PRY2,01-01-2023,Female,13
2414,PRY3,01-01-2023,Male,12
2414,PRY3,01-01-2023,Female,9
2414,PRY4,01-01-2023,Male,17
2414,PRY4,01-01-2023,Female,20
2414,PRY5,01-01-2023,Male,19
2414,PRY5,01-01-2023,Female,20
2414,PRY6,01-01-2023,Male,20
2414,PRY6,01-01-2023,Female,10
2415,ECCDE1,01-01-2023,Male,14
2415,ECCDE1,01-01-2023,Female,13
2415,ECCDE2,01-01-2023,Male,8
2415,ECCDE2,01-01-2023,Female,6
2415,ECCDE3,01-01-2023,Male,8
2415,ECCDE3,01-01-2023,Female,5
2415,PRY1,01-01-2023,Male,5
2415,PRY1,01-01-2023,Female,5
2415,PRY2,01-01-2023,Male,5
2415,PRY2,01-01-2023,Female,7
2415,PRY3,01-01-2023,Male,7
2415,PRY3,01-01-2023,Female,12
2415,PRY4,01-01-2023,Male,7
2415,PRY4,01-01-2023,Female,12
2415,PRY5,01-01-2023,Male,10
2415,PRY5,01-01-2023,Female,9
2415,PRY6,01-01-2023,Male,13
2415,PRY6,01-01-2023,Female,13
2416,ECCDE1,01-01-2023,Male,60
2416,ECCDE1,01-01-2023,Female,54
2416,ECCDE2,01-01-2023,Male,24
2416,ECCDE2,01-01-2023,Female,27
2416,ECCDE3,01-01-2023,Male,23
2416,ECCDE3,01-01-2023,Female,15
2416,PRY1,01-01-2023,Male,21
2416,PRY1,01-01-2023,Female,33
2416,PRY2,01-01-2023,Male,18
2416,PRY2,01-01-2023,Female,19
2416,PRY3,01-01-2023,Male,41
2416,PRY3,01-01-2023,Female,30
2416,PRY4,01-01-2023,Male,30
2416,PRY4,01-01-2023,Female,30
2416,PRY5,01-01-2023,Male,32
2416,PRY5,01-01-2023,Female,35
2416,PRY6,01-01-2023,Male,30
2416,PRY6,01-01-2023,Female,29
2417,ECCDE1,01-01-2023,Male,25
2417,ECCDE1,01-01-2023,Female,20
2417,ECCDE2,01-01-2023,Male,16
2417,ECCDE2,01-01-2023,Female,9
2417,ECCDE3,01-01-2023,Male,17
2417,ECCDE3,01-01-2023,Female,15
2417,PRY1,01-01-2023,Male,23
2417,PRY1,01-01-2023,Female,18
2417,PRY2,01-01-2023,Male,20
2417,PRY2,01-01-2023,Female,25
2417,PRY3,01-01-2023,Male,18
2417,PRY3,01-01-2023,Female,18
2417,PRY4,01-01-2023,Male,29
2417,PRY4,01-01-2023,Female,23
2417,PRY5,01-01-2023,Male,24
2417,PRY5,01-01-2023,Female,20
2417,PRY6,01-01-2023,Male,15
2417,PRY6,01-01-2023,Female,22
2418,ECCDE1,01-01-2023,Male,21
2418,ECCDE1,01-01-2023,Female,18
2418,ECCDE2,01-01-2023,Male,24
2418,ECCDE2,01-01-2023,Female,8
2418,ECCDE3,01-01-2023,Male,14
2418,ECCDE3,01-01-2023,Female,8
2418,PRY1,01-01-2023,Male,16
2418,PRY1,01-01-2023,Female,11
2418,PRY2,01-01-2023,Male,11
2418,PRY2,01-01-2023,Female,7
2418,PRY3,01-01-2023,Male,15
2418,PRY3,01-01-2023,Female,8
2418,PRY4,01-01-2023,Male,10
2418,PRY4,01-01-2023,Female,11
2418,PRY5,01-01-2023,Male,19
2418,PRY5,01-01-2023,Female,8
2418,PRY6,01-01-2023,Male,19
2418,PRY6,01-01-2023,Female,13
2419,ECCDE1,01-01-2023,Male,12
2419,ECCDE1,01-01-2023,Female,12
2419,ECCDE2,01-01-2023,Male,5
2419,ECCDE2,01-01-2023,Female,7
2419,ECCDE3,01-01-2023,Male,14
2419,ECCDE3,01-01-2023,Female,10
2419,PRY1,01-01-2023,Male,10
2419,PRY1,01-01-2023,Female,15
2419,PRY2,01-01-2023,Male,14
2419,PRY2,01-01-2023,Female,16
2419,PRY3,01-01-2023,Male,18
2419,PRY3,01-01-2023,Female,10
2419,PRY4,01-01-2023,Male,18
2419,PRY4,01-01-2023,Female,12
2419,PRY5,01-01-2023,Male,18
2419,PRY5,01-01-2023,Female,10
2419,PRY6,01-01-2023,Male,15
2419,PRY6,01-01-2023,Female,14
2420,ECCDE1,01-01-2023,Male,43
2420,ECCDE1,01-01-2023,Female,37
2420,ECCDE2,01-01-2023,Male,11
2420,ECCDE2,01-01-2023,Female,24
2420,ECCDE3,01-01-2023,Male,22
2420,ECCDE3,01-01-2023,Female,8
2420,PRY1,01-01-2023,Male,26
2420,PRY1,01-01-2023,Female,17
2420,PRY2,01-01-2023,Male,28
2420,PRY2,01-01-2023,Female,28
2420,PRY3,01-01-2023,Male,17
2420,PRY3,01-01-2023,Female,18
2420,PRY4,01-01-2023,Male,25
2420,PRY4,01-01-2023,Female,24
2420,PRY5,01-01-2023,Male,18
2420,PRY5,01-01-2023,Female,25
2420,PRY6,01-01-2023,Male,32
2420,PRY6,01-01-2023,Female,22
2421,ECCDE1,01-01-2023,Male,36
2421,ECCDE1,01-01-2023,Female,31
2421,ECCDE2,01-01-2023,Male,24
2421,ECCDE2,01-01-2023,Female,29
2421,ECCDE3,01-01-2023,Male,26
2421,ECCDE3,01-01-2023,Female,26
2421,PRY1,01-01-2023,Male,21
2421,PRY1,01-01-2023,Female,25
2421,PRY2,01-01-2023,Male,22
2421,PRY2,01-01-2023,Female,19
2421,PRY3,01-01-2023,Male,28
2421,PRY3,01-01-2023,Female,29
2421,PRY4,01-01-2023,Male,41
2421,PRY4,01-01-2023,Female,41
2421,PRY5,01-01-2023,Male,38
2421,PRY5,01-01-2023,Female,39
2421,PRY6,01-01-2023,Male,38
2421,PRY6,01-01-2023,Female,27
2422,ECCDE1,01-01-2023,Male,20
2422,ECCDE1,01-01-2023,Female,23
2422,ECCDE2,01-01-2023,Male,17
2422,ECCDE2,01-01-2023,Female,7
2422,ECCDE3,01-01-2023,Male,11
2422,ECCDE3,01-01-2023,Female,14
2422,PRY1,01-01-2023,Male,13
2422,PRY1,01-01-2023,Female,13
2422,PRY2,01-01-2023,Male,11
2422,PRY2,01-01-2023,Female,5
2422,PRY3,01-01-2023,Male,14
2422,PRY3,01-01-2023,Female,7
2422,PRY4,01-01-2023,Male,14
2422,PRY4,01-01-2023,Female,7
2422,PRY5,01-01-2023,Male,22
2422,PRY5,01-01-2023,Female,17
2422,PRY6,01-01-2023,Male,19
2422,PRY6,01-01-2023,Female,23
2423,ECCDE1,01-01-2023,Male,10
2423,ECCDE1,01-01-2023,Female,16
2423,ECCDE2,01-01-2023,Male,7
2423,ECCDE2,01-01-2023,Female,11
2423,ECCDE3,01-01-2023,Male,8
2423,ECCDE3,01-01-2023,Female,13
2423,PRY1,01-01-2023,Male,10
2423,PRY1,01-01-2023,Female,8
2423,PRY2,01-01-2023,Male,6
2423,PRY2,01-01-2023,Female,13
2423,PRY3,01-01-2023,Male,9
2423,PRY3,01-01-2023,Female,9
2423,PRY4,01-01-2023,Male,9
2423,PRY4,01-01-2023,Female,10
2423,PRY5,01-01-2023,Male,11
2423,PRY5,01-01-2023,Female,9
2423,PRY6,01-01-2023,Male,9
2423,PRY6,01-01-2023,Female,12
2424,ECCDE1,01-01-2023,Male,19
2424,ECCDE1,01-01-2023,Female,16
2424,ECCDE2,01-01-2023,Male,9
2424,ECCDE2,01-01-2023,Female,11
2424,ECCDE3,01-01-2023,Male,20
2424,ECCDE3,01-01-2023,Female,4
2424,PRY1,01-01-2023,Male,16
2424,PRY1,01-01-2023,Female,11
2424,PRY2,01-01-2023,Male,14
2424,PRY2,01-01-2023,Female,2
2424,PRY3,01-01-2023,Male,10
2424,PRY3,01-01-2023,Female,8
2424,PRY4,01-01-2023,Male,16
2424,PRY4,01-01-2023,Female,9
2424,PRY5,01-01-2023,Male,10
2424,PRY5,01-01-2023,Female,10
2424,PRY6,01-01-2023,Male,15
2424,PRY6,01-01-2023,Female,6
2425,ECCDE1,01-01-2023,Male,16
2425,ECCDE1,01-01-2023,Female,9
2425,ECCDE2,01-01-2023,Male,9
2425,ECCDE2,01-01-2023,Female,16
2425,ECCDE3,01-01-2023,Male,9
2425,ECCDE3,01-01-2023,Female,7
2425,PRY1,01-01-2023,Male,3
2425,PRY1,01-01-2023,Female,16
2425,PRY2,01-01-2023,Male,9
2425,PRY2,01-01-2023,Female,7
2425,PRY3,01-01-2023,Male,5
2425,PRY3,01-01-2023,Female,6
2425,PRY4,01-01-2023,Male,13
2425,PRY4,01-01-2023,Female,11
2425,PRY5,01-01-2023,Male,8
2425,PRY5,01-01-2023,Female,8
2425,PRY6,01-01-2023,Male,13
2425,PRY6,01-01-2023,Female,9
2426,ECCDE1,01-01-2023,Male,16
2426,ECCDE1,01-01-2023,Female,12
2426,ECCDE2,01-01-2023,Male,7
2426,ECCDE2,01-01-2023,Female,11
2426,ECCDE3,01-01-2023,Male,10
2426,ECCDE3,01-01-2023,Female,6
2426,PRY1,01-01-2023,Male,7
2426,PRY1,01-01-2023,Female,9
2426,PRY2,01-01-2023,Male,7
2426,PRY2,01-01-2023,Female,7
2426,PRY3,01-01-2023,Male,6
2426,PRY3,01-01-2023,Female,5
2426,PRY4,01-01-2023,Male,8
2426,PRY4,01-01-2023,Female,3
2426,PRY5,01-01-2023,Male,6
2426,PRY5,01-01-2023,Female,4
2426,PRY6,01-01-2023,Male,9
2426,PRY6,01-01-2023,Female,11
2427,ECCDE1,01-01-2023,Male,21
2427,ECCDE1,01-01-2023,Female,24
2427,ECCDE2,01-01-2023,Male,11
2427,ECCDE2,01-01-2023,Female,19
2427,ECCDE3,01-01-2023,Male,23
2427,ECCDE3,01-01-2023,Female,13
2427,PRY1,01-01-2023,Male,21
2427,PRY1,01-01-2023,Female,11
2427,PRY2,01-01-2023,Male,19
2427,PRY2,01-01-2023,Female,19
2427,PRY3,01-01-2023,Male,26
2427,PRY3,01-01-2023,Female,8
2427,PRY4,01-01-2023,Male,12
2427,PRY4,01-01-2023,Female,5
2427,PRY5,01-01-2023,Male,19
2427,PRY5,01-01-2023,Female,16
2427,PRY6,01-01-2023,Male,12
2427,PRY6,01-01-2023,Female,5
2428,ECCDE1,01-01-2023,Male,21
2428,ECCDE1,01-01-2023,Female,16
2428,ECCDE2,01-01-2023,Male,5
2428,ECCDE2,01-01-2023,Female,6
2428,ECCDE3,01-01-2023,Male,5
2428,ECCDE3,01-01-2023,Female,9
2428,PRY1,01-01-2023,Male,8
2428,PRY1,01-01-2023,Female,10
2428,PRY2,01-01-2023,Male,5
2428,PRY2,01-01-2023,Female,10
2428,PRY3,01-01-2023,Male,6
2428,PRY3,01-01-2023,Female,9
2428,PRY4,01-01-2023,Male,4
2428,PRY4,01-01-2023,Female,7
2428,PRY5,01-01-2023,Male,8
2428,PRY5,01-01-2023,Female,5
2428,PRY6,01-01-2023,Male,6
2428,PRY6,01-01-2023,Female,9
2429,ECCDE1,01-01-2023,Male,9
2429,ECCDE1,01-01-2023,Female,5
2429,ECCDE2,01-01-2023,Male,4
2429,ECCDE2,01-01-2023,Female,4
2429,ECCDE3,01-01-2023,Male,6
2429,ECCDE3,01-01-2023,Female,4
2429,PRY1,01-01-2023,Male,7
2429,PRY1,01-01-2023,Female,2
2429,PRY2,01-01-2023,Male,2
2429,PRY2,01-01-2023,Female,6
2429,PRY3,01-01-2023,Male,5
2429,PRY3,01-01-2023,Female,5
2429,PRY4,01-01-2023,Male,2
2429,PRY4,01-01-2023,Female,6
2429,PRY5,01-01-2023,Male,5
2429,PRY5,01-01-2023,Female,5
2429,PRY6,01-01-2023,Male,5
2429,PRY6,01-01-2023,Female,4
2430,ECCDE1,01-01-2023,Male,12
2430,ECCDE1,01-01-2023,Female,9
2430,ECCDE2,01-01-2023,Male,8
2430,ECCDE2,01-01-2023,Female,6
2430,ECCDE3,01-01-2023,Male,6
2430,ECCDE3,01-01-2023,Female,9
2430,PRY1,01-01-2023,Male,5
2430,PRY1,01-01-2023,Female,4
2430,PRY2,01-01-2023,Male,6
2430,PRY2,01-01-2023,Female,10
2430,PRY3,01-01-2023,Male,8
2430,PRY3,01-01-2023,Female,5
2430,PRY4,01-01-2023,Male,9
2430,PRY4,01-01-2023,Female,5
2430,PRY5,01-01-2023,Male,5
2430,PRY5,01-01-2023,Female,12
2430,PRY6,01-01-2023,Male,12
2430,PRY6,01-01-2023,Female,5
2431,ECCDE1,01-01-2023,Male,30
2431,ECCDE1,01-01-2023,Female,26
2431,ECCDE2,01-01-2023,Male,8
2431,ECCDE2,01-01-2023,Female,5
2431,ECCDE3,01-01-2023,Male,6
2431,ECCDE3,01-01-2023,Female,14
2431,PRY1,01-01-2023,Male,5
2431,PRY1,01-01-2023,Female,5
2431,PRY2,01-01-2023,Male,7
2431,PRY2,01-01-2023,Female,10
2431,PRY3,01-01-2023,Male,12
2431,PRY3,01-01-2023,Female,6
2431,PRY4,01-01-2023,Male,11
2431,PRY4,01-01-2023,Female,4
2431,PRY5,01-01-2023,Male,12
2431,PRY5,01-01-2023,Female,6
2431,PRY6,01-01-2023,Male,9
2431,PRY6,01-01-2023,Female,10
2432,ECCDE1,01-01-2023,Male,8
2432,ECCDE1,01-01-2023,Female,6
2432,ECCDE2,01-01-2023,Male,10
2432,ECCDE2,01-01-2023,Female,3
2432,ECCDE3,01-01-2023,Male,6
2432,ECCDE3,01-01-2023,Female,5
2432,PRY1,01-01-2023,Male,6
2432,PRY1,01-01-2023,Female,4
2432,PRY2,01-01-2023,Male,10
2432,PRY2,01-01-2023,Female,10
2432,PRY3,01-01-2023,Male,6
2432,PRY3,01-01-2023,Female,9
2432,PRY4,01-01-2023,Male,10
2432,PRY4,01-01-2023,Female,6
2432,PRY5,01-01-2023,Male,10
2432,PRY5,01-01-2023,Female,10
2432,PRY6,01-01-2023,Male,9
2432,PRY6,01-01-2023,Female,9
2433,ECCDE1,01-01-2023,Male,4
2433,ECCDE1,01-01-2023,Female,4
2433,ECCDE2,01-01-2023,Male,4
2433,ECCDE2,01-01-2023,Female,4
2433,ECCDE3,01-01-2023,Male,3
2433,ECCDE3,01-01-2023,Female,4
2433,PRY1,01-01-2023,Male,5
2433,PRY1,01-01-2023,Female,5
2433,PRY2,01-01-2023,Male,5
2433,PRY2,01-01-2023,Female,6
2433,PRY3,01-01-2023,Male,7
2433,PRY3,01-01-2023,Female,8
2433,PRY4,01-01-2023,Male,6
2433,PRY4,01-01-2023,Female,7
2433,PRY5,01-01-2023,Male,8
2433,PRY5,01-01-2023,Female,7
2433,PRY6,01-01-2023,Male,10
2433,PRY6,01-01-2023,Female,3
2434,ECCDE1,01-01-2023,Male,9
2434,ECCDE1,01-01-2023,Female,14
2434,ECCDE2,01-01-2023,Male,14
2434,ECCDE2,01-01-2023,Female,10
2434,ECCDE3,01-01-2023,Male,7
2434,ECCDE3,01-01-2023,Female,8
2434,PRY1,01-01-2023,Male,16
2434,PRY1,01-01-2023,Female,14
2434,PRY2,01-01-2023,Male,8
2434,PRY2,01-01-2023,Female,13
2434,PRY3,01-01-2023,Male,5
2434,PRY3,01-01-2023,Female,14
2434,PRY4,01-01-2023,Male,13
2434,PRY4,01-01-2023,Female,10
2434,PRY5,01-01-2023,Male,22
2434,PRY5,01-01-2023,Female,18
2434,PRY6,01-01-2023,Male,18
2434,PRY6,01-01-2023,Female,18
2435,ECCDE1,01-01-2023,Male,2
2435,ECCDE1,01-01-2023,Female,9
2435,ECCDE2,01-01-2023,Male,12
2435,ECCDE2,01-01-2023,Female,6
2435,ECCDE3,01-01-2023,Male,3
2435,ECCDE3,01-01-2023,Female,8
2435,PRY1,01-01-2023,Male,10
2435,PRY1,01-01-2023,Female,8
2435,PRY2,01-01-2023,Male,8
2435,PRY2,01-01-2023,Female,10
2435,PRY3,01-01-2023,Male,11
2435,PRY3,01-01-2023,Female,9
2435,PRY4,01-01-2023,Male,13
2435,PRY4,01-01-2023,Female,9
2435,PRY5,01-01-2023,Male,14
2435,PRY5,01-01-2023,Female,13
2435,PRY6,01-01-2023,Male,11
2435,PRY6,01-01-2023,Female,14
2436,ECCDE1,01-01-2023,Male,0
2436,ECCDE1,01-01-2023,Female,0
2436,ECCDE2,01-01-2023,Male,0
2436,ECCDE2,01-01-2023,Female,0
2436,ECCDE3,01-01-2023,Male,0
2436,ECCDE3,01-01-2023,Female,0
2436,PRY1,01-01-2023,Male,0
2436,PRY1,01-01-2023,Female,0
2436,PRY2,01-01-2023,Male,0
2436,PRY2,01-01-2023,Female,0
2436,PRY3,01-01-2023,Male,0
2436,PRY3,01-01-2023,Female,0
2436,PRY4,01-01-2023,Male,0
2436,PRY4,01-01-2023,Female,0
2436,PRY5,01-01-2023,Male,0
2436,PRY5,01-01-2023,Female,0
2436,PRY6,01-01-2023,Male,0
2436,PRY6,01-01-2023,Female,0
2437,ECCDE1,01-01-2023,Male,15
2437,ECCDE1,01-01-2023,Female,15
2437,ECCDE2,01-01-2023,Male,9
2437,ECCDE2,01-01-2023,Female,9
2437,ECCDE3,01-01-2023,Male,10
2437,ECCDE3,01-01-2023,Female,10
2437,PRY1,01-01-2023,Male,11
2437,PRY1,01-01-2023,Female,11
2437,PRY2,01-01-2023,Male,10
2437,PRY2,01-01-2023,Female,13
2437,PRY3,01-01-2023,Male,15
2437,PRY3,01-01-2023,Female,18
2437,PRY4,01-01-2023,Male,16
2437,PRY4,01-01-2023,Female,9
2437,PRY5,01-01-2023,Male,16
2437,PRY5,01-01-2023,Female,16
2437,PRY6,01-01-2023,Male,10
2437,PRY6,01-01-2023,Female,10
2438,ECCDE1,01-01-2023,Male,9
2438,ECCDE1,01-01-2023,Female,8
2438,ECCDE2,01-01-2023,Male,10
2438,ECCDE2,01-01-2023,Female,12
2438,ECCDE3,01-01-2023,Male,6
2438,ECCDE3,01-01-2023,Female,7
2438,PRY1,01-01-2023,Male,10
2438,PRY1,01-01-2023,Female,10
2438,PRY2,01-01-2023,Male,10
2438,PRY2,01-01-2023,Female,10
2438,PRY3,01-01-2023,Male,20
2438,PRY3,01-01-2023,Female,21
2438,PRY4,01-01-2023,Male,20
2438,PRY4,01-01-2023,Female,10
2438,PRY5,01-01-2023,Male,21
2438,PRY5,01-01-2023,Female,21
2438,PRY6,01-01-2023,Male,16
2438,PRY6,01-01-2023,Female,20
2439,ECCDE1,01-01-2023,Male,13
2439,ECCDE1,01-01-2023,Female,10
2439,ECCDE2,01-01-2023,Male,11
2439,ECCDE2,01-01-2023,Female,7
2439,ECCDE3,01-01-2023,Male,10
2439,ECCDE3,01-01-2023,Female,12
2439,PRY1,01-01-2023,Male,10
2439,PRY1,01-01-2023,Female,12
2439,PRY2,01-01-2023,Male,8
2439,PRY2,01-01-2023,Female,7
2439,PRY3,01-01-2023,Male,10
2439,PRY3,01-01-2023,Female,17
2439,PRY4,01-01-2023,Male,8
2439,PRY4,01-01-2023,Female,9
2439,PRY5,01-01-2023,Male,8
2439,PRY5,01-01-2023,Female,7
2439,PRY6,01-01-2023,Male,10
2439,PRY6,01-01-2023,Female,10
2440,ECCDE1,01-01-2023,Male,3
2440,ECCDE1,01-01-2023,Female,3
2440,ECCDE2,01-01-2023,Male,4
2440,ECCDE2,01-01-2023,Female,4
2440,ECCDE3,01-01-2023,Male,3
2440,ECCDE3,01-01-2023,Female,3
2440,PRY1,01-01-2023,Male,4
2440,PRY1,01-01-2023,Female,3
2440,PRY2,01-01-2023,Male,3
2440,PRY2,01-01-2023,Female,3
2440,PRY3,01-01-2023,Male,2
2440,PRY3,01-01-2023,Female,1
2440,PRY4,01-01-2023,Male,5
2440,PRY4,01-01-2023,Female,2
2440,PRY5,01-01-2023,Male,5
2440,PRY5,01-01-2023,Female,5
2440,PRY6,01-01-2023,Male,0
2440,PRY6,01-01-2023,Female,3
2441,ECCDE1,01-01-2023,Male,10
2441,ECCDE1,01-01-2023,Female,10
2441,ECCDE2,01-01-2023,Male,5
2441,ECCDE2,01-01-2023,Female,7
2441,ECCDE3,01-01-2023,Male,9
2441,ECCDE3,01-01-2023,Female,11
2441,PRY1,01-01-2023,Male,8
2441,PRY1,01-01-2023,Female,7
2441,PRY2,01-01-2023,Male,7
2441,PRY2,01-01-2023,Female,10
2441,PRY3,01-01-2023,Male,8
2441,PRY3,01-01-2023,Female,11
2441,PRY4,01-01-2023,Male,12
2441,PRY4,01-01-2023,Female,12
2441,PRY5,01-01-2023,Male,13
2441,PRY5,01-01-2023,Female,10
2441,PRY6,01-01-2023,Male,10
2441,PRY6,01-01-2023,Female,6
2442,ECCDE1,01-01-2023,Male,20
2442,ECCDE1,01-01-2023,Female,24
2442,ECCDE2,01-01-2023,Male,10
2442,ECCDE2,01-01-2023,Female,10
2442,ECCDE3,01-01-2023,Male,10
2442,ECCDE3,01-01-2023,Female,10
2442,PRY1,01-01-2023,Male,12
2442,PRY1,01-01-2023,Female,8
2442,PRY2,01-01-2023,Male,12
2442,PRY2,01-01-2023,Female,10
2442,PRY3,01-01-2023,Male,17
2442,PRY3,01-01-2023,Female,10
2442,PRY4,01-01-2023,Male,17
2442,PRY4,01-01-2023,Female,14
2442,PRY5,01-01-2023,Male,12
2442,PRY5,01-01-2023,Female,10
2442,PRY6,01-01-2023,Male,16
2442,PRY6,01-01-2023,Female,14
2443,ECCDE1,01-01-2023,Male,11
2443,ECCDE1,01-01-2023,Female,6
2443,ECCDE2,01-01-2023,Male,6
2443,ECCDE2,01-01-2023,Female,3
2443,ECCDE3,01-01-2023,Male,3
2443,ECCDE3,01-01-2023,Female,6
2443,PRY1,01-01-2023,Male,10
2443,PRY1,01-01-2023,Female,12
2443,PRY2,01-01-2023,Male,8
2443,PRY2,01-01-2023,Female,0
2443,PRY3,01-01-2023,Male,10
2443,PRY3,01-01-2023,Female,5
2443,PRY4,01-01-2023,Male,6
2443,PRY4,01-01-2023,Female,6
2443,PRY5,01-01-2023,Male,7
2443,PRY5,01-01-2023,Female,12
2443,PRY6,01-01-2023,Male,9
2443,PRY6,01-01-2023,Female,11
2444,ECCDE1,01-01-2023,Male,10
2444,ECCDE1,01-01-2023,Female,10
2444,ECCDE2,01-01-2023,Male,10
2444,ECCDE2,01-01-2023,Female,7
2444,ECCDE3,01-01-2023,Male,12
2444,ECCDE3,01-01-2023,Female,9
2444,PRY1,01-01-2023,Male,11
2444,PRY1,01-01-2023,Female,9
2444,PRY2,01-01-2023,Male,8
2444,PRY2,01-01-2023,Female,12
2444,PRY3,01-01-2023,Male,13
2444,PRY3,01-01-2023,Female,14
2444,PRY4,01-01-2023,Male,19
2444,PRY4,01-01-2023,Female,12
2444,PRY5,01-01-2023,Male,10
2444,PRY5,01-01-2023,Female,6
2444,PRY6,01-01-2023,Male,10
2444,PRY6,01-01-2023,Female,10
2445,ECCDE1,01-01-2023,Male,8
2445,ECCDE1,01-01-2023,Female,4
2445,ECCDE2,01-01-2023,Male,3
2445,ECCDE2,01-01-2023,Female,2
2445,ECCDE3,01-01-2023,Male,2
2445,ECCDE3,01-01-2023,Female,3
2445,PRY1,01-01-2023,Male,0
2445,PRY1,01-01-2023,Female,5
2445,PRY2,01-01-2023,Male,1
2445,PRY2,01-01-2023,Female,4
2445,PRY3,01-01-2023,Male,6
2445,PRY3,01-01-2023,Female,2
2445,PRY4,01-01-2023,Male,5
2445,PRY4,01-01-2023,Female,1
2445,PRY5,01-01-2023,Male,3
2445,PRY5,01-01-2023,Female,7
2445,PRY6,01-01-2023,Male,1
2445,PRY6,01-01-2023,Female,6
2446,ECCDE1,01-01-2023,Male,12
2446,ECCDE1,01-01-2023,Female,15
2446,ECCDE2,01-01-2023,Male,11
2446,ECCDE2,01-01-2023,Female,10
2446,ECCDE3,01-01-2023,Male,5
2446,ECCDE3,01-01-2023,Female,7
2446,PRY1,01-01-2023,Male,9
2446,PRY1,01-01-2023,Female,13
2446,PRY2,01-01-2023,Male,9
2446,PRY2,01-01-2023,Female,7
2446,PRY3,01-01-2023,Male,7
2446,PRY3,01-01-2023,Female,14
2446,PRY4,01-01-2023,Male,10
2446,PRY4,01-01-2023,Female,17
2446,PRY5,01-01-2023,Male,9
2446,PRY5,01-01-2023,Female,5
2446,PRY6,01-01-2023,Male,7
2446,PRY6,01-01-2023,Female,12
2447,ECCDE1,01-01-2023,Male,9
2447,ECCDE1,01-01-2023,Female,8
2447,ECCDE2,01-01-2023,Male,10
2447,ECCDE2,01-01-2023,Female,7
2447,ECCDE3,01-01-2023,Male,6
2447,ECCDE3,01-01-2023,Female,6
2447,PRY1,01-01-2023,Male,6
2447,PRY1,01-01-2023,Female,11
2447,PRY2,01-01-2023,Male,7
2447,PRY2,01-01-2023,Female,8
2447,PRY3,01-01-2023,Male,10
2447,PRY3,01-01-2023,Female,16
2447,PRY4,01-01-2023,Male,12
2447,PRY4,01-01-2023,Female,6
2447,PRY5,01-01-2023,Male,11
2447,PRY5,01-01-2023,Female,9
2447,PRY6,01-01-2023,Male,13
2447,PRY6,01-01-2023,Female,12
2448,ECCDE1,01-01-2023,Male,3
2448,ECCDE1,01-01-2023,Female,5
2448,ECCDE2,01-01-2023,Male,4
2448,ECCDE2,01-01-2023,Female,2
2448,ECCDE3,01-01-2023,Male,6
2448,ECCDE3,01-01-2023,Female,3
2448,PRY1,01-01-2023,Male,12
2448,PRY1,01-01-2023,Female,5
2448,PRY2,01-01-2023,Male,5
2448,PRY2,01-01-2023,Female,5
2448,PRY3,01-01-2023,Male,10
2448,PRY3,01-01-2023,Female,2
2448,PRY4,01-01-2023,Male,9
2448,PRY4,01-01-2023,Female,6
2448,PRY5,01-01-2023,Male,9
2448,PRY5,01-01-2023,Female,5
2448,PRY6,01-01-2023,Male,3
2448,PRY6,01-01-2023,Female,5
2449,ECCDE1,01-01-2023,Male,20
2449,ECCDE1,01-01-2023,Female,15
2449,ECCDE2,01-01-2023,Male,17
2449,ECCDE2,01-01-2023,Female,14
2449,ECCDE3,01-01-2023,Male,10
2449,ECCDE3,01-01-2023,Female,19
2449,PRY1,01-01-2023,Male,18
2449,PRY1,01-01-2023,Female,22
2449,PRY2,01-01-2023,Male,35
2449,PRY2,01-01-2023,Female,34
2449,PRY3,01-01-2023,Male,29
2449,PRY3,01-01-2023,Female,31
2449,PRY4,01-01-2023,Male,44
2449,PRY4,01-01-2023,Female,41
2449,PRY5,01-01-2023,Male,61
2449,PRY5,01-01-2023,Female,48
2449,PRY6,01-01-2023,Male,52
2449,PRY6,01-01-2023,Female,62
2450,ECCDE1,01-01-2023,Male,17
2450,ECCDE1,01-01-2023,Female,14
2450,ECCDE2,01-01-2023,Male,15
2450,ECCDE2,01-01-2023,Female,11
2450,ECCDE3,01-01-2023,Male,11
2450,ECCDE3,01-01-2023,Female,10
2450,PRY1,01-01-2023,Male,14
2450,PRY1,01-01-2023,Female,14
2450,PRY2,01-01-2023,Male,20
2450,PRY2,01-01-2023,Female,9
2450,PRY3,01-01-2023,Male,20
2450,PRY3,01-01-2023,Female,20
2450,PRY4,01-01-2023,Male,19
2450,PRY4,01-01-2023,Female,26
2450,PRY5,01-01-2023,Male,27
2450,PRY5,01-01-2023,Female,21
2450,PRY6,01-01-2023,Male,34
2450,PRY6,01-01-2023,Female,25
2451,ECCDE1,01-01-2023,Male,12
2451,ECCDE1,01-01-2023,Female,11
2451,ECCDE2,01-01-2023,Male,13
2451,ECCDE2,01-01-2023,Female,12
2451,ECCDE3,01-01-2023,Male,20
2451,ECCDE3,01-01-2023,Female,15
2451,PRY1,01-01-2023,Male,20
2451,PRY1,01-01-2023,Female,16
2451,PRY2,01-01-2023,Male,20
2451,PRY2,01-01-2023,Female,17
2451,PRY3,01-01-2023,Male,20
2451,PRY3,01-01-2023,Female,21
2451,PRY4,01-01-2023,Male,25
2451,PRY4,01-01-2023,Female,21
2451,PRY5,01-01-2023,Male,28
2451,PRY5,01-01-2023,Female,12
2451,PRY6,01-01-2023,Male,18
2451,PRY6,01-01-2023,Female,24
2452,ECCDE1,01-01-2023,Male,15
2452,ECCDE1,01-01-2023,Female,8
2452,ECCDE2,01-01-2023,Male,12
2452,ECCDE2,01-01-2023,Female,8
2452,ECCDE3,01-01-2023,Male,7
2452,ECCDE3,01-01-2023,Female,6
2452,PRY1,01-01-2023,Male,12
2452,PRY1,01-01-2023,Female,20
2452,PRY2,01-01-2023,Male,13
2452,PRY2,01-01-2023,Female,19
2452,PRY3,01-01-2023,Male,18
2452,PRY3,01-01-2023,Female,24
2452,PRY4,01-01-2023,Male,20
2452,PRY4,01-01-2023,Female,28
2452,PRY5,01-01-2023,Male,32
2452,PRY5,01-01-2023,Female,22
2452,PRY6,01-01-2023,Male,36
2452,PRY6,01-01-2023,Female,32
2453,ECCDE1,01-01-2023,Male,4
2453,ECCDE1,01-01-2023,Female,6
2453,ECCDE2,01-01-2023,Male,7
2453,ECCDE2,01-01-2023,Female,8
2453,ECCDE3,01-01-2023,Male,8
2453,ECCDE3,01-01-2023,Female,10
2453,PRY1,01-01-2023,Male,5
2453,PRY1,01-01-2023,Female,10
2453,PRY2,01-01-2023,Male,14
2453,PRY2,01-01-2023,Female,21
2453,PRY3,01-01-2023,Male,14
2453,PRY3,01-01-2023,Female,21
2453,PRY4,01-01-2023,Male,23
2453,PRY4,01-01-2023,Female,27
2453,PRY5,01-01-2023,Male,20
2453,PRY5,01-01-2023,Female,23
2453,PRY6,01-01-2023,Male,30
2453,PRY6,01-01-2023,Female,32
2454,ECCDE1,01-01-2023,Male,10
2454,ECCDE1,01-01-2023,Female,10
2454,ECCDE2,01-01-2023,Male,15
2454,ECCDE2,01-01-2023,Female,6
2454,ECCDE3,01-01-2023,Male,10
2454,ECCDE3,01-01-2023,Female,5
2454,PRY1,01-01-2023,Male,42
2454,PRY1,01-01-2023,Female,55
2454,PRY2,01-01-2023,Male,60
2454,PRY2,01-01-2023,Female,51
2454,PRY3,01-01-2023,Male,79
2454,PRY3,01-01-2023,Female,66
2454,PRY4,01-01-2023,Male,81
2454,PRY4,01-01-2023,Female,64
2454,PRY5,01-01-2023,Male,90
2454,PRY5,01-01-2023,Female,85
2454,PRY6,01-01-2023,Male,132
2454,PRY6,01-01-2023,Female,106
2455,ECCDE1,01-01-2023,Male,0
2455,ECCDE1,01-01-2023,Female,0
2455,ECCDE2,01-01-2023,Male,12
2455,ECCDE2,01-01-2023,Female,3
2455,ECCDE3,01-01-2023,Male,13
2455,ECCDE3,01-01-2023,Female,15
2455,PRY1,01-01-2023,Male,22
2455,PRY1,01-01-2023,Female,13
2455,PRY2,01-01-2023,Male,20
2455,PRY2,01-01-2023,Female,16
2455,PRY3,01-01-2023,Male,14
2455,PRY3,01-01-2023,Female,22
2455,PRY4,01-01-2023,Male,37
2455,PRY4,01-01-2023,Female,30
2455,PRY5,01-01-2023,Male,35
2455,PRY5,01-01-2023,Female,40
2455,PRY6,01-01-2023,Male,52
2455,PRY6,01-01-2023,Female,48
2456,ECCDE1,01-01-2023,Male,24
2456,ECCDE1,01-01-2023,Female,22
2456,ECCDE2,01-01-2023,Male,8
2456,ECCDE2,01-01-2023,Female,12
2456,ECCDE3,01-01-2023,Male,18
2456,ECCDE3,01-01-2023,Female,16
2456,PRY1,01-01-2023,Male,16
2456,PRY1,01-01-2023,Female,19
2456,PRY2,01-01-2023,Male,30
2456,PRY2,01-01-2023,Female,31
2456,PRY3,01-01-2023,Male,40
2456,PRY3,01-01-2023,Female,31
2456,PRY4,01-01-2023,Male,42
2456,PRY4,01-01-2023,Female,45
2456,PRY5,01-01-2023,Male,52
2456,PRY5,01-01-2023,Female,60
2456,PRY6,01-01-2023,Male,59
2456,PRY6,01-01-2023,Female,64
2457,ECCDE1,01-01-2023,Male,2
2457,ECCDE1,01-01-2023,Female,2
2457,ECCDE2,01-01-2023,Male,10
2457,ECCDE2,01-01-2023,Female,6
2457,ECCDE3,01-01-2023,Male,7
2457,ECCDE3,01-01-2023,Female,5
2457,PRY1,01-01-2023,Male,8
2457,PRY1,01-01-2023,Female,12
2457,PRY2,01-01-2023,Male,7
2457,PRY2,01-01-2023,Female,10
2457,PRY3,01-01-2023,Male,15
2457,PRY3,01-01-2023,Female,13
2457,PRY4,01-01-2023,Male,15
2457,PRY4,01-01-2023,Female,25
2457,PRY5,01-01-2023,Male,32
2457,PRY5,01-01-2023,Female,19
2457,PRY6,01-01-2023,Male,38
2457,PRY6,01-01-2023,Female,24
2458,ECCDE1,01-01-2023,Male,15
2458,ECCDE1,01-01-2023,Female,15
2458,ECCDE2,01-01-2023,Male,10
2458,ECCDE2,01-01-2023,Female,19
2458,ECCDE3,01-01-2023,Male,14
2458,ECCDE3,01-01-2023,Female,16
2458,PRY1,01-01-2023,Male,16
2458,PRY1,01-01-2023,Female,20
2458,PRY2,01-01-2023,Male,17
2458,PRY2,01-01-2023,Female,20
2458,PRY3,01-01-2023,Male,21
2458,PRY3,01-01-2023,Female,30
2458,PRY4,01-01-2023,Male,25
2458,PRY4,01-01-2023,Female,25
2458,PRY5,01-01-2023,Male,29
2458,PRY5,01-01-2023,Female,29
2458,PRY6,01-01-2023,Male,34
2458,PRY6,01-01-2023,Female,35
2459,ECCDE1,01-01-2023,Male,10
2459,ECCDE1,01-01-2023,Female,15
2459,ECCDE2,01-01-2023,Male,10
2459,ECCDE2,01-01-2023,Female,13
2459,ECCDE3,01-01-2023,Male,15
2459,ECCDE3,01-01-2023,Female,14
2459,PRY1,01-01-2023,Male,16
2459,PRY1,01-01-2023,Female,17
2459,PRY2,01-01-2023,Male,23
2459,PRY2,01-01-2023,Female,20
2459,PRY3,01-01-2023,Male,19
2459,PRY3,01-01-2023,Female,15
2459,PRY4,01-01-2023,Male,29
2459,PRY4,01-01-2023,Female,23
2459,PRY5,01-01-2023,Male,34
2459,PRY5,01-01-2023,Female,34
2459,PRY6,01-01-2023,Male,35
2459,PRY6,01-01-2023,Female,33
2460,ECCDE1,01-01-2023,Male,12
2460,ECCDE1,01-01-2023,Female,10
2460,ECCDE2,01-01-2023,Male,8
2460,ECCDE2,01-01-2023,Female,7
2460,ECCDE3,01-01-2023,Male,5
2460,ECCDE3,01-01-2023,Female,14
2460,PRY1,01-01-2023,Male,8
2460,PRY1,01-01-2023,Female,5
2460,PRY2,01-01-2023,Male,7
2460,PRY2,01-01-2023,Female,9
2460,PRY3,01-01-2023,Male,7
2460,PRY3,01-01-2023,Female,10
2460,PRY4,01-01-2023,Male,11
2460,PRY4,01-01-2023,Female,12
2460,PRY5,01-01-2023,Male,11
2460,PRY5,01-01-2023,Female,7
2460,PRY6,01-01-2023,Male,10
2460,PRY6,01-01-2023,Female,14
2461,ECCDE1,01-01-2023,Male,20
2461,ECCDE1,01-01-2023,Female,10
2461,ECCDE2,01-01-2023,Male,7
2461,ECCDE2,01-01-2023,Female,11
2461,ECCDE3,01-01-2023,Male,17
2461,ECCDE3,01-01-2023,Female,16
2461,PRY1,01-01-2023,Male,15
2461,PRY1,01-01-2023,Female,8
2461,PRY2,01-01-2023,Male,15
2461,PRY2,01-01-2023,Female,14
2461,PRY3,01-01-2023,Male,20
2461,PRY3,01-01-2023,Female,12
2461,PRY4,01-01-2023,Male,15
2461,PRY4,01-01-2023,Female,17
2461,PRY5,01-01-2023,Male,15
2461,PRY5,01-01-2023,Female,15
2461,PRY6,01-01-2023,Male,14
2461,PRY6,01-01-2023,Female,16
2462,ECCDE1,01-01-2023,Male,35
2462,ECCDE1,01-01-2023,Female,16
2462,ECCDE2,01-01-2023,Male,20
2462,ECCDE2,01-01-2023,Female,11
2462,ECCDE3,01-01-2023,Male,16
2462,ECCDE3,01-01-2023,Female,14
2462,PRY1,01-01-2023,Male,22
2462,PRY1,01-01-2023,Female,21
2462,PRY2,01-01-2023,Male,36
2462,PRY2,01-01-2023,Female,29
2462,PRY3,01-01-2023,Male,27
2462,PRY3,01-01-2023,Female,29
2462,PRY4,01-01-2023,Male,29
2462,PRY4,01-01-2023,Female,32
2462,PRY5,01-01-2023,Male,37
2462,PRY5,01-01-2023,Female,34
2462,PRY6,01-01-2023,Male,23
2462,PRY6,01-01-2023,Female,29
2463,ECCDE1,01-01-2023,Male,6
2463,ECCDE1,01-01-2023,Female,6
2463,ECCDE2,01-01-2023,Male,4
2463,ECCDE2,01-01-2023,Female,4
2463,ECCDE3,01-01-2023,Male,3
2463,ECCDE3,01-01-2023,Female,4
2463,PRY1,01-01-2023,Male,3
2463,PRY1,01-01-2023,Female,5
2463,PRY2,01-01-2023,Male,5
2463,PRY2,01-01-2023,Female,3
2463,PRY3,01-01-2023,Male,10
2463,PRY3,01-01-2023,Female,8
2463,PRY4,01-01-2023,Male,12
2463,PRY4,01-01-2023,Female,10
2463,PRY5,01-01-2023,Male,10
2463,PRY5,01-01-2023,Female,5
2463,PRY6,01-01-2023,Male,10
2463,PRY6,01-01-2023,Female,14
2464,ECCDE1,01-01-2023,Male,10
2464,ECCDE1,01-01-2023,Female,5
2464,ECCDE2,01-01-2023,Male,6
2464,ECCDE2,01-01-2023,Female,2
2464,ECCDE3,01-01-2023,Male,4
2464,ECCDE3,01-01-2023,Female,2
2464,PRY1,01-01-2023,Male,5
2464,PRY1,01-01-2023,Female,4
2464,PRY2,01-01-2023,Male,4
2464,PRY2,01-01-2023,Female,2
2464,PRY3,01-01-2023,Male,5
2464,PRY3,01-01-2023,Female,2
2464,PRY4,01-01-2023,Male,5
2464,PRY4,01-01-2023,Female,4
2464,PRY5,01-01-2023,Male,10
2464,PRY5,01-01-2023,Female,6
2464,PRY6,01-01-2023,Male,10
2464,PRY6,01-01-2023,Female,5
2465,ECCDE1,01-01-2023,Male,21
2465,ECCDE1,01-01-2023,Female,22
2465,ECCDE2,01-01-2023,Male,10
2465,ECCDE2,01-01-2023,Female,15
2465,ECCDE3,01-01-2023,Male,26
2465,ECCDE3,01-01-2023,Female,26
2465,PRY1,01-01-2023,Male,26
2465,PRY1,01-01-2023,Female,27
2465,PRY2,01-01-2023,Male,32
2465,PRY2,01-01-2023,Female,36
2465,PRY3,01-01-2023,Male,36
2465,PRY3,01-01-2023,Female,40
2465,PRY4,01-01-2023,Male,49
2465,PRY4,01-01-2023,Female,39
2465,PRY5,01-01-2023,Male,54
2465,PRY5,01-01-2023,Female,47
2465,PRY6,01-01-2023,Male,38
2465,PRY6,01-01-2023,Female,54
2466,ECCDE1,01-01-2023,Male,4
2466,ECCDE1,01-01-2023,Female,5
2466,ECCDE2,01-01-2023,Male,8
2466,ECCDE2,01-01-2023,Female,3
2466,ECCDE3,01-01-2023,Male,3
2466,ECCDE3,01-01-2023,Female,7
2466,PRY1,01-01-2023,Male,10
2466,PRY1,01-01-2023,Female,10
2466,PRY2,01-01-2023,Male,12
2466,PRY2,01-01-2023,Female,10
2466,PRY3,01-01-2023,Male,15
2466,PRY3,01-01-2023,Female,10
2466,PRY4,01-01-2023,Male,20
2466,PRY4,01-01-2023,Female,25
2466,PRY5,01-01-2023,Male,23
2466,PRY5,01-01-2023,Female,26
2466,PRY6,01-01-2023,Male,30
2466,PRY6,01-01-2023,Female,26
2467,ECCDE1,01-01-2023,Male,1
2467,ECCDE1,01-01-2023,Female,2
2467,ECCDE2,01-01-2023,Male,0
2467,ECCDE2,01-01-2023,Female,0
2467,ECCDE3,01-01-2023,Male,3
2467,ECCDE3,01-01-2023,Female,4
2467,PRY1,01-01-2023,Male,3
2467,PRY1,01-01-2023,Female,7
2467,PRY2,01-01-2023,Male,1
2467,PRY2,01-01-2023,Female,4
2467,PRY3,01-01-2023,Male,5
2467,PRY3,01-01-2023,Female,7
2467,PRY4,01-01-2023,Male,12
2467,PRY4,01-01-2023,Female,15
2467,PRY5,01-01-2023,Male,5
2467,PRY5,01-01-2023,Female,9
2467,PRY6,01-01-2023,Male,17
2467,PRY6,01-01-2023,Female,16
2468,ECCDE1,01-01-2023,Male,16
2468,ECCDE1,01-01-2023,Female,11
2468,ECCDE2,01-01-2023,Male,11
2468,ECCDE2,01-01-2023,Female,19
2468,ECCDE3,01-01-2023,Male,15
2468,ECCDE3,01-01-2023,Female,15
2468,PRY1,01-01-2023,Male,22
2468,PRY1,01-01-2023,Female,25
2468,PRY2,01-01-2023,Male,29
2468,PRY2,01-01-2023,Female,40
2468,PRY3,01-01-2023,Male,35
2468,PRY3,01-01-2023,Female,43
2468,PRY4,01-01-2023,Male,36
2468,PRY4,01-01-2023,Female,60
2468,PRY5,01-01-2023,Male,55
2468,PRY5,01-01-2023,Female,66
2468,PRY6,01-01-2023,Male,61
2468,PRY6,01-01-2023,Female,78
2469,ECCDE1,01-01-2023,Male,2
2469,ECCDE1,01-01-2023,Female,9
2469,ECCDE2,01-01-2023,Male,4
2469,ECCDE2,01-01-2023,Female,5
2469,ECCDE3,01-01-2023,Male,9
2469,ECCDE3,01-01-2023,Female,4
2469,PRY1,01-01-2023,Male,6
2469,PRY1,01-01-2023,Female,5
2469,PRY2,01-01-2023,Male,12
2469,PRY2,01-01-2023,Female,4
2469,PRY3,01-01-2023,Male,19
2469,PRY3,01-01-2023,Female,15
2469,PRY4,01-01-2023,Male,14
2469,PRY4,01-01-2023,Female,17
2469,PRY5,01-01-2023,Male,16
2469,PRY5,01-01-2023,Female,19
2469,PRY6,01-01-2023,Male,28
2469,PRY6,01-01-2023,Female,22
2470,ECCDE1,01-01-2023,Male,25
2470,ECCDE1,01-01-2023,Female,20
2470,ECCDE2,01-01-2023,Male,22
2470,ECCDE2,01-01-2023,Female,20
2470,ECCDE3,01-01-2023,Male,24
2470,ECCDE3,01-01-2023,Female,22
2470,PRY1,01-01-2023,Male,26
2470,PRY1,01-01-2023,Female,19
2470,PRY2,01-01-2023,Male,33
2470,PRY2,01-01-2023,Female,26
2470,PRY3,01-01-2023,Male,38
2470,PRY3,01-01-2023,Female,38
2470,PRY4,01-01-2023,Male,47
2470,PRY4,01-01-2023,Female,40
2470,PRY5,01-01-2023,Male,47
2470,PRY5,01-01-2023,Female,35
2470,PRY6,01-01-2023,Male,53
2470,PRY6,01-01-2023,Female,42
2471,ECCDE1,01-01-2023,Male,9
2471,ECCDE1,01-01-2023,Female,11
2471,ECCDE2,01-01-2023,Male,11
2471,ECCDE2,01-01-2023,Female,12
2471,ECCDE3,01-01-2023,Male,14
2471,ECCDE3,01-01-2023,Female,13
2471,PRY1,01-01-2023,Male,20
2471,PRY1,01-01-2023,Female,18
2471,PRY2,01-01-2023,Male,20
2471,PRY2,01-01-2023,Female,23
2471,PRY3,01-01-2023,Male,34
2471,PRY3,01-01-2023,Female,23
2471,PRY4,01-01-2023,Male,38
2471,PRY4,01-01-2023,Female,36
2471,PRY5,01-01-2023,Male,35
2471,PRY5,01-01-2023,Female,40
2471,PRY6,01-01-2023,Male,50
2471,PRY6,01-01-2023,Female,53
2472,ECCDE1,01-01-2023,Male,14
2472,ECCDE1,01-01-2023,Female,21
2472,ECCDE2,01-01-2023,Male,14
2472,ECCDE2,01-01-2023,Female,20
2472,ECCDE3,01-01-2023,Male,8
2472,ECCDE3,01-01-2023,Female,12
2472,PRY1,01-01-2023,Male,6
2472,PRY1,01-01-2023,Female,14
2472,PRY2,01-01-2023,Male,15
2472,PRY2,01-01-2023,Female,12
2472,PRY3,01-01-2023,Male,9
2472,PRY3,01-01-2023,Female,11
2472,PRY4,01-01-2023,Male,16
2472,PRY4,01-01-2023,Female,16
2472,PRY5,01-01-2023,Male,17
2472,PRY5,01-01-2023,Female,20
2472,PRY6,01-01-2023,Male,16
2472,PRY6,01-01-2023,Female,13
2473,ECCDE1,01-01-2023,Male,11
2473,ECCDE1,01-01-2023,Female,9
2473,ECCDE2,01-01-2023,Male,4
2473,ECCDE2,01-01-2023,Female,14
2473,ECCDE3,01-01-2023,Male,7
2473,ECCDE3,01-01-2023,Female,5
2473,PRY1,01-01-2023,Male,13
2473,PRY1,01-01-2023,Female,8
2473,PRY2,01-01-2023,Male,11
2473,PRY2,01-01-2023,Female,15
2473,PRY3,01-01-2023,Male,10
2473,PRY3,01-01-2023,Female,7
2473,PRY4,01-01-2023,Male,7
2473,PRY4,01-01-2023,Female,8
2473,PRY5,01-01-2023,Male,6
2473,PRY5,01-01-2023,Female,8
2473,PRY6,01-01-2023,Male,11
2473,PRY6,01-01-2023,Female,14
2474,ECCDE1,01-01-2023,Male,19
2474,ECCDE1,01-01-2023,Female,18
2474,ECCDE2,01-01-2023,Male,9
2474,ECCDE2,01-01-2023,Female,24
2474,ECCDE3,01-01-2023,Male,7
2474,ECCDE3,01-01-2023,Female,7
2474,PRY1,01-01-2023,Male,9
2474,PRY1,01-01-2023,Female,15
2474,PRY2,01-01-2023,Male,18
2474,PRY2,01-01-2023,Female,16
2474,PRY3,01-01-2023,Male,16
2474,PRY3,01-01-2023,Female,17
2474,PRY4,01-01-2023,Male,22
2474,PRY4,01-01-2023,Female,14
2474,PRY5,01-01-2023,Male,18
2474,PRY5,01-01-2023,Female,23
2474,PRY6,01-01-2023,Male,15
2474,PRY6,01-01-2023,Female,19
2475,ECCDE1,01-01-2023,Male,19
2475,ECCDE1,01-01-2023,Female,18
2475,ECCDE2,01-01-2023,Male,9
2475,ECCDE2,01-01-2023,Female,24
2475,ECCDE3,01-01-2023,Male,7
2475,ECCDE3,01-01-2023,Female,7
2475,PRY1,01-01-2023,Male,11
2475,PRY1,01-01-2023,Female,10
2475,PRY2,01-01-2023,Male,14
2475,PRY2,01-01-2023,Female,21
2475,PRY3,01-01-2023,Male,24
2475,PRY3,01-01-2023,Female,23
2475,PRY4,01-01-2023,Male,24
2475,PRY4,01-01-2023,Female,17
2475,PRY5,01-01-2023,Male,19
2475,PRY5,01-01-2023,Female,21
2475,PRY6,01-01-2023,Male,27
2475,PRY6,01-01-2023,Female,20
2476,ECCDE1,01-01-2023,Male,14
2476,ECCDE1,01-01-2023,Female,11
2476,ECCDE2,01-01-2023,Male,12
2476,ECCDE2,01-01-2023,Female,22
2476,ECCDE3,01-01-2023,Male,23
2476,ECCDE3,01-01-2023,Female,4
2476,PRY1,01-01-2023,Male,28
2476,PRY1,01-01-2023,Female,12
2476,PRY2,01-01-2023,Male,24
2476,PRY2,01-01-2023,Female,18
2476,PRY3,01-01-2023,Male,25
2476,PRY3,01-01-2023,Female,17
2476,PRY4,01-01-2023,Male,18
2476,PRY4,01-01-2023,Female,22
2476,PRY5,01-01-2023,Male,28
2476,PRY5,01-01-2023,Female,15
2476,PRY6,01-01-2023,Male,28
2476,PRY6,01-01-2023,Female,25
2477,ECCDE1,01-01-2023,Male,10
2477,ECCDE1,01-01-2023,Female,10
2477,ECCDE2,01-01-2023,Male,11
2477,ECCDE2,01-01-2023,Female,9
2477,ECCDE3,01-01-2023,Male,10
2477,ECCDE3,01-01-2023,Female,5
2477,PRY1,01-01-2023,Male,5
2477,PRY1,01-01-2023,Female,4
2477,PRY2,01-01-2023,Male,7
2477,PRY2,01-01-2023,Female,4
2477,PRY3,01-01-2023,Male,6
2477,PRY3,01-01-2023,Female,7
2477,PRY4,01-01-2023,Male,7
2477,PRY4,01-01-2023,Female,6
2477,PRY5,01-01-2023,Male,6
2477,PRY5,01-01-2023,Female,3
2477,PRY6,01-01-2023,Male,13
2477,PRY6,01-01-2023,Female,10
2478,ECCDE1,01-01-2023,Male,4
2478,ECCDE1,01-01-2023,Female,5
2478,ECCDE2,01-01-2023,Male,3
2478,ECCDE2,01-01-2023,Female,4
2478,ECCDE3,01-01-2023,Male,2
2478,ECCDE3,01-01-2023,Female,4
2478,PRY1,01-01-2023,Male,38
2478,PRY1,01-01-2023,Female,39
2478,PRY2,01-01-2023,Male,20
2478,PRY2,01-01-2023,Female,23
2478,PRY3,01-01-2023,Male,38
2478,PRY3,01-01-2023,Female,30
2478,PRY4,01-01-2023,Male,37
2478,PRY4,01-01-2023,Female,39
2478,PRY5,01-01-2023,Male,40
2478,PRY5,01-01-2023,Female,39
2478,PRY6,01-01-2023,Male,36
2478,PRY6,01-01-2023,Female,38
2479,ECCDE1,01-01-2023,Male,30
2479,ECCDE1,01-01-2023,Female,38
2479,ECCDE2,01-01-2023,Male,26
2479,ECCDE2,01-01-2023,Female,25
2479,ECCDE3,01-01-2023,Male,32
2479,ECCDE3,01-01-2023,Female,32
2479,PRY1,01-01-2023,Male,8
2479,PRY1,01-01-2023,Female,5
2479,PRY2,01-01-2023,Male,7
2479,PRY2,01-01-2023,Female,5
2479,PRY3,01-01-2023,Male,7
2479,PRY3,01-01-2023,Female,7
2479,PRY4,01-01-2023,Male,5
2479,PRY4,01-01-2023,Female,7
2479,PRY5,01-01-2023,Male,4
2479,PRY5,01-01-2023,Female,5
2479,PRY6,01-01-2023,Male,3
2479,PRY6,01-01-2023,Female,7
2480,ECCDE1,01-01-2023,Male,5
2480,ECCDE1,01-01-2023,Female,5
2480,ECCDE2,01-01-2023,Male,4
2480,ECCDE2,01-01-2023,Female,5
2480,ECCDE3,01-01-2023,Male,6
2480,ECCDE3,01-01-2023,Female,4
2480,PRY1,01-01-2023,Male,7
2480,PRY1,01-01-2023,Female,3
2480,PRY2,01-01-2023,Male,4
2480,PRY2,01-01-2023,Female,6
2480,PRY3,01-01-2023,Male,6
2480,PRY3,01-01-2023,Female,3
2480,PRY4,01-01-2023,Male,3
2480,PRY4,01-01-2023,Female,7
2480,PRY5,01-01-2023,Male,6
2480,PRY5,01-01-2023,Female,6
2480,PRY6,01-01-2023,Male,10
2480,PRY6,01-01-2023,Female,6
2481,ECCDE1,01-01-2023,Male,7
2481,ECCDE1,01-01-2023,Female,6
2481,ECCDE2,01-01-2023,Male,4
2481,ECCDE2,01-01-2023,Female,4
2481,ECCDE3,01-01-2023,Male,0
2481,ECCDE3,01-01-2023,Female,2
2481,PRY1,01-01-2023,Male,27
2481,PRY1,01-01-2023,Female,22
2481,PRY2,01-01-2023,Male,38
2481,PRY2,01-01-2023,Female,25
2481,PRY3,01-01-2023,Male,29
2481,PRY3,01-01-2023,Female,21
2481,PRY4,01-01-2023,Male,27
2481,PRY4,01-01-2023,Female,22
2481,PRY5,01-01-2023,Male,39
2481,PRY5,01-01-2023,Female,38
2481,PRY6,01-01-2023,Male,41
2481,PRY6,01-01-2023,Female,27
2482,ECCDE1,01-01-2023,Male,6
2482,ECCDE1,01-01-2023,Female,4
2482,ECCDE2,01-01-2023,Male,15
2482,ECCDE2,01-01-2023,Female,8
2482,ECCDE3,01-01-2023,Male,25
2482,ECCDE3,01-01-2023,Female,13
2482,PRY1,01-01-2023,Male,14
2482,PRY1,01-01-2023,Female,19
2482,PRY2,01-01-2023,Male,14
2482,PRY2,01-01-2023,Female,19
2482,PRY3,01-01-2023,Male,21
2482,PRY3,01-01-2023,Female,16
2482,PRY4,01-01-2023,Male,20
2482,PRY4,01-01-2023,Female,12
2482,PRY5,01-01-2023,Male,22
2482,PRY5,01-01-2023,Female,9
2482,PRY6,01-01-2023,Male,10
2482,PRY6,01-01-2023,Female,14
2483,ECCDE1,01-01-2023,Male,14
2483,ECCDE1,01-01-2023,Female,15
2483,ECCDE2,01-01-2023,Male,14
2483,ECCDE2,01-01-2023,Female,15
2483,ECCDE3,01-01-2023,Male,11
2483,ECCDE3,01-01-2023,Female,10
2483,PRY1,01-01-2023,Male,9
2483,PRY1,01-01-2023,Female,5
2483,PRY2,01-01-2023,Male,4
2483,PRY2,01-01-2023,Female,6
2483,PRY3,01-01-2023,Male,12
2483,PRY3,01-01-2023,Female,6
2483,PRY4,01-01-2023,Male,9
2483,PRY4,01-01-2023,Female,2
2483,PRY5,01-01-2023,Male,5
2483,PRY5,01-01-2023,Female,5
2483,PRY6,01-01-2023,Male,5
2483,PRY6,01-01-2023,Female,3
2484,ECCDE1,01-01-2023,Male,10
2484,ECCDE1,01-01-2023,Female,9
2484,ECCDE2,01-01-2023,Male,3
2484,ECCDE2,01-01-2023,Female,7
2484,ECCDE3,01-01-2023,Male,8
2484,ECCDE3,01-01-2023,Female,5
2484,PRY1,01-01-2023,Male,9
2484,PRY1,01-01-2023,Female,10
2484,PRY2,01-01-2023,Male,10
2484,PRY2,01-01-2023,Female,5
2484,PRY3,01-01-2023,Male,14
2484,PRY3,01-01-2023,Female,5
2484,PRY4,01-01-2023,Male,14
2484,PRY4,01-01-2023,Female,13
2484,PRY5,01-01-2023,Male,9
2484,PRY5,01-01-2023,Female,10
2484,PRY6,01-01-2023,Male,11
2484,PRY6,01-01-2023,Female,10
2485,ECCDE1,01-01-2023,Male,9
2485,ECCDE1,01-01-2023,Female,7
2485,ECCDE2,01-01-2023,Male,4
2485,ECCDE2,01-01-2023,Female,11
2485,ECCDE3,01-01-2023,Male,5
2485,ECCDE3,01-01-2023,Female,5
2485,PRY1,01-01-2023,Male,11
2485,PRY1,01-01-2023,Female,16
2485,PRY2,01-01-2023,Male,12
2485,PRY2,01-01-2023,Female,12
2485,PRY3,01-01-2023,Male,12
2485,PRY3,01-01-2023,Female,12
2485,PRY4,01-01-2023,Male,11
2485,PRY4,01-01-2023,Female,9
2485,PRY5,01-01-2023,Male,13
2485,PRY5,01-01-2023,Female,15
2485,PRY6,01-01-2023,Male,13
2485,PRY6,01-01-2023,Female,16
2486,ECCDE1,01-01-2023,Male,10
2486,ECCDE1,01-01-2023,Female,11
2486,ECCDE2,01-01-2023,Male,9
2486,ECCDE2,01-01-2023,Female,9
2486,ECCDE3,01-01-2023,Male,10
2486,ECCDE3,01-01-2023,Female,11
2486,PRY1,01-01-2023,Male,1
2486,PRY1,01-01-2023,Female,8
2486,PRY2,01-01-2023,Male,7
2486,PRY2,01-01-2023,Female,4
2486,PRY3,01-01-2023,Male,7
2486,PRY3,01-01-2023,Female,10
2486,PRY4,01-01-2023,Male,13
2486,PRY4,01-01-2023,Female,6
2486,PRY5,01-01-2023,Male,7
2486,PRY5,01-01-2023,Female,5
2486,PRY6,01-01-2023,Male,10
2486,PRY6,01-01-2023,Female,7
2487,ECCDE1,01-01-2023,Male,4
2487,ECCDE1,01-01-2023,Female,6
2487,ECCDE2,01-01-2023,Male,7
2487,ECCDE2,01-01-2023,Female,3
2487,ECCDE3,01-01-2023,Male,8
2487,ECCDE3,01-01-2023,Female,2
2487,PRY1,01-01-2023,Male,8
2487,PRY1,01-01-2023,Female,15
2487,PRY2,01-01-2023,Male,14
2487,PRY2,01-01-2023,Female,8
2487,PRY3,01-01-2023,Male,10
2487,PRY3,01-01-2023,Female,12
2487,PRY4,01-01-2023,Male,12
2487,PRY4,01-01-2023,Female,9
2487,PRY5,01-01-2023,Male,12
2487,PRY5,01-01-2023,Female,11
2487,PRY6,01-01-2023,Male,11
2487,PRY6,01-01-2023,Female,13
2488,ECCDE1,01-01-2023,Male,25
2488,ECCDE1,01-01-2023,Female,17
2488,ECCDE2,01-01-2023,Male,12
2488,ECCDE2,01-01-2023,Female,13
2488,ECCDE3,01-01-2023,Male,10
2488,ECCDE3,01-01-2023,Female,9
2488,PRY1,01-01-2023,Male,12
2488,PRY1,01-01-2023,Female,13
2488,PRY2,01-01-2023,Male,21
2488,PRY2,01-01-2023,Female,17
2488,PRY3,01-01-2023,Male,16
2488,PRY3,01-01-2023,Female,6
2488,PRY4,01-01-2023,Male,16
2488,PRY4,01-01-2023,Female,14
2488,PRY5,01-01-2023,Male,25
2488,PRY5,01-01-2023,Female,12
2488,PRY6,01-01-2023,Male,14
2488,PRY6,01-01-2023,Female,18
2489,ECCDE1,01-01-2023,Male,4
2489,ECCDE1,01-01-2023,Female,1
2489,ECCDE2,01-01-2023,Male,2
2489,ECCDE2,01-01-2023,Female,2
2489,ECCDE3,01-01-2023,Male,0
2489,ECCDE3,01-01-2023,Female,3
2489,PRY1,01-01-2023,Male,2
2489,PRY1,01-01-2023,Female,4
2489,PRY2,01-01-2023,Male,2
2489,PRY2,01-01-2023,Female,6
2489,PRY3,01-01-2023,Male,3
2489,PRY3,01-01-2023,Female,4
2489,PRY4,01-01-2023,Male,2
2489,PRY4,01-01-2023,Female,4
2489,PRY5,01-01-2023,Male,4
2489,PRY5,01-01-2023,Female,4
2489,PRY6,01-01-2023,Male,4
2489,PRY6,01-01-2023,Female,3
2490,ECCDE1,01-01-2023,Male,2
2490,ECCDE1,01-01-2023,Female,3
2490,ECCDE2,01-01-2023,Male,1
2490,ECCDE2,01-01-2023,Female,4
2490,ECCDE3,01-01-2023,Male,2
2490,ECCDE3,01-01-2023,Female,1
2490,PRY1,01-01-2023,Male,4
2490,PRY1,01-01-2023,Female,1
2490,PRY2,01-01-2023,Male,2
2490,PRY2,01-01-2023,Female,4
2490,PRY3,01-01-2023,Male,4
2490,PRY3,01-01-2023,Female,6
2490,PRY4,01-01-2023,Male,5
2490,PRY4,01-01-2023,Female,3
2490,PRY5,01-01-2023,Male,2
2490,PRY5,01-01-2023,Female,3
2490,PRY6,01-01-2023,Male,6
2490,PRY6,01-01-2023,Female,7
2491,ECCDE1,01-01-2023,Male,15
2491,ECCDE1,01-01-2023,Female,10
2491,ECCDE2,01-01-2023,Male,7
2491,ECCDE2,01-01-2023,Female,6
2491,ECCDE3,01-01-2023,Male,10
2491,ECCDE3,01-01-2023,Female,8
2491,PRY1,01-01-2023,Male,13
2491,PRY1,01-01-2023,Female,10
2491,PRY2,01-01-2023,Male,17
2491,PRY2,01-01-2023,Female,16
2491,PRY3,01-01-2023,Male,17
2491,PRY3,01-01-2023,Female,10
2491,PRY4,01-01-2023,Male,18
2491,PRY4,01-01-2023,Female,13
2491,PRY5,01-01-2023,Male,16
2491,PRY5,01-01-2023,Female,15
2491,PRY6,01-01-2023,Male,20
2491,PRY6,01-01-2023,Female,21
2492,ECCDE1,01-01-2023,Male,16
2492,ECCDE1,01-01-2023,Female,15
2492,ECCDE2,01-01-2023,Male,12
2492,ECCDE2,01-01-2023,Female,10
2492,ECCDE3,01-01-2023,Male,5
2492,ECCDE3,01-01-2023,Female,14
2492,PRY1,01-01-2023,Male,8
2492,PRY1,01-01-2023,Female,13
2492,PRY2,01-01-2023,Male,13
2492,PRY2,01-01-2023,Female,13
2492,PRY3,01-01-2023,Male,13
2492,PRY3,01-01-2023,Female,18
2492,PRY4,01-01-2023,Male,18
2492,PRY4,01-01-2023,Female,19
2492,PRY5,01-01-2023,Male,16
2492,PRY5,01-01-2023,Female,19
2492,PRY6,01-01-2023,Male,16
2492,PRY6,01-01-2023,Female,15
2493,ECCDE1,01-01-2023,Male,10
2493,ECCDE1,01-01-2023,Female,19
2493,ECCDE2,01-01-2023,Male,11
2493,ECCDE2,01-01-2023,Female,20
2493,ECCDE3,01-01-2023,Male,15
2493,ECCDE3,01-01-2023,Female,28
2493,PRY1,01-01-2023,Male,22
2493,PRY1,01-01-2023,Female,19
2493,PRY2,01-01-2023,Male,18
2493,PRY2,01-01-2023,Female,14
2493,PRY3,01-01-2023,Male,24
2493,PRY3,01-01-2023,Female,18
2493,PRY4,01-01-2023,Male,24
2493,PRY4,01-01-2023,Female,20
2493,PRY5,01-01-2023,Male,20
2493,PRY5,01-01-2023,Female,19
2493,PRY6,01-01-2023,Male,20
2493,PRY6,01-01-2023,Female,27
2494,ECCDE1,01-01-2023,Male,6
2494,ECCDE1,01-01-2023,Female,4
2494,ECCDE2,01-01-2023,Male,5
2494,ECCDE2,01-01-2023,Female,5
2494,ECCDE3,01-01-2023,Male,7
2494,ECCDE3,01-01-2023,Female,3
2494,PRY1,01-01-2023,Male,10
2494,PRY1,01-01-2023,Female,10
2494,PRY2,01-01-2023,Male,12
2494,PRY2,01-01-2023,Female,12
2494,PRY3,01-01-2023,Male,8
2494,PRY3,01-01-2023,Female,8
2494,PRY4,01-01-2023,Male,8
2494,PRY4,01-01-2023,Female,8
2494,PRY5,01-01-2023,Male,12
2494,PRY5,01-01-2023,Female,12
2494,PRY6,01-01-2023,Male,10
2494,PRY6,01-01-2023,Female,6
2495,ECCDE1,01-01-2023,Male,20
2495,ECCDE1,01-01-2023,Female,12
2495,ECCDE2,01-01-2023,Male,15
2495,ECCDE2,01-01-2023,Female,14
2495,ECCDE3,01-01-2023,Male,18
2495,ECCDE3,01-01-2023,Female,12
2495,PRY1,01-01-2023,Male,21
2495,PRY1,01-01-2023,Female,15
2495,PRY2,01-01-2023,Male,23
2495,PRY2,01-01-2023,Female,20
2495,PRY3,01-01-2023,Male,18
2495,PRY3,01-01-2023,Female,20
2495,PRY4,01-01-2023,Male,37
2495,PRY4,01-01-2023,Female,20
2495,PRY5,01-01-2023,Male,26
2495,PRY5,01-01-2023,Female,21
2495,PRY6,01-01-2023,Male,16
2495,PRY6,01-01-2023,Female,27
2496,ECCDE1,01-01-2023,Male,14
2496,ECCDE1,01-01-2023,Female,19
2496,ECCDE2,01-01-2023,Male,15
2496,ECCDE2,01-01-2023,Female,15
2496,ECCDE3,01-01-2023,Male,16
2496,ECCDE3,01-01-2023,Female,11
2496,PRY1,01-01-2023,Male,16
2496,PRY1,01-01-2023,Female,16
2496,PRY2,01-01-2023,Male,25
2496,PRY2,01-01-2023,Female,23
2496,PRY3,01-01-2023,Male,18
2496,PRY3,01-01-2023,Female,23
2496,PRY4,01-01-2023,Male,30
2496,PRY4,01-01-2023,Female,19
2496,PRY5,01-01-2023,Male,28
2496,PRY5,01-01-2023,Female,22
2496,PRY6,01-01-2023,Male,32
2496,PRY6,01-01-2023,Female,28
2497,ECCDE1,01-01-2023,Male,11
2497,ECCDE1,01-01-2023,Female,8
2497,ECCDE2,01-01-2023,Male,10
2497,ECCDE2,01-01-2023,Female,10
2497,ECCDE3,01-01-2023,Male,12
2497,ECCDE3,01-01-2023,Female,8
2497,PRY1,01-01-2023,Male,15
2497,PRY1,01-01-2023,Female,15
2497,PRY2,01-01-2023,Male,20
2497,PRY2,01-01-2023,Female,15
2497,PRY3,01-01-2023,Male,24
2497,PRY3,01-01-2023,Female,24
2497,PRY4,01-01-2023,Male,40
2497,PRY4,01-01-2023,Female,40
2497,PRY5,01-01-2023,Male,32
2497,PRY5,01-01-2023,Female,35
2497,PRY6,01-01-2023,Male,58
2497,PRY6,01-01-2023,Female,67
2498,ECCDE1,01-01-2023,Male,8
2498,ECCDE1,01-01-2023,Female,6
2498,ECCDE2,01-01-2023,Male,2
2498,ECCDE2,01-01-2023,Female,8
2498,ECCDE3,01-01-2023,Male,5
2498,ECCDE3,01-01-2023,Female,10
2498,PRY1,01-01-2023,Male,7
2498,PRY1,01-01-2023,Female,8
2498,PRY2,01-01-2023,Male,4
2498,PRY2,01-01-2023,Female,9
2498,PRY3,01-01-2023,Male,7
2498,PRY3,01-01-2023,Female,8
2498,PRY4,01-01-2023,Male,7
2498,PRY4,01-01-2023,Female,6
2498,PRY5,01-01-2023,Male,0
2498,PRY5,01-01-2023,Female,0
2498,PRY6,01-01-2023,Male,0
2498,PRY6,01-01-2023,Female,0
2499,ECCDE1,01-01-2023,Male,0
2499,ECCDE1,01-01-2023,Female,0
2499,ECCDE2,01-01-2023,Male,0
2499,ECCDE2,01-01-2023,Female,0
2499,ECCDE3,01-01-2023,Male,0
2499,ECCDE3,01-01-2023,Female,0
2499,PRY1,01-01-2023,Male,0
2499,PRY1,01-01-2023,Female,0
2499,PRY2,01-01-2023,Male,1
2499,PRY2,01-01-2023,Female,2
2499,PRY3,01-01-2023,Male,2
2499,PRY3,01-01-2023,Female,3
2499,PRY4,01-01-2023,Male,1
2499,PRY4,01-01-2023,Female,4
2499,PRY5,01-01-2023,Male,3
2499,PRY5,01-01-2023,Female,2
2499,PRY6,01-01-2023,Male,0
2499,PRY6,01-01-2023,Female,0
2500,ECCDE1,01-01-2023,Male,10
2500,ECCDE1,01-01-2023,Female,10
2500,ECCDE2,01-01-2023,Male,4
2500,ECCDE2,01-01-2023,Female,5
2500,ECCDE3,01-01-2023,Male,6
2500,ECCDE3,01-01-2023,Female,4
2500,PRY1,01-01-2023,Male,7
2500,PRY1,01-01-2023,Female,7
2500,PRY2,01-01-2023,Male,9
2500,PRY2,01-01-2023,Female,4
2500,PRY3,01-01-2023,Male,12
2500,PRY3,01-01-2023,Female,4
2500,PRY4,01-01-2023,Male,12
2500,PRY4,01-01-2023,Female,7
2500,PRY5,01-01-2023,Male,10
2500,PRY5,01-01-2023,Female,12
2500,PRY6,01-01-2023,Male,7
2500,PRY6,01-01-2023,Female,7
2501,ECCDE1,01-01-2023,Male,7
2501,ECCDE1,01-01-2023,Female,8
2501,ECCDE2,01-01-2023,Male,9
2501,ECCDE2,01-01-2023,Female,9
2501,ECCDE3,01-01-2023,Male,10
2501,ECCDE3,01-01-2023,Female,7
2501,PRY1,01-01-2023,Male,10
2501,PRY1,01-01-2023,Female,6
2501,PRY2,01-01-2023,Male,9
2501,PRY2,01-01-2023,Female,9
2501,PRY3,01-01-2023,Male,10
2501,PRY3,01-01-2023,Female,15
2501,PRY4,01-01-2023,Male,22
2501,PRY4,01-01-2023,Female,14
2501,PRY5,01-01-2023,Male,12
2501,PRY5,01-01-2023,Female,10
2501,PRY6,01-01-2023,Male,29
2501,PRY6,01-01-2023,Female,30
2502,ECCDE1,01-01-2023,Male,21
2502,ECCDE1,01-01-2023,Female,20
2502,ECCDE2,01-01-2023,Male,7
2502,ECCDE2,01-01-2023,Female,8
2502,ECCDE3,01-01-2023,Male,10
2502,ECCDE3,01-01-2023,Female,6
2502,PRY1,01-01-2023,Male,9
2502,PRY1,01-01-2023,Female,21
2502,PRY2,01-01-2023,Male,15
2502,PRY2,01-01-2023,Female,15
2502,PRY3,01-01-2023,Male,14
2502,PRY3,01-01-2023,Female,22
2502,PRY4,01-01-2023,Male,18
2502,PRY4,01-01-2023,Female,16
2502,PRY5,01-01-2023,Male,19
2502,PRY5,01-01-2023,Female,11
2502,PRY6,01-01-2023,Male,27
2502,PRY6,01-01-2023,Female,19
2503,ECCDE1,01-01-2023,Male,12
2503,ECCDE1,01-01-2023,Female,12
2503,ECCDE2,01-01-2023,Male,7
2503,ECCDE2,01-01-2023,Female,6
2503,ECCDE3,01-01-2023,Male,10
2503,ECCDE3,01-01-2023,Female,8
2503,PRY1,01-01-2023,Male,13
2503,PRY1,01-01-2023,Female,14
2503,PRY2,01-01-2023,Male,10
2503,PRY2,01-01-2023,Female,18
2503,PRY3,01-01-2023,Male,33
2503,PRY3,01-01-2023,Female,17
2503,PRY4,01-01-2023,Male,27
2503,PRY4,01-01-2023,Female,29
2503,PRY5,01-01-2023,Male,15
2503,PRY5,01-01-2023,Female,24
2503,PRY6,01-01-2023,Male,62
2503,PRY6,01-01-2023,Female,64
2504,ECCDE1,01-01-2023,Male,10
2504,ECCDE1,01-01-2023,Female,8
2504,ECCDE2,01-01-2023,Male,12
2504,ECCDE2,01-01-2023,Female,3
2504,ECCDE3,01-01-2023,Male,8
2504,ECCDE3,01-01-2023,Female,5
2504,PRY1,01-01-2023,Male,5
2504,PRY1,01-01-2023,Female,5
2504,PRY2,01-01-2023,Male,8
2504,PRY2,01-01-2023,Female,7
2504,PRY3,01-01-2023,Male,11
2504,PRY3,01-01-2023,Female,12
2504,PRY4,01-01-2023,Male,12
2504,PRY4,01-01-2023,Female,14
2504,PRY5,01-01-2023,Male,16
2504,PRY5,01-01-2023,Female,15
2504,PRY6,01-01-2023,Male,27
2504,PRY6,01-01-2023,Female,36
2505,ECCDE1,01-01-2023,Male,10
2505,ECCDE1,01-01-2023,Female,9
2505,ECCDE2,01-01-2023,Male,14
2505,ECCDE2,01-01-2023,Female,8
2505,ECCDE3,01-01-2023,Male,15
2505,ECCDE3,01-01-2023,Female,22
2505,PRY1,01-01-2023,Male,20
2505,PRY1,01-01-2023,Female,16
2505,PRY2,01-01-2023,Male,29
2505,PRY2,01-01-2023,Female,27
2505,PRY3,01-01-2023,Male,41
2505,PRY3,01-01-2023,Female,45
2505,PRY4,01-01-2023,Male,47
2505,PRY4,01-01-2023,Female,45
2505,PRY5,01-01-2023,Male,49
2505,PRY5,01-01-2023,Female,40
2505,PRY6,01-01-2023,Male,59
2505,PRY6,01-01-2023,Female,58
2506,ECCDE1,01-01-2023,Male,6
2506,ECCDE1,01-01-2023,Female,6
2506,ECCDE2,01-01-2023,Male,7
2506,ECCDE2,01-01-2023,Female,14
2506,ECCDE3,01-01-2023,Male,9
2506,ECCDE3,01-01-2023,Female,10
2506,PRY1,01-01-2023,Male,12
2506,PRY1,01-01-2023,Female,13
2506,PRY2,01-01-2023,Male,14
2506,PRY2,01-01-2023,Female,18
2506,PRY3,01-01-2023,Male,19
2506,PRY3,01-01-2023,Female,24
2506,PRY4,01-01-2023,Male,19
2506,PRY4,01-01-2023,Female,21
2506,PRY5,01-01-2023,Male,27
2506,PRY5,01-01-2023,Female,18
2506,PRY6,01-01-2023,Male,36
2506,PRY6,01-01-2023,Female,33
2507,ECCDE1,01-01-2023,Male,7
2507,ECCDE1,01-01-2023,Female,6
2507,ECCDE2,01-01-2023,Male,7
2507,ECCDE2,01-01-2023,Female,7
2507,ECCDE3,01-01-2023,Male,9
2507,ECCDE3,01-01-2023,Female,10
2507,PRY1,01-01-2023,Male,11
2507,PRY1,01-01-2023,Female,13
2507,PRY2,01-01-2023,Male,17
2507,PRY2,01-01-2023,Female,17
2507,PRY3,01-01-2023,Male,18
2507,PRY3,01-01-2023,Female,18
2507,PRY4,01-01-2023,Male,20
2507,PRY4,01-01-2023,Female,23
2507,PRY5,01-01-2023,Male,20
2507,PRY5,01-01-2023,Female,22
2507,PRY6,01-01-2023,Male,24
2507,PRY6,01-01-2023,Female,17
2508,ECCDE1,01-01-2023,Male,27
2508,ECCDE1,01-01-2023,Female,23
2508,ECCDE2,01-01-2023,Male,8
2508,ECCDE2,01-01-2023,Female,11
2508,ECCDE3,01-01-2023,Male,16
2508,ECCDE3,01-01-2023,Female,18
2508,PRY1,01-01-2023,Male,14
2508,PRY1,01-01-2023,Female,20
2508,PRY2,01-01-2023,Male,21
2508,PRY2,01-01-2023,Female,29
2508,PRY3,01-01-2023,Male,27
2508,PRY3,01-01-2023,Female,21
2508,PRY4,01-01-2023,Male,15
2508,PRY4,01-01-2023,Female,14
2508,PRY5,01-01-2023,Male,21
2508,PRY5,01-01-2023,Female,22
2508,PRY6,01-01-2023,Male,26
2508,PRY6,01-01-2023,Female,30
2509,ECCDE1,01-01-2023,Male,6
2509,ECCDE1,01-01-2023,Female,4
2509,ECCDE2,01-01-2023,Male,7
2509,ECCDE2,01-01-2023,Female,6
2509,ECCDE3,01-01-2023,Male,7
2509,ECCDE3,01-01-2023,Female,8
2509,PRY1,01-01-2023,Male,12
2509,PRY1,01-01-2023,Female,6
2509,PRY2,01-01-2023,Male,14
2509,PRY2,01-01-2023,Female,15
2509,PRY3,01-01-2023,Male,22
2509,PRY3,01-01-2023,Female,24
2509,PRY4,01-01-2023,Male,29
2509,PRY4,01-01-2023,Female,25
2509,PRY5,01-01-2023,Male,30
2509,PRY5,01-01-2023,Female,29
2509,PRY6,01-01-2023,Male,55
2509,PRY6,01-01-2023,Female,43
2510,ECCDE1,01-01-2023,Male,1
2510,ECCDE1,01-01-2023,Female,5
2510,ECCDE2,01-01-2023,Male,1
2510,ECCDE2,01-01-2023,Female,4
2510,ECCDE3,01-01-2023,Male,2
2510,ECCDE3,01-01-2023,Female,3
2510,PRY1,01-01-2023,Male,7
2510,PRY1,01-01-2023,Female,3
2510,PRY2,01-01-2023,Male,5
2510,PRY2,01-01-2023,Female,10
2510,PRY3,01-01-2023,Male,4
2510,PRY3,01-01-2023,Female,5
2510,PRY4,01-01-2023,Male,8
2510,PRY4,01-01-2023,Female,8
2510,PRY5,01-01-2023,Male,11
2510,PRY5,01-01-2023,Female,8
2510,PRY6,01-01-2023,Male,2
2510,PRY6,01-01-2023,Female,3
2511,ECCDE1,01-01-2023,Male,19
2511,ECCDE1,01-01-2023,Female,21
2511,ECCDE2,01-01-2023,Male,12
2511,ECCDE2,01-01-2023,Female,11
2511,ECCDE3,01-01-2023,Male,13
2511,ECCDE3,01-01-2023,Female,12
2511,PRY1,01-01-2023,Male,11
2511,PRY1,01-01-2023,Female,8
2511,PRY2,01-01-2023,Male,12
2511,PRY2,01-01-2023,Female,8
2511,PRY3,01-01-2023,Male,13
2511,PRY3,01-01-2023,Female,11
2511,PRY4,01-01-2023,Male,16
2511,PRY4,01-01-2023,Female,16
2511,PRY5,01-01-2023,Male,12
2511,PRY5,01-01-2023,Female,11
2511,PRY6,01-01-2023,Male,24
2511,PRY6,01-01-2023,Female,7
2512,ECCDE1,01-01-2023,Male,6
2512,ECCDE1,01-01-2023,Female,6
2512,ECCDE2,01-01-2023,Male,13
2512,ECCDE2,01-01-2023,Female,3
2512,ECCDE3,01-01-2023,Male,3
2512,ECCDE3,01-01-2023,Female,5
2512,PRY1,01-01-2023,Male,7
2512,PRY1,01-01-2023,Female,6
2512,PRY2,01-01-2023,Male,13
2512,PRY2,01-01-2023,Female,8
2512,PRY3,01-01-2023,Male,5
2512,PRY3,01-01-2023,Female,6
2512,PRY4,01-01-2023,Male,7
2512,PRY4,01-01-2023,Female,4
2512,PRY5,01-01-2023,Male,12
2512,PRY5,01-01-2023,Female,8
2512,PRY6,01-01-2023,Male,6
2512,PRY6,01-01-2023,Female,5
2513,ECCDE1,01-01-2023,Male,7
2513,ECCDE1,01-01-2023,Female,7
2513,ECCDE2,01-01-2023,Male,2
2513,ECCDE2,01-01-2023,Female,2
2513,ECCDE3,01-01-2023,Male,5
2513,ECCDE3,01-01-2023,Female,5
2513,PRY1,01-01-2023,Male,5
2513,PRY1,01-01-2023,Female,6
2513,PRY2,01-01-2023,Male,6
2513,PRY2,01-01-2023,Female,5
2513,PRY3,01-01-2023,Male,4
2513,PRY3,01-01-2023,Female,5
2513,PRY4,01-01-2023,Male,8
2513,PRY4,01-01-2023,Female,6
2513,PRY5,01-01-2023,Male,5
2513,PRY5,01-01-2023,Female,4
2513,PRY6,01-01-2023,Male,6
2513,PRY6,01-01-2023,Female,6
2514,ECCDE1,01-01-2023,Male,11
2514,ECCDE1,01-01-2023,Female,6
2514,ECCDE2,01-01-2023,Male,8
2514,ECCDE2,01-01-2023,Female,3
2514,ECCDE3,01-01-2023,Male,7
2514,ECCDE3,01-01-2023,Female,6
2514,PRY1,01-01-2023,Male,11
2514,PRY1,01-01-2023,Female,17
2514,PRY2,01-01-2023,Male,11
2514,PRY2,01-01-2023,Female,17
2514,PRY3,01-01-2023,Male,12
2514,PRY3,01-01-2023,Female,18
2514,PRY4,01-01-2023,Male,15
2514,PRY4,01-01-2023,Female,21
2514,PRY5,01-01-2023,Male,20
2514,PRY5,01-01-2023,Female,11
2514,PRY6,01-01-2023,Male,24
2514,PRY6,01-01-2023,Female,13
2515,ECCDE1,01-01-2023,Male,10
2515,ECCDE1,01-01-2023,Female,10
2515,ECCDE2,01-01-2023,Male,10
2515,ECCDE2,01-01-2023,Female,9
2515,ECCDE3,01-01-2023,Male,6
2515,ECCDE3,01-01-2023,Female,4
2515,PRY1,01-01-2023,Male,8
2515,PRY1,01-01-2023,Female,9
2515,PRY2,01-01-2023,Male,10
2515,PRY2,01-01-2023,Female,12
2515,PRY3,01-01-2023,Male,12
2515,PRY3,01-01-2023,Female,12
2515,PRY4,01-01-2023,Male,19
2515,PRY4,01-01-2023,Female,10
2515,PRY5,01-01-2023,Male,11
2515,PRY5,01-01-2023,Female,8
2515,PRY6,01-01-2023,Male,9
2515,PRY6,01-01-2023,Female,9
2516,ECCDE1,01-01-2023,Male,10
2516,ECCDE1,01-01-2023,Female,7
2516,ECCDE2,01-01-2023,Male,3
2516,ECCDE2,01-01-2023,Female,4
2516,ECCDE3,01-01-2023,Male,4
2516,ECCDE3,01-01-2023,Female,3
2516,PRY1,01-01-2023,Male,9
2516,PRY1,01-01-2023,Female,8
2516,PRY2,01-01-2023,Male,7
2516,PRY2,01-01-2023,Female,9
2516,PRY3,01-01-2023,Male,8
2516,PRY3,01-01-2023,Female,8
2516,PRY4,01-01-2023,Male,8
2516,PRY4,01-01-2023,Female,9
2516,PRY5,01-01-2023,Male,13
2516,PRY5,01-01-2023,Female,6
2516,PRY6,01-01-2023,Male,17
2516,PRY6,01-01-2023,Female,6
2517,ECCDE1,01-01-2023,Male,15
2517,ECCDE1,01-01-2023,Female,11
2517,ECCDE2,01-01-2023,Male,7
2517,ECCDE2,01-01-2023,Female,13
2517,ECCDE3,01-01-2023,Male,20
2517,ECCDE3,01-01-2023,Female,14
2517,PRY1,01-01-2023,Male,21
2517,PRY1,01-01-2023,Female,19
2517,PRY2,01-01-2023,Male,30
2517,PRY2,01-01-2023,Female,21
2517,PRY3,01-01-2023,Male,28
2517,PRY3,01-01-2023,Female,31
2517,PRY4,01-01-2023,Male,25
2517,PRY4,01-01-2023,Female,34
2517,PRY5,01-01-2023,Male,27
2517,PRY5,01-01-2023,Female,25
2517,PRY6,01-01-2023,Male,43
2517,PRY6,01-01-2023,Female,34
2518,ECCDE1,01-01-2023,Male,25
2518,ECCDE1,01-01-2023,Female,26
2518,ECCDE2,01-01-2023,Male,16
2518,ECCDE2,01-01-2023,Female,15
2518,ECCDE3,01-01-2023,Male,14
2518,ECCDE3,01-01-2023,Female,14
2518,PRY1,01-01-2023,Male,26
2518,PRY1,01-01-2023,Female,26
2518,PRY2,01-01-2023,Male,26
2518,PRY2,01-01-2023,Female,34
2518,PRY3,01-01-2023,Male,40
2518,PRY3,01-01-2023,Female,30
2518,PRY4,01-01-2023,Male,28
2518,PRY4,01-01-2023,Female,27
2518,PRY5,01-01-2023,Male,32
2518,PRY5,01-01-2023,Female,34
2518,PRY6,01-01-2023,Male,41
2518,PRY6,01-01-2023,Female,20
2519,ECCDE1,01-01-2023,Male,11
2519,ECCDE1,01-01-2023,Female,6
2519,ECCDE2,01-01-2023,Male,0
2519,ECCDE2,01-01-2023,Female,4
2519,ECCDE3,01-01-2023,Male,0
2519,ECCDE3,01-01-2023,Female,2
2519,PRY1,01-01-2023,Male,6
2519,PRY1,01-01-2023,Female,4
2519,PRY2,01-01-2023,Male,10
2519,PRY2,01-01-2023,Female,2
2519,PRY3,01-01-2023,Male,6
2519,PRY3,01-01-2023,Female,9
2519,PRY4,01-01-2023,Male,12
2519,PRY4,01-01-2023,Female,14
2519,PRY5,01-01-2023,Male,8
2519,PRY5,01-01-2023,Female,8
2519,PRY6,01-01-2023,Male,12
2519,PRY6,01-01-2023,Female,9
2520,ECCDE1,01-01-2023,Male,4
2520,ECCDE1,01-01-2023,Female,3
2520,ECCDE2,01-01-2023,Male,5
2520,ECCDE2,01-01-2023,Female,7
2520,ECCDE3,01-01-2023,Male,5
2520,ECCDE3,01-01-2023,Female,8
2520,PRY1,01-01-2023,Male,13
2520,PRY1,01-01-2023,Female,13
2520,PRY2,01-01-2023,Male,13
2520,PRY2,01-01-2023,Female,12
2520,PRY3,01-01-2023,Male,18
2520,PRY3,01-01-2023,Female,8
2520,PRY4,01-01-2023,Male,8
2520,PRY4,01-01-2023,Female,8
2520,PRY5,01-01-2023,Male,18
2520,PRY5,01-01-2023,Female,12
2520,PRY6,01-01-2023,Male,19
2520,PRY6,01-01-2023,Female,6
2521,ECCDE1,01-01-2023,Male,6
2521,ECCDE1,01-01-2023,Female,7
2521,ECCDE2,01-01-2023,Male,4
2521,ECCDE2,01-01-2023,Female,8
2521,ECCDE3,01-01-2023,Male,8
2521,ECCDE3,01-01-2023,Female,11
2521,PRY1,01-01-2023,Male,10
2521,PRY1,01-01-2023,Female,7
2521,PRY2,01-01-2023,Male,17
2521,PRY2,01-01-2023,Female,16
2521,PRY3,01-01-2023,Male,19
2521,PRY3,01-01-2023,Female,10
2521,PRY4,01-01-2023,Male,14
2521,PRY4,01-01-2023,Female,20
2521,PRY5,01-01-2023,Male,12
2521,PRY5,01-01-2023,Female,9
2521,PRY6,01-01-2023,Male,17
2521,PRY6,01-01-2023,Female,12
2522,ECCDE1,01-01-2023,Male,6
2522,ECCDE1,01-01-2023,Female,4
2522,ECCDE2,01-01-2023,Male,11
2522,ECCDE2,01-01-2023,Female,6
2522,ECCDE3,01-01-2023,Male,11
2522,ECCDE3,01-01-2023,Female,6
2522,PRY1,01-01-2023,Male,6
2522,PRY1,01-01-2023,Female,10
2522,PRY2,01-01-2023,Male,10
2522,PRY2,01-01-2023,Female,11
2522,PRY3,01-01-2023,Male,10
2522,PRY3,01-01-2023,Female,12
2522,PRY4,01-01-2023,Male,19
2522,PRY4,01-01-2023,Female,25
2522,PRY5,01-01-2023,Male,9
2522,PRY5,01-01-2023,Female,13
2522,PRY6,01-01-2023,Male,18
2522,PRY6,01-01-2023,Female,12
2523,ECCDE1,01-01-2023,Male,10
2523,ECCDE1,01-01-2023,Female,15
2523,ECCDE2,01-01-2023,Male,15
2523,ECCDE2,01-01-2023,Female,25
2523,ECCDE3,01-01-2023,Male,10
2523,ECCDE3,01-01-2023,Female,10
2523,PRY1,01-01-2023,Male,10
2523,PRY1,01-01-2023,Female,10
2523,PRY2,01-01-2023,Male,14
2523,PRY2,01-01-2023,Female,13
2523,PRY3,01-01-2023,Male,8
2523,PRY3,01-01-2023,Female,10
2523,PRY4,01-01-2023,Male,15
2523,PRY4,01-01-2023,Female,11
2523,PRY5,01-01-2023,Male,16
2523,PRY5,01-01-2023,Female,11
2523,PRY6,01-01-2023,Male,10
2523,PRY6,01-01-2023,Female,15
2524,ECCDE1,01-01-2023,Male,59
2524,ECCDE1,01-01-2023,Female,55
2524,ECCDE2,01-01-2023,Male,33
2524,ECCDE2,01-01-2023,Female,32
2524,ECCDE3,01-01-2023,Male,30
2524,ECCDE3,01-01-2023,Female,20
2524,PRY1,01-01-2023,Male,28
2524,PRY1,01-01-2023,Female,28
2524,PRY2,01-01-2023,Male,30
2524,PRY2,01-01-2023,Female,24
2524,PRY3,01-01-2023,Male,26
2524,PRY3,01-01-2023,Female,28
2524,PRY4,01-01-2023,Male,25
2524,PRY4,01-01-2023,Female,26
2524,PRY5,01-01-2023,Male,26
2524,PRY5,01-01-2023,Female,30
2524,PRY6,01-01-2023,Male,49
2524,PRY6,01-01-2023,Female,27
2525,ECCDE1,01-01-2023,Male,26
2525,ECCDE1,01-01-2023,Female,18
2525,ECCDE2,01-01-2023,Male,25
2525,ECCDE2,01-01-2023,Female,15
2525,ECCDE3,01-01-2023,Male,20
2525,ECCDE3,01-01-2023,Female,15
2525,PRY1,01-01-2023,Male,22
2525,PRY1,01-01-2023,Female,20
2525,PRY2,01-01-2023,Male,26
2525,PRY2,01-01-2023,Female,20
2525,PRY3,01-01-2023,Male,21
2525,PRY3,01-01-2023,Female,20
2525,PRY4,01-01-2023,Male,27
2525,PRY4,01-01-2023,Female,20
2525,PRY5,01-01-2023,Male,30
2525,PRY5,01-01-2023,Female,27
2525,PRY6,01-01-2023,Male,30
2525,PRY6,01-01-2023,Female,24
2526,ECCDE1,01-01-2023,Male,4
2526,ECCDE1,01-01-2023,Female,5
2526,ECCDE2,01-01-2023,Male,5
2526,ECCDE2,01-01-2023,Female,4
2526,ECCDE3,01-01-2023,Male,4
2526,ECCDE3,01-01-2023,Female,5
2526,PRY1,01-01-2023,Male,9
2526,PRY1,01-01-2023,Female,8
2526,PRY2,01-01-2023,Male,13
2526,PRY2,01-01-2023,Female,11
2526,PRY3,01-01-2023,Male,10
2526,PRY3,01-01-2023,Female,10
2526,PRY4,01-01-2023,Male,10
2526,PRY4,01-01-2023,Female,5
2526,PRY5,01-01-2023,Male,8
2526,PRY5,01-01-2023,Female,7
2526,PRY6,01-01-2023,Male,4
2526,PRY6,01-01-2023,Female,11
2527,ECCDE1,01-01-2023,Male,28
2527,ECCDE1,01-01-2023,Female,28
2527,ECCDE2,01-01-2023,Male,16
2527,ECCDE2,01-01-2023,Female,12
2527,ECCDE3,01-01-2023,Male,15
2527,ECCDE3,01-01-2023,Female,15
2527,PRY1,01-01-2023,Male,19
2527,PRY1,01-01-2023,Female,18
2527,PRY2,01-01-2023,Male,19
2527,PRY2,01-01-2023,Female,10
2527,PRY3,01-01-2023,Male,29
2527,PRY3,01-01-2023,Female,21
2527,PRY4,01-01-2023,Male,21
2527,PRY4,01-01-2023,Female,21
2527,PRY5,01-01-2023,Male,29
2527,PRY5,01-01-2023,Female,28
2527,PRY6,01-01-2023,Male,23
2527,PRY6,01-01-2023,Female,28
2528,ECCDE1,01-01-2023,Male,26
2528,ECCDE1,01-01-2023,Female,24
2528,ECCDE2,01-01-2023,Male,23
2528,ECCDE2,01-01-2023,Female,15
2528,ECCDE3,01-01-2023,Male,20
2528,ECCDE3,01-01-2023,Female,17
2528,PRY1,01-01-2023,Male,21
2528,PRY1,01-01-2023,Female,29
2528,PRY2,01-01-2023,Male,24
2528,PRY2,01-01-2023,Female,24
2528,PRY3,01-01-2023,Male,33
2528,PRY3,01-01-2023,Female,37
2528,PRY4,01-01-2023,Male,33
2528,PRY4,01-01-2023,Female,28
2528,PRY5,01-01-2023,Male,31
2528,PRY5,01-01-2023,Female,28
2528,PRY6,01-01-2023,Male,25
2528,PRY6,01-01-2023,Female,25
2529,ECCDE1,01-01-2023,Male,14
2529,ECCDE1,01-01-2023,Female,16
2529,ECCDE2,01-01-2023,Male,8
2529,ECCDE2,01-01-2023,Female,9
2529,ECCDE3,01-01-2023,Male,13
2529,ECCDE3,01-01-2023,Female,11
2529,PRY1,01-01-2023,Male,13
2529,PRY1,01-01-2023,Female,10
2529,PRY2,01-01-2023,Male,22
2529,PRY2,01-01-2023,Female,19
2529,PRY3,01-01-2023,Male,20
2529,PRY3,01-01-2023,Female,12
2529,PRY4,01-01-2023,Male,22
2529,PRY4,01-01-2023,Female,16
2529,PRY5,01-01-2023,Male,22
2529,PRY5,01-01-2023,Female,15
2529,PRY6,01-01-2023,Male,16
2529,PRY6,01-01-2023,Female,6
2530,ECCDE1,01-01-2023,Male,12
2530,ECCDE1,01-01-2023,Female,10
2530,ECCDE2,01-01-2023,Male,13
2530,ECCDE2,01-01-2023,Female,16
2530,ECCDE3,01-01-2023,Male,10
2530,ECCDE3,01-01-2023,Female,13
2530,PRY1,01-01-2023,Male,12
2530,PRY1,01-01-2023,Female,11
2530,PRY2,01-01-2023,Male,15
2530,PRY2,01-01-2023,Female,19
2530,PRY3,01-01-2023,Male,20
2530,PRY3,01-01-2023,Female,14
2530,PRY4,01-01-2023,Male,30
2530,PRY4,01-01-2023,Female,21
2530,PRY5,01-01-2023,Male,21
2530,PRY5,01-01-2023,Female,14
2530,PRY6,01-01-2023,Male,17
2530,PRY6,01-01-2023,Female,16
2531,ECCDE1,01-01-2023,Male,13
2531,ECCDE1,01-01-2023,Female,9
2531,ECCDE2,01-01-2023,Male,10
2531,ECCDE2,01-01-2023,Female,12
2531,ECCDE3,01-01-2023,Male,10
2531,ECCDE3,01-01-2023,Female,20
2531,PRY1,01-01-2023,Male,15
2531,PRY1,01-01-2023,Female,15
2531,PRY2,01-01-2023,Male,18
2531,PRY2,01-01-2023,Female,18
2531,PRY3,01-01-2023,Male,21
2531,PRY3,01-01-2023,Female,26
2531,PRY4,01-01-2023,Male,24
2531,PRY4,01-01-2023,Female,18
2531,PRY5,01-01-2023,Male,32
2531,PRY5,01-01-2023,Female,13
2531,PRY6,01-01-2023,Male,25
2531,PRY6,01-01-2023,Female,18
2532,ECCDE1,01-01-2023,Male,12
2532,ECCDE1,01-01-2023,Female,16
2532,ECCDE2,01-01-2023,Male,12
2532,ECCDE2,01-01-2023,Female,10
2532,ECCDE3,01-01-2023,Male,12
2532,ECCDE3,01-01-2023,Female,11
2532,PRY1,01-01-2023,Male,20
2532,PRY1,01-01-2023,Female,11
2532,PRY2,01-01-2023,Male,18
2532,PRY2,01-01-2023,Female,21
2532,PRY3,01-01-2023,Male,23
2532,PRY3,01-01-2023,Female,25
2532,PRY4,01-01-2023,Male,23
2532,PRY4,01-01-2023,Female,21
2532,PRY5,01-01-2023,Male,34
2532,PRY5,01-01-2023,Female,11
2532,PRY6,01-01-2023,Male,16
2532,PRY6,01-01-2023,Female,15
2533,ECCDE1,01-01-2023,Male,25
2533,ECCDE1,01-01-2023,Female,20
2533,ECCDE2,01-01-2023,Male,10
2533,ECCDE2,01-01-2023,Female,7
2533,ECCDE3,01-01-2023,Male,10
2533,ECCDE3,01-01-2023,Female,7
2533,PRY1,01-01-2023,Male,12
2533,PRY1,01-01-2023,Female,12
2533,PRY2,01-01-2023,Male,12
2533,PRY2,01-01-2023,Female,8
2533,PRY3,01-01-2023,Male,12
2533,PRY3,01-01-2023,Female,17
2533,PRY4,01-01-2023,Male,25
2533,PRY4,01-01-2023,Female,14
2533,PRY5,01-01-2023,Male,18
2533,PRY5,01-01-2023,Female,11
2533,PRY6,01-01-2023,Male,20
2533,PRY6,01-01-2023,Female,11
2534,ECCDE1,01-01-2023,Male,8
2534,ECCDE1,01-01-2023,Female,9
2534,ECCDE2,01-01-2023,Male,11
2534,ECCDE2,01-01-2023,Female,8
2534,ECCDE3,01-01-2023,Male,11
2534,ECCDE3,01-01-2023,Female,13
2534,PRY1,01-01-2023,Male,17
2534,PRY1,01-01-2023,Female,12
2534,PRY2,01-01-2023,Male,11
2534,PRY2,01-01-2023,Female,13
2534,PRY3,01-01-2023,Male,9
2534,PRY3,01-01-2023,Female,18
2534,PRY4,01-01-2023,Male,17
2534,PRY4,01-01-2023,Female,13
2534,PRY5,01-01-2023,Male,9
2534,PRY5,01-01-2023,Female,20
2534,PRY6,01-01-2023,Male,9
2534,PRY6,01-01-2023,Female,17
2535,ECCDE1,01-01-2023,Male,10
2535,ECCDE1,01-01-2023,Female,14
2535,ECCDE2,01-01-2023,Male,12
2535,ECCDE2,01-01-2023,Female,5
2535,ECCDE3,01-01-2023,Male,17
2535,ECCDE3,01-01-2023,Female,7
2535,PRY1,01-01-2023,Male,19
2535,PRY1,01-01-2023,Female,10
2535,PRY2,01-01-2023,Male,12
2535,PRY2,01-01-2023,Female,14
2535,PRY3,01-01-2023,Male,14
2535,PRY3,01-01-2023,Female,14
2535,PRY4,01-01-2023,Male,12
2535,PRY4,01-01-2023,Female,14
2535,PRY5,01-01-2023,Male,19
2535,PRY5,01-01-2023,Female,9
2535,PRY6,01-01-2023,Male,14
2535,PRY6,01-01-2023,Female,15
2536,ECCDE1,01-01-2023,Male,17
2536,ECCDE1,01-01-2023,Female,10
2536,ECCDE2,01-01-2023,Male,8
2536,ECCDE2,01-01-2023,Female,8
2536,ECCDE3,01-01-2023,Male,4
2536,ECCDE3,01-01-2023,Female,8
2536,PRY1,01-01-2023,Male,7
2536,PRY1,01-01-2023,Female,10
2536,PRY2,01-01-2023,Male,5
2536,PRY2,01-01-2023,Female,10
2536,PRY3,01-01-2023,Male,9
2536,PRY3,01-01-2023,Female,7
2536,PRY4,01-01-2023,Male,11
2536,PRY4,01-01-2023,Female,9
2536,PRY5,01-01-2023,Male,10
2536,PRY5,01-01-2023,Female,5
2536,PRY6,01-01-2023,Male,15
2536,PRY6,01-01-2023,Female,5
2537,ECCDE1,01-01-2023,Male,19
2537,ECCDE1,01-01-2023,Female,12
2537,ECCDE2,01-01-2023,Male,6
2537,ECCDE2,01-01-2023,Female,6
2537,ECCDE3,01-01-2023,Male,9
2537,ECCDE3,01-01-2023,Female,5
2537,PRY1,01-01-2023,Male,13
2537,PRY1,01-01-2023,Female,8
2537,PRY2,01-01-2023,Male,20
2537,PRY2,01-01-2023,Female,17
2537,PRY3,01-01-2023,Male,17
2537,PRY3,01-01-2023,Female,13
2537,PRY4,01-01-2023,Male,17
2537,PRY4,01-01-2023,Female,18
2537,PRY5,01-01-2023,Male,19
2537,PRY5,01-01-2023,Female,13
2537,PRY6,01-01-2023,Male,19
2537,PRY6,01-01-2023,Female,17
2538,ECCDE1,01-01-2023,Male,27
2538,ECCDE1,01-01-2023,Female,12
2538,ECCDE2,01-01-2023,Male,36
2538,ECCDE2,01-01-2023,Female,30
2538,ECCDE3,01-01-2023,Male,33
2538,ECCDE3,01-01-2023,Female,16
2538,PRY1,01-01-2023,Male,40
2538,PRY1,01-01-2023,Female,36
2538,PRY2,01-01-2023,Male,38
2538,PRY2,01-01-2023,Female,45
2538,PRY3,01-01-2023,Male,40
2538,PRY3,01-01-2023,Female,42
2538,PRY4,01-01-2023,Male,43
2538,PRY4,01-01-2023,Female,33
2538,PRY5,01-01-2023,Male,47
2538,PRY5,01-01-2023,Female,28
2538,PRY6,01-01-2023,Male,40
2538,PRY6,01-01-2023,Female,40
2539,ECCDE1,01-01-2023,Male,11
2539,ECCDE1,01-01-2023,Female,15
2539,ECCDE2,01-01-2023,Male,17
2539,ECCDE2,01-01-2023,Female,11
2539,ECCDE3,01-01-2023,Male,18
2539,ECCDE3,01-01-2023,Female,9
2539,PRY1,01-01-2023,Male,22
2539,PRY1,01-01-2023,Female,20
2539,PRY2,01-01-2023,Male,20
2539,PRY2,01-01-2023,Female,13
2539,PRY3,01-01-2023,Male,20
2539,PRY3,01-01-2023,Female,22
2539,PRY4,01-01-2023,Male,19
2539,PRY4,01-01-2023,Female,23
2539,PRY5,01-01-2023,Male,20
2539,PRY5,01-01-2023,Female,28
2539,PRY6,01-01-2023,Male,28
2539,PRY6,01-01-2023,Female,22
2540,ECCDE1,01-01-2023,Male,29
2540,ECCDE1,01-01-2023,Female,22
2540,ECCDE2,01-01-2023,Male,10
2540,ECCDE2,01-01-2023,Female,14
2540,ECCDE3,01-01-2023,Male,30
2540,ECCDE3,01-01-2023,Female,15
2540,PRY1,01-01-2023,Male,23
2540,PRY1,01-01-2023,Female,30
2540,PRY2,01-01-2023,Male,23
2540,PRY2,01-01-2023,Female,25
2540,PRY3,01-01-2023,Male,35
2540,PRY3,01-01-2023,Female,30
2540,PRY4,01-01-2023,Male,30
2540,PRY4,01-01-2023,Female,46
2540,PRY5,01-01-2023,Male,35
2540,PRY5,01-01-2023,Female,40
2540,PRY6,01-01-2023,Male,35
2540,PRY6,01-01-2023,Female,25
2541,ECCDE1,01-01-2023,Male,24
2541,ECCDE1,01-01-2023,Female,38
2541,ECCDE2,01-01-2023,Male,30
2541,ECCDE2,01-01-2023,Female,28
2541,ECCDE3,01-01-2023,Male,32
2541,ECCDE3,01-01-2023,Female,24
2541,PRY1,01-01-2023,Male,41
2541,PRY1,01-01-2023,Female,40
2541,PRY2,01-01-2023,Male,43
2541,PRY2,01-01-2023,Female,42
2541,PRY3,01-01-2023,Male,46
2541,PRY3,01-01-2023,Female,54
2541,PRY4,01-01-2023,Male,45
2541,PRY4,01-01-2023,Female,39
2541,PRY5,01-01-2023,Male,44
2541,PRY5,01-01-2023,Female,54
2541,PRY6,01-01-2023,Male,56
2541,PRY6,01-01-2023,Female,38
2542,ECCDE1,01-01-2023,Male,18
2542,ECCDE1,01-01-2023,Female,15
2542,ECCDE2,01-01-2023,Male,17
2542,ECCDE2,01-01-2023,Female,14
2542,ECCDE3,01-01-2023,Male,26
2542,ECCDE3,01-01-2023,Female,28
2542,PRY1,01-01-2023,Male,45
2542,PRY1,01-01-2023,Female,45
2542,PRY2,01-01-2023,Male,50
2542,PRY2,01-01-2023,Female,50
2542,PRY3,01-01-2023,Male,50
2542,PRY3,01-01-2023,Female,50
2542,PRY4,01-01-2023,Male,73
2542,PRY4,01-01-2023,Female,41
2542,PRY5,01-01-2023,Male,110
2542,PRY5,01-01-2023,Female,107
2542,PRY6,01-01-2023,Male,95
2542,PRY6,01-01-2023,Female,116
2543,ECCDE1,01-01-2023,Male,14
2543,ECCDE1,01-01-2023,Female,14
2543,ECCDE2,01-01-2023,Male,14
2543,ECCDE2,01-01-2023,Female,10
2543,ECCDE3,01-01-2023,Male,12
2543,ECCDE3,01-01-2023,Female,11
2543,PRY1,01-01-2023,Male,14
2543,PRY1,01-01-2023,Female,18
2543,PRY2,01-01-2023,Male,21
2543,PRY2,01-01-2023,Female,24
2543,PRY3,01-01-2023,Male,18
2543,PRY3,01-01-2023,Female,32
2543,PRY4,01-01-2023,Male,20
2543,PRY4,01-01-2023,Female,20
2543,PRY5,01-01-2023,Male,29
2543,PRY5,01-01-2023,Female,21
2543,PRY6,01-01-2023,Male,22
2543,PRY6,01-01-2023,Female,20
2544,ECCDE1,01-01-2023,Male,19
2544,ECCDE1,01-01-2023,Female,27
2544,ECCDE2,01-01-2023,Male,14
2544,ECCDE2,01-01-2023,Female,18
2544,ECCDE3,01-01-2023,Male,21
2544,ECCDE3,01-01-2023,Female,19
2544,PRY1,01-01-2023,Male,22
2544,PRY1,01-01-2023,Female,19
2544,PRY2,01-01-2023,Male,28
2544,PRY2,01-01-2023,Female,14
2544,PRY3,01-01-2023,Male,11
2544,PRY3,01-01-2023,Female,26
2544,PRY4,01-01-2023,Male,18
2544,PRY4,01-01-2023,Female,18
2544,PRY5,01-01-2023,Male,25
2544,PRY5,01-01-2023,Female,18
2544,PRY6,01-01-2023,Male,20
2544,PRY6,01-01-2023,Female,21
2545,ECCDE1,01-01-2023,Male,14
2545,ECCDE1,01-01-2023,Female,9
2545,ECCDE2,01-01-2023,Male,10
2545,ECCDE2,01-01-2023,Female,11
2545,ECCDE3,01-01-2023,Male,17
2545,ECCDE3,01-01-2023,Female,15
2545,PRY1,01-01-2023,Male,17
2545,PRY1,01-01-2023,Female,16
2545,PRY2,01-01-2023,Male,14
2545,PRY2,01-01-2023,Female,22
2545,PRY3,01-01-2023,Male,24
2545,PRY3,01-01-2023,Female,23
2545,PRY4,01-01-2023,Male,16
2545,PRY4,01-01-2023,Female,28
2545,PRY5,01-01-2023,Male,26
2545,PRY5,01-01-2023,Female,19
2545,PRY6,01-01-2023,Male,20
2545,PRY6,01-01-2023,Female,22
2546,ECCDE1,01-01-2023,Male,7
2546,ECCDE1,01-01-2023,Female,7
2546,ECCDE2,01-01-2023,Male,3
2546,ECCDE2,01-01-2023,Female,3
2546,ECCDE3,01-01-2023,Male,5
2546,ECCDE3,01-01-2023,Female,5
2546,PRY1,01-01-2023,Male,3
2546,PRY1,01-01-2023,Female,2
2546,PRY2,01-01-2023,Male,2
2546,PRY2,01-01-2023,Female,9
2546,PRY3,01-01-2023,Male,6
2546,PRY3,01-01-2023,Female,2
2546,PRY4,01-01-2023,Male,3
2546,PRY4,01-01-2023,Female,2
2546,PRY5,01-01-2023,Male,3
2546,PRY5,01-01-2023,Female,3
2546,PRY6,01-01-2023,Male,2
2546,PRY6,01-01-2023,Female,4
2547,ECCDE1,01-01-2023,Male,27
2547,ECCDE1,01-01-2023,Female,27
2547,ECCDE2,01-01-2023,Male,25
2547,ECCDE2,01-01-2023,Female,14
2547,ECCDE3,01-01-2023,Male,22
2547,ECCDE3,01-01-2023,Female,19
2547,PRY1,01-01-2023,Male,34
2547,PRY1,01-01-2023,Female,38
2547,PRY2,01-01-2023,Male,28
2547,PRY2,01-01-2023,Female,34
2547,PRY3,01-01-2023,Male,32
2547,PRY3,01-01-2023,Female,40
2547,PRY4,01-01-2023,Male,32
2547,PRY4,01-01-2023,Female,33
2547,PRY5,01-01-2023,Male,42
2547,PRY5,01-01-2023,Female,30
2547,PRY6,01-01-2023,Male,38
2547,PRY6,01-01-2023,Female,35
2548,ECCDE1,01-01-2023,Male,20
2548,ECCDE1,01-01-2023,Female,22
2548,ECCDE2,01-01-2023,Male,26
2548,ECCDE2,01-01-2023,Female,6
2548,ECCDE3,01-01-2023,Male,22
2548,ECCDE3,01-01-2023,Female,23
2548,PRY1,01-01-2023,Male,22
2548,PRY1,01-01-2023,Female,17
2548,PRY2,01-01-2023,Male,33
2548,PRY2,01-01-2023,Female,32
2548,PRY3,01-01-2023,Male,32
2548,PRY3,01-01-2023,Female,22
2548,PRY4,01-01-2023,Male,17
2548,PRY4,01-01-2023,Female,23
2548,PRY5,01-01-2023,Male,30
2548,PRY5,01-01-2023,Female,24
2548,PRY6,01-01-2023,Male,27
2548,PRY6,01-01-2023,Female,25
2549,ECCDE1,01-01-2023,Male,20
2549,ECCDE1,01-01-2023,Female,22
2549,ECCDE2,01-01-2023,Male,10
2549,ECCDE2,01-01-2023,Female,7
2549,ECCDE3,01-01-2023,Male,6
2549,ECCDE3,01-01-2023,Female,11
2549,PRY1,01-01-2023,Male,20
2549,PRY1,01-01-2023,Female,13
2549,PRY2,01-01-2023,Male,15
2549,PRY2,01-01-2023,Female,14
2549,PRY3,01-01-2023,Male,20
2549,PRY3,01-01-2023,Female,23
2549,PRY4,01-01-2023,Male,19
2549,PRY4,01-01-2023,Female,15
2549,PRY5,01-01-2023,Male,23
2549,PRY5,01-01-2023,Female,26
2549,PRY6,01-01-2023,Male,24
2549,PRY6,01-01-2023,Female,32
2550,ECCDE1,01-01-2023,Male,11
2550,ECCDE1,01-01-2023,Female,9
2550,ECCDE2,01-01-2023,Male,24
2550,ECCDE2,01-01-2023,Female,16
2550,ECCDE3,01-01-2023,Male,16
2550,ECCDE3,01-01-2023,Female,18
2550,PRY1,01-01-2023,Male,24
2550,PRY1,01-01-2023,Female,27
2550,PRY2,01-01-2023,Male,25
2550,PRY2,01-01-2023,Female,27
2550,PRY3,01-01-2023,Male,37
2550,PRY3,01-01-2023,Female,28
2550,PRY4,01-01-2023,Male,30
2550,PRY4,01-01-2023,Female,20
2550,PRY5,01-01-2023,Male,42
2550,PRY5,01-01-2023,Female,15
2550,PRY6,01-01-2023,Male,31
2550,PRY6,01-01-2023,Female,22
2551,ECCDE1,01-01-2023,Male,4
2551,ECCDE1,01-01-2023,Female,5
2551,ECCDE2,01-01-2023,Male,8
2551,ECCDE2,01-01-2023,Female,8
2551,ECCDE3,01-01-2023,Male,5
2551,ECCDE3,01-01-2023,Female,10
2551,PRY1,01-01-2023,Male,6
2551,PRY1,01-01-2023,Female,8
2551,PRY2,01-01-2023,Male,10
2551,PRY2,01-01-2023,Female,8
2551,PRY3,01-01-2023,Male,5
2551,PRY3,01-01-2023,Female,7
2551,PRY4,01-01-2023,Male,11
2551,PRY4,01-01-2023,Female,10
2551,PRY5,01-01-2023,Male,11
2551,PRY5,01-01-2023,Female,8
2551,PRY6,01-01-2023,Male,12
2551,PRY6,01-01-2023,Female,14
2552,ECCDE1,01-01-2023,Male,20
2552,ECCDE1,01-01-2023,Female,8
2552,ECCDE2,01-01-2023,Male,0
2552,ECCDE2,01-01-2023,Female,0
2552,ECCDE3,01-01-2023,Male,8
2552,ECCDE3,01-01-2023,Female,8
2552,PRY1,01-01-2023,Male,9
2552,PRY1,01-01-2023,Female,10
2552,PRY2,01-01-2023,Male,8
2552,PRY2,01-01-2023,Female,2
2552,PRY3,01-01-2023,Male,7
2552,PRY3,01-01-2023,Female,8
2552,PRY4,01-01-2023,Male,9
2552,PRY4,01-01-2023,Female,8
2552,PRY5,01-01-2023,Male,7
2552,PRY5,01-01-2023,Female,7
2552,PRY6,01-01-2023,Male,6
2552,PRY6,01-01-2023,Female,5
2553,ECCDE1,01-01-2023,Male,17
2553,ECCDE1,01-01-2023,Female,26
2553,ECCDE2,01-01-2023,Male,19
2553,ECCDE2,01-01-2023,Female,11
2553,ECCDE3,01-01-2023,Male,16
2553,ECCDE3,01-01-2023,Female,18
2553,PRY1,01-01-2023,Male,14
2553,PRY1,01-01-2023,Female,20
2553,PRY2,01-01-2023,Male,12
2553,PRY2,01-01-2023,Female,19
2553,PRY3,01-01-2023,Male,23
2553,PRY3,01-01-2023,Female,17
2553,PRY4,01-01-2023,Male,14
2553,PRY4,01-01-2023,Female,23
2553,PRY5,01-01-2023,Male,22
2553,PRY5,01-01-2023,Female,16
2553,PRY6,01-01-2023,Male,16
2553,PRY6,01-01-2023,Female,16
2554,ECCDE1,01-01-2023,Male,9
2554,ECCDE1,01-01-2023,Female,5
2554,ECCDE2,01-01-2023,Male,7
2554,ECCDE2,01-01-2023,Female,4
2554,ECCDE3,01-01-2023,Male,5
2554,ECCDE3,01-01-2023,Female,6
2554,PRY1,01-01-2023,Male,9
2554,PRY1,01-01-2023,Female,11
2554,PRY2,01-01-2023,Male,11
2554,PRY2,01-01-2023,Female,10
2554,PRY3,01-01-2023,Male,18
2554,PRY3,01-01-2023,Female,7
2554,PRY4,01-01-2023,Male,7
2554,PRY4,01-01-2023,Female,13
2554,PRY5,01-01-2023,Male,6
2554,PRY5,01-01-2023,Female,8
2554,PRY6,01-01-2023,Male,9
2554,PRY6,01-01-2023,Female,11
2555,ECCDE1,01-01-2023,Male,7
2555,ECCDE1,01-01-2023,Female,5
2555,ECCDE2,01-01-2023,Male,8
2555,ECCDE2,01-01-2023,Female,8
2555,ECCDE3,01-01-2023,Male,6
2555,ECCDE3,01-01-2023,Female,9
2555,PRY1,01-01-2023,Male,5
2555,PRY1,01-01-2023,Female,7
2555,PRY2,01-01-2023,Male,5
2555,PRY2,01-01-2023,Female,5
2555,PRY3,01-01-2023,Male,7
2555,PRY3,01-01-2023,Female,6
2555,PRY4,01-01-2023,Male,8
2555,PRY4,01-01-2023,Female,10
2555,PRY5,01-01-2023,Male,4
2555,PRY5,01-01-2023,Female,6
2555,PRY6,01-01-2023,Male,3
2555,PRY6,01-01-2023,Female,7
2556,ECCDE1,01-01-2023,Male,13
2556,ECCDE1,01-01-2023,Female,17
2556,ECCDE2,01-01-2023,Male,14
2556,ECCDE2,01-01-2023,Female,12
2556,ECCDE3,01-01-2023,Male,10
2556,ECCDE3,01-01-2023,Female,14
2556,PRY1,01-01-2023,Male,10
2556,PRY1,01-01-2023,Female,11
2556,PRY2,01-01-2023,Male,25
2556,PRY2,01-01-2023,Female,25
2556,PRY3,01-01-2023,Male,27
2556,PRY3,01-01-2023,Female,21
2556,PRY4,01-01-2023,Male,22
2556,PRY4,01-01-2023,Female,30
2556,PRY5,01-01-2023,Male,32
2556,PRY5,01-01-2023,Female,19
2556,PRY6,01-01-2023,Male,33
2556,PRY6,01-01-2023,Female,34
2557,ECCDE1,01-01-2023,Male,8
2557,ECCDE1,01-01-2023,Female,7
2557,ECCDE2,01-01-2023,Male,7
2557,ECCDE2,01-01-2023,Female,6
2557,ECCDE3,01-01-2023,Male,7
2557,ECCDE3,01-01-2023,Female,6
2557,PRY1,01-01-2023,Male,3
2557,PRY1,01-01-2023,Female,8
2557,PRY2,01-01-2023,Male,6
2557,PRY2,01-01-2023,Female,6
2557,PRY3,01-01-2023,Male,15
2557,PRY3,01-01-2023,Female,10
2557,PRY4,01-01-2023,Male,13
2557,PRY4,01-01-2023,Female,16
2557,PRY5,01-01-2023,Male,11
2557,PRY5,01-01-2023,Female,12
2557,PRY6,01-01-2023,Male,26
2557,PRY6,01-01-2023,Female,17
2558,ECCDE1,01-01-2023,Male,10
2558,ECCDE1,01-01-2023,Female,15
2558,ECCDE2,01-01-2023,Male,15
2558,ECCDE2,01-01-2023,Female,8
2558,ECCDE3,01-01-2023,Male,12
2558,ECCDE3,01-01-2023,Female,16
2558,PRY1,01-01-2023,Male,7
2558,PRY1,01-01-2023,Female,5
2558,PRY2,01-01-2023,Male,10
2558,PRY2,01-01-2023,Female,10
2558,PRY3,01-01-2023,Male,12
2558,PRY3,01-01-2023,Female,4
2558,PRY4,01-01-2023,Male,9
2558,PRY4,01-01-2023,Female,5
2558,PRY5,01-01-2023,Male,10
2558,PRY5,01-01-2023,Female,8
2558,PRY6,01-01-2023,Male,16
2558,PRY6,01-01-2023,Female,8
2559,ECCDE1,01-01-2023,Male,3
2559,ECCDE1,01-01-2023,Female,2
2559,ECCDE2,01-01-2023,Male,3
2559,ECCDE2,01-01-2023,Female,2
2559,ECCDE3,01-01-2023,Male,2
2559,ECCDE3,01-01-2023,Female,3
2559,PRY1,01-01-2023,Male,4
2559,PRY1,01-01-2023,Female,4
2559,PRY2,01-01-2023,Male,1
2559,PRY2,01-01-2023,Female,1
2559,PRY3,01-01-2023,Male,5
2559,PRY3,01-01-2023,Female,2
2559,PRY4,01-01-2023,Male,9
2559,PRY4,01-01-2023,Female,6
2559,PRY5,01-01-2023,Male,8
2559,PRY5,01-01-2023,Female,7
2559,PRY6,01-01-2023,Male,12
2559,PRY6,01-01-2023,Female,10
2560,ECCDE1,01-01-2023,Male,4
2560,ECCDE1,01-01-2023,Female,6
2560,ECCDE2,01-01-2023,Male,3
2560,ECCDE2,01-01-2023,Female,2
2560,ECCDE3,01-01-2023,Male,3
2560,ECCDE3,01-01-2023,Female,6
2560,PRY1,01-01-2023,Male,18
2560,PRY1,01-01-2023,Female,15
2560,PRY2,01-01-2023,Male,8
2560,PRY2,01-01-2023,Female,8
2560,PRY3,01-01-2023,Male,17
2560,PRY3,01-01-2023,Female,10
2560,PRY4,01-01-2023,Male,16
2560,PRY4,01-01-2023,Female,13
2560,PRY5,01-01-2023,Male,18
2560,PRY5,01-01-2023,Female,17
2560,PRY6,01-01-2023,Male,24
2560,PRY6,01-01-2023,Female,10
2561,ECCDE1,01-01-2023,Male,10
2561,ECCDE1,01-01-2023,Female,4
2561,ECCDE2,01-01-2023,Male,8
2561,ECCDE2,01-01-2023,Female,7
2561,ECCDE3,01-01-2023,Male,6
2561,ECCDE3,01-01-2023,Female,10
2561,PRY1,01-01-2023,Male,12
2561,PRY1,01-01-2023,Female,10
2561,PRY2,01-01-2023,Male,10
2561,PRY2,01-01-2023,Female,10
2561,PRY3,01-01-2023,Male,20
2561,PRY3,01-01-2023,Female,20
2561,PRY4,01-01-2023,Male,18
2561,PRY4,01-01-2023,Female,20
2561,PRY5,01-01-2023,Male,16
2561,PRY5,01-01-2023,Female,16
2561,PRY6,01-01-2023,Male,23
2561,PRY6,01-01-2023,Female,15
2562,ECCDE1,01-01-2023,Male,10
2562,ECCDE1,01-01-2023,Female,10
2562,ECCDE2,01-01-2023,Male,7
2562,ECCDE2,01-01-2023,Female,8
2562,ECCDE3,01-01-2023,Male,9
2562,ECCDE3,01-01-2023,Female,6
2562,PRY1,01-01-2023,Male,7
2562,PRY1,01-01-2023,Female,11
2562,PRY2,01-01-2023,Male,6
2562,PRY2,01-01-2023,Female,6
2562,PRY3,01-01-2023,Male,13
2562,PRY3,01-01-2023,Female,17
2562,PRY4,01-01-2023,Male,11
2562,PRY4,01-01-2023,Female,10
2562,PRY5,01-01-2023,Male,18
2562,PRY5,01-01-2023,Female,17
2562,PRY6,01-01-2023,Male,20
2562,PRY6,01-01-2023,Female,19
2563,ECCDE1,01-01-2023,Male,20
2563,ECCDE1,01-01-2023,Female,10
2563,ECCDE2,01-01-2023,Male,10
2563,ECCDE2,01-01-2023,Female,6
2563,ECCDE3,01-01-2023,Male,14
2563,ECCDE3,01-01-2023,Female,6
2563,PRY1,01-01-2023,Male,15
2563,PRY1,01-01-2023,Female,15
2563,PRY2,01-01-2023,Male,16
2563,PRY2,01-01-2023,Female,16
2563,PRY3,01-01-2023,Male,20
2563,PRY3,01-01-2023,Female,20
2563,PRY4,01-01-2023,Male,20
2563,PRY4,01-01-2023,Female,15
2563,PRY5,01-01-2023,Male,20
2563,PRY5,01-01-2023,Female,12
2563,PRY6,01-01-2023,Male,21
2563,PRY6,01-01-2023,Female,25
2564,ECCDE1,01-01-2023,Male,24
2564,ECCDE1,01-01-2023,Female,19
2564,ECCDE2,01-01-2023,Male,24
2564,ECCDE2,01-01-2023,Female,26
2564,ECCDE3,01-01-2023,Male,21
2564,ECCDE3,01-01-2023,Female,19
2564,PRY1,01-01-2023,Male,33
2564,PRY1,01-01-2023,Female,24
2564,PRY2,01-01-2023,Male,32
2564,PRY2,01-01-2023,Female,32
2564,PRY3,01-01-2023,Male,30
2564,PRY3,01-01-2023,Female,30
2564,PRY4,01-01-2023,Male,35
2564,PRY4,01-01-2023,Female,35
2564,PRY5,01-01-2023,Male,45
2564,PRY5,01-01-2023,Female,44
2564,PRY6,01-01-2023,Male,28
2564,PRY6,01-01-2023,Female,29
2565,ECCDE1,01-01-2023,Male,20
2565,ECCDE1,01-01-2023,Female,18
2565,ECCDE2,01-01-2023,Male,18
2565,ECCDE2,01-01-2023,Female,19
2565,ECCDE3,01-01-2023,Male,19
2565,ECCDE3,01-01-2023,Female,20
2565,PRY1,01-01-2023,Male,14
2565,PRY1,01-01-2023,Female,16
2565,PRY2,01-01-2023,Male,17
2565,PRY2,01-01-2023,Female,17
2565,PRY3,01-01-2023,Male,18
2565,PRY3,01-01-2023,Female,18
2565,PRY4,01-01-2023,Male,16
2565,PRY4,01-01-2023,Female,17
2565,PRY5,01-01-2023,Male,18
2565,PRY5,01-01-2023,Female,17
2565,PRY6,01-01-2023,Male,19
2565,PRY6,01-01-2023,Female,21
2566,ECCDE1,01-01-2023,Male,18
2566,ECCDE1,01-01-2023,Female,14
2566,ECCDE2,01-01-2023,Male,11
2566,ECCDE2,01-01-2023,Female,10
2566,ECCDE3,01-01-2023,Male,13
2566,ECCDE3,01-01-2023,Female,12
2566,PRY1,01-01-2023,Male,14
2566,PRY1,01-01-2023,Female,18
2566,PRY2,01-01-2023,Male,18
2566,PRY2,01-01-2023,Female,18
2566,PRY3,01-01-2023,Male,21
2566,PRY3,01-01-2023,Female,16
2566,PRY4,01-01-2023,Male,17
2566,PRY4,01-01-2023,Female,20
2566,PRY5,01-01-2023,Male,24
2566,PRY5,01-01-2023,Female,19
2566,PRY6,01-01-2023,Male,20
2566,PRY6,01-01-2023,Female,21
2567,ECCDE1,01-01-2023,Male,10
2567,ECCDE1,01-01-2023,Female,10
2567,ECCDE2,01-01-2023,Male,15
2567,ECCDE2,01-01-2023,Female,10
2567,ECCDE3,01-01-2023,Male,15
2567,ECCDE3,01-01-2023,Female,15
2567,PRY1,01-01-2023,Male,10
2567,PRY1,01-01-2023,Female,10
2567,PRY2,01-01-2023,Male,8
2567,PRY2,01-01-2023,Female,8
2567,PRY3,01-01-2023,Male,10
2567,PRY3,01-01-2023,Female,10
2567,PRY4,01-01-2023,Male,8
2567,PRY4,01-01-2023,Female,8
2567,PRY5,01-01-2023,Male,10
2567,PRY5,01-01-2023,Female,10
2567,PRY6,01-01-2023,Male,15
2567,PRY6,01-01-2023,Female,10
2568,ECCDE1,01-01-2023,Male,9
2568,ECCDE1,01-01-2023,Female,11
2568,ECCDE2,01-01-2023,Male,8
2568,ECCDE2,01-01-2023,Female,10
2568,ECCDE3,01-01-2023,Male,10
2568,ECCDE3,01-01-2023,Female,11
2568,PRY1,01-01-2023,Male,15
2568,PRY1,01-01-2023,Female,9
2568,PRY2,01-01-2023,Male,12
2568,PRY2,01-01-2023,Female,12
2568,PRY3,01-01-2023,Male,11
2568,PRY3,01-01-2023,Female,9
2568,PRY4,01-01-2023,Male,14
2568,PRY4,01-01-2023,Female,19
2568,PRY5,01-01-2023,Male,23
2568,PRY5,01-01-2023,Female,8
2568,PRY6,01-01-2023,Male,20
2568,PRY6,01-01-2023,Female,13
2569,ECCDE1,01-01-2023,Male,8
2569,ECCDE1,01-01-2023,Female,5
2569,ECCDE2,01-01-2023,Male,5
2569,ECCDE2,01-01-2023,Female,4
2569,ECCDE3,01-01-2023,Male,7
2569,ECCDE3,01-01-2023,Female,5
2569,PRY1,01-01-2023,Male,10
2569,PRY1,01-01-2023,Female,6
2569,PRY2,01-01-2023,Male,6
2569,PRY2,01-01-2023,Female,6
2569,PRY3,01-01-2023,Male,11
2569,PRY3,01-01-2023,Female,13
2569,PRY4,01-01-2023,Male,12
2569,PRY4,01-01-2023,Female,5
2569,PRY5,01-01-2023,Male,20
2569,PRY5,01-01-2023,Female,10
2569,PRY6,01-01-2023,Male,14
2569,PRY6,01-01-2023,Female,10
2570,ECCDE1,01-01-2023,Male,12
2570,ECCDE1,01-01-2023,Female,7
2570,ECCDE2,01-01-2023,Male,10
2570,ECCDE2,01-01-2023,Female,8
2570,ECCDE3,01-01-2023,Male,9
2570,ECCDE3,01-01-2023,Female,7
2570,PRY1,01-01-2023,Male,7
2570,PRY1,01-01-2023,Female,3
2570,PRY2,01-01-2023,Male,3
2570,PRY2,01-01-2023,Female,3
2570,PRY3,01-01-2023,Male,6
2570,PRY3,01-01-2023,Female,5
2570,PRY4,01-01-2023,Male,5
2570,PRY4,01-01-2023,Female,3
2570,PRY5,01-01-2023,Male,6
2570,PRY5,01-01-2023,Female,3
2570,PRY6,01-01-2023,Male,7
2570,PRY6,01-01-2023,Female,2
2571,ECCDE1,01-01-2023,Male,16
2571,ECCDE1,01-01-2023,Female,20
2571,ECCDE2,01-01-2023,Male,15
2571,ECCDE2,01-01-2023,Female,19
2571,ECCDE3,01-01-2023,Male,14
2571,ECCDE3,01-01-2023,Female,16
2571,PRY1,01-01-2023,Male,4
2571,PRY1,01-01-2023,Female,9
2571,PRY2,01-01-2023,Male,6
2571,PRY2,01-01-2023,Female,6
2571,PRY3,01-01-2023,Male,8
2571,PRY3,01-01-2023,Female,8
2571,PRY4,01-01-2023,Male,10
2571,PRY4,01-01-2023,Female,12
2571,PRY5,01-01-2023,Male,14
2571,PRY5,01-01-2023,Female,7
2571,PRY6,01-01-2023,Male,5
2571,PRY6,01-01-2023,Female,5
2572,ECCDE1,01-01-2023,Male,13
2572,ECCDE1,01-01-2023,Female,3
2572,ECCDE2,01-01-2023,Male,3
2572,ECCDE2,01-01-2023,Female,4
2572,ECCDE3,01-01-2023,Male,0
2572,ECCDE3,01-01-2023,Female,3
2572,PRY1,01-01-2023,Male,10
2572,PRY1,01-01-2023,Female,0
2572,PRY2,01-01-2023,Male,4
2572,PRY2,01-01-2023,Female,5
2572,PRY3,01-01-2023,Male,4
2572,PRY3,01-01-2023,Female,2
2572,PRY4,01-01-2023,Male,0
2572,PRY4,01-01-2023,Female,9
2572,PRY5,01-01-2023,Male,5
2572,PRY5,01-01-2023,Female,7
2572,PRY6,01-01-2023,Male,1
2572,PRY6,01-01-2023,Female,8
2573,ECCDE1,01-01-2023,Male,6
2573,ECCDE1,01-01-2023,Female,8
2573,ECCDE2,01-01-2023,Male,8
2573,ECCDE2,01-01-2023,Female,7
2573,ECCDE3,01-01-2023,Male,6
2573,ECCDE3,01-01-2023,Female,7
2573,PRY1,01-01-2023,Male,7
2573,PRY1,01-01-2023,Female,9
2573,PRY2,01-01-2023,Male,11
2573,PRY2,01-01-2023,Female,10
2573,PRY3,01-01-2023,Male,11
2573,PRY3,01-01-2023,Female,10
2573,PRY4,01-01-2023,Male,10
2573,PRY4,01-01-2023,Female,12
2573,PRY5,01-01-2023,Male,10
2573,PRY5,01-01-2023,Female,9
2573,PRY6,01-01-2023,Male,7
2573,PRY6,01-01-2023,Female,10
2574,ECCDE1,01-01-2023,Male,20
2574,ECCDE1,01-01-2023,Female,26
2574,ECCDE2,01-01-2023,Male,17
2574,ECCDE2,01-01-2023,Female,22
2574,ECCDE3,01-01-2023,Male,18
2574,ECCDE3,01-01-2023,Female,23
2574,PRY1,01-01-2023,Male,14
2574,PRY1,01-01-2023,Female,16
2574,PRY2,01-01-2023,Male,12
2574,PRY2,01-01-2023,Female,18
2574,PRY3,01-01-2023,Male,15
2574,PRY3,01-01-2023,Female,20
2574,PRY4,01-01-2023,Male,11
2574,PRY4,01-01-2023,Female,15
2574,PRY5,01-01-2023,Male,17
2574,PRY5,01-01-2023,Female,18
2574,PRY6,01-01-2023,Male,15
2574,PRY6,01-01-2023,Female,17
2575,ECCDE1,01-01-2023,Male,3
2575,ECCDE1,01-01-2023,Female,3
2575,ECCDE2,01-01-2023,Male,3
2575,ECCDE2,01-01-2023,Female,3
2575,ECCDE3,01-01-2023,Male,6
2575,ECCDE3,01-01-2023,Female,3
2575,PRY1,01-01-2023,Male,7
2575,PRY1,01-01-2023,Female,6
2575,PRY2,01-01-2023,Male,5
2575,PRY2,01-01-2023,Female,6
2575,PRY3,01-01-2023,Male,4
2575,PRY3,01-01-2023,Female,7
2575,PRY4,01-01-2023,Male,8
2575,PRY4,01-01-2023,Female,5
2575,PRY5,01-01-2023,Male,7
2575,PRY5,01-01-2023,Female,5
2575,PRY6,01-01-2023,Male,10
2575,PRY6,01-01-2023,Female,14
2576,ECCDE1,01-01-2023,Male,8
2576,ECCDE1,01-01-2023,Female,7
2576,ECCDE2,01-01-2023,Male,6
2576,ECCDE2,01-01-2023,Female,9
2576,ECCDE3,01-01-2023,Male,6
2576,ECCDE3,01-01-2023,Female,6
2576,PRY1,01-01-2023,Male,7
2576,PRY1,01-01-2023,Female,7
2576,PRY2,01-01-2023,Male,3
2576,PRY2,01-01-2023,Female,5
2576,PRY3,01-01-2023,Male,10
2576,PRY3,01-01-2023,Female,10
2576,PRY4,01-01-2023,Male,1
2576,PRY4,01-01-2023,Female,3
2576,PRY5,01-01-2023,Male,8
2576,PRY5,01-01-2023,Female,7
2576,PRY6,01-01-2023,Male,7
2576,PRY6,01-01-2023,Female,3
2577,ECCDE1,01-01-2023,Male,13
2577,ECCDE1,01-01-2023,Female,12
2577,ECCDE2,01-01-2023,Male,10
2577,ECCDE2,01-01-2023,Female,11
2577,ECCDE3,01-01-2023,Male,8
2577,ECCDE3,01-01-2023,Female,12
2577,PRY1,01-01-2023,Male,8
2577,PRY1,01-01-2023,Female,5
2577,PRY2,01-01-2023,Male,5
2577,PRY2,01-01-2023,Female,7
2577,PRY3,01-01-2023,Male,14
2577,PRY3,01-01-2023,Female,3
2577,PRY4,01-01-2023,Male,3
2577,PRY4,01-01-2023,Female,9
2577,PRY5,01-01-2023,Male,6
2577,PRY5,01-01-2023,Female,8
2577,PRY6,01-01-2023,Male,17
2577,PRY6,01-01-2023,Female,12
2578,ECCDE1,01-01-2023,Male,7
2578,ECCDE1,01-01-2023,Female,7
2578,ECCDE2,01-01-2023,Male,5
2578,ECCDE2,01-01-2023,Female,5
2578,ECCDE3,01-01-2023,Male,6
2578,ECCDE3,01-01-2023,Female,6
2578,PRY1,01-01-2023,Male,4
2578,PRY1,01-01-2023,Female,3
2578,PRY2,01-01-2023,Male,5
2578,PRY2,01-01-2023,Female,5
2578,PRY3,01-01-2023,Male,6
2578,PRY3,01-01-2023,Female,4
2578,PRY4,01-01-2023,Male,5
2578,PRY4,01-01-2023,Female,5
2578,PRY5,01-01-2023,Male,4
2578,PRY5,01-01-2023,Female,4
2578,PRY6,01-01-2023,Male,6
2578,PRY6,01-01-2023,Female,4
2579,ECCDE1,01-01-2023,Male,8
2579,ECCDE1,01-01-2023,Female,8
2579,ECCDE2,01-01-2023,Male,7
2579,ECCDE2,01-01-2023,Female,6
2579,ECCDE3,01-01-2023,Male,4
2579,ECCDE3,01-01-2023,Female,3
2579,PRY1,01-01-2023,Male,5
2579,PRY1,01-01-2023,Female,8
2579,PRY2,01-01-2023,Male,6
2579,PRY2,01-01-2023,Female,5
2579,PRY3,01-01-2023,Male,11
2579,PRY3,01-01-2023,Female,14
2579,PRY4,01-01-2023,Male,9
2579,PRY4,01-01-2023,Female,7
2579,PRY5,01-01-2023,Male,5
2579,PRY5,01-01-2023,Female,7
2579,PRY6,01-01-2023,Male,14
2579,PRY6,01-01-2023,Female,20
2580,ECCDE1,01-01-2023,Male,26
2580,ECCDE1,01-01-2023,Female,11
2580,ECCDE2,01-01-2023,Male,6
2580,ECCDE2,01-01-2023,Female,7
2580,ECCDE3,01-01-2023,Male,12
2580,ECCDE3,01-01-2023,Female,10
2580,PRY1,01-01-2023,Male,12
2580,PRY1,01-01-2023,Female,15
2580,PRY2,01-01-2023,Male,7
2580,PRY2,01-01-2023,Female,7
2580,PRY3,01-01-2023,Male,9
2580,PRY3,01-01-2023,Female,11
2580,PRY4,01-01-2023,Male,12
2580,PRY4,01-01-2023,Female,17
2580,PRY5,01-01-2023,Male,18
2580,PRY5,01-01-2023,Female,16
2580,PRY6,01-01-2023,Male,12
2580,PRY6,01-01-2023,Female,13
2581,ECCDE1,01-01-2023,Male,56
2581,ECCDE1,01-01-2023,Female,43
2581,ECCDE2,01-01-2023,Male,32
2581,ECCDE2,01-01-2023,Female,26
2581,ECCDE3,01-01-2023,Male,32
2581,ECCDE3,01-01-2023,Female,26
2581,PRY1,01-01-2023,Male,30
2581,PRY1,01-01-2023,Female,32
2581,PRY2,01-01-2023,Male,28
2581,PRY2,01-01-2023,Female,36
2581,PRY3,01-01-2023,Male,38
2581,PRY3,01-01-2023,Female,28
2581,PRY4,01-01-2023,Male,37
2581,PRY4,01-01-2023,Female,29
2581,PRY5,01-01-2023,Male,20
2581,PRY5,01-01-2023,Female,44
2581,PRY6,01-01-2023,Male,42
2581,PRY6,01-01-2023,Female,32
2582,ECCDE1,01-01-2023,Male,15
2582,ECCDE1,01-01-2023,Female,10
2582,ECCDE2,01-01-2023,Male,20
2582,ECCDE2,01-01-2023,Female,13
2582,ECCDE3,01-01-2023,Male,12
2582,ECCDE3,01-01-2023,Female,13
2582,PRY1,01-01-2023,Male,6
2582,PRY1,01-01-2023,Female,5
2582,PRY2,01-01-2023,Male,4
2582,PRY2,01-01-2023,Female,7
2582,PRY3,01-01-2023,Male,6
2582,PRY3,01-01-2023,Female,7
2582,PRY4,01-01-2023,Male,5
2582,PRY4,01-01-2023,Female,4
2582,PRY5,01-01-2023,Male,11
2582,PRY5,01-01-2023,Female,3
2582,PRY6,01-01-2023,Male,5
2582,PRY6,01-01-2023,Female,8
2583,ECCDE1,01-01-2023,Male,13
2583,ECCDE1,01-01-2023,Female,13
2583,ECCDE2,01-01-2023,Male,9
2583,ECCDE2,01-01-2023,Female,3
2583,ECCDE3,01-01-2023,Male,7
2583,ECCDE3,01-01-2023,Female,6
2583,PRY1,01-01-2023,Male,8
2583,PRY1,01-01-2023,Female,8
2583,PRY2,01-01-2023,Male,9
2583,PRY2,01-01-2023,Female,8
2583,PRY3,01-01-2023,Male,13
2583,PRY3,01-01-2023,Female,12
2583,PRY4,01-01-2023,Male,8
2583,PRY4,01-01-2023,Female,13
2583,PRY5,01-01-2023,Male,20
2583,PRY5,01-01-2023,Female,13
2583,PRY6,01-01-2023,Male,12
2583,PRY6,01-01-2023,Female,11
2584,ECCDE1,01-01-2023,Male,8
2584,ECCDE1,01-01-2023,Female,8
2584,ECCDE2,01-01-2023,Male,11
2584,ECCDE2,01-01-2023,Female,11
2584,ECCDE3,01-01-2023,Male,7
2584,ECCDE3,01-01-2023,Female,7
2584,PRY1,01-01-2023,Male,12
2584,PRY1,01-01-2023,Female,8
2584,PRY2,01-01-2023,Male,12
2584,PRY2,01-01-2023,Female,12
2584,PRY3,01-01-2023,Male,12
2584,PRY3,01-01-2023,Female,14
2584,PRY4,01-01-2023,Male,11
2584,PRY4,01-01-2023,Female,13
2584,PRY5,01-01-2023,Male,15
2584,PRY5,01-01-2023,Female,11
2584,PRY6,01-01-2023,Male,13
2584,PRY6,01-01-2023,Female,9
2585,ECCDE1,01-01-2023,Male,9
2585,ECCDE1,01-01-2023,Female,7
2585,ECCDE2,01-01-2023,Male,8
2585,ECCDE2,01-01-2023,Female,10
2585,ECCDE3,01-01-2023,Male,15
2585,ECCDE3,01-01-2023,Female,10
2585,PRY1,01-01-2023,Male,7
2585,PRY1,01-01-2023,Female,2
2585,PRY2,01-01-2023,Male,6
2585,PRY2,01-01-2023,Female,6
2585,PRY3,01-01-2023,Male,11
2585,PRY3,01-01-2023,Female,4
2585,PRY4,01-01-2023,Male,4
2585,PRY4,01-01-2023,Female,6
2585,PRY5,01-01-2023,Male,6
2585,PRY5,01-01-2023,Female,6
2585,PRY6,01-01-2023,Male,10
2585,PRY6,01-01-2023,Female,9
2586,ECCDE1,01-01-2023,Male,5
2586,ECCDE1,01-01-2023,Female,10
2586,ECCDE2,01-01-2023,Male,8
2586,ECCDE2,01-01-2023,Female,5
2586,ECCDE3,01-01-2023,Male,7
2586,ECCDE3,01-01-2023,Female,8
2586,PRY1,01-01-2023,Male,10
2586,PRY1,01-01-2023,Female,20
2586,PRY2,01-01-2023,Male,20
2586,PRY2,01-01-2023,Female,10
2586,PRY3,01-01-2023,Male,8
2586,PRY3,01-01-2023,Female,22
2586,PRY4,01-01-2023,Male,15
2586,PRY4,01-01-2023,Female,15
2586,PRY5,01-01-2023,Male,9
2586,PRY5,01-01-2023,Female,19
2586,PRY6,01-01-2023,Male,9
2586,PRY6,01-01-2023,Female,13
2587,ECCDE1,01-01-2023,Male,10
2587,ECCDE1,01-01-2023,Female,8
2587,ECCDE2,01-01-2023,Male,10
2587,ECCDE2,01-01-2023,Female,5
2587,ECCDE3,01-01-2023,Male,10
2587,ECCDE3,01-01-2023,Female,5
2587,PRY1,01-01-2023,Male,11
2587,PRY1,01-01-2023,Female,9
2587,PRY2,01-01-2023,Male,10
2587,PRY2,01-01-2023,Female,8
2587,PRY3,01-01-2023,Male,12
2587,PRY3,01-01-2023,Female,10
2587,PRY4,01-01-2023,Male,10
2587,PRY4,01-01-2023,Female,7
2587,PRY5,01-01-2023,Male,10
2587,PRY5,01-01-2023,Female,5
2587,PRY6,01-01-2023,Male,10
2587,PRY6,01-01-2023,Female,8
2588,ECCDE1,01-01-2023,Male,10
2588,ECCDE1,01-01-2023,Female,18
2588,ECCDE2,01-01-2023,Male,8
2588,ECCDE2,01-01-2023,Female,13
2588,ECCDE3,01-01-2023,Male,6
2588,ECCDE3,01-01-2023,Female,9
2588,PRY1,01-01-2023,Male,6
2588,PRY1,01-01-2023,Female,6
2588,PRY2,01-01-2023,Male,11
2588,PRY2,01-01-2023,Female,12
2588,PRY3,01-01-2023,Male,12
2588,PRY3,01-01-2023,Female,8
2588,PRY4,01-01-2023,Male,10
2588,PRY4,01-01-2023,Female,12
2588,PRY5,01-01-2023,Male,12
2588,PRY5,01-01-2023,Female,16
2588,PRY6,01-01-2023,Male,14
2588,PRY6,01-01-2023,Female,12
2589,ECCDE1,01-01-2023,Male,17
2589,ECCDE1,01-01-2023,Female,10
2589,ECCDE2,01-01-2023,Male,16
2589,ECCDE2,01-01-2023,Female,20
2589,ECCDE3,01-01-2023,Male,20
2589,ECCDE3,01-01-2023,Female,15
2589,PRY1,01-01-2023,Male,12
2589,PRY1,01-01-2023,Female,9
2589,PRY2,01-01-2023,Male,17
2589,PRY2,01-01-2023,Female,13
2589,PRY3,01-01-2023,Male,13
2589,PRY3,01-01-2023,Female,16
2589,PRY4,01-01-2023,Male,15
2589,PRY4,01-01-2023,Female,18
2589,PRY5,01-01-2023,Male,9
2589,PRY5,01-01-2023,Female,10
2589,PRY6,01-01-2023,Male,16
2589,PRY6,01-01-2023,Female,13
2590,ECCDE1,01-01-2023,Male,12
2590,ECCDE1,01-01-2023,Female,10
2590,ECCDE2,01-01-2023,Male,10
2590,ECCDE2,01-01-2023,Female,5
2590,ECCDE3,01-01-2023,Male,13
2590,ECCDE3,01-01-2023,Female,10
2590,PRY1,01-01-2023,Male,10
2590,PRY1,01-01-2023,Female,6
2590,PRY2,01-01-2023,Male,12
2590,PRY2,01-01-2023,Female,10
2590,PRY3,01-01-2023,Male,10
2590,PRY3,01-01-2023,Female,5
2590,PRY4,01-01-2023,Male,10
2590,PRY4,01-01-2023,Female,8
2590,PRY5,01-01-2023,Male,10
2590,PRY5,01-01-2023,Female,10
2590,PRY6,01-01-2023,Male,11
2590,PRY6,01-01-2023,Female,12
2591,ECCDE1,01-01-2023,Male,4
2591,ECCDE1,01-01-2023,Female,6
2591,ECCDE2,01-01-2023,Male,5
2591,ECCDE2,01-01-2023,Female,6
2591,ECCDE3,01-01-2023,Male,3
2591,ECCDE3,01-01-2023,Female,6
2591,PRY1,01-01-2023,Male,4
2591,PRY1,01-01-2023,Female,8
2591,PRY2,01-01-2023,Male,5
2591,PRY2,01-01-2023,Female,7
2591,PRY3,01-01-2023,Male,5
2591,PRY3,01-01-2023,Female,5
2591,PRY4,01-01-2023,Male,12
2591,PRY4,01-01-2023,Female,8
2591,PRY5,01-01-2023,Male,11
2591,PRY5,01-01-2023,Female,7
2591,PRY6,01-01-2023,Male,10
2591,PRY6,01-01-2023,Female,10
2592,ECCDE1,01-01-2023,Male,9
2592,ECCDE1,01-01-2023,Female,11
2592,ECCDE2,01-01-2023,Male,11
2592,ECCDE2,01-01-2023,Female,10
2592,ECCDE3,01-01-2023,Male,6
2592,ECCDE3,01-01-2023,Female,10
2592,PRY1,01-01-2023,Male,11
2592,PRY1,01-01-2023,Female,9
2592,PRY2,01-01-2023,Male,10
2592,PRY2,01-01-2023,Female,11
2592,PRY3,01-01-2023,Male,6
2592,PRY3,01-01-2023,Female,9
2592,PRY4,01-01-2023,Male,17
2592,PRY4,01-01-2023,Female,5
2592,PRY5,01-01-2023,Male,8
2592,PRY5,01-01-2023,Female,12
2592,PRY6,01-01-2023,Male,12
2592,PRY6,01-01-2023,Female,16
2593,ECCDE1,01-01-2023,Male,7
2593,ECCDE1,01-01-2023,Female,7
2593,ECCDE2,01-01-2023,Male,4
2593,ECCDE2,01-01-2023,Female,7
2593,ECCDE3,01-01-2023,Male,6
2593,ECCDE3,01-01-2023,Female,4
2593,PRY1,01-01-2023,Male,10
2593,PRY1,01-01-2023,Female,5
2593,PRY2,01-01-2023,Male,5
2593,PRY2,01-01-2023,Female,6
2593,PRY3,01-01-2023,Male,4
2593,PRY3,01-01-2023,Female,5
2593,PRY4,01-01-2023,Male,4
2593,PRY4,01-01-2023,Female,4
2593,PRY5,01-01-2023,Male,5
2593,PRY5,01-01-2023,Female,4
2593,PRY6,01-01-2023,Male,7
2593,PRY6,01-01-2023,Female,1
2594,ECCDE1,01-01-2023,Male,8
2594,ECCDE1,01-01-2023,Female,12
2594,ECCDE2,01-01-2023,Male,10
2594,ECCDE2,01-01-2023,Female,10
2594,ECCDE3,01-01-2023,Male,13
2594,ECCDE3,01-01-2023,Female,10
2594,PRY1,01-01-2023,Male,12
2594,PRY1,01-01-2023,Female,11
2594,PRY2,01-01-2023,Male,14
2594,PRY2,01-01-2023,Female,8
2594,PRY3,01-01-2023,Male,16
2594,PRY3,01-01-2023,Female,10
2594,PRY4,01-01-2023,Male,16
2594,PRY4,01-01-2023,Female,20
2594,PRY5,01-01-2023,Male,16
2594,PRY5,01-01-2023,Female,15
2594,PRY6,01-01-2023,Male,19
2594,PRY6,01-01-2023,Female,16
2596,ECCDE1,01-01-2023,Male,9
2596,ECCDE1,01-01-2023,Female,16
2596,ECCDE2,01-01-2023,Male,13
2596,ECCDE2,01-01-2023,Female,15
2596,ECCDE3,01-01-2023,Male,15
2596,ECCDE3,01-01-2023,Female,14
2596,PRY1,01-01-2023,Male,10
2596,PRY1,01-01-2023,Female,13
2596,PRY2,01-01-2023,Male,17
2596,PRY2,01-01-2023,Female,13
2596,PRY3,01-01-2023,Male,14
2596,PRY3,01-01-2023,Female,17
2596,PRY4,01-01-2023,Male,15
2596,PRY4,01-01-2023,Female,19
2596,PRY5,01-01-2023,Male,17
2596,PRY5,01-01-2023,Female,16
2596,PRY6,01-01-2023,Male,16
2596,PRY6,01-01-2023,Female,18
2597,ECCDE1,01-01-2023,Male,18
2597,ECCDE1,01-01-2023,Female,6
2597,ECCDE2,01-01-2023,Male,6
2597,ECCDE2,01-01-2023,Female,3
2597,ECCDE3,01-01-2023,Male,8
2597,ECCDE3,01-01-2023,Female,2
2597,PRY1,01-01-2023,Male,7
2597,PRY1,01-01-2023,Female,5
2597,PRY2,01-01-2023,Male,8
2597,PRY2,01-01-2023,Female,6
2597,PRY3,01-01-2023,Male,5
2597,PRY3,01-01-2023,Female,2
2597,PRY4,01-01-2023,Male,8
2597,PRY4,01-01-2023,Female,8
2597,PRY5,01-01-2023,Male,9
2597,PRY5,01-01-2023,Female,2
2597,PRY6,01-01-2023,Male,9
2597,PRY6,01-01-2023,Female,6
2598,ECCDE1,01-01-2023,Male,20
2598,ECCDE1,01-01-2023,Female,10
2598,ECCDE2,01-01-2023,Male,13
2598,ECCDE2,01-01-2023,Female,12
2598,ECCDE3,01-01-2023,Male,11
2598,ECCDE3,01-01-2023,Female,11
2598,PRY1,01-01-2023,Male,11
2598,PRY1,01-01-2023,Female,5
2598,PRY2,01-01-2023,Male,20
2598,PRY2,01-01-2023,Female,16
2598,PRY3,01-01-2023,Male,22
2598,PRY3,01-01-2023,Female,18
2598,PRY4,01-01-2023,Male,16
2598,PRY4,01-01-2023,Female,13
2598,PRY5,01-01-2023,Male,14
2598,PRY5,01-01-2023,Female,20
2598,PRY6,01-01-2023,Male,13
2598,PRY6,01-01-2023,Female,8
2599,ECCDE1,01-01-2023,Male,3
2599,ECCDE1,01-01-2023,Female,1
2599,ECCDE2,01-01-2023,Male,2
2599,ECCDE2,01-01-2023,Female,1
2599,ECCDE3,01-01-2023,Male,1
2599,ECCDE3,01-01-2023,Female,2
2599,PRY1,01-01-2023,Male,0
2599,PRY1,01-01-2023,Female,1
2599,PRY2,01-01-2023,Male,1
2599,PRY2,01-01-2023,Female,0
2599,PRY3,01-01-2023,Male,1
2599,PRY3,01-01-2023,Female,0
2599,PRY4,01-01-2023,Male,0
2599,PRY4,01-01-2023,Female,1
2599,PRY5,01-01-2023,Male,0
2599,PRY5,01-01-2023,Female,2
2599,PRY6,01-01-2023,Male,1
2599,PRY6,01-01-2023,Female,1
2600,ECCDE1,01-01-2023,Male,8
2600,ECCDE1,01-01-2023,Female,6
2600,ECCDE2,01-01-2023,Male,6
2600,ECCDE2,01-01-2023,Female,6
2600,ECCDE3,01-01-2023,Male,6
2600,ECCDE3,01-01-2023,Female,5
2600,PRY1,01-01-2023,Male,8
2600,PRY1,01-01-2023,Female,2
2600,PRY2,01-01-2023,Male,4
2600,PRY2,01-01-2023,Female,11
2600,PRY3,01-01-2023,Male,11
2600,PRY3,01-01-2023,Female,8
2600,PRY4,01-01-2023,Male,17
2600,PRY4,01-01-2023,Female,9
2600,PRY5,01-01-2023,Male,10
2600,PRY5,01-01-2023,Female,8
2600,PRY6,01-01-2023,Male,15
2600,PRY6,01-01-2023,Female,11
2601,ECCDE1,01-01-2023,Male,5
2601,ECCDE1,01-01-2023,Female,5
2601,ECCDE2,01-01-2023,Male,6
2601,ECCDE2,01-01-2023,Female,4
2601,ECCDE3,01-01-2023,Male,7
2601,ECCDE3,01-01-2023,Female,9
2601,PRY1,01-01-2023,Male,5
2601,PRY1,01-01-2023,Female,5
2601,PRY2,01-01-2023,Male,4
2601,PRY2,01-01-2023,Female,4
2601,PRY3,01-01-2023,Male,4
2601,PRY3,01-01-2023,Female,5
2601,PRY4,01-01-2023,Male,15
2601,PRY4,01-01-2023,Female,2
2601,PRY5,01-01-2023,Male,7
2601,PRY5,01-01-2023,Female,5
2601,PRY6,01-01-2023,Male,5
2601,PRY6,01-01-2023,Female,12
2602,ECCDE1,01-01-2023,Male,8
2602,ECCDE1,01-01-2023,Female,9
2602,ECCDE2,01-01-2023,Male,5
2602,ECCDE2,01-01-2023,Female,5
2602,ECCDE3,01-01-2023,Male,8
2602,ECCDE3,01-01-2023,Female,5
2602,PRY1,01-01-2023,Male,9
2602,PRY1,01-01-2023,Female,9
2602,PRY2,01-01-2023,Male,11
2602,PRY2,01-01-2023,Female,8
2602,PRY3,01-01-2023,Male,13
2602,PRY3,01-01-2023,Female,14
2602,PRY4,01-01-2023,Male,8
2602,PRY4,01-01-2023,Female,11
2602,PRY5,01-01-2023,Male,7
2602,PRY5,01-01-2023,Female,9
2602,PRY6,01-01-2023,Male,10
2602,PRY6,01-01-2023,Female,11
2603,ECCDE1,01-01-2023,Male,2
2603,ECCDE1,01-01-2023,Female,3
2603,ECCDE2,01-01-2023,Male,0
2603,ECCDE2,01-01-2023,Female,3
2603,ECCDE3,01-01-2023,Male,4
2603,ECCDE3,01-01-2023,Female,5
2603,PRY1,01-01-2023,Male,5
2603,PRY1,01-01-2023,Female,2
2603,PRY2,01-01-2023,Male,4
2603,PRY2,01-01-2023,Female,4
2603,PRY3,01-01-2023,Male,7
2603,PRY3,01-01-2023,Female,5
2603,PRY4,01-01-2023,Male,6
2603,PRY4,01-01-2023,Female,6
2603,PRY5,01-01-2023,Male,4
2603,PRY5,01-01-2023,Female,1
2603,PRY6,01-01-2023,Male,5
2603,PRY6,01-01-2023,Female,4
2604,ECCDE1,01-01-2023,Male,5
2604,ECCDE1,01-01-2023,Female,5
2604,ECCDE2,01-01-2023,Male,5
2604,ECCDE2,01-01-2023,Female,5
2604,ECCDE3,01-01-2023,Male,4
2604,ECCDE3,01-01-2023,Female,6
2604,PRY1,01-01-2023,Male,8
2604,PRY1,01-01-2023,Female,11
2604,PRY2,01-01-2023,Male,5
2604,PRY2,01-01-2023,Female,7
2604,PRY3,01-01-2023,Male,4
2604,PRY3,01-01-2023,Female,9
2604,PRY4,01-01-2023,Male,2
2604,PRY4,01-01-2023,Female,5
2604,PRY5,01-01-2023,Male,4
2604,PRY5,01-01-2023,Female,8
2604,PRY6,01-01-2023,Male,3
2604,PRY6,01-01-2023,Female,4
2605,ECCDE1,01-01-2023,Male,17
2605,ECCDE1,01-01-2023,Female,20
2605,ECCDE2,01-01-2023,Male,15
2605,ECCDE2,01-01-2023,Female,17
2605,ECCDE3,01-01-2023,Male,18
2605,ECCDE3,01-01-2023,Female,15
2605,PRY1,01-01-2023,Male,13
2605,PRY1,01-01-2023,Female,14
2605,PRY2,01-01-2023,Male,15
2605,PRY2,01-01-2023,Female,17
2605,PRY3,01-01-2023,Male,19
2605,PRY3,01-01-2023,Female,20
2605,PRY4,01-01-2023,Male,30
2605,PRY4,01-01-2023,Female,17
2605,PRY5,01-01-2023,Male,15
2605,PRY5,01-01-2023,Female,20
2605,PRY6,01-01-2023,Male,26
2605,PRY6,01-01-2023,Female,26
2606,ECCDE1,01-01-2023,Male,10
2606,ECCDE1,01-01-2023,Female,10
2606,ECCDE2,01-01-2023,Male,5
2606,ECCDE2,01-01-2023,Female,5
2606,ECCDE3,01-01-2023,Male,3
2606,ECCDE3,01-01-2023,Female,4
2606,PRY1,01-01-2023,Male,5
2606,PRY1,01-01-2023,Female,8
2606,PRY2,01-01-2023,Male,12
2606,PRY2,01-01-2023,Female,8
2606,PRY3,01-01-2023,Male,8
2606,PRY3,01-01-2023,Female,7
2606,PRY4,01-01-2023,Male,10
2606,PRY4,01-01-2023,Female,10
2606,PRY5,01-01-2023,Male,10
2606,PRY5,01-01-2023,Female,15
2606,PRY6,01-01-2023,Male,20
2606,PRY6,01-01-2023,Female,12
2607,ECCDE1,01-01-2023,Male,9
2607,ECCDE1,01-01-2023,Female,12
2607,ECCDE2,01-01-2023,Male,9
2607,ECCDE2,01-01-2023,Female,8
2607,ECCDE3,01-01-2023,Male,11
2607,ECCDE3,01-01-2023,Female,8
2607,PRY1,01-01-2023,Male,5
2607,PRY1,01-01-2023,Female,7
2607,PRY2,01-01-2023,Male,12
2607,PRY2,01-01-2023,Female,14
2607,PRY3,01-01-2023,Male,10
2607,PRY3,01-01-2023,Female,10
2607,PRY4,01-01-2023,Male,10
2607,PRY4,01-01-2023,Female,12
2607,PRY5,01-01-2023,Male,17
2607,PRY5,01-01-2023,Female,13
2607,PRY6,01-01-2023,Male,18
2607,PRY6,01-01-2023,Female,13
2608,ECCDE1,01-01-2023,Male,1
2608,ECCDE1,01-01-2023,Female,7
2608,ECCDE2,01-01-2023,Male,2
2608,ECCDE2,01-01-2023,Female,1
2608,ECCDE3,01-01-2023,Male,3
2608,ECCDE3,01-01-2023,Female,7
2608,PRY1,01-01-2023,Male,2
2608,PRY1,01-01-2023,Female,14
2608,PRY2,01-01-2023,Male,10
2608,PRY2,01-01-2023,Female,4
2608,PRY3,01-01-2023,Male,4
2608,PRY3,01-01-2023,Female,6
2608,PRY4,01-01-2023,Male,11
2608,PRY4,01-01-2023,Female,6
2608,PRY5,01-01-2023,Male,6
2608,PRY5,01-01-2023,Female,4
2608,PRY6,01-01-2023,Male,9
2608,PRY6,01-01-2023,Female,8
2609,ECCDE1,01-01-2023,Male,30
2609,ECCDE1,01-01-2023,Female,30
2609,ECCDE2,01-01-2023,Male,30
2609,ECCDE2,01-01-2023,Female,30
2609,ECCDE3,01-01-2023,Male,30
2609,ECCDE3,01-01-2023,Female,30
2609,PRY1,01-01-2023,Male,10
2609,PRY1,01-01-2023,Female,10
2609,PRY2,01-01-2023,Male,10
2609,PRY2,01-01-2023,Female,10
2609,PRY3,01-01-2023,Male,10
2609,PRY3,01-01-2023,Female,15
2609,PRY4,01-01-2023,Male,15
2609,PRY4,01-01-2023,Female,10
2609,PRY5,01-01-2023,Male,15
2609,PRY5,01-01-2023,Female,10
2609,PRY6,01-01-2023,Male,10
2609,PRY6,01-01-2023,Female,15
2610,ECCDE1,01-01-2023,Male,20
2610,ECCDE1,01-01-2023,Female,17
2610,ECCDE2,01-01-2023,Male,10
2610,ECCDE2,01-01-2023,Female,8
2610,ECCDE3,01-01-2023,Male,12
2610,ECCDE3,01-01-2023,Female,9
2610,PRY1,01-01-2023,Male,15
2610,PRY1,01-01-2023,Female,10
2610,PRY2,01-01-2023,Male,18
2610,PRY2,01-01-2023,Female,12
2610,PRY3,01-01-2023,Male,20
2610,PRY3,01-01-2023,Female,10
2610,PRY4,01-01-2023,Male,16
2610,PRY4,01-01-2023,Female,12
2610,PRY5,01-01-2023,Male,15
2610,PRY5,01-01-2023,Female,8
2610,PRY6,01-01-2023,Male,20
2610,PRY6,01-01-2023,Female,10
2611,ECCDE1,01-01-2023,Male,2
2611,ECCDE1,01-01-2023,Female,5
2611,ECCDE2,01-01-2023,Male,6
2611,ECCDE2,01-01-2023,Female,6
2611,ECCDE3,01-01-2023,Male,8
2611,ECCDE3,01-01-2023,Female,3
2611,PRY1,01-01-2023,Male,6
2611,PRY1,01-01-2023,Female,4
2611,PRY2,01-01-2023,Male,6
2611,PRY2,01-01-2023,Female,8
2611,PRY3,01-01-2023,Male,5
2611,PRY3,01-01-2023,Female,5
2611,PRY4,01-01-2023,Male,7
2611,PRY4,01-01-2023,Female,8
2611,PRY5,01-01-2023,Male,8
2611,PRY5,01-01-2023,Female,12
2611,PRY6,01-01-2023,Male,11
2611,PRY6,01-01-2023,Female,13
2612,ECCDE1,01-01-2023,Male,4
2612,ECCDE1,01-01-2023,Female,3
2612,ECCDE2,01-01-2023,Male,3
2612,ECCDE2,01-01-2023,Female,3
2612,ECCDE3,01-01-2023,Male,6
2612,ECCDE3,01-01-2023,Female,3
2612,PRY1,01-01-2023,Male,3
2612,PRY1,01-01-2023,Female,2
2612,PRY2,01-01-2023,Male,5
2612,PRY2,01-01-2023,Female,3
2612,PRY3,01-01-2023,Male,5
2612,PRY3,01-01-2023,Female,3
2612,PRY4,01-01-2023,Male,8
2612,PRY4,01-01-2023,Female,2
2612,PRY5,01-01-2023,Male,6
2612,PRY5,01-01-2023,Female,4
2612,PRY6,01-01-2023,Male,10
2612,PRY6,01-01-2023,Female,4
2613,ECCDE1,01-01-2023,Male,10
2613,ECCDE1,01-01-2023,Female,10
2613,ECCDE2,01-01-2023,Male,10
2613,ECCDE2,01-01-2023,Female,10
2613,ECCDE3,01-01-2023,Male,5
2613,ECCDE3,01-01-2023,Female,5
2613,PRY1,01-01-2023,Male,10
2613,PRY1,01-01-2023,Female,5
2613,PRY2,01-01-2023,Male,10
2613,PRY2,01-01-2023,Female,10
2613,PRY3,01-01-2023,Male,10
2613,PRY3,01-01-2023,Female,6
2613,PRY4,01-01-2023,Male,10
2613,PRY4,01-01-2023,Female,10
2613,PRY5,01-01-2023,Male,9
2613,PRY5,01-01-2023,Female,9
2613,PRY6,01-01-2023,Male,20
2613,PRY6,01-01-2023,Female,15
2614,ECCDE1,01-01-2023,Male,4
2614,ECCDE1,01-01-2023,Female,6
2614,ECCDE2,01-01-2023,Male,3
2614,ECCDE2,01-01-2023,Female,7
2614,ECCDE3,01-01-2023,Male,3
2614,ECCDE3,01-01-2023,Female,2
2614,PRY1,01-01-2023,Male,4
2614,PRY1,01-01-2023,Female,3
2614,PRY2,01-01-2023,Male,3
2614,PRY2,01-01-2023,Female,8
2614,PRY3,01-01-2023,Male,5
2614,PRY3,01-01-2023,Female,4
2614,PRY4,01-01-2023,Male,4
2614,PRY4,01-01-2023,Female,3
2614,PRY5,01-01-2023,Male,5
2614,PRY5,01-01-2023,Female,5
2614,PRY6,01-01-2023,Male,7
2614,PRY6,01-01-2023,Female,4
2615,ECCDE1,01-01-2023,Male,5
2615,ECCDE1,01-01-2023,Female,10
2615,ECCDE2,01-01-2023,Male,11
2615,ECCDE2,01-01-2023,Female,17
2615,ECCDE3,01-01-2023,Male,5
2615,ECCDE3,01-01-2023,Female,20
2615,PRY1,01-01-2023,Male,8
2615,PRY1,01-01-2023,Female,7
2615,PRY2,01-01-2023,Male,7
2615,PRY2,01-01-2023,Female,4
2615,PRY3,01-01-2023,Male,9
2615,PRY3,01-01-2023,Female,7
2615,PRY4,01-01-2023,Male,8
2615,PRY4,01-01-2023,Female,4
2615,PRY5,01-01-2023,Male,10
2615,PRY5,01-01-2023,Female,11
2615,PRY6,01-01-2023,Male,15
2615,PRY6,01-01-2023,Female,8
2616,ECCDE1,01-01-2023,Male,8
2616,ECCDE1,01-01-2023,Female,12
2616,ECCDE2,01-01-2023,Male,10
2616,ECCDE2,01-01-2023,Female,6
2616,ECCDE3,01-01-2023,Male,12
2616,ECCDE3,01-01-2023,Female,14
2616,PRY1,01-01-2023,Male,12
2616,PRY1,01-01-2023,Female,4
2616,PRY2,01-01-2023,Male,10
2616,PRY2,01-01-2023,Female,6
2616,PRY3,01-01-2023,Male,14
2616,PRY3,01-01-2023,Female,6
2616,PRY4,01-01-2023,Male,10
2616,PRY4,01-01-2023,Female,8
2616,PRY5,01-01-2023,Male,17
2616,PRY5,01-01-2023,Female,14
2616,PRY6,01-01-2023,Male,14
2616,PRY6,01-01-2023,Female,20
2617,ECCDE1,01-01-2023,Male,4
2617,ECCDE1,01-01-2023,Female,6
2617,ECCDE2,01-01-2023,Male,5
2617,ECCDE2,01-01-2023,Female,5
2617,ECCDE3,01-01-2023,Male,3
2617,ECCDE3,01-01-2023,Female,7
2617,PRY1,01-01-2023,Male,1
2617,PRY1,01-01-2023,Female,0
2617,PRY2,01-01-2023,Male,0
2617,PRY2,01-01-2023,Female,2
2617,PRY3,01-01-2023,Male,5
2617,PRY3,01-01-2023,Female,7
2617,PRY4,01-01-2023,Male,2
2617,PRY4,01-01-2023,Female,3
2617,PRY5,01-01-2023,Male,2
2617,PRY5,01-01-2023,Female,2
2617,PRY6,01-01-2023,Male,8
2617,PRY6,01-01-2023,Female,10
2618,ECCDE1,01-01-2023,Male,2
2618,ECCDE1,01-01-2023,Female,3
2618,ECCDE2,01-01-2023,Male,1
2618,ECCDE2,01-01-2023,Female,1
2618,ECCDE3,01-01-2023,Male,1
2618,ECCDE3,01-01-2023,Female,1
2618,PRY1,01-01-2023,Male,1
2618,PRY1,01-01-2023,Female,2
2618,PRY2,01-01-2023,Male,4
2618,PRY2,01-01-2023,Female,4
2618,PRY3,01-01-2023,Male,1
2618,PRY3,01-01-2023,Female,2
2618,PRY4,01-01-2023,Male,2
2618,PRY4,01-01-2023,Female,3
2618,PRY5,01-01-2023,Male,2
2618,PRY5,01-01-2023,Female,2
2618,PRY6,01-01-2023,Male,2
2618,PRY6,01-01-2023,Female,3
2619,ECCDE1,01-01-2023,Male,13
2619,ECCDE1,01-01-2023,Female,8
2619,ECCDE2,01-01-2023,Male,8
2619,ECCDE2,01-01-2023,Female,7
2619,ECCDE3,01-01-2023,Male,9
2619,ECCDE3,01-01-2023,Female,9
2619,PRY1,01-01-2023,Male,8
2619,PRY1,01-01-2023,Female,10
2619,PRY2,01-01-2023,Male,12
2619,PRY2,01-01-2023,Female,8
2619,PRY3,01-01-2023,Male,12
2619,PRY3,01-01-2023,Female,14
2619,PRY4,01-01-2023,Male,6
2619,PRY4,01-01-2023,Female,9
2619,PRY5,01-01-2023,Male,8
2619,PRY5,01-01-2023,Female,15
2619,PRY6,01-01-2023,Male,16
2619,PRY6,01-01-2023,Female,15
2620,ECCDE1,01-01-2023,Male,2
2620,ECCDE1,01-01-2023,Female,4
2620,ECCDE2,01-01-2023,Male,4
2620,ECCDE2,01-01-2023,Female,3
2620,ECCDE3,01-01-2023,Male,5
2620,ECCDE3,01-01-2023,Female,2
2620,PRY1,01-01-2023,Male,3
2620,PRY1,01-01-2023,Female,4
2620,PRY2,01-01-2023,Male,3
2620,PRY2,01-01-2023,Female,3
2620,PRY3,01-01-2023,Male,4
2620,PRY3,01-01-2023,Female,2
2620,PRY4,01-01-2023,Male,2
2620,PRY4,01-01-2023,Female,1
2620,PRY5,01-01-2023,Male,2
2620,PRY5,01-01-2023,Female,4
2620,PRY6,01-01-2023,Male,5
2620,PRY6,01-01-2023,Female,5
2621,ECCDE1,01-01-2023,Male,5
2621,ECCDE1,01-01-2023,Female,6
2621,ECCDE2,01-01-2023,Male,7
2621,ECCDE2,01-01-2023,Female,10
2621,ECCDE3,01-01-2023,Male,12
2621,ECCDE3,01-01-2023,Female,12
2621,PRY1,01-01-2023,Male,10
2621,PRY1,01-01-2023,Female,10
2621,PRY2,01-01-2023,Male,6
2621,PRY2,01-01-2023,Female,10
2621,PRY3,01-01-2023,Male,18
2621,PRY3,01-01-2023,Female,11
2621,PRY4,01-01-2023,Male,16
2621,PRY4,01-01-2023,Female,11
2621,PRY5,01-01-2023,Male,17
2621,PRY5,01-01-2023,Female,10
2621,PRY6,01-01-2023,Male,8
2621,PRY6,01-01-2023,Female,15
2622,ECCDE1,01-01-2023,Male,4
2622,ECCDE1,01-01-2023,Female,3
2622,ECCDE2,01-01-2023,Male,3
2622,ECCDE2,01-01-2023,Female,8
2622,ECCDE3,01-01-2023,Male,5
2622,ECCDE3,01-01-2023,Female,8
2622,PRY1,01-01-2023,Male,6
2622,PRY1,01-01-2023,Female,7
2622,PRY2,01-01-2023,Male,15
2622,PRY2,01-01-2023,Female,10
2622,PRY3,01-01-2023,Male,13
2622,PRY3,01-01-2023,Female,10
2622,PRY4,01-01-2023,Male,11
2622,PRY4,01-01-2023,Female,9
2622,PRY5,01-01-2023,Male,10
2622,PRY5,01-01-2023,Female,14
2622,PRY6,01-01-2023,Male,12
2622,PRY6,01-01-2023,Female,9
2623,ECCDE1,01-01-2023,Male,10
2623,ECCDE1,01-01-2023,Female,6
2623,ECCDE2,01-01-2023,Male,6
2623,ECCDE2,01-01-2023,Female,7
2623,ECCDE3,01-01-2023,Male,5
2623,ECCDE3,01-01-2023,Female,7
2623,PRY1,01-01-2023,Male,9
2623,PRY1,01-01-2023,Female,11
2623,PRY2,01-01-2023,Male,7
2623,PRY2,01-01-2023,Female,8
2623,PRY3,01-01-2023,Male,18
2623,PRY3,01-01-2023,Female,14
2623,PRY4,01-01-2023,Male,8
2623,PRY4,01-01-2023,Female,9
2623,PRY5,01-01-2023,Male,8
2623,PRY5,01-01-2023,Female,7
2623,PRY6,01-01-2023,Male,14
2623,PRY6,01-01-2023,Female,8
2624,ECCDE1,01-01-2023,Male,7
2624,ECCDE1,01-01-2023,Female,8
2624,ECCDE2,01-01-2023,Male,8
2624,ECCDE2,01-01-2023,Female,7
2624,ECCDE3,01-01-2023,Male,9
2624,ECCDE3,01-01-2023,Female,8
2624,PRY1,01-01-2023,Male,9
2624,PRY1,01-01-2023,Female,9
2624,PRY2,01-01-2023,Male,10
2624,PRY2,01-01-2023,Female,5
2624,PRY3,01-01-2023,Male,11
2624,PRY3,01-01-2023,Female,11
2624,PRY4,01-01-2023,Male,11
2624,PRY4,01-01-2023,Female,8
2624,PRY5,01-01-2023,Male,12
2624,PRY5,01-01-2023,Female,5
2624,PRY6,01-01-2023,Male,6
2624,PRY6,01-01-2023,Female,12
2625,ECCDE1,01-01-2023,Male,10
2625,ECCDE1,01-01-2023,Female,8
2625,ECCDE2,01-01-2023,Male,4
2625,ECCDE2,01-01-2023,Female,6
2625,ECCDE3,01-01-2023,Male,6
2625,ECCDE3,01-01-2023,Female,3
2625,PRY1,01-01-2023,Male,3
2625,PRY1,01-01-2023,Female,7
2625,PRY2,01-01-2023,Male,7
2625,PRY2,01-01-2023,Female,10
2625,PRY3,01-01-2023,Male,5
2625,PRY3,01-01-2023,Female,4
2625,PRY4,01-01-2023,Male,9
2625,PRY4,01-01-2023,Female,10
2625,PRY5,01-01-2023,Male,7
2625,PRY5,01-01-2023,Female,8
2625,PRY6,01-01-2023,Male,11
2625,PRY6,01-01-2023,Female,12
2626,ECCDE1,01-01-2023,Male,25
2626,ECCDE1,01-01-2023,Female,15
2626,ECCDE2,01-01-2023,Male,14
2626,ECCDE2,01-01-2023,Female,13
2626,ECCDE3,01-01-2023,Male,17
2626,ECCDE3,01-01-2023,Female,20
2626,PRY1,01-01-2023,Male,6
2626,PRY1,01-01-2023,Female,3
2626,PRY2,01-01-2023,Male,6
2626,PRY2,01-01-2023,Female,5
2626,PRY3,01-01-2023,Male,9
2626,PRY3,01-01-2023,Female,9
2626,PRY4,01-01-2023,Male,8
2626,PRY4,01-01-2023,Female,13
2626,PRY5,01-01-2023,Male,12
2626,PRY5,01-01-2023,Female,9
2626,PRY6,01-01-2023,Male,9
2626,PRY6,01-01-2023,Female,17
2627,ECCDE1,01-01-2023,Male,20
2627,ECCDE1,01-01-2023,Female,15
2627,ECCDE2,01-01-2023,Male,16
2627,ECCDE2,01-01-2023,Female,14
2627,ECCDE3,01-01-2023,Male,15
2627,ECCDE3,01-01-2023,Female,15
2627,PRY1,01-01-2023,Male,14
2627,PRY1,01-01-2023,Female,4
2627,PRY2,01-01-2023,Male,13
2627,PRY2,01-01-2023,Female,13
2627,PRY3,01-01-2023,Male,11
2627,PRY3,01-01-2023,Female,13
2627,PRY4,01-01-2023,Male,11
2627,PRY4,01-01-2023,Female,13
2627,PRY5,01-01-2023,Male,14
2627,PRY5,01-01-2023,Female,12
2627,PRY6,01-01-2023,Male,14
2627,PRY6,01-01-2023,Female,16
2628,ECCDE1,01-01-2023,Male,6
2628,ECCDE1,01-01-2023,Female,5
2628,ECCDE2,01-01-2023,Male,10
2628,ECCDE2,01-01-2023,Female,5
2628,ECCDE3,01-01-2023,Male,13
2628,ECCDE3,01-01-2023,Female,10
2628,PRY1,01-01-2023,Male,3
2628,PRY1,01-01-2023,Female,3
2628,PRY2,01-01-2023,Male,3
2628,PRY2,01-01-2023,Female,3
2628,PRY3,01-01-2023,Male,4
2628,PRY3,01-01-2023,Female,3
2628,PRY4,01-01-2023,Male,4
2628,PRY4,01-01-2023,Female,5
2628,PRY5,01-01-2023,Male,4
2628,PRY5,01-01-2023,Female,3
2628,PRY6,01-01-2023,Male,5
2628,PRY6,01-01-2023,Female,9
2629,ECCDE1,01-01-2023,Male,10
2629,ECCDE1,01-01-2023,Female,10
2629,ECCDE2,01-01-2023,Male,3
2629,ECCDE2,01-01-2023,Female,5
2629,ECCDE3,01-01-2023,Male,5
2629,ECCDE3,01-01-2023,Female,6
2629,PRY1,01-01-2023,Male,8
2629,PRY1,01-01-2023,Female,7
2629,PRY2,01-01-2023,Male,8
2629,PRY2,01-01-2023,Female,8
2629,PRY3,01-01-2023,Male,6
2629,PRY3,01-01-2023,Female,10
2629,PRY4,01-01-2023,Male,3
2629,PRY4,01-01-2023,Female,5
2629,PRY5,01-01-2023,Male,10
2629,PRY5,01-01-2023,Female,11
2629,PRY6,01-01-2023,Male,10
2629,PRY6,01-01-2023,Female,9
2630,ECCDE1,01-01-2023,Male,6
2630,ECCDE1,01-01-2023,Female,8
2630,ECCDE2,01-01-2023,Male,10
2630,ECCDE2,01-01-2023,Female,8
2630,ECCDE3,01-01-2023,Male,9
2630,ECCDE3,01-01-2023,Female,10
2630,PRY1,01-01-2023,Male,4
2630,PRY1,01-01-2023,Female,6
2630,PRY2,01-01-2023,Male,8
2630,PRY2,01-01-2023,Female,8
2630,PRY3,01-01-2023,Male,6
2630,PRY3,01-01-2023,Female,6
2630,PRY4,01-01-2023,Male,6
2630,PRY4,01-01-2023,Female,7
2630,PRY5,01-01-2023,Male,4
2630,PRY5,01-01-2023,Female,5
2630,PRY6,01-01-2023,Male,8
2630,PRY6,01-01-2023,Female,10
2631,ECCDE1,01-01-2023,Male,10
2631,ECCDE1,01-01-2023,Female,7
2631,ECCDE2,01-01-2023,Male,8
2631,ECCDE2,01-01-2023,Female,7
2631,ECCDE3,01-01-2023,Male,11
2631,ECCDE3,01-01-2023,Female,9
2631,PRY1,01-01-2023,Male,11
2631,PRY1,01-01-2023,Female,4
2631,PRY2,01-01-2023,Male,2
2631,PRY2,01-01-2023,Female,5
2631,PRY3,01-01-2023,Male,7
2631,PRY3,01-01-2023,Female,8
2631,PRY4,01-01-2023,Male,3
2631,PRY4,01-01-2023,Female,4
2631,PRY5,01-01-2023,Male,7
2631,PRY5,01-01-2023,Female,7
2631,PRY6,01-01-2023,Male,10
2631,PRY6,01-01-2023,Female,10
2632,ECCDE1,01-01-2023,Male,7
2632,ECCDE1,01-01-2023,Female,3
2632,ECCDE2,01-01-2023,Male,4
2632,ECCDE2,01-01-2023,Female,3
2632,ECCDE3,01-01-2023,Male,3
2632,ECCDE3,01-01-2023,Female,2
2632,PRY1,01-01-2023,Male,7
2632,PRY1,01-01-2023,Female,8
2632,PRY2,01-01-2023,Male,11
2632,PRY2,01-01-2023,Female,7
2632,PRY3,01-01-2023,Male,6
2632,PRY3,01-01-2023,Female,5
2632,PRY4,01-01-2023,Male,8
2632,PRY4,01-01-2023,Female,8
2632,PRY5,01-01-2023,Male,0
2632,PRY5,01-01-2023,Female,5
2632,PRY6,01-01-2023,Male,14
2632,PRY6,01-01-2023,Female,7
2633,ECCDE1,01-01-2023,Male,3
2633,ECCDE1,01-01-2023,Female,2
2633,ECCDE2,01-01-2023,Male,1
2633,ECCDE2,01-01-2023,Female,2
2633,ECCDE3,01-01-2023,Male,3
2633,ECCDE3,01-01-2023,Female,1
2633,PRY1,01-01-2023,Male,0
2633,PRY1,01-01-2023,Female,0
2633,PRY2,01-01-2023,Male,1
2633,PRY2,01-01-2023,Female,1
2633,PRY3,01-01-2023,Male,2
2633,PRY3,01-01-2023,Female,1
2633,PRY4,01-01-2023,Male,0
2633,PRY4,01-01-2023,Female,1
2633,PRY5,01-01-2023,Male,1
2633,PRY5,01-01-2023,Female,2
2633,PRY6,01-01-2023,Male,3
2633,PRY6,01-01-2023,Female,7
2634,ECCDE1,01-01-2023,Male,3
2634,ECCDE1,01-01-2023,Female,2
2634,ECCDE2,01-01-2023,Male,5
2634,ECCDE2,01-01-2023,Female,4
2634,ECCDE3,01-01-2023,Male,4
2634,ECCDE3,01-01-2023,Female,4
2634,PRY1,01-01-2023,Male,4
2634,PRY1,01-01-2023,Female,6
2634,PRY2,01-01-2023,Male,2
2634,PRY2,01-01-2023,Female,2
2634,PRY3,01-01-2023,Male,4
2634,PRY3,01-01-2023,Female,3
2634,PRY4,01-01-2023,Male,3
2634,PRY4,01-01-2023,Female,4
2634,PRY5,01-01-2023,Male,7
2634,PRY5,01-01-2023,Female,3
2634,PRY6,01-01-2023,Male,7
2634,PRY6,01-01-2023,Female,7
2635,ECCDE1,01-01-2023,Male,2
2635,ECCDE1,01-01-2023,Female,3
2635,ECCDE2,01-01-2023,Male,2
2635,ECCDE2,01-01-2023,Female,2
2635,ECCDE3,01-01-2023,Male,2
2635,ECCDE3,01-01-2023,Female,2
2635,PRY1,01-01-2023,Male,5
2635,PRY1,01-01-2023,Female,3
2635,PRY2,01-01-2023,Male,2
2635,PRY2,01-01-2023,Female,2
2635,PRY3,01-01-2023,Male,3
2635,PRY3,01-01-2023,Female,2
2635,PRY4,01-01-2023,Male,3
2635,PRY4,01-01-2023,Female,3
2635,PRY5,01-01-2023,Male,4
2635,PRY5,01-01-2023,Female,1
2635,PRY6,01-01-2023,Male,3
2635,PRY6,01-01-2023,Female,3
2636,ECCDE1,01-01-2023,Male,2
2636,ECCDE1,01-01-2023,Female,1
2636,ECCDE2,01-01-2023,Male,0
2636,ECCDE2,01-01-2023,Female,0
2636,ECCDE3,01-01-2023,Male,2
2636,ECCDE3,01-01-2023,Female,4
2636,PRY1,01-01-2023,Male,3
2636,PRY1,01-01-2023,Female,2
2636,PRY2,01-01-2023,Male,5
2636,PRY2,01-01-2023,Female,4
2636,PRY3,01-01-2023,Male,2
2636,PRY3,01-01-2023,Female,2
2636,PRY4,01-01-2023,Male,3
2636,PRY4,01-01-2023,Female,2
2636,PRY5,01-01-2023,Male,2
2636,PRY5,01-01-2023,Female,3
2636,PRY6,01-01-2023,Male,7
2636,PRY6,01-01-2023,Female,1
2637,ECCDE1,01-01-2023,Male,4
2637,ECCDE1,01-01-2023,Female,2
2637,ECCDE2,01-01-2023,Male,4
2637,ECCDE2,01-01-2023,Female,3
2637,ECCDE3,01-01-2023,Male,6
2637,ECCDE3,01-01-2023,Female,1
2637,PRY1,01-01-2023,Male,2
2637,PRY1,01-01-2023,Female,2
2637,PRY2,01-01-2023,Male,2
2637,PRY2,01-01-2023,Female,2
2637,PRY3,01-01-2023,Male,2
2637,PRY3,01-01-2023,Female,3
2637,PRY4,01-01-2023,Male,3
2637,PRY4,01-01-2023,Female,2
2637,PRY5,01-01-2023,Male,1
2637,PRY5,01-01-2023,Female,3
2637,PRY6,01-01-2023,Male,2
2637,PRY6,01-01-2023,Female,2
2638,ECCDE1,01-01-2023,Male,6
2638,ECCDE1,01-01-2023,Female,5
2638,ECCDE2,01-01-2023,Male,7
2638,ECCDE2,01-01-2023,Female,3
2638,ECCDE3,01-01-2023,Male,8
2638,ECCDE3,01-01-2023,Female,4
2638,PRY1,01-01-2023,Male,2
2638,PRY1,01-01-2023,Female,7
2638,PRY2,01-01-2023,Male,7
2638,PRY2,01-01-2023,Female,3
2638,PRY3,01-01-2023,Male,3
2638,PRY3,01-01-2023,Female,5
2638,PRY4,01-01-2023,Male,3
2638,PRY4,01-01-2023,Female,4
2638,PRY5,01-01-2023,Male,9
2638,PRY5,01-01-2023,Female,2
2638,PRY6,01-01-2023,Male,9
2638,PRY6,01-01-2023,Female,3
2639,ECCDE1,01-01-2023,Male,3
2639,ECCDE1,01-01-2023,Female,4
2639,ECCDE2,01-01-2023,Male,3
2639,ECCDE2,01-01-2023,Female,3
2639,ECCDE3,01-01-2023,Male,7
2639,ECCDE3,01-01-2023,Female,7
2639,PRY1,01-01-2023,Male,3
2639,PRY1,01-01-2023,Female,3
2639,PRY2,01-01-2023,Male,2
2639,PRY2,01-01-2023,Female,4
2639,PRY3,01-01-2023,Male,6
2639,PRY3,01-01-2023,Female,2
2639,PRY4,01-01-2023,Male,1
2639,PRY4,01-01-2023,Female,2
2639,PRY5,01-01-2023,Male,7
2639,PRY5,01-01-2023,Female,7
2639,PRY6,01-01-2023,Male,8
2639,PRY6,01-01-2023,Female,7
2640,ECCDE1,01-01-2023,Male,10
2640,ECCDE1,01-01-2023,Female,10
2640,ECCDE2,01-01-2023,Male,15
2640,ECCDE2,01-01-2023,Female,11
2640,ECCDE3,01-01-2023,Male,0
2640,ECCDE3,01-01-2023,Female,0
2640,PRY1,01-01-2023,Male,17
2640,PRY1,01-01-2023,Female,10
2640,PRY2,01-01-2023,Male,11
2640,PRY2,01-01-2023,Female,15
2640,PRY3,01-01-2023,Male,12
2640,PRY3,01-01-2023,Female,11
2640,PRY4,01-01-2023,Male,19
2640,PRY4,01-01-2023,Female,19
2640,PRY5,01-01-2023,Male,17
2640,PRY5,01-01-2023,Female,12
2640,PRY6,01-01-2023,Male,8
2640,PRY6,01-01-2023,Female,9
2641,ECCDE1,01-01-2023,Male,7
2641,ECCDE1,01-01-2023,Female,5
2641,ECCDE2,01-01-2023,Male,8
2641,ECCDE2,01-01-2023,Female,5
2641,ECCDE3,01-01-2023,Male,8
2641,ECCDE3,01-01-2023,Female,7
2641,PRY1,01-01-2023,Male,9
2641,PRY1,01-01-2023,Female,10
2641,PRY2,01-01-2023,Male,9
2641,PRY2,01-01-2023,Female,11
2641,PRY3,01-01-2023,Male,8
2641,PRY3,01-01-2023,Female,11
2641,PRY4,01-01-2023,Male,10
2641,PRY4,01-01-2023,Female,15
2641,PRY5,01-01-2023,Male,13
2641,PRY5,01-01-2023,Female,12
2641,PRY6,01-01-2023,Male,18
2641,PRY6,01-01-2023,Female,12
2642,ECCDE1,01-01-2023,Male,6
2642,ECCDE1,01-01-2023,Female,4
2642,ECCDE2,01-01-2023,Male,8
2642,ECCDE2,01-01-2023,Female,12
2642,ECCDE3,01-01-2023,Male,12
2642,ECCDE3,01-01-2023,Female,10
2642,PRY1,01-01-2023,Male,10
2642,PRY1,01-01-2023,Female,10
2642,PRY2,01-01-2023,Male,6
2642,PRY2,01-01-2023,Female,4
2642,PRY3,01-01-2023,Male,7
2642,PRY3,01-01-2023,Female,6
2642,PRY4,01-01-2023,Male,4
2642,PRY4,01-01-2023,Female,4
2642,PRY5,01-01-2023,Male,4
2642,PRY5,01-01-2023,Female,4
2642,PRY6,01-01-2023,Male,5
2642,PRY6,01-01-2023,Female,6
2643,ECCDE1,01-01-2023,Male,15
2643,ECCDE1,01-01-2023,Female,20
2643,ECCDE2,01-01-2023,Male,7
2643,ECCDE2,01-01-2023,Female,14
2643,ECCDE3,01-01-2023,Male,5
2643,ECCDE3,01-01-2023,Female,19
2643,PRY1,01-01-2023,Male,20
2643,PRY1,01-01-2023,Female,10
2643,PRY2,01-01-2023,Male,13
2643,PRY2,01-01-2023,Female,18
2643,PRY3,01-01-2023,Male,16
2643,PRY3,01-01-2023,Female,16
2643,PRY4,01-01-2023,Male,14
2643,PRY4,01-01-2023,Female,15
2643,PRY5,01-01-2023,Male,10
2643,PRY5,01-01-2023,Female,16
2643,PRY6,01-01-2023,Male,31
2643,PRY6,01-01-2023,Female,21
2644,ECCDE1,01-01-2023,Male,10
2644,ECCDE1,01-01-2023,Female,15
2644,ECCDE2,01-01-2023,Male,8
2644,ECCDE2,01-01-2023,Female,10
2644,ECCDE3,01-01-2023,Male,15
2644,ECCDE3,01-01-2023,Female,10
2644,PRY1,01-01-2023,Male,5
2644,PRY1,01-01-2023,Female,10
2644,PRY2,01-01-2023,Male,5
2644,PRY2,01-01-2023,Female,10
2644,PRY3,01-01-2023,Male,8
2644,PRY3,01-01-2023,Female,12
2644,PRY4,01-01-2023,Male,7
2644,PRY4,01-01-2023,Female,15
2644,PRY5,01-01-2023,Male,7
2644,PRY5,01-01-2023,Female,8
2644,PRY6,01-01-2023,Male,7
2644,PRY6,01-01-2023,Female,8
2645,ECCDE1,01-01-2023,Male,3
2645,ECCDE1,01-01-2023,Female,4
2645,ECCDE2,01-01-2023,Male,2
2645,ECCDE2,01-01-2023,Female,3
2645,ECCDE3,01-01-2023,Male,0
2645,ECCDE3,01-01-2023,Female,3
2645,PRY1,01-01-2023,Male,4
2645,PRY1,01-01-2023,Female,6
2645,PRY2,01-01-2023,Male,1
2645,PRY2,01-01-2023,Female,2
2645,PRY3,01-01-2023,Male,4
2645,PRY3,01-01-2023,Female,6
2645,PRY4,01-01-2023,Male,4
2645,PRY4,01-01-2023,Female,3
2645,PRY5,01-01-2023,Male,3
2645,PRY5,01-01-2023,Female,5
2645,PRY6,01-01-2023,Male,3
2645,PRY6,01-01-2023,Female,5
2646,ECCDE1,01-01-2023,Male,1
2646,ECCDE1,01-01-2023,Female,1
2646,ECCDE2,01-01-2023,Male,1
2646,ECCDE2,01-01-2023,Female,2
2646,ECCDE3,01-01-2023,Male,2
2646,ECCDE3,01-01-2023,Female,2
2646,PRY1,01-01-2023,Male,1
2646,PRY1,01-01-2023,Female,1
2646,PRY2,01-01-2023,Male,1
2646,PRY2,01-01-2023,Female,2
2646,PRY3,01-01-2023,Male,2
2646,PRY3,01-01-2023,Female,2
2646,PRY4,01-01-2023,Male,3
2646,PRY4,01-01-2023,Female,1
2646,PRY5,01-01-2023,Male,3
2646,PRY5,01-01-2023,Female,1
2646,PRY6,01-01-2023,Male,1
2646,PRY6,01-01-2023,Female,1
2647,ECCDE1,01-01-2023,Male,10
2647,ECCDE1,01-01-2023,Female,12
2647,ECCDE2,01-01-2023,Male,9
2647,ECCDE2,01-01-2023,Female,10
2647,ECCDE3,01-01-2023,Male,10
2647,ECCDE3,01-01-2023,Female,13
2647,PRY1,01-01-2023,Male,6
2647,PRY1,01-01-2023,Female,7
2647,PRY2,01-01-2023,Male,7
2647,PRY2,01-01-2023,Female,9
2647,PRY3,01-01-2023,Male,7
2647,PRY3,01-01-2023,Female,7
2647,PRY4,01-01-2023,Male,7
2647,PRY4,01-01-2023,Female,9
2647,PRY5,01-01-2023,Male,10
2647,PRY5,01-01-2023,Female,12
2647,PRY6,01-01-2023,Male,8
2647,PRY6,01-01-2023,Female,9
2648,ECCDE1,01-01-2023,Male,4
2648,ECCDE1,01-01-2023,Female,6
2648,ECCDE2,01-01-2023,Male,8
2648,ECCDE2,01-01-2023,Female,7
2648,ECCDE3,01-01-2023,Male,5
2648,ECCDE3,01-01-2023,Female,10
2648,PRY1,01-01-2023,Male,6
2648,PRY1,01-01-2023,Female,8
2648,PRY2,01-01-2023,Male,5
2648,PRY2,01-01-2023,Female,10
2648,PRY3,01-01-2023,Male,3
2648,PRY3,01-01-2023,Female,7
2648,PRY4,01-01-2023,Male,0
2648,PRY4,01-01-2023,Female,0
2648,PRY5,01-01-2023,Male,0
2648,PRY5,01-01-2023,Female,0
2648,PRY6,01-01-2023,Male,0
2648,PRY6,01-01-2023,Female,0
2649,ECCDE1,01-01-2023,Male,4
2649,ECCDE1,01-01-2023,Female,6
2649,ECCDE2,01-01-2023,Male,2
2649,ECCDE2,01-01-2023,Female,3
2649,ECCDE3,01-01-2023,Male,3
2649,ECCDE3,01-01-2023,Female,3
2649,PRY1,01-01-2023,Male,1
2649,PRY1,01-01-2023,Female,4
2649,PRY2,01-01-2023,Male,4
2649,PRY2,01-01-2023,Female,4
2649,PRY3,01-01-2023,Male,2
2649,PRY3,01-01-2023,Female,4
2649,PRY4,01-01-2023,Male,3
2649,PRY4,01-01-2023,Female,4
2649,PRY5,01-01-2023,Male,5
2649,PRY5,01-01-2023,Female,6
2649,PRY6,01-01-2023,Male,3
2649,PRY6,01-01-2023,Female,5
2650,ECCDE1,01-01-2023,Male,6
2650,ECCDE1,01-01-2023,Female,13
2650,ECCDE2,01-01-2023,Male,10
2650,ECCDE2,01-01-2023,Female,8
2650,ECCDE3,01-01-2023,Male,3
2650,ECCDE3,01-01-2023,Female,6
2650,PRY1,01-01-2023,Male,11
2650,PRY1,01-01-2023,Female,10
2650,PRY2,01-01-2023,Male,11
2650,PRY2,01-01-2023,Female,15
2650,PRY3,01-01-2023,Male,16
2650,PRY3,01-01-2023,Female,11
2650,PRY4,01-01-2023,Male,13
2650,PRY4,01-01-2023,Female,17
2650,PRY5,01-01-2023,Male,18
2650,PRY5,01-01-2023,Female,18
2650,PRY6,01-01-2023,Male,20
2650,PRY6,01-01-2023,Female,17
2651,ECCDE1,01-01-2023,Male,7
2651,ECCDE1,01-01-2023,Female,5
2651,ECCDE2,01-01-2023,Male,6
2651,ECCDE2,01-01-2023,Female,11
2651,ECCDE3,01-01-2023,Male,9
2651,ECCDE3,01-01-2023,Female,13
2651,PRY1,01-01-2023,Male,20
2651,PRY1,01-01-2023,Female,16
2651,PRY2,01-01-2023,Male,34
2651,PRY2,01-01-2023,Female,28
2651,PRY3,01-01-2023,Male,29
2651,PRY3,01-01-2023,Female,30
2651,PRY4,01-01-2023,Male,28
2651,PRY4,01-01-2023,Female,18
2651,PRY5,01-01-2023,Male,44
2651,PRY5,01-01-2023,Female,17
2651,PRY6,01-01-2023,Male,20
2651,PRY6,01-01-2023,Female,22
2652,ECCDE1,01-01-2023,Male,11
2652,ECCDE1,01-01-2023,Female,9
2652,ECCDE2,01-01-2023,Male,10
2652,ECCDE2,01-01-2023,Female,10
2652,ECCDE3,01-01-2023,Male,7
2652,ECCDE3,01-01-2023,Female,11
2652,PRY1,01-01-2023,Male,23
2652,PRY1,01-01-2023,Female,6
2652,PRY2,01-01-2023,Male,14
2652,PRY2,01-01-2023,Female,22
2652,PRY3,01-01-2023,Male,20
2652,PRY3,01-01-2023,Female,9
2652,PRY4,01-01-2023,Male,24
2652,PRY4,01-01-2023,Female,17
2652,PRY5,01-01-2023,Male,14
2652,PRY5,01-01-2023,Female,19
2652,PRY6,01-01-2023,Male,18
2652,PRY6,01-01-2023,Female,20
2653,ECCDE1,01-01-2023,Male,13
2653,ECCDE1,01-01-2023,Female,12
2653,ECCDE2,01-01-2023,Male,10
2653,ECCDE2,01-01-2023,Female,9
2653,ECCDE3,01-01-2023,Male,6
2653,ECCDE3,01-01-2023,Female,6
2653,PRY1,01-01-2023,Male,8
2653,PRY1,01-01-2023,Female,10
2653,PRY2,01-01-2023,Male,9
2653,PRY2,01-01-2023,Female,10
2653,PRY3,01-01-2023,Male,8
2653,PRY3,01-01-2023,Female,19
2653,PRY4,01-01-2023,Male,24
2653,PRY4,01-01-2023,Female,17
2653,PRY5,01-01-2023,Male,14
2653,PRY5,01-01-2023,Female,19
2653,PRY6,01-01-2023,Male,18
2653,PRY6,01-01-2023,Female,20
2654,ECCDE1,01-01-2023,Male,16
2654,ECCDE1,01-01-2023,Female,13
2654,ECCDE2,01-01-2023,Male,9
2654,ECCDE2,01-01-2023,Female,8
2654,ECCDE3,01-01-2023,Male,11
2654,ECCDE3,01-01-2023,Female,11
2654,PRY1,01-01-2023,Male,23
2654,PRY1,01-01-2023,Female,23
2654,PRY2,01-01-2023,Male,20
2654,PRY2,01-01-2023,Female,30
2654,PRY3,01-01-2023,Male,30
2654,PRY3,01-01-2023,Female,18
2654,PRY4,01-01-2023,Male,28
2654,PRY4,01-01-2023,Female,17
2654,PRY5,01-01-2023,Male,24
2654,PRY5,01-01-2023,Female,21
2654,PRY6,01-01-2023,Male,22
2654,PRY6,01-01-2023,Female,22
2655,ECCDE1,01-01-2023,Male,9
2655,ECCDE1,01-01-2023,Female,14
2655,ECCDE2,01-01-2023,Male,20
2655,ECCDE2,01-01-2023,Female,13
2655,ECCDE3,01-01-2023,Male,10
2655,ECCDE3,01-01-2023,Female,8
2655,PRY1,01-01-2023,Male,29
2655,PRY1,01-01-2023,Female,32
2655,PRY2,01-01-2023,Male,41
2655,PRY2,01-01-2023,Female,34
2655,PRY3,01-01-2023,Male,38
2655,PRY3,01-01-2023,Female,50
2655,PRY4,01-01-2023,Male,52
2655,PRY4,01-01-2023,Female,17
2655,PRY5,01-01-2023,Male,48
2655,PRY5,01-01-2023,Female,54
2655,PRY6,01-01-2023,Male,38
2655,PRY6,01-01-2023,Female,34
2656,ECCDE1,01-01-2023,Male,5
2656,ECCDE1,01-01-2023,Female,5
2656,ECCDE2,01-01-2023,Male,5
2656,ECCDE2,01-01-2023,Female,2
2656,ECCDE3,01-01-2023,Male,8
2656,ECCDE3,01-01-2023,Female,9
2656,PRY1,01-01-2023,Male,10
2656,PRY1,01-01-2023,Female,9
2656,PRY2,01-01-2023,Male,12
2656,PRY2,01-01-2023,Female,14
2656,PRY3,01-01-2023,Male,20
2656,PRY3,01-01-2023,Female,10
2656,PRY4,01-01-2023,Male,10
2656,PRY4,01-01-2023,Female,18
2656,PRY5,01-01-2023,Male,9
2656,PRY5,01-01-2023,Female,11
2656,PRY6,01-01-2023,Male,21
2656,PRY6,01-01-2023,Female,8
2657,ECCDE1,01-01-2023,Male,12
2657,ECCDE1,01-01-2023,Female,20
2657,ECCDE2,01-01-2023,Male,19
2657,ECCDE2,01-01-2023,Female,9
2657,ECCDE3,01-01-2023,Male,17
2657,ECCDE3,01-01-2023,Female,10
2657,PRY1,01-01-2023,Male,23
2657,PRY1,01-01-2023,Female,13
2657,PRY2,01-01-2023,Male,26
2657,PRY2,01-01-2023,Female,30
2657,PRY3,01-01-2023,Male,25
2657,PRY3,01-01-2023,Female,15
2657,PRY4,01-01-2023,Male,53
2657,PRY4,01-01-2023,Female,21
2657,PRY5,01-01-2023,Male,17
2657,PRY5,01-01-2023,Female,22
2657,PRY6,01-01-2023,Male,19
2657,PRY6,01-01-2023,Female,20
2658,ECCDE1,01-01-2023,Male,7
2658,ECCDE1,01-01-2023,Female,6
2658,ECCDE2,01-01-2023,Male,4
2658,ECCDE2,01-01-2023,Female,2
2658,ECCDE3,01-01-2023,Male,10
2658,ECCDE3,01-01-2023,Female,5
2658,PRY1,01-01-2023,Male,9
2658,PRY1,01-01-2023,Female,11
2658,PRY2,01-01-2023,Male,10
2658,PRY2,01-01-2023,Female,11
2658,PRY3,01-01-2023,Male,12
2658,PRY3,01-01-2023,Female,16
2658,PRY4,01-01-2023,Male,21
2658,PRY4,01-01-2023,Female,17
2658,PRY5,01-01-2023,Male,19
2658,PRY5,01-01-2023,Female,17
2658,PRY6,01-01-2023,Male,18
2658,PRY6,01-01-2023,Female,13
2659,ECCDE1,01-01-2023,Male,14
2659,ECCDE1,01-01-2023,Female,24
2659,ECCDE2,01-01-2023,Male,1
2659,ECCDE2,01-01-2023,Female,6
2659,ECCDE3,01-01-2023,Male,6
2659,ECCDE3,01-01-2023,Female,8
2659,PRY1,01-01-2023,Male,18
2659,PRY1,01-01-2023,Female,9
2659,PRY2,01-01-2023,Male,11
2659,PRY2,01-01-2023,Female,14
2659,PRY3,01-01-2023,Male,16
2659,PRY3,01-01-2023,Female,13
2659,PRY4,01-01-2023,Male,28
2659,PRY4,01-01-2023,Female,13
2659,PRY5,01-01-2023,Male,7
2659,PRY5,01-01-2023,Female,18
2659,PRY6,01-01-2023,Male,13
2659,PRY6,01-01-2023,Female,17
2660,ECCDE1,01-01-2023,Male,16
2660,ECCDE1,01-01-2023,Female,12
2660,ECCDE2,01-01-2023,Male,21
2660,ECCDE2,01-01-2023,Female,13
2660,ECCDE3,01-01-2023,Male,21
2660,ECCDE3,01-01-2023,Female,20
2660,PRY1,01-01-2023,Male,18
2660,PRY1,01-01-2023,Female,24
2660,PRY2,01-01-2023,Male,30
2660,PRY2,01-01-2023,Female,18
2660,PRY3,01-01-2023,Male,18
2660,PRY3,01-01-2023,Female,20
2660,PRY4,01-01-2023,Male,28
2660,PRY4,01-01-2023,Female,17
2660,PRY5,01-01-2023,Male,22
2660,PRY5,01-01-2023,Female,23
2660,PRY6,01-01-2023,Male,21
2660,PRY6,01-01-2023,Female,18
2661,ECCDE1,01-01-2023,Male,4
2661,ECCDE1,01-01-2023,Female,7
2661,ECCDE2,01-01-2023,Male,9
2661,ECCDE2,01-01-2023,Female,8
2661,ECCDE3,01-01-2023,Male,9
2661,ECCDE3,01-01-2023,Female,10
2661,PRY1,01-01-2023,Male,16
2661,PRY1,01-01-2023,Female,11
2661,PRY2,01-01-2023,Male,13
2661,PRY2,01-01-2023,Female,14
2661,PRY3,01-01-2023,Male,17
2661,PRY3,01-01-2023,Female,9
2661,PRY4,01-01-2023,Male,28
2661,PRY4,01-01-2023,Female,12
2661,PRY5,01-01-2023,Male,19
2661,PRY5,01-01-2023,Female,13
2661,PRY6,01-01-2023,Male,17
2661,PRY6,01-01-2023,Female,13
2662,ECCDE1,01-01-2023,Male,13
2662,ECCDE1,01-01-2023,Female,10
2662,ECCDE2,01-01-2023,Male,6
2662,ECCDE2,01-01-2023,Female,8
2662,ECCDE3,01-01-2023,Male,7
2662,ECCDE3,01-01-2023,Female,6
2662,PRY1,01-01-2023,Male,8
2662,PRY1,01-01-2023,Female,9
2662,PRY2,01-01-2023,Male,16
2662,PRY2,01-01-2023,Female,9
2662,PRY3,01-01-2023,Male,12
2662,PRY3,01-01-2023,Female,13
2662,PRY4,01-01-2023,Male,9
2662,PRY4,01-01-2023,Female,11
2662,PRY5,01-01-2023,Male,9
2662,PRY5,01-01-2023,Female,10
2662,PRY6,01-01-2023,Male,10
2662,PRY6,01-01-2023,Female,9
2663,ECCDE1,01-01-2023,Male,20
2663,ECCDE1,01-01-2023,Female,7
2663,ECCDE2,01-01-2023,Male,12
2663,ECCDE2,01-01-2023,Female,14
2663,ECCDE3,01-01-2023,Male,10
2663,ECCDE3,01-01-2023,Female,10
2663,PRY1,01-01-2023,Male,13
2663,PRY1,01-01-2023,Female,29
2663,PRY2,01-01-2023,Male,22
2663,PRY2,01-01-2023,Female,22
2663,PRY3,01-01-2023,Male,16
2663,PRY3,01-01-2023,Female,13
2663,PRY4,01-01-2023,Male,12
2663,PRY4,01-01-2023,Female,18
2663,PRY5,01-01-2023,Male,19
2663,PRY5,01-01-2023,Female,19
2663,PRY6,01-01-2023,Male,13
2663,PRY6,01-01-2023,Female,19
2664,ECCDE1,01-01-2023,Male,10
2664,ECCDE1,01-01-2023,Female,9
2664,ECCDE2,01-01-2023,Male,10
2664,ECCDE2,01-01-2023,Female,6
2664,ECCDE3,01-01-2023,Male,9
2664,ECCDE3,01-01-2023,Female,8
2664,PRY1,01-01-2023,Male,3
2664,PRY1,01-01-2023,Female,9
2664,PRY2,01-01-2023,Male,6
2664,PRY2,01-01-2023,Female,10
2664,PRY3,01-01-2023,Male,9
2664,PRY3,01-01-2023,Female,8
2664,PRY4,01-01-2023,Male,9
2664,PRY4,01-01-2023,Female,9
2664,PRY5,01-01-2023,Male,10
2664,PRY5,01-01-2023,Female,9
2664,PRY6,01-01-2023,Male,13
2664,PRY6,01-01-2023,Female,7
2665,ECCDE1,01-01-2023,Male,7
2665,ECCDE1,01-01-2023,Female,8
2665,ECCDE2,01-01-2023,Male,6
2665,ECCDE2,01-01-2023,Female,3
2665,ECCDE3,01-01-2023,Male,5
2665,ECCDE3,01-01-2023,Female,3
2665,PRY1,01-01-2023,Male,9
2665,PRY1,01-01-2023,Female,11
2665,PRY2,01-01-2023,Male,9
2665,PRY2,01-01-2023,Female,6
2665,PRY3,01-01-2023,Male,9
2665,PRY3,01-01-2023,Female,11
2665,PRY4,01-01-2023,Male,9
2665,PRY4,01-01-2023,Female,9
2665,PRY5,01-01-2023,Male,9
2665,PRY5,01-01-2023,Female,7
2665,PRY6,01-01-2023,Male,10
2665,PRY6,01-01-2023,Female,12
2666,ECCDE1,01-01-2023,Male,6
2666,ECCDE1,01-01-2023,Female,9
2666,ECCDE2,01-01-2023,Male,5
2666,ECCDE2,01-01-2023,Female,1
2666,ECCDE3,01-01-2023,Male,5
2666,ECCDE3,01-01-2023,Female,3
2666,PRY1,01-01-2023,Male,12
2666,PRY1,01-01-2023,Female,11
2666,PRY2,01-01-2023,Male,13
2666,PRY2,01-01-2023,Female,13
2666,PRY3,01-01-2023,Male,14
2666,PRY3,01-01-2023,Female,12
2666,PRY4,01-01-2023,Male,29
2666,PRY4,01-01-2023,Female,13
2666,PRY5,01-01-2023,Male,21
2666,PRY5,01-01-2023,Female,17
2666,PRY6,01-01-2023,Male,20
2666,PRY6,01-01-2023,Female,13
2667,ECCDE1,01-01-2023,Male,10
2667,ECCDE1,01-01-2023,Female,10
2667,ECCDE2,01-01-2023,Male,9
2667,ECCDE2,01-01-2023,Female,10
2667,ECCDE3,01-01-2023,Male,7
2667,ECCDE3,01-01-2023,Female,7
2667,PRY1,01-01-2023,Male,12
2667,PRY1,01-01-2023,Female,11
2667,PRY2,01-01-2023,Male,11
2667,PRY2,01-01-2023,Female,7
2667,PRY3,01-01-2023,Male,12
2667,PRY3,01-01-2023,Female,9
2667,PRY4,01-01-2023,Male,28
2667,PRY4,01-01-2023,Female,18
2667,PRY5,01-01-2023,Male,14
2667,PRY5,01-01-2023,Female,17
2667,PRY6,01-01-2023,Male,12
2667,PRY6,01-01-2023,Female,13
2668,ECCDE1,01-01-2023,Male,10
2668,ECCDE1,01-01-2023,Female,8
2668,ECCDE2,01-01-2023,Male,10
2668,ECCDE2,01-01-2023,Female,14
2668,ECCDE3,01-01-2023,Male,16
2668,ECCDE3,01-01-2023,Female,15
2668,PRY1,01-01-2023,Male,23
2668,PRY1,01-01-2023,Female,20
2668,PRY2,01-01-2023,Male,21
2668,PRY2,01-01-2023,Female,23
2668,PRY3,01-01-2023,Male,21
2668,PRY3,01-01-2023,Female,22
2668,PRY4,01-01-2023,Male,33
2668,PRY4,01-01-2023,Female,18
2668,PRY5,01-01-2023,Male,49
2668,PRY5,01-01-2023,Female,47
2668,PRY6,01-01-2023,Male,49
2668,PRY6,01-01-2023,Female,17
2669,ECCDE1,01-01-2023,Male,26
2669,ECCDE1,01-01-2023,Female,32
2669,ECCDE2,01-01-2023,Male,9
2669,ECCDE2,01-01-2023,Female,20
2669,ECCDE3,01-01-2023,Male,18
2669,ECCDE3,01-01-2023,Female,15
2669,PRY1,01-01-2023,Male,19
2669,PRY1,01-01-2023,Female,17
2669,PRY2,01-01-2023,Male,20
2669,PRY2,01-01-2023,Female,18
2669,PRY3,01-01-2023,Male,25
2669,PRY3,01-01-2023,Female,25
2669,PRY4,01-01-2023,Male,49
2669,PRY4,01-01-2023,Female,22
2669,PRY5,01-01-2023,Male,20
2669,PRY5,01-01-2023,Female,49
2669,PRY6,01-01-2023,Male,19
2669,PRY6,01-01-2023,Female,51
2670,ECCDE1,01-01-2023,Male,13
2670,ECCDE1,01-01-2023,Female,15
2670,ECCDE2,01-01-2023,Male,15
2670,ECCDE2,01-01-2023,Female,21
2670,ECCDE3,01-01-2023,Male,11
2670,ECCDE3,01-01-2023,Female,11
2670,PRY1,01-01-2023,Male,11
2670,PRY1,01-01-2023,Female,11
2670,PRY2,01-01-2023,Male,24
2670,PRY2,01-01-2023,Female,18
2670,PRY3,01-01-2023,Male,21
2670,PRY3,01-01-2023,Female,18
2670,PRY4,01-01-2023,Male,44
2670,PRY4,01-01-2023,Female,48
2670,PRY5,01-01-2023,Male,48
2670,PRY5,01-01-2023,Female,22
2670,PRY6,01-01-2023,Male,49
2670,PRY6,01-01-2023,Female,17
2671,ECCDE1,01-01-2023,Male,12
2671,ECCDE1,01-01-2023,Female,14
2671,ECCDE2,01-01-2023,Male,6
2671,ECCDE2,01-01-2023,Female,8
2671,ECCDE3,01-01-2023,Male,11
2671,ECCDE3,01-01-2023,Female,18
2671,PRY1,01-01-2023,Male,36
2671,PRY1,01-01-2023,Female,27
2671,PRY2,01-01-2023,Male,26
2671,PRY2,01-01-2023,Female,22
2671,PRY3,01-01-2023,Male,26
2671,PRY3,01-01-2023,Female,31
2671,PRY4,01-01-2023,Male,51
2671,PRY4,01-01-2023,Female,34
2671,PRY5,01-01-2023,Male,19
2671,PRY5,01-01-2023,Female,17
2671,PRY6,01-01-2023,Male,21
2671,PRY6,01-01-2023,Female,20
2672,ECCDE1,01-01-2023,Male,13
2672,ECCDE1,01-01-2023,Female,9
2672,ECCDE2,01-01-2023,Male,10
2672,ECCDE2,01-01-2023,Female,4
2672,ECCDE3,01-01-2023,Male,13
2672,ECCDE3,01-01-2023,Female,2
2672,PRY1,01-01-2023,Male,27
2672,PRY1,01-01-2023,Female,17
2672,PRY2,01-01-2023,Male,21
2672,PRY2,01-01-2023,Female,21
2672,PRY3,01-01-2023,Male,24
2672,PRY3,01-01-2023,Female,14
2672,PRY4,01-01-2023,Male,13
2672,PRY4,01-01-2023,Female,13
2672,PRY5,01-01-2023,Male,21
2672,PRY5,01-01-2023,Female,13
2672,PRY6,01-01-2023,Male,18
2672,PRY6,01-01-2023,Female,17
2673,ECCDE1,01-01-2023,Male,17
2673,ECCDE1,01-01-2023,Female,19
2673,ECCDE2,01-01-2023,Male,17
2673,ECCDE2,01-01-2023,Female,11
2673,ECCDE3,01-01-2023,Male,11
2673,ECCDE3,01-01-2023,Female,11
2673,PRY1,01-01-2023,Male,12
2673,PRY1,01-01-2023,Female,0
2673,PRY2,01-01-2023,Male,25
2673,PRY2,01-01-2023,Female,19
2673,PRY3,01-01-2023,Male,28
2673,PRY3,01-01-2023,Female,19
2673,PRY4,01-01-2023,Male,30
2673,PRY4,01-01-2023,Female,20
2673,PRY5,01-01-2023,Male,18
2673,PRY5,01-01-2023,Female,21
2673,PRY6,01-01-2023,Male,19
2673,PRY6,01-01-2023,Female,45
2674,ECCDE1,01-01-2023,Male,23
2674,ECCDE1,01-01-2023,Female,15
2674,ECCDE2,01-01-2023,Male,8
2674,ECCDE2,01-01-2023,Female,8
2674,ECCDE3,01-01-2023,Male,12
2674,ECCDE3,01-01-2023,Female,7
2674,PRY1,01-01-2023,Male,18
2674,PRY1,01-01-2023,Female,13
2674,PRY2,01-01-2023,Male,19
2674,PRY2,01-01-2023,Female,16
2674,PRY3,01-01-2023,Male,25
2674,PRY3,01-01-2023,Female,20
2674,PRY4,01-01-2023,Male,29
2674,PRY4,01-01-2023,Female,19
2674,PRY5,01-01-2023,Male,22
2674,PRY5,01-01-2023,Female,23
2674,PRY6,01-01-2023,Male,44
2674,PRY6,01-01-2023,Female,21
2675,ECCDE1,01-01-2023,Male,20
2675,ECCDE1,01-01-2023,Female,5
2675,ECCDE2,01-01-2023,Male,12
2675,ECCDE2,01-01-2023,Female,5
2675,ECCDE3,01-01-2023,Male,3
2675,ECCDE3,01-01-2023,Female,2
2675,PRY1,01-01-2023,Male,26
2675,PRY1,01-01-2023,Female,10
2675,PRY2,01-01-2023,Male,26
2675,PRY2,01-01-2023,Female,10
2675,PRY3,01-01-2023,Male,39
2675,PRY3,01-01-2023,Female,13
2675,PRY4,01-01-2023,Male,24
2675,PRY4,01-01-2023,Female,8
2675,PRY5,01-01-2023,Male,14
2675,PRY5,01-01-2023,Female,17
2675,PRY6,01-01-2023,Male,47
2675,PRY6,01-01-2023,Female,40
2676,ECCDE1,01-01-2023,Male,25
2676,ECCDE1,01-01-2023,Female,20
2676,ECCDE2,01-01-2023,Male,11
2676,ECCDE2,01-01-2023,Female,14
2676,ECCDE3,01-01-2023,Male,12
2676,ECCDE3,01-01-2023,Female,12
2676,PRY1,01-01-2023,Male,14
2676,PRY1,01-01-2023,Female,12
2676,PRY2,01-01-2023,Male,20
2676,PRY2,01-01-2023,Female,11
2676,PRY3,01-01-2023,Male,18
2676,PRY3,01-01-2023,Female,14
2676,PRY4,01-01-2023,Male,49
2676,PRY4,01-01-2023,Female,18
2676,PRY5,01-01-2023,Male,20
2676,PRY5,01-01-2023,Female,21
2676,PRY6,01-01-2023,Male,49
2676,PRY6,01-01-2023,Female,18
2677,ECCDE1,01-01-2023,Male,22
2677,ECCDE1,01-01-2023,Female,18
2677,ECCDE2,01-01-2023,Male,6
2677,ECCDE2,01-01-2023,Female,6
2677,ECCDE3,01-01-2023,Male,8
2677,ECCDE3,01-01-2023,Female,11
2677,PRY1,01-01-2023,Male,4
2677,PRY1,01-01-2023,Female,13
2677,PRY2,01-01-2023,Male,9
2677,PRY2,01-01-2023,Female,4
2677,PRY3,01-01-2023,Male,14
2677,PRY3,01-01-2023,Female,7
2677,PRY4,01-01-2023,Male,13
2677,PRY4,01-01-2023,Female,14
2677,PRY5,01-01-2023,Male,13
2677,PRY5,01-01-2023,Female,14
2677,PRY6,01-01-2023,Male,17
2677,PRY6,01-01-2023,Female,13
2678,ECCDE1,01-01-2023,Male,15
2678,ECCDE1,01-01-2023,Female,16
2678,ECCDE2,01-01-2023,Male,10
2678,ECCDE2,01-01-2023,Female,9
2678,ECCDE3,01-01-2023,Male,11
2678,ECCDE3,01-01-2023,Female,14
2678,PRY1,01-01-2023,Male,21
2678,PRY1,01-01-2023,Female,13
2678,PRY2,01-01-2023,Male,11
2678,PRY2,01-01-2023,Female,17
2678,PRY3,01-01-2023,Male,11
2678,PRY3,01-01-2023,Female,13
2678,PRY4,01-01-2023,Male,28
2678,PRY4,01-01-2023,Female,18
2678,PRY5,01-01-2023,Male,14
2678,PRY5,01-01-2023,Female,19
2678,PRY6,01-01-2023,Male,19
2678,PRY6,01-01-2023,Female,12
2679,ECCDE1,01-01-2023,Male,8
2679,ECCDE1,01-01-2023,Female,8
2679,ECCDE2,01-01-2023,Male,9
2679,ECCDE2,01-01-2023,Female,12
2679,ECCDE3,01-01-2023,Male,12
2679,ECCDE3,01-01-2023,Female,10
2679,PRY1,01-01-2023,Male,14
2679,PRY1,01-01-2023,Female,6
2679,PRY2,01-01-2023,Male,19
2679,PRY2,01-01-2023,Female,18
2679,PRY3,01-01-2023,Male,18
2679,PRY3,01-01-2023,Female,14
2679,PRY4,01-01-2023,Male,10
2679,PRY4,01-01-2023,Female,17
2679,PRY5,01-01-2023,Male,12
2679,PRY5,01-01-2023,Female,14
2679,PRY6,01-01-2023,Male,18
2679,PRY6,01-01-2023,Female,13
2680,ECCDE1,01-01-2023,Male,17
2680,ECCDE1,01-01-2023,Female,24
2680,ECCDE2,01-01-2023,Male,28
2680,ECCDE2,01-01-2023,Female,22
2680,ECCDE3,01-01-2023,Male,18
2680,ECCDE3,01-01-2023,Female,16
2680,PRY1,01-01-2023,Male,20
2680,PRY1,01-01-2023,Female,18
2680,PRY2,01-01-2023,Male,34
2680,PRY2,01-01-2023,Female,21
2680,PRY3,01-01-2023,Male,17
2680,PRY3,01-01-2023,Female,23
2680,PRY4,01-01-2023,Male,46
2680,PRY4,01-01-2023,Female,44
2680,PRY5,01-01-2023,Male,48
2680,PRY5,01-01-2023,Female,20
2680,PRY6,01-01-2023,Male,47
2680,PRY6,01-01-2023,Female,51
2681,ECCDE1,01-01-2023,Male,12
2681,ECCDE1,01-01-2023,Female,5
2681,ECCDE2,01-01-2023,Male,8
2681,ECCDE2,01-01-2023,Female,8
2681,ECCDE3,01-01-2023,Male,20
2681,ECCDE3,01-01-2023,Female,15
2681,PRY1,01-01-2023,Male,12
2681,PRY1,01-01-2023,Female,23
2681,PRY2,01-01-2023,Male,26
2681,PRY2,01-01-2023,Female,22
2681,PRY3,01-01-2023,Male,12
2681,PRY3,01-01-2023,Female,17
2681,PRY4,01-01-2023,Male,26
2681,PRY4,01-01-2023,Female,19
2681,PRY5,01-01-2023,Male,44
2681,PRY5,01-01-2023,Female,17
2681,PRY6,01-01-2023,Male,17
2681,PRY6,01-01-2023,Female,19
2682,ECCDE1,01-01-2023,Male,15
2682,ECCDE1,01-01-2023,Female,10
2682,ECCDE2,01-01-2023,Male,15
2682,ECCDE2,01-01-2023,Female,8
2682,ECCDE3,01-01-2023,Male,8
2682,ECCDE3,01-01-2023,Female,14
2682,PRY1,01-01-2023,Male,10
2682,PRY1,01-01-2023,Female,10
2682,PRY2,01-01-2023,Male,15
2682,PRY2,01-01-2023,Female,10
2682,PRY3,01-01-2023,Male,15
2682,PRY3,01-01-2023,Female,13
2682,PRY4,01-01-2023,Male,13
2682,PRY4,01-01-2023,Female,14
2682,PRY5,01-01-2023,Male,21
2682,PRY5,01-01-2023,Female,17
2682,PRY6,01-01-2023,Male,17
2682,PRY6,01-01-2023,Female,19
2683,ECCDE1,01-01-2023,Male,13
2683,ECCDE1,01-01-2023,Female,19
2683,ECCDE2,01-01-2023,Male,9
2683,ECCDE2,01-01-2023,Female,16
2683,ECCDE3,01-01-2023,Male,13
2683,ECCDE3,01-01-2023,Female,10
2683,PRY1,01-01-2023,Male,13
2683,PRY1,01-01-2023,Female,13
2683,PRY2,01-01-2023,Male,22
2683,PRY2,01-01-2023,Female,14
2683,PRY3,01-01-2023,Male,18
2683,PRY3,01-01-2023,Female,19
2683,PRY4,01-01-2023,Male,28
2683,PRY4,01-01-2023,Female,23
2683,PRY5,01-01-2023,Male,44
2683,PRY5,01-01-2023,Female,18
2683,PRY6,01-01-2023,Male,12
2683,PRY6,01-01-2023,Female,48
2684,ECCDE1,01-01-2023,Male,19
2684,ECCDE1,01-01-2023,Female,17
2684,ECCDE2,01-01-2023,Male,13
2684,ECCDE2,01-01-2023,Female,13
2684,ECCDE3,01-01-2023,Male,8
2684,ECCDE3,01-01-2023,Female,10
2684,PRY1,01-01-2023,Male,15
2684,PRY1,01-01-2023,Female,10
2684,PRY2,01-01-2023,Male,18
2684,PRY2,01-01-2023,Female,9
2684,PRY3,01-01-2023,Male,19
2684,PRY3,01-01-2023,Female,12
2684,PRY4,01-01-2023,Male,30
2684,PRY4,01-01-2023,Female,14
2684,PRY5,01-01-2023,Male,45
2684,PRY5,01-01-2023,Female,18
2684,PRY6,01-01-2023,Male,18
2684,PRY6,01-01-2023,Female,18
2685,ECCDE1,01-01-2023,Male,5
2685,ECCDE1,01-01-2023,Female,5
2685,ECCDE2,01-01-2023,Male,7
2685,ECCDE2,01-01-2023,Female,7
2685,ECCDE3,01-01-2023,Male,8
2685,ECCDE3,01-01-2023,Female,10
2685,PRY1,01-01-2023,Male,18
2685,PRY1,01-01-2023,Female,7
2685,PRY2,01-01-2023,Male,14
2685,PRY2,01-01-2023,Female,16
2685,PRY3,01-01-2023,Male,22
2685,PRY3,01-01-2023,Female,20
2685,PRY4,01-01-2023,Male,28
2685,PRY4,01-01-2023,Female,12
2685,PRY5,01-01-2023,Male,17
2685,PRY5,01-01-2023,Female,18
2685,PRY6,01-01-2023,Male,14
2685,PRY6,01-01-2023,Female,18
2686,ECCDE1,01-01-2023,Male,4
2686,ECCDE1,01-01-2023,Female,3
2686,ECCDE2,01-01-2023,Male,5
2686,ECCDE2,01-01-2023,Female,4
2686,ECCDE3,01-01-2023,Male,6
2686,ECCDE3,01-01-2023,Female,10
2686,PRY1,01-01-2023,Male,9
2686,PRY1,01-01-2023,Female,8
2686,PRY2,01-01-2023,Male,8
2686,PRY2,01-01-2023,Female,9
2686,PRY3,01-01-2023,Male,12
2686,PRY3,01-01-2023,Female,10
2686,PRY4,01-01-2023,Male,4
2686,PRY4,01-01-2023,Female,4
2686,PRY5,01-01-2023,Male,4
2686,PRY5,01-01-2023,Female,4
2686,PRY6,01-01-2023,Male,4
2686,PRY6,01-01-2023,Female,4
2687,ECCDE1,01-01-2023,Male,4
2687,ECCDE1,01-01-2023,Female,11
2687,ECCDE2,01-01-2023,Male,4
2687,ECCDE2,01-01-2023,Female,2
2687,ECCDE3,01-01-2023,Male,4
2687,ECCDE3,01-01-2023,Female,1
2687,PRY1,01-01-2023,Male,5
2687,PRY1,01-01-2023,Female,18
2687,PRY2,01-01-2023,Male,6
2687,PRY2,01-01-2023,Female,9
2687,PRY3,01-01-2023,Male,8
2687,PRY3,01-01-2023,Female,7
2687,PRY4,01-01-2023,Male,9
2687,PRY4,01-01-2023,Female,9
2687,PRY5,01-01-2023,Male,12
2687,PRY5,01-01-2023,Female,8
2687,PRY6,01-01-2023,Male,7
2687,PRY6,01-01-2023,Female,8
2688,ECCDE1,01-01-2023,Male,32
2688,ECCDE1,01-01-2023,Female,20
2688,ECCDE2,01-01-2023,Male,21
2688,ECCDE2,01-01-2023,Female,23
2688,ECCDE3,01-01-2023,Male,22
2688,ECCDE3,01-01-2023,Female,22
2688,PRY1,01-01-2023,Male,32
2688,PRY1,01-01-2023,Female,16
2688,PRY2,01-01-2023,Male,32
2688,PRY2,01-01-2023,Female,41
2688,PRY3,01-01-2023,Male,41
2688,PRY3,01-01-2023,Female,32
2688,PRY4,01-01-2023,Male,35
2688,PRY4,01-01-2023,Female,29
2688,PRY5,01-01-2023,Male,45
2688,PRY5,01-01-2023,Female,47
2688,PRY6,01-01-2023,Male,65
2688,PRY6,01-01-2023,Female,55
2689,ECCDE1,01-01-2023,Male,24
2689,ECCDE1,01-01-2023,Female,31
2689,ECCDE2,01-01-2023,Male,24
2689,ECCDE2,01-01-2023,Female,30
2689,ECCDE3,01-01-2023,Male,53
2689,ECCDE3,01-01-2023,Female,51
2689,PRY1,01-01-2023,Male,66
2689,PRY1,01-01-2023,Female,48
2689,PRY2,01-01-2023,Male,55
2689,PRY2,01-01-2023,Female,60
2689,PRY3,01-01-2023,Male,59
2689,PRY3,01-01-2023,Female,59
2689,PRY4,01-01-2023,Male,72
2689,PRY4,01-01-2023,Female,64
2689,PRY5,01-01-2023,Male,78
2689,PRY5,01-01-2023,Female,75
2689,PRY6,01-01-2023,Male,83
2689,PRY6,01-01-2023,Female,85
2690,ECCDE1,01-01-2023,Male,19
2690,ECCDE1,01-01-2023,Female,20
2690,ECCDE2,01-01-2023,Male,12
2690,ECCDE2,01-01-2023,Female,11
2690,ECCDE3,01-01-2023,Male,16
2690,ECCDE3,01-01-2023,Female,16
2690,PRY1,01-01-2023,Male,13
2690,PRY1,01-01-2023,Female,17
2690,PRY2,01-01-2023,Male,13
2690,PRY2,01-01-2023,Female,27
2690,PRY3,01-01-2023,Male,14
2690,PRY3,01-01-2023,Female,26
2690,PRY4,01-01-2023,Male,13
2690,PRY4,01-01-2023,Female,31
2690,PRY5,01-01-2023,Male,27
2690,PRY5,01-01-2023,Female,33
2690,PRY6,01-01-2023,Male,25
2690,PRY6,01-01-2023,Female,23
2691,ECCDE1,01-01-2023,Male,28
2691,ECCDE1,01-01-2023,Female,30
2691,ECCDE2,01-01-2023,Male,27
2691,ECCDE2,01-01-2023,Female,16
2691,ECCDE3,01-01-2023,Male,30
2691,ECCDE3,01-01-2023,Female,26
2691,PRY1,01-01-2023,Male,34
2691,PRY1,01-01-2023,Female,40
2691,PRY2,01-01-2023,Male,24
2691,PRY2,01-01-2023,Female,22
2691,PRY3,01-01-2023,Male,28
2691,PRY3,01-01-2023,Female,32
2691,PRY4,01-01-2023,Male,28
2691,PRY4,01-01-2023,Female,24
2691,PRY5,01-01-2023,Male,36
2691,PRY5,01-01-2023,Female,34
2691,PRY6,01-01-2023,Male,27
2691,PRY6,01-01-2023,Female,44
2692,ECCDE1,01-01-2023,Male,19
2692,ECCDE1,01-01-2023,Female,21
2692,ECCDE2,01-01-2023,Male,13
2692,ECCDE2,01-01-2023,Female,22
2692,ECCDE3,01-01-2023,Male,19
2692,ECCDE3,01-01-2023,Female,18
2692,PRY1,01-01-2023,Male,33
2692,PRY1,01-01-2023,Female,29
2692,PRY2,01-01-2023,Male,43
2692,PRY2,01-01-2023,Female,31
2692,PRY3,01-01-2023,Male,40
2692,PRY3,01-01-2023,Female,34
2692,PRY4,01-01-2023,Male,41
2692,PRY4,01-01-2023,Female,38
2692,PRY5,01-01-2023,Male,31
2692,PRY5,01-01-2023,Female,49
2692,PRY6,01-01-2023,Male,49
2692,PRY6,01-01-2023,Female,51
2693,ECCDE1,01-01-2023,Male,12
2693,ECCDE1,01-01-2023,Female,20
2693,ECCDE2,01-01-2023,Male,25
2693,ECCDE2,01-01-2023,Female,25
2693,ECCDE3,01-01-2023,Male,20
2693,ECCDE3,01-01-2023,Female,30
2693,PRY1,01-01-2023,Male,38
2693,PRY1,01-01-2023,Female,30
2693,PRY2,01-01-2023,Male,50
2693,PRY2,01-01-2023,Female,42
2693,PRY3,01-01-2023,Male,60
2693,PRY3,01-01-2023,Female,50
2693,PRY4,01-01-2023,Male,60
2693,PRY4,01-01-2023,Female,70
2693,PRY5,01-01-2023,Male,80
2693,PRY5,01-01-2023,Female,81
2693,PRY6,01-01-2023,Male,60
2693,PRY6,01-01-2023,Female,68
2694,ECCDE1,01-01-2023,Male,17
2694,ECCDE1,01-01-2023,Female,24
2694,ECCDE2,01-01-2023,Male,13
2694,ECCDE2,01-01-2023,Female,16
2694,ECCDE3,01-01-2023,Male,18
2694,ECCDE3,01-01-2023,Female,17
2694,PRY1,01-01-2023,Male,20
2694,PRY1,01-01-2023,Female,19
2694,PRY2,01-01-2023,Male,31
2694,PRY2,01-01-2023,Female,29
2694,PRY3,01-01-2023,Male,29
2694,PRY3,01-01-2023,Female,16
2694,PRY4,01-01-2023,Male,34
2694,PRY4,01-01-2023,Female,25
2694,PRY5,01-01-2023,Male,26
2694,PRY5,01-01-2023,Female,25
2694,PRY6,01-01-2023,Male,17
2694,PRY6,01-01-2023,Female,21
2695,ECCDE1,01-01-2023,Male,15
2695,ECCDE1,01-01-2023,Female,15
2695,ECCDE2,01-01-2023,Male,8
2695,ECCDE2,01-01-2023,Female,12
2695,ECCDE3,01-01-2023,Male,6
2695,ECCDE3,01-01-2023,Female,15
2695,PRY1,01-01-2023,Male,23
2695,PRY1,01-01-2023,Female,29
2695,PRY2,01-01-2023,Male,47
2695,PRY2,01-01-2023,Female,34
2695,PRY3,01-01-2023,Male,46
2695,PRY3,01-01-2023,Female,45
2695,PRY4,01-01-2023,Male,53
2695,PRY4,01-01-2023,Female,66
2695,PRY5,01-01-2023,Male,43
2695,PRY5,01-01-2023,Female,63
2695,PRY6,01-01-2023,Male,43
2695,PRY6,01-01-2023,Female,39
2696,ECCDE1,01-01-2023,Male,20
2696,ECCDE1,01-01-2023,Female,23
2696,ECCDE2,01-01-2023,Male,20
2696,ECCDE2,01-01-2023,Female,19
2696,ECCDE3,01-01-2023,Male,12
2696,ECCDE3,01-01-2023,Female,16
2696,PRY1,01-01-2023,Male,21
2696,PRY1,01-01-2023,Female,23
2696,PRY2,01-01-2023,Male,28
2696,PRY2,01-01-2023,Female,11
2696,PRY3,01-01-2023,Male,24
2696,PRY3,01-01-2023,Female,17
2696,PRY4,01-01-2023,Male,21
2696,PRY4,01-01-2023,Female,20
2696,PRY5,01-01-2023,Male,20
2696,PRY5,01-01-2023,Female,28
2696,PRY6,01-01-2023,Male,19
2696,PRY6,01-01-2023,Female,19
2697,ECCDE1,01-01-2023,Male,18
2697,ECCDE1,01-01-2023,Female,12
2697,ECCDE2,01-01-2023,Male,14
2697,ECCDE2,01-01-2023,Female,13
2697,ECCDE3,01-01-2023,Male,13
2697,ECCDE3,01-01-2023,Female,10
2697,PRY1,01-01-2023,Male,21
2697,PRY1,01-01-2023,Female,7
2697,PRY2,01-01-2023,Male,18
2697,PRY2,01-01-2023,Female,5
2697,PRY3,01-01-2023,Male,13
2697,PRY3,01-01-2023,Female,11
2697,PRY4,01-01-2023,Male,13
2697,PRY4,01-01-2023,Female,10
2697,PRY5,01-01-2023,Male,19
2697,PRY5,01-01-2023,Female,20
2697,PRY6,01-01-2023,Male,15
2697,PRY6,01-01-2023,Female,17
2698,ECCDE1,01-01-2023,Male,17
2698,ECCDE1,01-01-2023,Female,18
2698,ECCDE2,01-01-2023,Male,9
2698,ECCDE2,01-01-2023,Female,11
2698,ECCDE3,01-01-2023,Male,16
2698,ECCDE3,01-01-2023,Female,15
2698,PRY1,01-01-2023,Male,12
2698,PRY1,01-01-2023,Female,16
2698,PRY2,01-01-2023,Male,25
2698,PRY2,01-01-2023,Female,17
2698,PRY3,01-01-2023,Male,14
2698,PRY3,01-01-2023,Female,18
2698,PRY4,01-01-2023,Male,14
2698,PRY4,01-01-2023,Female,14
2698,PRY5,01-01-2023,Male,20
2698,PRY5,01-01-2023,Female,18
2698,PRY6,01-01-2023,Male,11
2698,PRY6,01-01-2023,Female,16
2699,ECCDE1,01-01-2023,Male,14
2699,ECCDE1,01-01-2023,Female,18
2699,ECCDE2,01-01-2023,Male,9
2699,ECCDE2,01-01-2023,Female,12
2699,ECCDE3,01-01-2023,Male,10
2699,ECCDE3,01-01-2023,Female,11
2699,PRY1,01-01-2023,Male,15
2699,PRY1,01-01-2023,Female,17
2699,PRY2,01-01-2023,Male,20
2699,PRY2,01-01-2023,Female,19
2699,PRY3,01-01-2023,Male,15
2699,PRY3,01-01-2023,Female,18
2699,PRY4,01-01-2023,Male,16
2699,PRY4,01-01-2023,Female,22
2699,PRY5,01-01-2023,Male,28
2699,PRY5,01-01-2023,Female,34
2699,PRY6,01-01-2023,Male,22
2699,PRY6,01-01-2023,Female,25
2700,ECCDE1,01-01-2023,Male,40
2700,ECCDE1,01-01-2023,Female,40
2700,ECCDE2,01-01-2023,Male,20
2700,ECCDE2,01-01-2023,Female,20
2700,ECCDE3,01-01-2023,Male,28
2700,ECCDE3,01-01-2023,Female,28
2700,PRY1,01-01-2023,Male,27
2700,PRY1,01-01-2023,Female,30
2700,PRY2,01-01-2023,Male,30
2700,PRY2,01-01-2023,Female,31
2700,PRY3,01-01-2023,Male,28
2700,PRY3,01-01-2023,Female,32
2700,PRY4,01-01-2023,Male,35
2700,PRY4,01-01-2023,Female,38
2700,PRY5,01-01-2023,Male,34
2700,PRY5,01-01-2023,Female,30
2700,PRY6,01-01-2023,Male,42
2700,PRY6,01-01-2023,Female,40
2701,ECCDE1,01-01-2023,Male,17
2701,ECCDE1,01-01-2023,Female,31
2701,ECCDE2,01-01-2023,Male,5
2701,ECCDE2,01-01-2023,Female,15
2701,ECCDE3,01-01-2023,Male,9
2701,ECCDE3,01-01-2023,Female,13
2701,PRY1,01-01-2023,Male,22
2701,PRY1,01-01-2023,Female,11
2701,PRY2,01-01-2023,Male,11
2701,PRY2,01-01-2023,Female,10
2701,PRY3,01-01-2023,Male,12
2701,PRY3,01-01-2023,Female,23
2701,PRY4,01-01-2023,Male,24
2701,PRY4,01-01-2023,Female,20
2701,PRY5,01-01-2023,Male,16
2701,PRY5,01-01-2023,Female,21
2701,PRY6,01-01-2023,Male,14
2701,PRY6,01-01-2023,Female,19
2702,ECCDE1,01-01-2023,Male,20
2702,ECCDE1,01-01-2023,Female,22
2702,ECCDE2,01-01-2023,Male,11
2702,ECCDE2,01-01-2023,Female,16
2702,ECCDE3,01-01-2023,Male,21
2702,ECCDE3,01-01-2023,Female,17
2702,PRY1,01-01-2023,Male,27
2702,PRY1,01-01-2023,Female,25
2702,PRY2,01-01-2023,Male,34
2702,PRY2,01-01-2023,Female,33
2702,PRY3,01-01-2023,Male,51
2702,PRY3,01-01-2023,Female,33
2702,PRY4,01-01-2023,Male,64
2702,PRY4,01-01-2023,Female,60
2702,PRY5,01-01-2023,Male,60
2702,PRY5,01-01-2023,Female,54
2702,PRY6,01-01-2023,Male,56
2702,PRY6,01-01-2023,Female,62
2703,ECCDE1,01-01-2023,Male,31
2703,ECCDE1,01-01-2023,Female,20
2703,ECCDE2,01-01-2023,Male,19
2703,ECCDE2,01-01-2023,Female,25
2703,ECCDE3,01-01-2023,Male,21
2703,ECCDE3,01-01-2023,Female,23
2703,PRY1,01-01-2023,Male,19
2703,PRY1,01-01-2023,Female,28
2703,PRY2,01-01-2023,Male,28
2703,PRY2,01-01-2023,Female,21
2703,PRY3,01-01-2023,Male,29
2703,PRY3,01-01-2023,Female,19
2703,PRY4,01-01-2023,Male,35
2703,PRY4,01-01-2023,Female,18
2703,PRY5,01-01-2023,Male,25
2703,PRY5,01-01-2023,Female,43
2703,PRY6,01-01-2023,Male,23
2703,PRY6,01-01-2023,Female,34
2704,ECCDE1,01-01-2023,Male,3
2704,ECCDE1,01-01-2023,Female,2
2704,ECCDE2,01-01-2023,Male,2
2704,ECCDE2,01-01-2023,Female,5
2704,ECCDE3,01-01-2023,Male,5
2704,ECCDE3,01-01-2023,Female,5
2704,PRY1,01-01-2023,Male,6
2704,PRY1,01-01-2023,Female,7
2704,PRY2,01-01-2023,Male,11
2704,PRY2,01-01-2023,Female,10
2704,PRY3,01-01-2023,Male,12
2704,PRY3,01-01-2023,Female,11
2704,PRY4,01-01-2023,Male,7
2704,PRY4,01-01-2023,Female,6
2704,PRY5,01-01-2023,Male,8
2704,PRY5,01-01-2023,Female,7
2704,PRY6,01-01-2023,Male,14
2704,PRY6,01-01-2023,Female,11
2705,ECCDE1,01-01-2023,Male,12
2705,ECCDE1,01-01-2023,Female,16
2705,ECCDE2,01-01-2023,Male,9
2705,ECCDE2,01-01-2023,Female,11
2705,ECCDE3,01-01-2023,Male,14
2705,ECCDE3,01-01-2023,Female,12
2705,PRY1,01-01-2023,Male,12
2705,PRY1,01-01-2023,Female,15
2705,PRY2,01-01-2023,Male,16
2705,PRY2,01-01-2023,Female,14
2705,PRY3,01-01-2023,Male,18
2705,PRY3,01-01-2023,Female,20
2705,PRY4,01-01-2023,Male,22
2705,PRY4,01-01-2023,Female,8
2705,PRY5,01-01-2023,Male,18
2705,PRY5,01-01-2023,Female,15
2705,PRY6,01-01-2023,Male,24
2705,PRY6,01-01-2023,Female,20
2706,ECCDE1,01-01-2023,Male,0
2706,ECCDE1,01-01-2023,Female,0
2706,ECCDE2,01-01-2023,Male,0
2706,ECCDE2,01-01-2023,Female,0
2706,ECCDE3,01-01-2023,Male,0
2706,ECCDE3,01-01-2023,Female,0
2706,PRY1,01-01-2023,Male,3
2706,PRY1,01-01-2023,Female,2
2706,PRY2,01-01-2023,Male,2
2706,PRY2,01-01-2023,Female,3
2706,PRY3,01-01-2023,Male,3
2706,PRY3,01-01-2023,Female,3
2706,PRY4,01-01-2023,Male,2
2706,PRY4,01-01-2023,Female,3
2706,PRY5,01-01-2023,Male,1
2706,PRY5,01-01-2023,Female,5
2706,PRY6,01-01-2023,Male,5
2706,PRY6,01-01-2023,Female,9
2707,ECCDE1,01-01-2023,Male,2
2707,ECCDE1,01-01-2023,Female,5
2707,ECCDE2,01-01-2023,Male,8
2707,ECCDE2,01-01-2023,Female,7
2707,ECCDE3,01-01-2023,Male,16
2707,ECCDE3,01-01-2023,Female,2
2707,PRY1,01-01-2023,Male,14
2707,PRY1,01-01-2023,Female,5
2707,PRY2,01-01-2023,Male,21
2707,PRY2,01-01-2023,Female,17
2707,PRY3,01-01-2023,Male,10
2707,PRY3,01-01-2023,Female,13
2707,PRY4,01-01-2023,Male,16
2707,PRY4,01-01-2023,Female,16
2707,PRY5,01-01-2023,Male,13
2707,PRY5,01-01-2023,Female,18
2707,PRY6,01-01-2023,Male,24
2707,PRY6,01-01-2023,Female,20
2708,ECCDE1,01-01-2023,Male,14
2708,ECCDE1,01-01-2023,Female,26
2708,ECCDE2,01-01-2023,Male,16
2708,ECCDE2,01-01-2023,Female,20
2708,ECCDE3,01-01-2023,Male,17
2708,ECCDE3,01-01-2023,Female,7
2708,PRY1,01-01-2023,Male,21
2708,PRY1,01-01-2023,Female,16
2708,PRY2,01-01-2023,Male,18
2708,PRY2,01-01-2023,Female,21
2708,PRY3,01-01-2023,Male,27
2708,PRY3,01-01-2023,Female,8
2708,PRY4,01-01-2023,Male,21
2708,PRY4,01-01-2023,Female,9
2708,PRY5,01-01-2023,Male,24
2708,PRY5,01-01-2023,Female,13
2708,PRY6,01-01-2023,Male,13
2708,PRY6,01-01-2023,Female,20
2709,ECCDE1,01-01-2023,Male,18
2709,ECCDE1,01-01-2023,Female,25
2709,ECCDE2,01-01-2023,Male,11
2709,ECCDE2,01-01-2023,Female,8
2709,ECCDE3,01-01-2023,Male,13
2709,ECCDE3,01-01-2023,Female,13
2709,PRY1,01-01-2023,Male,14
2709,PRY1,01-01-2023,Female,11
2709,PRY2,01-01-2023,Male,14
2709,PRY2,01-01-2023,Female,16
2709,PRY3,01-01-2023,Male,12
2709,PRY3,01-01-2023,Female,21
2709,PRY4,01-01-2023,Male,29
2709,PRY4,01-01-2023,Female,18
2709,PRY5,01-01-2023,Male,21
2709,PRY5,01-01-2023,Female,12
2709,PRY6,01-01-2023,Male,12
2709,PRY6,01-01-2023,Female,10
2710,ECCDE1,01-01-2023,Male,25
2710,ECCDE1,01-01-2023,Female,21
2710,ECCDE2,01-01-2023,Male,26
2710,ECCDE2,01-01-2023,Female,17
2710,ECCDE3,01-01-2023,Male,18
2710,ECCDE3,01-01-2023,Female,15
2710,PRY1,01-01-2023,Male,26
2710,PRY1,01-01-2023,Female,17
2710,PRY2,01-01-2023,Male,33
2710,PRY2,01-01-2023,Female,17
2710,PRY3,01-01-2023,Male,25
2710,PRY3,01-01-2023,Female,25
2710,PRY4,01-01-2023,Male,39
2710,PRY4,01-01-2023,Female,41
2710,PRY5,01-01-2023,Male,36
2710,PRY5,01-01-2023,Female,35
2710,PRY6,01-01-2023,Male,41
2710,PRY6,01-01-2023,Female,29
2711,ECCDE1,01-01-2023,Male,14
2711,ECCDE1,01-01-2023,Female,21
2711,ECCDE2,01-01-2023,Male,11
2711,ECCDE2,01-01-2023,Female,13
2711,ECCDE3,01-01-2023,Male,10
2711,ECCDE3,01-01-2023,Female,17
2711,PRY1,01-01-2023,Male,15
2711,PRY1,01-01-2023,Female,11
2711,PRY2,01-01-2023,Male,9
2711,PRY2,01-01-2023,Female,16
2711,PRY3,01-01-2023,Male,20
2711,PRY3,01-01-2023,Female,25
2711,PRY4,01-01-2023,Male,10
2711,PRY4,01-01-2023,Female,23
2711,PRY5,01-01-2023,Male,24
2711,PRY5,01-01-2023,Female,19
2711,PRY6,01-01-2023,Male,21
2711,PRY6,01-01-2023,Female,16
2712,ECCDE1,01-01-2023,Male,25
2712,ECCDE1,01-01-2023,Female,20
2712,ECCDE2,01-01-2023,Male,18
2712,ECCDE2,01-01-2023,Female,19
2712,ECCDE3,01-01-2023,Male,10
2712,ECCDE3,01-01-2023,Female,19
2712,PRY1,01-01-2023,Male,22
2712,PRY1,01-01-2023,Female,13
2712,PRY2,01-01-2023,Male,14
2712,PRY2,01-01-2023,Female,22
2712,PRY3,01-01-2023,Male,23
2712,PRY3,01-01-2023,Female,24
2712,PRY4,01-01-2023,Male,25
2712,PRY4,01-01-2023,Female,24
2712,PRY5,01-01-2023,Male,23
2712,PRY5,01-01-2023,Female,26
2712,PRY6,01-01-2023,Male,27
2712,PRY6,01-01-2023,Female,26
2713,ECCDE1,01-01-2023,Male,20
2713,ECCDE1,01-01-2023,Female,21
2713,ECCDE2,01-01-2023,Male,15
2713,ECCDE2,01-01-2023,Female,15
2713,ECCDE3,01-01-2023,Male,18
2713,ECCDE3,01-01-2023,Female,17
2713,PRY1,01-01-2023,Male,23
2713,PRY1,01-01-2023,Female,6
2713,PRY2,01-01-2023,Male,16
2713,PRY2,01-01-2023,Female,20
2713,PRY3,01-01-2023,Male,20
2713,PRY3,01-01-2023,Female,18
2713,PRY4,01-01-2023,Male,20
2713,PRY4,01-01-2023,Female,20
2713,PRY5,01-01-2023,Male,22
2713,PRY5,01-01-2023,Female,27
2713,PRY6,01-01-2023,Male,24
2713,PRY6,01-01-2023,Female,34
2714,ECCDE1,01-01-2023,Male,14
2714,ECCDE1,01-01-2023,Female,9
2714,ECCDE2,01-01-2023,Male,6
2714,ECCDE2,01-01-2023,Female,9
2714,ECCDE3,01-01-2023,Male,5
2714,ECCDE3,01-01-2023,Female,10
2714,PRY1,01-01-2023,Male,7
2714,PRY1,01-01-2023,Female,10
2714,PRY2,01-01-2023,Male,9
2714,PRY2,01-01-2023,Female,10
2714,PRY3,01-01-2023,Male,8
2714,PRY3,01-01-2023,Female,15
2714,PRY4,01-01-2023,Male,16
2714,PRY4,01-01-2023,Female,14
2714,PRY5,01-01-2023,Male,16
2714,PRY5,01-01-2023,Female,15
2714,PRY6,01-01-2023,Male,24
2714,PRY6,01-01-2023,Female,17
2715,ECCDE1,01-01-2023,Male,11
2715,ECCDE1,01-01-2023,Female,11
2715,ECCDE2,01-01-2023,Male,8
2715,ECCDE2,01-01-2023,Female,10
2715,ECCDE3,01-01-2023,Male,8
2715,ECCDE3,01-01-2023,Female,12
2715,PRY1,01-01-2023,Male,10
2715,PRY1,01-01-2023,Female,14
2715,PRY2,01-01-2023,Male,14
2715,PRY2,01-01-2023,Female,16
2715,PRY3,01-01-2023,Male,10
2715,PRY3,01-01-2023,Female,8
2715,PRY4,01-01-2023,Male,12
2715,PRY4,01-01-2023,Female,16
2715,PRY5,01-01-2023,Male,12
2715,PRY5,01-01-2023,Female,20
2715,PRY6,01-01-2023,Male,15
2715,PRY6,01-01-2023,Female,20
2716,ECCDE1,01-01-2023,Male,6
2716,ECCDE1,01-01-2023,Female,2
2716,ECCDE2,01-01-2023,Male,5
2716,ECCDE2,01-01-2023,Female,2
2716,ECCDE3,01-01-2023,Male,2
2716,ECCDE3,01-01-2023,Female,4
2716,PRY1,01-01-2023,Male,4
2716,PRY1,01-01-2023,Female,1
2716,PRY2,01-01-2023,Male,5
2716,PRY2,01-01-2023,Female,1
2716,PRY3,01-01-2023,Male,10
2716,PRY3,01-01-2023,Female,5
2716,PRY4,01-01-2023,Male,9
2716,PRY4,01-01-2023,Female,5
2716,PRY5,01-01-2023,Male,7
2716,PRY5,01-01-2023,Female,4
2716,PRY6,01-01-2023,Male,5
2716,PRY6,01-01-2023,Female,6
2717,ECCDE1,01-01-2023,Male,7
2717,ECCDE1,01-01-2023,Female,6
2717,ECCDE2,01-01-2023,Male,0
2717,ECCDE2,01-01-2023,Female,4
2717,ECCDE3,01-01-2023,Male,7
2717,ECCDE3,01-01-2023,Female,8
2717,PRY1,01-01-2023,Male,3
2717,PRY1,01-01-2023,Female,3
2717,PRY2,01-01-2023,Male,13
2717,PRY2,01-01-2023,Female,1
2717,PRY3,01-01-2023,Male,1
2717,PRY3,01-01-2023,Female,12
2717,PRY4,01-01-2023,Male,11
2717,PRY4,01-01-2023,Female,6
2717,PRY5,01-01-2023,Male,8
2717,PRY5,01-01-2023,Female,11
2717,PRY6,01-01-2023,Male,10
2717,PRY6,01-01-2023,Female,8
2718,ECCDE1,01-01-2023,Male,3
2718,ECCDE1,01-01-2023,Female,3
2718,ECCDE2,01-01-2023,Male,4
2718,ECCDE2,01-01-2023,Female,5
2718,ECCDE3,01-01-2023,Male,6
2718,ECCDE3,01-01-2023,Female,6
2718,PRY1,01-01-2023,Male,4
2718,PRY1,01-01-2023,Female,5
2718,PRY2,01-01-2023,Male,4
2718,PRY2,01-01-2023,Female,5
2718,PRY3,01-01-2023,Male,8
2718,PRY3,01-01-2023,Female,5
2718,PRY4,01-01-2023,Male,7
2718,PRY4,01-01-2023,Female,7
2718,PRY5,01-01-2023,Male,8
2718,PRY5,01-01-2023,Female,7
2718,PRY6,01-01-2023,Male,10
2718,PRY6,01-01-2023,Female,11
2719,ECCDE1,01-01-2023,Male,17
2719,ECCDE1,01-01-2023,Female,18
2719,ECCDE2,01-01-2023,Male,10
2719,ECCDE2,01-01-2023,Female,9
2719,ECCDE3,01-01-2023,Male,14
2719,ECCDE3,01-01-2023,Female,16
2719,PRY1,01-01-2023,Male,11
2719,PRY1,01-01-2023,Female,22
2719,PRY2,01-01-2023,Male,14
2719,PRY2,01-01-2023,Female,17
2719,PRY3,01-01-2023,Male,18
2719,PRY3,01-01-2023,Female,14
2719,PRY4,01-01-2023,Male,18
2719,PRY4,01-01-2023,Female,13
2719,PRY5,01-01-2023,Male,19
2719,PRY5,01-01-2023,Female,18
2719,PRY6,01-01-2023,Male,17
2719,PRY6,01-01-2023,Female,22
2720,ECCDE1,01-01-2023,Male,15
2720,ECCDE1,01-01-2023,Female,17
2720,ECCDE2,01-01-2023,Male,21
2720,ECCDE2,01-01-2023,Female,17
2720,ECCDE3,01-01-2023,Male,10
2720,ECCDE3,01-01-2023,Female,10
2720,PRY1,01-01-2023,Male,21
2720,PRY1,01-01-2023,Female,22
2720,PRY2,01-01-2023,Male,26
2720,PRY2,01-01-2023,Female,24
2720,PRY3,01-01-2023,Male,30
2720,PRY3,01-01-2023,Female,26
2720,PRY4,01-01-2023,Male,29
2720,PRY4,01-01-2023,Female,28
2720,PRY5,01-01-2023,Male,24
2720,PRY5,01-01-2023,Female,33
2720,PRY6,01-01-2023,Male,34
2720,PRY6,01-01-2023,Female,29
2721,ECCDE1,01-01-2023,Male,28
2721,ECCDE1,01-01-2023,Female,31
2721,ECCDE2,01-01-2023,Male,22
2721,ECCDE2,01-01-2023,Female,21
2721,ECCDE3,01-01-2023,Male,27
2721,ECCDE3,01-01-2023,Female,24
2721,PRY1,01-01-2023,Male,28
2721,PRY1,01-01-2023,Female,37
2721,PRY2,01-01-2023,Male,34
2721,PRY2,01-01-2023,Female,43
2721,PRY3,01-01-2023,Male,39
2721,PRY3,01-01-2023,Female,40
2721,PRY4,01-01-2023,Male,41
2721,PRY4,01-01-2023,Female,42
2721,PRY5,01-01-2023,Male,51
2721,PRY5,01-01-2023,Female,30
2721,PRY6,01-01-2023,Male,46
2721,PRY6,01-01-2023,Female,51
2722,ECCDE1,01-01-2023,Male,18
2722,ECCDE1,01-01-2023,Female,13
2722,ECCDE2,01-01-2023,Male,17
2722,ECCDE2,01-01-2023,Female,14
2722,ECCDE3,01-01-2023,Male,10
2722,ECCDE3,01-01-2023,Female,14
2722,PRY1,01-01-2023,Male,12
2722,PRY1,01-01-2023,Female,8
2722,PRY2,01-01-2023,Male,17
2722,PRY2,01-01-2023,Female,14
2722,PRY3,01-01-2023,Male,25
2722,PRY3,01-01-2023,Female,17
2722,PRY4,01-01-2023,Male,25
2722,PRY4,01-01-2023,Female,23
2722,PRY5,01-01-2023,Male,36
2722,PRY5,01-01-2023,Female,18
2722,PRY6,01-01-2023,Male,26
2722,PRY6,01-01-2023,Female,21
2723,ECCDE1,01-01-2023,Male,17
2723,ECCDE1,01-01-2023,Female,9
2723,ECCDE2,01-01-2023,Male,10
2723,ECCDE2,01-01-2023,Female,10
2723,ECCDE3,01-01-2023,Male,15
2723,ECCDE3,01-01-2023,Female,9
2723,PRY1,01-01-2023,Male,13
2723,PRY1,01-01-2023,Female,8
2723,PRY2,01-01-2023,Male,13
2723,PRY2,01-01-2023,Female,14
2723,PRY3,01-01-2023,Male,15
2723,PRY3,01-01-2023,Female,13
2723,PRY4,01-01-2023,Male,22
2723,PRY4,01-01-2023,Female,22
2723,PRY5,01-01-2023,Male,13
2723,PRY5,01-01-2023,Female,22
2723,PRY6,01-01-2023,Male,14
2723,PRY6,01-01-2023,Female,13
2724,ECCDE1,01-01-2023,Male,8
2724,ECCDE1,01-01-2023,Female,10
2724,ECCDE2,01-01-2023,Male,8
2724,ECCDE2,01-01-2023,Female,8
2724,ECCDE3,01-01-2023,Male,13
2724,ECCDE3,01-01-2023,Female,12
2724,PRY1,01-01-2023,Male,10
2724,PRY1,01-01-2023,Female,16
2724,PRY2,01-01-2023,Male,19
2724,PRY2,01-01-2023,Female,19
2724,PRY3,01-01-2023,Male,21
2724,PRY3,01-01-2023,Female,13
2724,PRY4,01-01-2023,Male,18
2724,PRY4,01-01-2023,Female,8
2724,PRY5,01-01-2023,Male,10
2724,PRY5,01-01-2023,Female,15
2724,PRY6,01-01-2023,Male,19
2724,PRY6,01-01-2023,Female,7
2725,ECCDE1,01-01-2023,Male,22
2725,ECCDE1,01-01-2023,Female,21
2725,ECCDE2,01-01-2023,Male,22
2725,ECCDE2,01-01-2023,Female,16
2725,ECCDE3,01-01-2023,Male,20
2725,ECCDE3,01-01-2023,Female,18
2725,PRY1,01-01-2023,Male,17
2725,PRY1,01-01-2023,Female,18
2725,PRY2,01-01-2023,Male,22
2725,PRY2,01-01-2023,Female,22
2725,PRY3,01-01-2023,Male,28
2725,PRY3,01-01-2023,Female,25
2725,PRY4,01-01-2023,Male,27
2725,PRY4,01-01-2023,Female,36
2725,PRY5,01-01-2023,Male,35
2725,PRY5,01-01-2023,Female,25
2725,PRY6,01-01-2023,Male,33
2725,PRY6,01-01-2023,Female,29
2726,ECCDE1,01-01-2023,Male,16
2726,ECCDE1,01-01-2023,Female,12
2726,ECCDE2,01-01-2023,Male,8
2726,ECCDE2,01-01-2023,Female,9
2726,ECCDE3,01-01-2023,Male,9
2726,ECCDE3,01-01-2023,Female,15
2726,PRY1,01-01-2023,Male,15
2726,PRY1,01-01-2023,Female,16
2726,PRY2,01-01-2023,Male,12
2726,PRY2,01-01-2023,Female,22
2726,PRY3,01-01-2023,Male,18
2726,PRY3,01-01-2023,Female,31
2726,PRY4,01-01-2023,Male,17
2726,PRY4,01-01-2023,Female,24
2726,PRY5,01-01-2023,Male,19
2726,PRY5,01-01-2023,Female,20
2726,PRY6,01-01-2023,Male,27
2726,PRY6,01-01-2023,Female,19
2727,ECCDE1,01-01-2023,Male,8
2727,ECCDE1,01-01-2023,Female,7
2727,ECCDE2,01-01-2023,Male,12
2727,ECCDE2,01-01-2023,Female,14
2727,ECCDE3,01-01-2023,Male,11
2727,ECCDE3,01-01-2023,Female,10
2727,PRY1,01-01-2023,Male,14
2727,PRY1,01-01-2023,Female,12
2727,PRY2,01-01-2023,Male,15
2727,PRY2,01-01-2023,Female,4
2727,PRY3,01-01-2023,Male,12
2727,PRY3,01-01-2023,Female,7
2727,PRY4,01-01-2023,Male,13
2727,PRY4,01-01-2023,Female,11
2727,PRY5,01-01-2023,Male,12
2727,PRY5,01-01-2023,Female,14
2727,PRY6,01-01-2023,Male,17
2727,PRY6,01-01-2023,Female,6
2728,ECCDE1,01-01-2023,Male,15
2728,ECCDE1,01-01-2023,Female,16
2728,ECCDE2,01-01-2023,Male,15
2728,ECCDE2,01-01-2023,Female,23
2728,ECCDE3,01-01-2023,Male,27
2728,ECCDE3,01-01-2023,Female,12
2728,PRY1,01-01-2023,Male,24
2728,PRY1,01-01-2023,Female,28
2728,PRY2,01-01-2023,Male,30
2728,PRY2,01-01-2023,Female,42
2728,PRY3,01-01-2023,Male,39
2728,PRY3,01-01-2023,Female,36
2728,PRY4,01-01-2023,Male,41
2728,PRY4,01-01-2023,Female,30
2728,PRY5,01-01-2023,Male,56
2728,PRY5,01-01-2023,Female,34
2728,PRY6,01-01-2023,Male,50
2728,PRY6,01-01-2023,Female,46
2729,ECCDE1,01-01-2023,Male,2
2729,ECCDE1,01-01-2023,Female,3
2729,ECCDE2,01-01-2023,Male,8
2729,ECCDE2,01-01-2023,Female,7
2729,ECCDE3,01-01-2023,Male,10
2729,ECCDE3,01-01-2023,Female,8
2729,PRY1,01-01-2023,Male,8
2729,PRY1,01-01-2023,Female,7
2729,PRY2,01-01-2023,Male,16
2729,PRY2,01-01-2023,Female,7
2729,PRY3,01-01-2023,Male,8
2729,PRY3,01-01-2023,Female,11
2729,PRY4,01-01-2023,Male,12
2729,PRY4,01-01-2023,Female,16
2729,PRY5,01-01-2023,Male,15
2729,PRY5,01-01-2023,Female,16
2729,PRY6,01-01-2023,Male,13
2729,PRY6,01-01-2023,Female,15
2730,ECCDE1,01-01-2023,Male,0
2730,ECCDE1,01-01-2023,Female,0
2730,ECCDE2,01-01-2023,Male,0
2730,ECCDE2,01-01-2023,Female,0
2730,ECCDE3,01-01-2023,Male,0
2730,ECCDE3,01-01-2023,Female,0
2730,PRY1,01-01-2023,Male,1
2730,PRY1,01-01-2023,Female,3
2730,PRY2,01-01-2023,Male,3
2730,PRY2,01-01-2023,Female,2
2730,PRY3,01-01-2023,Male,5
2730,PRY3,01-01-2023,Female,2
2730,PRY4,01-01-2023,Male,4
2730,PRY4,01-01-2023,Female,0
2730,PRY5,01-01-2023,Male,4
2730,PRY5,01-01-2023,Female,4
2730,PRY6,01-01-2023,Male,1
2730,PRY6,01-01-2023,Female,5
2731,ECCDE1,01-01-2023,Male,0
2731,ECCDE1,01-01-2023,Female,0
2731,ECCDE2,01-01-2023,Male,0
2731,ECCDE2,01-01-2023,Female,0
2731,ECCDE3,01-01-2023,Male,0
2731,ECCDE3,01-01-2023,Female,0
2731,PRY1,01-01-2023,Male,0
2731,PRY1,01-01-2023,Female,0
2731,PRY2,01-01-2023,Male,1
2731,PRY2,01-01-2023,Female,0
2731,PRY3,01-01-2023,Male,0
2731,PRY3,01-01-2023,Female,0
2731,PRY4,01-01-2023,Male,1
2731,PRY4,01-01-2023,Female,1
2731,PRY5,01-01-2023,Male,0
2731,PRY5,01-01-2023,Female,0
2731,PRY6,01-01-2023,Male,0
2731,PRY6,01-01-2023,Female,0
2732,ECCDE1,01-01-2023,Male,3
2732,ECCDE1,01-01-2023,Female,3
2732,ECCDE2,01-01-2023,Male,3
2732,ECCDE2,01-01-2023,Female,3
2732,ECCDE3,01-01-2023,Male,2
2732,ECCDE3,01-01-2023,Female,1
2732,PRY1,01-01-2023,Male,2
2732,PRY1,01-01-2023,Female,1
2732,PRY2,01-01-2023,Male,1
2732,PRY2,01-01-2023,Female,0
2732,PRY3,01-01-2023,Male,1
2732,PRY3,01-01-2023,Female,3
2732,PRY4,01-01-2023,Male,1
2732,PRY4,01-01-2023,Female,0
2732,PRY5,01-01-2023,Male,1
2732,PRY5,01-01-2023,Female,1
2732,PRY6,01-01-2023,Male,0
2732,PRY6,01-01-2023,Female,0
2733,ECCDE1,01-01-2023,Male,28
2733,ECCDE1,01-01-2023,Female,18
2733,ECCDE2,01-01-2023,Male,13
2733,ECCDE2,01-01-2023,Female,17
2733,ECCDE3,01-01-2023,Male,16
2733,ECCDE3,01-01-2023,Female,14
2733,PRY1,01-01-2023,Male,16
2733,PRY1,01-01-2023,Female,16
2733,PRY2,01-01-2023,Male,19
2733,PRY2,01-01-2023,Female,19
2733,PRY3,01-01-2023,Male,17
2733,PRY3,01-01-2023,Female,21
2733,PRY4,01-01-2023,Male,21
2733,PRY4,01-01-2023,Female,21
2733,PRY5,01-01-2023,Male,19
2733,PRY5,01-01-2023,Female,14
2733,PRY6,01-01-2023,Male,15
2733,PRY6,01-01-2023,Female,15
2734,ECCDE1,01-01-2023,Male,0
2734,ECCDE1,01-01-2023,Female,0
2734,ECCDE2,01-01-2023,Male,0
2734,ECCDE2,01-01-2023,Female,0
2734,ECCDE3,01-01-2023,Male,0
2734,ECCDE3,01-01-2023,Female,0
2734,PRY1,01-01-2023,Male,0
2734,PRY1,01-01-2023,Female,0
2734,PRY2,01-01-2023,Male,0
2734,PRY2,01-01-2023,Female,0
2734,PRY3,01-01-2023,Male,0
2734,PRY3,01-01-2023,Female,0
2734,PRY4,01-01-2023,Male,0
2734,PRY4,01-01-2023,Female,0
2734,PRY5,01-01-2023,Male,0
2734,PRY5,01-01-2023,Female,0
2734,PRY6,01-01-2023,Male,0
2734,PRY6,01-01-2023,Female,0
2735,ECCDE1,01-01-2023,Male,0
2735,ECCDE1,01-01-2023,Female,0
2735,ECCDE2,01-01-2023,Male,0
2735,ECCDE2,01-01-2023,Female,0
2735,ECCDE3,01-01-2023,Male,0
2735,ECCDE3,01-01-2023,Female,0
2735,PRY1,01-01-2023,Male,0
2735,PRY1,01-01-2023,Female,0
2735,PRY2,01-01-2023,Male,0
2735,PRY2,01-01-2023,Female,0
2735,PRY3,01-01-2023,Male,0
2735,PRY3,01-01-2023,Female,0
2735,PRY4,01-01-2023,Male,0
2735,PRY4,01-01-2023,Female,0
2735,PRY5,01-01-2023,Male,0
2735,PRY5,01-01-2023,Female,0
2735,PRY6,01-01-2023,Male,0
2735,PRY6,01-01-2023,Female,0
2736,ECCDE1,01-01-2023,Male,18
2736,ECCDE1,01-01-2023,Female,16
2736,ECCDE2,01-01-2023,Male,12
2736,ECCDE2,01-01-2023,Female,10
2736,ECCDE3,01-01-2023,Male,14
2736,ECCDE3,01-01-2023,Female,10
2736,PRY1,01-01-2023,Male,10
2736,PRY1,01-01-2023,Female,9
2736,PRY2,01-01-2023,Male,10
2736,PRY2,01-01-2023,Female,2
2736,PRY3,01-01-2023,Male,13
2736,PRY3,01-01-2023,Female,7
2736,PRY4,01-01-2023,Male,10
2736,PRY4,01-01-2023,Female,11
2736,PRY5,01-01-2023,Male,10
2736,PRY5,01-01-2023,Female,6
2736,PRY6,01-01-2023,Male,12
2736,PRY6,01-01-2023,Female,6
2737,ECCDE1,01-01-2023,Male,7
2737,ECCDE1,01-01-2023,Female,6
2737,ECCDE2,01-01-2023,Male,3
2737,ECCDE2,01-01-2023,Female,4
2737,ECCDE3,01-01-2023,Male,12
2737,ECCDE3,01-01-2023,Female,13
2737,PRY1,01-01-2023,Male,3
2737,PRY1,01-01-2023,Female,2
2737,PRY2,01-01-2023,Male,4
2737,PRY2,01-01-2023,Female,4
2737,PRY3,01-01-2023,Male,6
2737,PRY3,01-01-2023,Female,7
2737,PRY4,01-01-2023,Male,4
2737,PRY4,01-01-2023,Female,4
2737,PRY5,01-01-2023,Male,8
2737,PRY5,01-01-2023,Female,8
2737,PRY6,01-01-2023,Male,7
2737,PRY6,01-01-2023,Female,11
2738,ECCDE1,01-01-2023,Male,12
2738,ECCDE1,01-01-2023,Female,7
2738,ECCDE2,01-01-2023,Male,5
2738,ECCDE2,01-01-2023,Female,6
2738,ECCDE3,01-01-2023,Male,5
2738,ECCDE3,01-01-2023,Female,7
2738,PRY1,01-01-2023,Male,8
2738,PRY1,01-01-2023,Female,10
2738,PRY2,01-01-2023,Male,6
2738,PRY2,01-01-2023,Female,14
2738,PRY3,01-01-2023,Male,16
2738,PRY3,01-01-2023,Female,9
2738,PRY4,01-01-2023,Male,18
2738,PRY4,01-01-2023,Female,8
2738,PRY5,01-01-2023,Male,9
2738,PRY5,01-01-2023,Female,12
2738,PRY6,01-01-2023,Male,15
2738,PRY6,01-01-2023,Female,15
2739,ECCDE1,01-01-2023,Male,12
2739,ECCDE1,01-01-2023,Female,14
2739,ECCDE2,01-01-2023,Male,11
2739,ECCDE2,01-01-2023,Female,9
2739,ECCDE3,01-01-2023,Male,15
2739,ECCDE3,01-01-2023,Female,11
2739,PRY1,01-01-2023,Male,21
2739,PRY1,01-01-2023,Female,13
2739,PRY2,01-01-2023,Male,16
2739,PRY2,01-01-2023,Female,19
2739,PRY3,01-01-2023,Male,20
2739,PRY3,01-01-2023,Female,17
2739,PRY4,01-01-2023,Male,21
2739,PRY4,01-01-2023,Female,14
2739,PRY5,01-01-2023,Male,25
2739,PRY5,01-01-2023,Female,23
2739,PRY6,01-01-2023,Male,18
2739,PRY6,01-01-2023,Female,18
2740,ECCDE1,01-01-2023,Male,7
2740,ECCDE1,01-01-2023,Female,8
2740,ECCDE2,01-01-2023,Male,5
2740,ECCDE2,01-01-2023,Female,2
2740,ECCDE3,01-01-2023,Male,8
2740,ECCDE3,01-01-2023,Female,6
2740,PRY1,01-01-2023,Male,15
2740,PRY1,01-01-2023,Female,8
2740,PRY2,01-01-2023,Male,17
2740,PRY2,01-01-2023,Female,15
2740,PRY3,01-01-2023,Male,14
2740,PRY3,01-01-2023,Female,14
2740,PRY4,01-01-2023,Male,13
2740,PRY4,01-01-2023,Female,18
2740,PRY5,01-01-2023,Male,17
2740,PRY5,01-01-2023,Female,11
2740,PRY6,01-01-2023,Male,20
2740,PRY6,01-01-2023,Female,22
2741,ECCDE1,01-01-2023,Male,9
2741,ECCDE1,01-01-2023,Female,6
2741,ECCDE2,01-01-2023,Male,2
2741,ECCDE2,01-01-2023,Female,8
2741,ECCDE3,01-01-2023,Male,7
2741,ECCDE3,01-01-2023,Female,3
2741,PRY1,01-01-2023,Male,3
2741,PRY1,01-01-2023,Female,6
2741,PRY2,01-01-2023,Male,3
2741,PRY2,01-01-2023,Female,10
2741,PRY3,01-01-2023,Male,10
2741,PRY3,01-01-2023,Female,8
2741,PRY4,01-01-2023,Male,10
2741,PRY4,01-01-2023,Female,5
2741,PRY5,01-01-2023,Male,9
2741,PRY5,01-01-2023,Female,9
2741,PRY6,01-01-2023,Male,8
2741,PRY6,01-01-2023,Female,9
2742,ECCDE1,01-01-2023,Male,20
2742,ECCDE1,01-01-2023,Female,11
2742,ECCDE2,01-01-2023,Male,3
2742,ECCDE2,01-01-2023,Female,4
2742,ECCDE3,01-01-2023,Male,4
2742,ECCDE3,01-01-2023,Female,4
2742,PRY1,01-01-2023,Male,6
2742,PRY1,01-01-2023,Female,4
2742,PRY2,01-01-2023,Male,7
2742,PRY2,01-01-2023,Female,4
2742,PRY3,01-01-2023,Male,8
2742,PRY3,01-01-2023,Female,9
2742,PRY4,01-01-2023,Male,11
2742,PRY4,01-01-2023,Female,3
2742,PRY5,01-01-2023,Male,12
2742,PRY5,01-01-2023,Female,6
2742,PRY6,01-01-2023,Male,11
2742,PRY6,01-01-2023,Female,4
2743,ECCDE1,01-01-2023,Male,8
2743,ECCDE1,01-01-2023,Female,8
2743,ECCDE2,01-01-2023,Male,4
2743,ECCDE2,01-01-2023,Female,4
2743,ECCDE3,01-01-2023,Male,6
2743,ECCDE3,01-01-2023,Female,6
2743,PRY1,01-01-2023,Male,9
2743,PRY1,01-01-2023,Female,6
2743,PRY2,01-01-2023,Male,8
2743,PRY2,01-01-2023,Female,5
2743,PRY3,01-01-2023,Male,8
2743,PRY3,01-01-2023,Female,9
2743,PRY4,01-01-2023,Male,10
2743,PRY4,01-01-2023,Female,5
2743,PRY5,01-01-2023,Male,9
2743,PRY5,01-01-2023,Female,8
2743,PRY6,01-01-2023,Male,13
2743,PRY6,01-01-2023,Female,13
2744,ECCDE1,01-01-2023,Male,5
2744,ECCDE1,01-01-2023,Female,8
2744,ECCDE2,01-01-2023,Male,8
2744,ECCDE2,01-01-2023,Female,5
2744,ECCDE3,01-01-2023,Male,10
2744,ECCDE3,01-01-2023,Female,7
2744,PRY1,01-01-2023,Male,12
2744,PRY1,01-01-2023,Female,12
2744,PRY2,01-01-2023,Male,11
2744,PRY2,01-01-2023,Female,10
2744,PRY3,01-01-2023,Male,9
2744,PRY3,01-01-2023,Female,4
2744,PRY4,01-01-2023,Male,12
2744,PRY4,01-01-2023,Female,12
2744,PRY5,01-01-2023,Male,20
2744,PRY5,01-01-2023,Female,10
2744,PRY6,01-01-2023,Male,10
2744,PRY6,01-01-2023,Female,13
2745,ECCDE1,01-01-2023,Male,3
2745,ECCDE1,01-01-2023,Female,0
2745,ECCDE2,01-01-2023,Male,1
2745,ECCDE2,01-01-2023,Female,3
2745,ECCDE3,01-01-2023,Male,3
2745,ECCDE3,01-01-2023,Female,1
2745,PRY1,01-01-2023,Male,3
2745,PRY1,01-01-2023,Female,4
2745,PRY2,01-01-2023,Male,1
2745,PRY2,01-01-2023,Female,4
2745,PRY3,01-01-2023,Male,1
2745,PRY3,01-01-2023,Female,5
2745,PRY4,01-01-2023,Male,2
2745,PRY4,01-01-2023,Female,4
2745,PRY5,01-01-2023,Male,3
2745,PRY5,01-01-2023,Female,2
2745,PRY6,01-01-2023,Male,3
2745,PRY6,01-01-2023,Female,2
2746,ECCDE1,01-01-2023,Male,6
2746,ECCDE1,01-01-2023,Female,7
2746,ECCDE2,01-01-2023,Male,10
2746,ECCDE2,01-01-2023,Female,8
2746,ECCDE3,01-01-2023,Male,7
2746,ECCDE3,01-01-2023,Female,5
2746,PRY1,01-01-2023,Male,8
2746,PRY1,01-01-2023,Female,14
2746,PRY2,01-01-2023,Male,12
2746,PRY2,01-01-2023,Female,10
2746,PRY3,01-01-2023,Male,8
2746,PRY3,01-01-2023,Female,13
2746,PRY4,01-01-2023,Male,17
2746,PRY4,01-01-2023,Female,8
2746,PRY5,01-01-2023,Male,16
2746,PRY5,01-01-2023,Female,17
2746,PRY6,01-01-2023,Male,18
2746,PRY6,01-01-2023,Female,10
2747,ECCDE1,01-01-2023,Male,15
2747,ECCDE1,01-01-2023,Female,17
2747,ECCDE2,01-01-2023,Male,5
2747,ECCDE2,01-01-2023,Female,3
2747,ECCDE3,01-01-2023,Male,8
2747,ECCDE3,01-01-2023,Female,9
2747,PRY1,01-01-2023,Male,7
2747,PRY1,01-01-2023,Female,4
2747,PRY2,01-01-2023,Male,11
2747,PRY2,01-01-2023,Female,4
2747,PRY3,01-01-2023,Male,9
2747,PRY3,01-01-2023,Female,11
2747,PRY4,01-01-2023,Male,6
2747,PRY4,01-01-2023,Female,7
2747,PRY5,01-01-2023,Male,4
2747,PRY5,01-01-2023,Female,9
2747,PRY6,01-01-2023,Male,7
2747,PRY6,01-01-2023,Female,11
2748,ECCDE1,01-01-2023,Male,17
2748,ECCDE1,01-01-2023,Female,8
2748,ECCDE2,01-01-2023,Male,7
2748,ECCDE2,01-01-2023,Female,19
2748,ECCDE3,01-01-2023,Male,4
2748,ECCDE3,01-01-2023,Female,19
2748,PRY1,01-01-2023,Male,10
2748,PRY1,01-01-2023,Female,11
2748,PRY2,01-01-2023,Male,19
2748,PRY2,01-01-2023,Female,7
2748,PRY3,01-01-2023,Male,16
2748,PRY3,01-01-2023,Female,10
2748,PRY4,01-01-2023,Male,17
2748,PRY4,01-01-2023,Female,12
2748,PRY5,01-01-2023,Male,6
2748,PRY5,01-01-2023,Female,9
2748,PRY6,01-01-2023,Male,9
2748,PRY6,01-01-2023,Female,12
2749,ECCDE1,01-01-2023,Male,9
2749,ECCDE1,01-01-2023,Female,6
2749,ECCDE2,01-01-2023,Male,2
2749,ECCDE2,01-01-2023,Female,1
2749,ECCDE3,01-01-2023,Male,2
2749,ECCDE3,01-01-2023,Female,3
2749,PRY1,01-01-2023,Male,6
2749,PRY1,01-01-2023,Female,6
2749,PRY2,01-01-2023,Male,6
2749,PRY2,01-01-2023,Female,2
2749,PRY3,01-01-2023,Male,6
2749,PRY3,01-01-2023,Female,3
2749,PRY4,01-01-2023,Male,6
2749,PRY4,01-01-2023,Female,3
2749,PRY5,01-01-2023,Male,4
2749,PRY5,01-01-2023,Female,3
2749,PRY6,01-01-2023,Male,4
2749,PRY6,01-01-2023,Female,4
2750,ECCDE1,01-01-2023,Male,3
2750,ECCDE1,01-01-2023,Female,3
2750,ECCDE2,01-01-2023,Male,3
2750,ECCDE2,01-01-2023,Female,6
2750,ECCDE3,01-01-2023,Male,4
2750,ECCDE3,01-01-2023,Female,2
2750,PRY1,01-01-2023,Male,2
2750,PRY1,01-01-2023,Female,4
2750,PRY2,01-01-2023,Male,4
2750,PRY2,01-01-2023,Female,8
2750,PRY3,01-01-2023,Male,5
2750,PRY3,01-01-2023,Female,2
2750,PRY4,01-01-2023,Male,5
2750,PRY4,01-01-2023,Female,4
2750,PRY5,01-01-2023,Male,3
2750,PRY5,01-01-2023,Female,5
2750,PRY6,01-01-2023,Male,6
2750,PRY6,01-01-2023,Female,8
2751,ECCDE1,01-01-2023,Male,5
2751,ECCDE1,01-01-2023,Female,6
2751,ECCDE2,01-01-2023,Male,2
2751,ECCDE2,01-01-2023,Female,3
2751,ECCDE3,01-01-2023,Male,3
2751,ECCDE3,01-01-2023,Female,6
2751,PRY1,01-01-2023,Male,4
2751,PRY1,01-01-2023,Female,4
2751,PRY2,01-01-2023,Male,4
2751,PRY2,01-01-2023,Female,4
2751,PRY3,01-01-2023,Male,2
2751,PRY3,01-01-2023,Female,7
2751,PRY4,01-01-2023,Male,4
2751,PRY4,01-01-2023,Female,4
2751,PRY5,01-01-2023,Male,10
2751,PRY5,01-01-2023,Female,8
2751,PRY6,01-01-2023,Male,5
2751,PRY6,01-01-2023,Female,2
2752,ECCDE1,01-01-2023,Male,30
2752,ECCDE1,01-01-2023,Female,24
2752,ECCDE2,01-01-2023,Male,23
2752,ECCDE2,01-01-2023,Female,13
2752,ECCDE3,01-01-2023,Male,22
2752,ECCDE3,01-01-2023,Female,12
2752,PRY1,01-01-2023,Male,19
2752,PRY1,01-01-2023,Female,12
2752,PRY2,01-01-2023,Male,16
2752,PRY2,01-01-2023,Female,10
2752,PRY3,01-01-2023,Male,11
2752,PRY3,01-01-2023,Female,10
2752,PRY4,01-01-2023,Male,16
2752,PRY4,01-01-2023,Female,16
2752,PRY5,01-01-2023,Male,8
2752,PRY5,01-01-2023,Female,17
2752,PRY6,01-01-2023,Male,12
2752,PRY6,01-01-2023,Female,12
2753,ECCDE1,01-01-2023,Male,7
2753,ECCDE1,01-01-2023,Female,6
2753,ECCDE2,01-01-2023,Male,1
2753,ECCDE2,01-01-2023,Female,0
2753,ECCDE3,01-01-2023,Male,2
2753,ECCDE3,01-01-2023,Female,1
2753,PRY1,01-01-2023,Male,3
2753,PRY1,01-01-2023,Female,5
2753,PRY2,01-01-2023,Male,6
2753,PRY2,01-01-2023,Female,7
2753,PRY3,01-01-2023,Male,2
2753,PRY3,01-01-2023,Female,6
2753,PRY4,01-01-2023,Male,4
2753,PRY4,01-01-2023,Female,3
2753,PRY5,01-01-2023,Male,4
2753,PRY5,01-01-2023,Female,1
2753,PRY6,01-01-2023,Male,5
2753,PRY6,01-01-2023,Female,3
2754,ECCDE1,01-01-2023,Male,4
2754,ECCDE1,01-01-2023,Female,10
2754,ECCDE2,01-01-2023,Male,6
2754,ECCDE2,01-01-2023,Female,1
2754,ECCDE3,01-01-2023,Male,3
2754,ECCDE3,01-01-2023,Female,3
2754,PRY1,01-01-2023,Male,5
2754,PRY1,01-01-2023,Female,10
2754,PRY2,01-01-2023,Male,5
2754,PRY2,01-01-2023,Female,6
2754,PRY3,01-01-2023,Male,5
2754,PRY3,01-01-2023,Female,4
2754,PRY4,01-01-2023,Male,9
2754,PRY4,01-01-2023,Female,7
2754,PRY5,01-01-2023,Male,7
2754,PRY5,01-01-2023,Female,2
2754,PRY6,01-01-2023,Male,10
2754,PRY6,01-01-2023,Female,5
2755,ECCDE1,01-01-2023,Male,4
2755,ECCDE1,01-01-2023,Female,2
2755,ECCDE2,01-01-2023,Male,5
2755,ECCDE2,01-01-2023,Female,8
2755,ECCDE3,01-01-2023,Male,7
2755,ECCDE3,01-01-2023,Female,7
2755,PRY1,01-01-2023,Male,6
2755,PRY1,01-01-2023,Female,7
2755,PRY2,01-01-2023,Male,8
2755,PRY2,01-01-2023,Female,6
2755,PRY3,01-01-2023,Male,7
2755,PRY3,01-01-2023,Female,13
2755,PRY4,01-01-2023,Male,10
2755,PRY4,01-01-2023,Female,7
2755,PRY5,01-01-2023,Male,13
2755,PRY5,01-01-2023,Female,5
2755,PRY6,01-01-2023,Male,7
2755,PRY6,01-01-2023,Female,9
2756,ECCDE1,01-01-2023,Male,12
2756,ECCDE1,01-01-2023,Female,10
2756,ECCDE2,01-01-2023,Male,9
2756,ECCDE2,01-01-2023,Female,6
2756,ECCDE3,01-01-2023,Male,7
2756,ECCDE3,01-01-2023,Female,6
2756,PRY1,01-01-2023,Male,14
2756,PRY1,01-01-2023,Female,12
2756,PRY2,01-01-2023,Male,10
2756,PRY2,01-01-2023,Female,9
2756,PRY3,01-01-2023,Male,17
2756,PRY3,01-01-2023,Female,13
2756,PRY4,01-01-2023,Male,12
2756,PRY4,01-01-2023,Female,12
2756,PRY5,01-01-2023,Male,10
2756,PRY5,01-01-2023,Female,11
2756,PRY6,01-01-2023,Male,11
2756,PRY6,01-01-2023,Female,11
2757,ECCDE1,01-01-2023,Male,29
2757,ECCDE1,01-01-2023,Female,20
2757,ECCDE2,01-01-2023,Male,18
2757,ECCDE2,01-01-2023,Female,12
2757,ECCDE3,01-01-2023,Male,22
2757,ECCDE3,01-01-2023,Female,15
2757,PRY1,01-01-2023,Male,11
2757,PRY1,01-01-2023,Female,18
2757,PRY2,01-01-2023,Male,16
2757,PRY2,01-01-2023,Female,15
2757,PRY3,01-01-2023,Male,13
2757,PRY3,01-01-2023,Female,20
2757,PRY4,01-01-2023,Male,12
2757,PRY4,01-01-2023,Female,18
2757,PRY5,01-01-2023,Male,16
2757,PRY5,01-01-2023,Female,12
2757,PRY6,01-01-2023,Male,16
2757,PRY6,01-01-2023,Female,23
2758,ECCDE1,01-01-2023,Male,16
2758,ECCDE1,01-01-2023,Female,11
2758,ECCDE2,01-01-2023,Male,7
2758,ECCDE2,01-01-2023,Female,15
2758,ECCDE3,01-01-2023,Male,15
2758,ECCDE3,01-01-2023,Female,9
2758,PRY1,01-01-2023,Male,18
2758,PRY1,01-01-2023,Female,8
2758,PRY2,01-01-2023,Male,21
2758,PRY2,01-01-2023,Female,7
2758,PRY3,01-01-2023,Male,27
2758,PRY3,01-01-2023,Female,23
2758,PRY4,01-01-2023,Male,12
2758,PRY4,01-01-2023,Female,12
2758,PRY5,01-01-2023,Male,12
2758,PRY5,01-01-2023,Female,17
2758,PRY6,01-01-2023,Male,11
2758,PRY6,01-01-2023,Female,9
2759,ECCDE1,01-01-2023,Male,2
2759,ECCDE1,01-01-2023,Female,0
2759,ECCDE2,01-01-2023,Male,2
2759,ECCDE2,01-01-2023,Female,2
2759,ECCDE3,01-01-2023,Male,5
2759,ECCDE3,01-01-2023,Female,3
2759,PRY1,01-01-2023,Male,3
2759,PRY1,01-01-2023,Female,1
2759,PRY2,01-01-2023,Male,2
2759,PRY2,01-01-2023,Female,2
2759,PRY3,01-01-2023,Male,3
2759,PRY3,01-01-2023,Female,2
2759,PRY4,01-01-2023,Male,2
2759,PRY4,01-01-2023,Female,2
2759,PRY5,01-01-2023,Male,3
2759,PRY5,01-01-2023,Female,1
2759,PRY6,01-01-2023,Male,2
2759,PRY6,01-01-2023,Female,1
2760,ECCDE1,01-01-2023,Male,3
2760,ECCDE1,01-01-2023,Female,2
2760,ECCDE2,01-01-2023,Male,1
2760,ECCDE2,01-01-2023,Female,3
2760,ECCDE3,01-01-2023,Male,4
2760,ECCDE3,01-01-2023,Female,6
2760,PRY1,01-01-2023,Male,5
2760,PRY1,01-01-2023,Female,3
2760,PRY2,01-01-2023,Male,5
2760,PRY2,01-01-2023,Female,5
2760,PRY3,01-01-2023,Male,4
2760,PRY3,01-01-2023,Female,5
2760,PRY4,01-01-2023,Male,4
2760,PRY4,01-01-2023,Female,5
2760,PRY5,01-01-2023,Male,3
2760,PRY5,01-01-2023,Female,4
2760,PRY6,01-01-2023,Male,3
2760,PRY6,01-01-2023,Female,3
2761,ECCDE1,01-01-2023,Male,19
2761,ECCDE1,01-01-2023,Female,14
2761,ECCDE2,01-01-2023,Male,11
2761,ECCDE2,01-01-2023,Female,9
2761,ECCDE3,01-01-2023,Male,15
2761,ECCDE3,01-01-2023,Female,10
2761,PRY1,01-01-2023,Male,12
2761,PRY1,01-01-2023,Female,12
2761,PRY2,01-01-2023,Male,17
2761,PRY2,01-01-2023,Female,16
2761,PRY3,01-01-2023,Male,22
2761,PRY3,01-01-2023,Female,15
2761,PRY4,01-01-2023,Male,29
2761,PRY4,01-01-2023,Female,21
2761,PRY5,01-01-2023,Male,25
2761,PRY5,01-01-2023,Female,23
2761,PRY6,01-01-2023,Male,16
2761,PRY6,01-01-2023,Female,19
2762,ECCDE1,01-01-2023,Male,1
2762,ECCDE1,01-01-2023,Female,7
2762,ECCDE2,01-01-2023,Male,11
2762,ECCDE2,01-01-2023,Female,9
2762,ECCDE3,01-01-2023,Male,12
2762,ECCDE3,01-01-2023,Female,10
2762,PRY1,01-01-2023,Male,13
2762,PRY1,01-01-2023,Female,22
2762,PRY2,01-01-2023,Male,23
2762,PRY2,01-01-2023,Female,17
2762,PRY3,01-01-2023,Male,20
2762,PRY3,01-01-2023,Female,17
2762,PRY4,01-01-2023,Male,25
2762,PRY4,01-01-2023,Female,23
2762,PRY5,01-01-2023,Male,14
2762,PRY5,01-01-2023,Female,22
2762,PRY6,01-01-2023,Male,13
2762,PRY6,01-01-2023,Female,17
2763,ECCDE1,01-01-2023,Male,2
2763,ECCDE1,01-01-2023,Female,3
2763,ECCDE2,01-01-2023,Male,3
2763,ECCDE2,01-01-2023,Female,2
2763,ECCDE3,01-01-2023,Male,1
2763,ECCDE3,01-01-2023,Female,2
2763,PRY1,01-01-2023,Male,3
2763,PRY1,01-01-2023,Female,5
2763,PRY2,01-01-2023,Male,3
2763,PRY2,01-01-2023,Female,2
2763,PRY3,01-01-2023,Male,3
2763,PRY3,01-01-2023,Female,3
2763,PRY4,01-01-2023,Male,4
2763,PRY4,01-01-2023,Female,3
2763,PRY5,01-01-2023,Male,3
2763,PRY5,01-01-2023,Female,2
2763,PRY6,01-01-2023,Male,3
2763,PRY6,01-01-2023,Female,3
2764,ECCDE1,01-01-2023,Male,37
2764,ECCDE1,01-01-2023,Female,46
2764,ECCDE2,01-01-2023,Male,17
2764,ECCDE2,01-01-2023,Female,15
2764,ECCDE3,01-01-2023,Male,18
2764,ECCDE3,01-01-2023,Female,15
2764,PRY1,01-01-2023,Male,21
2764,PRY1,01-01-2023,Female,32
2764,PRY2,01-01-2023,Male,27
2764,PRY2,01-01-2023,Female,19
2764,PRY3,01-01-2023,Male,31
2764,PRY3,01-01-2023,Female,20
2764,PRY4,01-01-2023,Male,21
2764,PRY4,01-01-2023,Female,19
2764,PRY5,01-01-2023,Male,23
2764,PRY5,01-01-2023,Female,13
2764,PRY6,01-01-2023,Male,28
2764,PRY6,01-01-2023,Female,33
2765,ECCDE1,01-01-2023,Male,4
2765,ECCDE1,01-01-2023,Female,5
2765,ECCDE2,01-01-2023,Male,7
2765,ECCDE2,01-01-2023,Female,9
2765,ECCDE3,01-01-2023,Male,2
2765,ECCDE3,01-01-2023,Female,3
2765,PRY1,01-01-2023,Male,7
2765,PRY1,01-01-2023,Female,6
2765,PRY2,01-01-2023,Male,4
2765,PRY2,01-01-2023,Female,4
2765,PRY3,01-01-2023,Male,4
2765,PRY3,01-01-2023,Female,5
2765,PRY4,01-01-2023,Male,4
2765,PRY4,01-01-2023,Female,5
2765,PRY5,01-01-2023,Male,3
2765,PRY5,01-01-2023,Female,2
2765,PRY6,01-01-2023,Male,7
2765,PRY6,01-01-2023,Female,6
2766,ECCDE1,01-01-2023,Male,13
2766,ECCDE1,01-01-2023,Female,11
2766,ECCDE2,01-01-2023,Male,7
2766,ECCDE2,01-01-2023,Female,6
2766,ECCDE3,01-01-2023,Male,10
2766,ECCDE3,01-01-2023,Female,5
2766,PRY1,01-01-2023,Male,14
2766,PRY1,01-01-2023,Female,10
2766,PRY2,01-01-2023,Male,7
2766,PRY2,01-01-2023,Female,12
2766,PRY3,01-01-2023,Male,10
2766,PRY3,01-01-2023,Female,5
2766,PRY4,01-01-2023,Male,7
2766,PRY4,01-01-2023,Female,5
2766,PRY5,01-01-2023,Male,13
2766,PRY5,01-01-2023,Female,6
2766,PRY6,01-01-2023,Male,8
2766,PRY6,01-01-2023,Female,15
2767,ECCDE1,01-01-2023,Male,8
2767,ECCDE1,01-01-2023,Female,9
2767,ECCDE2,01-01-2023,Male,5
2767,ECCDE2,01-01-2023,Female,2
2767,ECCDE3,01-01-2023,Male,2
2767,ECCDE3,01-01-2023,Female,3
2767,PRY1,01-01-2023,Male,6
2767,PRY1,01-01-2023,Female,6
2767,PRY2,01-01-2023,Male,4
2767,PRY2,01-01-2023,Female,5
2767,PRY3,01-01-2023,Male,6
2767,PRY3,01-01-2023,Female,6
2767,PRY4,01-01-2023,Male,6
2767,PRY4,01-01-2023,Female,6
2767,PRY5,01-01-2023,Male,1
2767,PRY5,01-01-2023,Female,6
2767,PRY6,01-01-2023,Male,6
2767,PRY6,01-01-2023,Female,6
2768,ECCDE1,01-01-2023,Male,5
2768,ECCDE1,01-01-2023,Female,4
2768,ECCDE2,01-01-2023,Male,4
2768,ECCDE2,01-01-2023,Female,3
2768,ECCDE3,01-01-2023,Male,3
2768,ECCDE3,01-01-2023,Female,4
2768,PRY1,01-01-2023,Male,2
2768,PRY1,01-01-2023,Female,2
2768,PRY2,01-01-2023,Male,6
2768,PRY2,01-01-2023,Female,6
2768,PRY3,01-01-2023,Male,4
2768,PRY3,01-01-2023,Female,3
2768,PRY4,01-01-2023,Male,11
2768,PRY4,01-01-2023,Female,7
2768,PRY5,01-01-2023,Male,5
2768,PRY5,01-01-2023,Female,5
2768,PRY6,01-01-2023,Male,5
2768,PRY6,01-01-2023,Female,6
2769,ECCDE1,01-01-2023,Male,14
2769,ECCDE1,01-01-2023,Female,14
2769,ECCDE2,01-01-2023,Male,6
2769,ECCDE2,01-01-2023,Female,8
2769,ECCDE3,01-01-2023,Male,10
2769,ECCDE3,01-01-2023,Female,7
2769,PRY1,01-01-2023,Male,6
2769,PRY1,01-01-2023,Female,6
2769,PRY2,01-01-2023,Male,7
2769,PRY2,01-01-2023,Female,2
2769,PRY3,01-01-2023,Male,6
2769,PRY3,01-01-2023,Female,7
2769,PRY4,01-01-2023,Male,7
2769,PRY4,01-01-2023,Female,5
2769,PRY5,01-01-2023,Male,5
2769,PRY5,01-01-2023,Female,6
2769,PRY6,01-01-2023,Male,16
2769,PRY6,01-01-2023,Female,4
2770,ECCDE1,01-01-2023,Male,1
2770,ECCDE1,01-01-2023,Female,2
2770,ECCDE2,01-01-2023,Male,2
2770,ECCDE2,01-01-2023,Female,2
2770,ECCDE3,01-01-2023,Male,0
2770,ECCDE3,01-01-2023,Female,2
2770,PRY1,01-01-2023,Male,1
2770,PRY1,01-01-2023,Female,2
2770,PRY2,01-01-2023,Male,1
2770,PRY2,01-01-2023,Female,1
2770,PRY3,01-01-2023,Male,5
2770,PRY3,01-01-2023,Female,1
2770,PRY4,01-01-2023,Male,1
2770,PRY4,01-01-2023,Female,1
2770,PRY5,01-01-2023,Male,5
2770,PRY5,01-01-2023,Female,2
2770,PRY6,01-01-2023,Male,0
2770,PRY6,01-01-2023,Female,0
2771,ECCDE1,01-01-2023,Male,3
2771,ECCDE1,01-01-2023,Female,5
2771,ECCDE2,01-01-2023,Male,4
2771,ECCDE2,01-01-2023,Female,3
2771,ECCDE3,01-01-2023,Male,3
2771,ECCDE3,01-01-2023,Female,1
2771,PRY1,01-01-2023,Male,3
2771,PRY1,01-01-2023,Female,5
2771,PRY2,01-01-2023,Male,3
2771,PRY2,01-01-2023,Female,5
2771,PRY3,01-01-2023,Male,4
2771,PRY3,01-01-2023,Female,3
2771,PRY4,01-01-2023,Male,6
2771,PRY4,01-01-2023,Female,5
2771,PRY5,01-01-2023,Male,3
2771,PRY5,01-01-2023,Female,8
2771,PRY6,01-01-2023,Male,3
2771,PRY6,01-01-2023,Female,5
2772,ECCDE1,01-01-2023,Male,4
2772,ECCDE1,01-01-2023,Female,2
2772,ECCDE2,01-01-2023,Male,7
2772,ECCDE2,01-01-2023,Female,1
2772,ECCDE3,01-01-2023,Male,3
2772,ECCDE3,01-01-2023,Female,4
2772,PRY1,01-01-2023,Male,6
2772,PRY1,01-01-2023,Female,3
2772,PRY2,01-01-2023,Male,6
2772,PRY2,01-01-2023,Female,3
2772,PRY3,01-01-2023,Male,4
2772,PRY3,01-01-2023,Female,2
2772,PRY4,01-01-2023,Male,8
2772,PRY4,01-01-2023,Female,3
2772,PRY5,01-01-2023,Male,8
2772,PRY5,01-01-2023,Female,6
2772,PRY6,01-01-2023,Male,5
2772,PRY6,01-01-2023,Female,7
2773,ECCDE1,01-01-2023,Male,38
2773,ECCDE1,01-01-2023,Female,27
2773,ECCDE2,01-01-2023,Male,12
2773,ECCDE2,01-01-2023,Female,18
2773,ECCDE3,01-01-2023,Male,21
2773,ECCDE3,01-01-2023,Female,21
2773,PRY1,01-01-2023,Male,20
2773,PRY1,01-01-2023,Female,27
2773,PRY2,01-01-2023,Male,22
2773,PRY2,01-01-2023,Female,23
2773,PRY3,01-01-2023,Male,24
2773,PRY3,01-01-2023,Female,25
2773,PRY4,01-01-2023,Male,20
2773,PRY4,01-01-2023,Female,23
2773,PRY5,01-01-2023,Male,23
2773,PRY5,01-01-2023,Female,22
2773,PRY6,01-01-2023,Male,12
2773,PRY6,01-01-2023,Female,20
2774,ECCDE1,01-01-2023,Male,12
2774,ECCDE1,01-01-2023,Female,12
2774,ECCDE2,01-01-2023,Male,13
2774,ECCDE2,01-01-2023,Female,12
2774,ECCDE3,01-01-2023,Male,7
2774,ECCDE3,01-01-2023,Female,8
2774,PRY1,01-01-2023,Male,11
2774,PRY1,01-01-2023,Female,8
2774,PRY2,01-01-2023,Male,10
2774,PRY2,01-01-2023,Female,9
2774,PRY3,01-01-2023,Male,21
2774,PRY3,01-01-2023,Female,8
2774,PRY4,01-01-2023,Male,5
2774,PRY4,01-01-2023,Female,5
2774,PRY5,01-01-2023,Male,18
2774,PRY5,01-01-2023,Female,8
2774,PRY6,01-01-2023,Male,7
2774,PRY6,01-01-2023,Female,13
2775,ECCDE1,01-01-2023,Male,5
2775,ECCDE1,01-01-2023,Female,9
2775,ECCDE2,01-01-2023,Male,5
2775,ECCDE2,01-01-2023,Female,6
2775,ECCDE3,01-01-2023,Male,8
2775,ECCDE3,01-01-2023,Female,7
2775,PRY1,01-01-2023,Male,17
2775,PRY1,01-01-2023,Female,6
2775,PRY2,01-01-2023,Male,9
2775,PRY2,01-01-2023,Female,3
2775,PRY3,01-01-2023,Male,5
2775,PRY3,01-01-2023,Female,8
2775,PRY4,01-01-2023,Male,4
2775,PRY4,01-01-2023,Female,7
2775,PRY5,01-01-2023,Male,5
2775,PRY5,01-01-2023,Female,7
2775,PRY6,01-01-2023,Male,11
2775,PRY6,01-01-2023,Female,5
2776,ECCDE1,01-01-2023,Male,5
2776,ECCDE1,01-01-2023,Female,9
2776,ECCDE2,01-01-2023,Male,1
2776,ECCDE2,01-01-2023,Female,4
2776,ECCDE3,01-01-2023,Male,6
2776,ECCDE3,01-01-2023,Female,2
2776,PRY1,01-01-2023,Male,5
2776,PRY1,01-01-2023,Female,4
2776,PRY2,01-01-2023,Male,4
2776,PRY2,01-01-2023,Female,9
2776,PRY3,01-01-2023,Male,6
2776,PRY3,01-01-2023,Female,8
2776,PRY4,01-01-2023,Male,7
2776,PRY4,01-01-2023,Female,7
2776,PRY5,01-01-2023,Male,5
2776,PRY5,01-01-2023,Female,3
2776,PRY6,01-01-2023,Male,11
2776,PRY6,01-01-2023,Female,4
2777,ECCDE1,01-01-2023,Male,8
2777,ECCDE1,01-01-2023,Female,9
2777,ECCDE2,01-01-2023,Male,13
2777,ECCDE2,01-01-2023,Female,15
2777,ECCDE3,01-01-2023,Male,7
2777,ECCDE3,01-01-2023,Female,5
2777,PRY1,01-01-2023,Male,13
2777,PRY1,01-01-2023,Female,13
2777,PRY2,01-01-2023,Male,18
2777,PRY2,01-01-2023,Female,15
2777,PRY3,01-01-2023,Male,12
2777,PRY3,01-01-2023,Female,11
2777,PRY4,01-01-2023,Male,14
2777,PRY4,01-01-2023,Female,14
2777,PRY5,01-01-2023,Male,16
2777,PRY5,01-01-2023,Female,12
2777,PRY6,01-01-2023,Male,14
2777,PRY6,01-01-2023,Female,20
2778,ECCDE1,01-01-2023,Male,14
2778,ECCDE1,01-01-2023,Female,7
2778,ECCDE2,01-01-2023,Male,6
2778,ECCDE2,01-01-2023,Female,3
2778,ECCDE3,01-01-2023,Male,6
2778,ECCDE3,01-01-2023,Female,1
2778,PRY1,01-01-2023,Male,8
2778,PRY1,01-01-2023,Female,5
2778,PRY2,01-01-2023,Male,4
2778,PRY2,01-01-2023,Female,6
2778,PRY3,01-01-2023,Male,10
2778,PRY3,01-01-2023,Female,5
2778,PRY4,01-01-2023,Male,8
2778,PRY4,01-01-2023,Female,3
2778,PRY5,01-01-2023,Male,9
2778,PRY5,01-01-2023,Female,6
2778,PRY6,01-01-2023,Male,9
2778,PRY6,01-01-2023,Female,7
2779,ECCDE1,01-01-2023,Male,6
2779,ECCDE1,01-01-2023,Female,8
2779,ECCDE2,01-01-2023,Male,8
2779,ECCDE2,01-01-2023,Female,8
2779,ECCDE3,01-01-2023,Male,7
2779,ECCDE3,01-01-2023,Female,6
2779,PRY1,01-01-2023,Male,8
2779,PRY1,01-01-2023,Female,9
2779,PRY2,01-01-2023,Male,6
2779,PRY2,01-01-2023,Female,8
2779,PRY3,01-01-2023,Male,12
2779,PRY3,01-01-2023,Female,8
2779,PRY4,01-01-2023,Male,8
2779,PRY4,01-01-2023,Female,10
2779,PRY5,01-01-2023,Male,13
2779,PRY5,01-01-2023,Female,9
2779,PRY6,01-01-2023,Male,12
2779,PRY6,01-01-2023,Female,7
2780,ECCDE1,01-01-2023,Male,12
2780,ECCDE1,01-01-2023,Female,11
2780,ECCDE2,01-01-2023,Male,1
2780,ECCDE2,01-01-2023,Female,3
2780,ECCDE3,01-01-2023,Male,3
2780,ECCDE3,01-01-2023,Female,6
2780,PRY1,01-01-2023,Male,3
2780,PRY1,01-01-2023,Female,5
2780,PRY2,01-01-2023,Male,3
2780,PRY2,01-01-2023,Female,5
2780,PRY3,01-01-2023,Male,3
2780,PRY3,01-01-2023,Female,1
2780,PRY4,01-01-2023,Male,4
2780,PRY4,01-01-2023,Female,2
2780,PRY5,01-01-2023,Male,8
2780,PRY5,01-01-2023,Female,1
2780,PRY6,01-01-2023,Male,6
2780,PRY6,01-01-2023,Female,2
2781,ECCDE1,01-01-2023,Male,8
2781,ECCDE1,01-01-2023,Female,12
2781,ECCDE2,01-01-2023,Male,6
2781,ECCDE2,01-01-2023,Female,4
2781,ECCDE3,01-01-2023,Male,10
2781,ECCDE3,01-01-2023,Female,7
2781,PRY1,01-01-2023,Male,4
2781,PRY1,01-01-2023,Female,5
2781,PRY2,01-01-2023,Male,5
2781,PRY2,01-01-2023,Female,6
2781,PRY3,01-01-2023,Male,9
2781,PRY3,01-01-2023,Female,10
2781,PRY4,01-01-2023,Male,7
2781,PRY4,01-01-2023,Female,7
2781,PRY5,01-01-2023,Male,4
2781,PRY5,01-01-2023,Female,6
2781,PRY6,01-01-2023,Male,10
2781,PRY6,01-01-2023,Female,8
2782,ECCDE1,01-01-2023,Male,24
2782,ECCDE1,01-01-2023,Female,18
2782,ECCDE2,01-01-2023,Male,9
2782,ECCDE2,01-01-2023,Female,10
2782,ECCDE3,01-01-2023,Male,10
2782,ECCDE3,01-01-2023,Female,5
2782,PRY1,01-01-2023,Male,9
2782,PRY1,01-01-2023,Female,12
2782,PRY2,01-01-2023,Male,9
2782,PRY2,01-01-2023,Female,19
2782,PRY3,01-01-2023,Male,8
2782,PRY3,01-01-2023,Female,20
2782,PRY4,01-01-2023,Male,21
2782,PRY4,01-01-2023,Female,13
2782,PRY5,01-01-2023,Male,18
2782,PRY5,01-01-2023,Female,16
2782,PRY6,01-01-2023,Male,16
2782,PRY6,01-01-2023,Female,13
2783,ECCDE1,01-01-2023,Male,4
2783,ECCDE1,01-01-2023,Female,3
2783,ECCDE2,01-01-2023,Male,3
2783,ECCDE2,01-01-2023,Female,0
2783,ECCDE3,01-01-2023,Male,1
2783,ECCDE3,01-01-2023,Female,4
2783,PRY1,01-01-2023,Male,1
2783,PRY1,01-01-2023,Female,3
2783,PRY2,01-01-2023,Male,9
2783,PRY2,01-01-2023,Female,7
2783,PRY3,01-01-2023,Male,7
2783,PRY3,01-01-2023,Female,4
2783,PRY4,01-01-2023,Male,3
2783,PRY4,01-01-2023,Female,5
2783,PRY5,01-01-2023,Male,3
2783,PRY5,01-01-2023,Female,4
2783,PRY6,01-01-2023,Male,9
2783,PRY6,01-01-2023,Female,5
2784,ECCDE1,01-01-2023,Male,38
2784,ECCDE1,01-01-2023,Female,24
2784,ECCDE2,01-01-2023,Male,28
2784,ECCDE2,01-01-2023,Female,16
2784,ECCDE3,01-01-2023,Male,21
2784,ECCDE3,01-01-2023,Female,22
2784,PRY1,01-01-2023,Male,35
2784,PRY1,01-01-2023,Female,40
2784,PRY2,01-01-2023,Male,36
2784,PRY2,01-01-2023,Female,31
2784,PRY3,01-01-2023,Male,43
2784,PRY3,01-01-2023,Female,31
2784,PRY4,01-01-2023,Male,33
2784,PRY4,01-01-2023,Female,20
2784,PRY5,01-01-2023,Male,28
2784,PRY5,01-01-2023,Female,23
2784,PRY6,01-01-2023,Male,25
2784,PRY6,01-01-2023,Female,36
2785,ECCDE1,01-01-2023,Male,10
2785,ECCDE1,01-01-2023,Female,8
2785,ECCDE2,01-01-2023,Male,6
2785,ECCDE2,01-01-2023,Female,4
2785,ECCDE3,01-01-2023,Male,5
2785,ECCDE3,01-01-2023,Female,6
2785,PRY1,01-01-2023,Male,7
2785,PRY1,01-01-2023,Female,5
2785,PRY2,01-01-2023,Male,4
2785,PRY2,01-01-2023,Female,6
2785,PRY3,01-01-2023,Male,12
2785,PRY3,01-01-2023,Female,8
2785,PRY4,01-01-2023,Male,12
2785,PRY4,01-01-2023,Female,8
2785,PRY5,01-01-2023,Male,5
2785,PRY5,01-01-2023,Female,9
2785,PRY6,01-01-2023,Male,9
2785,PRY6,01-01-2023,Female,7
2786,ECCDE1,01-01-2023,Male,11
2786,ECCDE1,01-01-2023,Female,15
2786,ECCDE2,01-01-2023,Male,11
2786,ECCDE2,01-01-2023,Female,6
2786,ECCDE3,01-01-2023,Male,12
2786,ECCDE3,01-01-2023,Female,5
2786,PRY1,01-01-2023,Male,9
2786,PRY1,01-01-2023,Female,16
2786,PRY2,01-01-2023,Male,14
2786,PRY2,01-01-2023,Female,10
2786,PRY3,01-01-2023,Male,19
2786,PRY3,01-01-2023,Female,14
2786,PRY4,01-01-2023,Male,20
2786,PRY4,01-01-2023,Female,14
2786,PRY5,01-01-2023,Male,9
2786,PRY5,01-01-2023,Female,5
2786,PRY6,01-01-2023,Male,11
2786,PRY6,01-01-2023,Female,10
2787,ECCDE1,01-01-2023,Male,12
2787,ECCDE1,01-01-2023,Female,14
2787,ECCDE2,01-01-2023,Male,9
2787,ECCDE2,01-01-2023,Female,5
2787,ECCDE3,01-01-2023,Male,7
2787,ECCDE3,01-01-2023,Female,5
2787,PRY1,01-01-2023,Male,4
2787,PRY1,01-01-2023,Female,7
2787,PRY2,01-01-2023,Male,9
2787,PRY2,01-01-2023,Female,7
2787,PRY3,01-01-2023,Male,10
2787,PRY3,01-01-2023,Female,9
2787,PRY4,01-01-2023,Male,6
2787,PRY4,01-01-2023,Female,7
2787,PRY5,01-01-2023,Male,9
2787,PRY5,01-01-2023,Female,5
2787,PRY6,01-01-2023,Male,11
2787,PRY6,01-01-2023,Female,10
2788,ECCDE1,01-01-2023,Male,8
2788,ECCDE1,01-01-2023,Female,18
2788,ECCDE2,01-01-2023,Male,9
2788,ECCDE2,01-01-2023,Female,6
2788,ECCDE3,01-01-2023,Male,8
2788,ECCDE3,01-01-2023,Female,10
2788,PRY1,01-01-2023,Male,4
2788,PRY1,01-01-2023,Female,3
2788,PRY2,01-01-2023,Male,2
2788,PRY2,01-01-2023,Female,6
2788,PRY3,01-01-2023,Male,4
2788,PRY3,01-01-2023,Female,9
2788,PRY4,01-01-2023,Male,5
2788,PRY4,01-01-2023,Female,10
2788,PRY5,01-01-2023,Male,11
2788,PRY5,01-01-2023,Female,12
2788,PRY6,01-01-2023,Male,14
2788,PRY6,01-01-2023,Female,7
2789,ECCDE1,01-01-2023,Male,20
2789,ECCDE1,01-01-2023,Female,20
2789,ECCDE2,01-01-2023,Male,15
2789,ECCDE2,01-01-2023,Female,7
2789,ECCDE3,01-01-2023,Male,11
2789,ECCDE3,01-01-2023,Female,19
2789,PRY1,01-01-2023,Male,9
2789,PRY1,01-01-2023,Female,11
2789,PRY2,01-01-2023,Male,13
2789,PRY2,01-01-2023,Female,10
2789,PRY3,01-01-2023,Male,16
2789,PRY3,01-01-2023,Female,13
2789,PRY4,01-01-2023,Male,12
2789,PRY4,01-01-2023,Female,13
2789,PRY5,01-01-2023,Male,12
2789,PRY5,01-01-2023,Female,3
2789,PRY6,01-01-2023,Male,15
2789,PRY6,01-01-2023,Female,17
2790,ECCDE1,01-01-2023,Male,5
2790,ECCDE1,01-01-2023,Female,4
2790,ECCDE2,01-01-2023,Male,6
2790,ECCDE2,01-01-2023,Female,4
2790,ECCDE3,01-01-2023,Male,6
2790,ECCDE3,01-01-2023,Female,2
2790,PRY1,01-01-2023,Male,4
2790,PRY1,01-01-2023,Female,5
2790,PRY2,01-01-2023,Male,5
2790,PRY2,01-01-2023,Female,8
2790,PRY3,01-01-2023,Male,10
2790,PRY3,01-01-2023,Female,7
2790,PRY4,01-01-2023,Male,4
2790,PRY4,01-01-2023,Female,4
2790,PRY5,01-01-2023,Male,2
2790,PRY5,01-01-2023,Female,3
2790,PRY6,01-01-2023,Male,3
2790,PRY6,01-01-2023,Female,4
2791,ECCDE1,01-01-2023,Male,8
2791,ECCDE1,01-01-2023,Female,5
2791,ECCDE2,01-01-2023,Male,5
2791,ECCDE2,01-01-2023,Female,5
2791,ECCDE3,01-01-2023,Male,5
2791,ECCDE3,01-01-2023,Female,4
2791,PRY1,01-01-2023,Male,8
2791,PRY1,01-01-2023,Female,7
2791,PRY2,01-01-2023,Male,6
2791,PRY2,01-01-2023,Female,5
2791,PRY3,01-01-2023,Male,4
2791,PRY3,01-01-2023,Female,7
2791,PRY4,01-01-2023,Male,2
2791,PRY4,01-01-2023,Female,6
2791,PRY5,01-01-2023,Male,7
2791,PRY5,01-01-2023,Female,6
2791,PRY6,01-01-2023,Male,3
2791,PRY6,01-01-2023,Female,6
2792,ECCDE1,01-01-2023,Male,1
2792,ECCDE1,01-01-2023,Female,6
2792,ECCDE2,01-01-2023,Male,2
2792,ECCDE2,01-01-2023,Female,2
2792,ECCDE3,01-01-2023,Male,4
2792,ECCDE3,01-01-2023,Female,2
2792,PRY1,01-01-2023,Male,3
2792,PRY1,01-01-2023,Female,0
2792,PRY2,01-01-2023,Male,6
2792,PRY2,01-01-2023,Female,2
2792,PRY3,01-01-2023,Male,5
2792,PRY3,01-01-2023,Female,2
2792,PRY4,01-01-2023,Male,2
2792,PRY4,01-01-2023,Female,1
2792,PRY5,01-01-2023,Male,2
2792,PRY5,01-01-2023,Female,1
2792,PRY6,01-01-2023,Male,0
2792,PRY6,01-01-2023,Female,0
2793,ECCDE1,01-01-2023,Male,9
2793,ECCDE1,01-01-2023,Female,11
2793,ECCDE2,01-01-2023,Male,6
2793,ECCDE2,01-01-2023,Female,3
2793,ECCDE3,01-01-2023,Male,4
2793,ECCDE3,01-01-2023,Female,4
2793,PRY1,01-01-2023,Male,6
2793,PRY1,01-01-2023,Female,8
2793,PRY2,01-01-2023,Male,10
2793,PRY2,01-01-2023,Female,9
2793,PRY3,01-01-2023,Male,3
2793,PRY3,01-01-2023,Female,8
2793,PRY4,01-01-2023,Male,5
2793,PRY4,01-01-2023,Female,4
2793,PRY5,01-01-2023,Male,8
2793,PRY5,01-01-2023,Female,10
2793,PRY6,01-01-2023,Male,7
2793,PRY6,01-01-2023,Female,9
2794,ECCDE1,01-01-2023,Male,3
2794,ECCDE1,01-01-2023,Female,3
2794,ECCDE2,01-01-2023,Male,3
2794,ECCDE2,01-01-2023,Female,2
2794,ECCDE3,01-01-2023,Male,1
2794,ECCDE3,01-01-2023,Female,2
2794,PRY1,01-01-2023,Male,4
2794,PRY1,01-01-2023,Female,2
2794,PRY2,01-01-2023,Male,4
2794,PRY2,01-01-2023,Female,5
2794,PRY3,01-01-2023,Male,4
2794,PRY3,01-01-2023,Female,4
2794,PRY4,01-01-2023,Male,2
2794,PRY4,01-01-2023,Female,4
2794,PRY5,01-01-2023,Male,2
2794,PRY5,01-01-2023,Female,1
2794,PRY6,01-01-2023,Male,2
2794,PRY6,01-01-2023,Female,3
2795,ECCDE1,01-01-2023,Male,9
2795,ECCDE1,01-01-2023,Female,10
2795,ECCDE2,01-01-2023,Male,4
2795,ECCDE2,01-01-2023,Female,3
2795,ECCDE3,01-01-2023,Male,2
2795,ECCDE3,01-01-2023,Female,5
2795,PRY1,01-01-2023,Male,6
2795,PRY1,01-01-2023,Female,4
2795,PRY2,01-01-2023,Male,6
2795,PRY2,01-01-2023,Female,4
2795,PRY3,01-01-2023,Male,7
2795,PRY3,01-01-2023,Female,3
2795,PRY4,01-01-2023,Male,10
2795,PRY4,01-01-2023,Female,7
2795,PRY5,01-01-2023,Male,6
2795,PRY5,01-01-2023,Female,10
2795,PRY6,01-01-2023,Male,6
2795,PRY6,01-01-2023,Female,3
2796,ECCDE1,01-01-2023,Male,8
2796,ECCDE1,01-01-2023,Female,7
2796,ECCDE2,01-01-2023,Male,2
2796,ECCDE2,01-01-2023,Female,7
2796,ECCDE3,01-01-2023,Male,12
2796,ECCDE3,01-01-2023,Female,3
2796,PRY1,01-01-2023,Male,4
2796,PRY1,01-01-2023,Female,9
2796,PRY2,01-01-2023,Male,5
2796,PRY2,01-01-2023,Female,4
2796,PRY3,01-01-2023,Male,5
2796,PRY3,01-01-2023,Female,6
2796,PRY4,01-01-2023,Male,6
2796,PRY4,01-01-2023,Female,9
2796,PRY5,01-01-2023,Male,7
2796,PRY5,01-01-2023,Female,9
2796,PRY6,01-01-2023,Male,2
2796,PRY6,01-01-2023,Female,6
2797,ECCDE1,01-01-2023,Male,13
2797,ECCDE1,01-01-2023,Female,14
2797,ECCDE2,01-01-2023,Male,14
2797,ECCDE2,01-01-2023,Female,7
2797,ECCDE3,01-01-2023,Male,16
2797,ECCDE3,01-01-2023,Female,10
2797,PRY1,01-01-2023,Male,9
2797,PRY1,01-01-2023,Female,13
2797,PRY2,01-01-2023,Male,11
2797,PRY2,01-01-2023,Female,14
2797,PRY3,01-01-2023,Male,16
2797,PRY3,01-01-2023,Female,12
2797,PRY4,01-01-2023,Male,13
2797,PRY4,01-01-2023,Female,12
2797,PRY5,01-01-2023,Male,22
2797,PRY5,01-01-2023,Female,14
2797,PRY6,01-01-2023,Male,12
2797,PRY6,01-01-2023,Female,16
2798,ECCDE1,01-01-2023,Male,5
2798,ECCDE1,01-01-2023,Female,1
2798,ECCDE2,01-01-2023,Male,2
2798,ECCDE2,01-01-2023,Female,3
2798,ECCDE3,01-01-2023,Male,3
2798,ECCDE3,01-01-2023,Female,3
2798,PRY1,01-01-2023,Male,2
2798,PRY1,01-01-2023,Female,5
2798,PRY2,01-01-2023,Male,7
2798,PRY2,01-01-2023,Female,5
2798,PRY3,01-01-2023,Male,5
2798,PRY3,01-01-2023,Female,3
2798,PRY4,01-01-2023,Male,5
2798,PRY4,01-01-2023,Female,1
2798,PRY5,01-01-2023,Male,4
2798,PRY5,01-01-2023,Female,6
2798,PRY6,01-01-2023,Male,5
2798,PRY6,01-01-2023,Female,1
2799,ECCDE1,01-01-2023,Male,11
2799,ECCDE1,01-01-2023,Female,6
2799,ECCDE2,01-01-2023,Male,12
2799,ECCDE2,01-01-2023,Female,6
2799,ECCDE3,01-01-2023,Male,17
2799,ECCDE3,01-01-2023,Female,14
2799,PRY1,01-01-2023,Male,19
2799,PRY1,01-01-2023,Female,11
2799,PRY2,01-01-2023,Male,17
2799,PRY2,01-01-2023,Female,23
2799,PRY3,01-01-2023,Male,30
2799,PRY3,01-01-2023,Female,31
2799,PRY4,01-01-2023,Male,39
2799,PRY4,01-01-2023,Female,32
2799,PRY5,01-01-2023,Male,37
2799,PRY5,01-01-2023,Female,30
2799,PRY6,01-01-2023,Male,56
2799,PRY6,01-01-2023,Female,60
2800,ECCDE1,01-01-2023,Male,12
2800,ECCDE1,01-01-2023,Female,15
2800,ECCDE2,01-01-2023,Male,10
2800,ECCDE2,01-01-2023,Female,8
2800,ECCDE3,01-01-2023,Male,7
2800,ECCDE3,01-01-2023,Female,16
2800,PRY1,01-01-2023,Male,10
2800,PRY1,01-01-2023,Female,14
2800,PRY2,01-01-2023,Male,21
2800,PRY2,01-01-2023,Female,9
2800,PRY3,01-01-2023,Male,17
2800,PRY3,01-01-2023,Female,10
2800,PRY4,01-01-2023,Male,15
2800,PRY4,01-01-2023,Female,18
2800,PRY5,01-01-2023,Male,19
2800,PRY5,01-01-2023,Female,18
2800,PRY6,01-01-2023,Male,28
2800,PRY6,01-01-2023,Female,26
2801,ECCDE1,01-01-2023,Male,23
2801,ECCDE1,01-01-2023,Female,25
2801,ECCDE2,01-01-2023,Male,26
2801,ECCDE2,01-01-2023,Female,21
2801,ECCDE3,01-01-2023,Male,25
2801,ECCDE3,01-01-2023,Female,24
2801,PRY1,01-01-2023,Male,14
2801,PRY1,01-01-2023,Female,14
2801,PRY2,01-01-2023,Male,12
2801,PRY2,01-01-2023,Female,10
2801,PRY3,01-01-2023,Male,15
2801,PRY3,01-01-2023,Female,15
2801,PRY4,01-01-2023,Male,8
2801,PRY4,01-01-2023,Female,12
2801,PRY5,01-01-2023,Male,22
2801,PRY5,01-01-2023,Female,10
2801,PRY6,01-01-2023,Male,11
2801,PRY6,01-01-2023,Female,15
2802,ECCDE1,01-01-2023,Male,22
2802,ECCDE1,01-01-2023,Female,22
2802,ECCDE2,01-01-2023,Male,20
2802,ECCDE2,01-01-2023,Female,19
2802,ECCDE3,01-01-2023,Male,25
2802,ECCDE3,01-01-2023,Female,19
2802,PRY1,01-01-2023,Male,19
2802,PRY1,01-01-2023,Female,29
2802,PRY2,01-01-2023,Male,39
2802,PRY2,01-01-2023,Female,31
2802,PRY3,01-01-2023,Male,49
2802,PRY3,01-01-2023,Female,29
2802,PRY4,01-01-2023,Male,47
2802,PRY4,01-01-2023,Female,37
2802,PRY5,01-01-2023,Male,40
2802,PRY5,01-01-2023,Female,28
2802,PRY6,01-01-2023,Male,40
2802,PRY6,01-01-2023,Female,30
2803,ECCDE1,01-01-2023,Male,15
2803,ECCDE1,01-01-2023,Female,17
2803,ECCDE2,01-01-2023,Male,9
2803,ECCDE2,01-01-2023,Female,7
2803,ECCDE3,01-01-2023,Male,6
2803,ECCDE3,01-01-2023,Female,9
2803,PRY1,01-01-2023,Male,9
2803,PRY1,01-01-2023,Female,13
2803,PRY2,01-01-2023,Male,9
2803,PRY2,01-01-2023,Female,6
2803,PRY3,01-01-2023,Male,12
2803,PRY3,01-01-2023,Female,7
2803,PRY4,01-01-2023,Male,9
2803,PRY4,01-01-2023,Female,7
2803,PRY5,01-01-2023,Male,11
2803,PRY5,01-01-2023,Female,8
2803,PRY6,01-01-2023,Male,10
2803,PRY6,01-01-2023,Female,11
2804,ECCDE1,01-01-2023,Male,20
2804,ECCDE1,01-01-2023,Female,8
2804,ECCDE2,01-01-2023,Male,9
2804,ECCDE2,01-01-2023,Female,7
2804,ECCDE3,01-01-2023,Male,7
2804,ECCDE3,01-01-2023,Female,11
2804,PRY1,01-01-2023,Male,15
2804,PRY1,01-01-2023,Female,11
2804,PRY2,01-01-2023,Male,11
2804,PRY2,01-01-2023,Female,12
2804,PRY3,01-01-2023,Male,17
2804,PRY3,01-01-2023,Female,15
2804,PRY4,01-01-2023,Male,11
2804,PRY4,01-01-2023,Female,15
2804,PRY5,01-01-2023,Male,15
2804,PRY5,01-01-2023,Female,12
2804,PRY6,01-01-2023,Male,20
2804,PRY6,01-01-2023,Female,16
2805,ECCDE1,01-01-2023,Male,6
2805,ECCDE1,01-01-2023,Female,9
2805,ECCDE2,01-01-2023,Male,7
2805,ECCDE2,01-01-2023,Female,8
2805,ECCDE3,01-01-2023,Male,11
2805,ECCDE3,01-01-2023,Female,8
2805,PRY1,01-01-2023,Male,8
2805,PRY1,01-01-2023,Female,8
2805,PRY2,01-01-2023,Male,4
2805,PRY2,01-01-2023,Female,13
2805,PRY3,01-01-2023,Male,11
2805,PRY3,01-01-2023,Female,11
2805,PRY4,01-01-2023,Male,1
2805,PRY4,01-01-2023,Female,14
2805,PRY5,01-01-2023,Male,9
2805,PRY5,01-01-2023,Female,14
2805,PRY6,01-01-2023,Male,12
2805,PRY6,01-01-2023,Female,12
2806,ECCDE1,01-01-2023,Male,19
2806,ECCDE1,01-01-2023,Female,8
2806,ECCDE2,01-01-2023,Male,8
2806,ECCDE2,01-01-2023,Female,8
2806,ECCDE3,01-01-2023,Male,11
2806,ECCDE3,01-01-2023,Female,3
2806,PRY1,01-01-2023,Male,20
2806,PRY1,01-01-2023,Female,19
2806,PRY2,01-01-2023,Male,10
2806,PRY2,01-01-2023,Female,18
2806,PRY3,01-01-2023,Male,23
2806,PRY3,01-01-2023,Female,19
2806,PRY4,01-01-2023,Male,17
2806,PRY4,01-01-2023,Female,26
2806,PRY5,01-01-2023,Male,42
2806,PRY5,01-01-2023,Female,19
2806,PRY6,01-01-2023,Male,22
2806,PRY6,01-01-2023,Female,28
2807,ECCDE1,01-01-2023,Male,19
2807,ECCDE1,01-01-2023,Female,28
2807,ECCDE2,01-01-2023,Male,14
2807,ECCDE2,01-01-2023,Female,15
2807,ECCDE3,01-01-2023,Male,15
2807,ECCDE3,01-01-2023,Female,16
2807,PRY1,01-01-2023,Male,15
2807,PRY1,01-01-2023,Female,12
2807,PRY2,01-01-2023,Male,22
2807,PRY2,01-01-2023,Female,20
2807,PRY3,01-01-2023,Male,16
2807,PRY3,01-01-2023,Female,16
2807,PRY4,01-01-2023,Male,16
2807,PRY4,01-01-2023,Female,18
2807,PRY5,01-01-2023,Male,12
2807,PRY5,01-01-2023,Female,13
2807,PRY6,01-01-2023,Male,23
2807,PRY6,01-01-2023,Female,18
2808,ECCDE1,01-01-2023,Male,0
2808,ECCDE1,01-01-2023,Female,0
2808,ECCDE2,01-01-2023,Male,0
2808,ECCDE2,01-01-2023,Female,0
2808,ECCDE3,01-01-2023,Male,0
2808,ECCDE3,01-01-2023,Female,0
2808,PRY1,01-01-2023,Male,23
2808,PRY1,01-01-2023,Female,20
2808,PRY2,01-01-2023,Male,19
2808,PRY2,01-01-2023,Female,16
2808,PRY3,01-01-2023,Male,18
2808,PRY3,01-01-2023,Female,23
2808,PRY4,01-01-2023,Male,24
2808,PRY4,01-01-2023,Female,11
2808,PRY5,01-01-2023,Male,24
2808,PRY5,01-01-2023,Female,26
2808,PRY6,01-01-2023,Male,15
2808,PRY6,01-01-2023,Female,21
2809,ECCDE1,01-01-2023,Male,0
2809,ECCDE1,01-01-2023,Female,0
2809,ECCDE2,01-01-2023,Male,0
2809,ECCDE2,01-01-2023,Female,0
2809,ECCDE3,01-01-2023,Male,0
2809,ECCDE3,01-01-2023,Female,0
2809,PRY1,01-01-2023,Male,0
2809,PRY1,01-01-2023,Female,0
2809,PRY2,01-01-2023,Male,0
2809,PRY2,01-01-2023,Female,0
2809,PRY3,01-01-2023,Male,0
2809,PRY3,01-01-2023,Female,0
2809,PRY4,01-01-2023,Male,0
2809,PRY4,01-01-2023,Female,0
2809,PRY5,01-01-2023,Male,0
2809,PRY5,01-01-2023,Female,0
2809,PRY6,01-01-2023,Male,0
2809,PRY6,01-01-2023,Female,0
2810,ECCDE1,01-01-2023,Male,0
2810,ECCDE1,01-01-2023,Female,0
2810,ECCDE2,01-01-2023,Male,0
2810,ECCDE2,01-01-2023,Female,0
2810,ECCDE3,01-01-2023,Male,0
2810,ECCDE3,01-01-2023,Female,0
2810,PRY1,01-01-2023,Male,0
2810,PRY1,01-01-2023,Female,0
2810,PRY2,01-01-2023,Male,0
2810,PRY2,01-01-2023,Female,0
2810,PRY3,01-01-2023,Male,0
2810,PRY3,01-01-2023,Female,0
2810,PRY4,01-01-2023,Male,0
2810,PRY4,01-01-2023,Female,0
2810,PRY5,01-01-2023,Male,0
2810,PRY5,01-01-2023,Female,0
2810,PRY6,01-01-2023,Male,0
2810,PRY6,01-01-2023,Female,0
2811,ECCDE1,01-01-2023,Male,6
2811,ECCDE1,01-01-2023,Female,4
2811,ECCDE2,01-01-2023,Male,3
2811,ECCDE2,01-01-2023,Female,5
2811,ECCDE3,01-01-2023,Male,3
2811,ECCDE3,01-01-2023,Female,8
2811,PRY1,01-01-2023,Male,5
2811,PRY1,01-01-2023,Female,6
2811,PRY2,01-01-2023,Male,6
2811,PRY2,01-01-2023,Female,8
2811,PRY3,01-01-2023,Male,13
2811,PRY3,01-01-2023,Female,3
2811,PRY4,01-01-2023,Male,9
2811,PRY4,01-01-2023,Female,4
2811,PRY5,01-01-2023,Male,7
2811,PRY5,01-01-2023,Female,2
2811,PRY6,01-01-2023,Male,5
2811,PRY6,01-01-2023,Female,5
2812,ECCDE1,01-01-2023,Male,7
2812,ECCDE1,01-01-2023,Female,4
2812,ECCDE2,01-01-2023,Male,6
2812,ECCDE2,01-01-2023,Female,7
2812,ECCDE3,01-01-2023,Male,6
2812,ECCDE3,01-01-2023,Female,3
2812,PRY1,01-01-2023,Male,3
2812,PRY1,01-01-2023,Female,4
2812,PRY2,01-01-2023,Male,4
2812,PRY2,01-01-2023,Female,7
2812,PRY3,01-01-2023,Male,4
2812,PRY3,01-01-2023,Female,4
2812,PRY4,01-01-2023,Male,5
2812,PRY4,01-01-2023,Female,3
2812,PRY5,01-01-2023,Male,10
2812,PRY5,01-01-2023,Female,20
2812,PRY6,01-01-2023,Male,16
2812,PRY6,01-01-2023,Female,12
2813,ECCDE1,01-01-2023,Male,5
2813,ECCDE1,01-01-2023,Female,5
2813,ECCDE2,01-01-2023,Male,8
2813,ECCDE2,01-01-2023,Female,5
2813,ECCDE3,01-01-2023,Male,5
2813,ECCDE3,01-01-2023,Female,3
2813,PRY1,01-01-2023,Male,11
2813,PRY1,01-01-2023,Female,10
2813,PRY2,01-01-2023,Male,10
2813,PRY2,01-01-2023,Female,8
2813,PRY3,01-01-2023,Male,8
2813,PRY3,01-01-2023,Female,8
2813,PRY4,01-01-2023,Male,5
2813,PRY4,01-01-2023,Female,3
2813,PRY5,01-01-2023,Male,5
2813,PRY5,01-01-2023,Female,4
2813,PRY6,01-01-2023,Male,4
2813,PRY6,01-01-2023,Female,3
2814,ECCDE1,01-01-2023,Male,4
2814,ECCDE1,01-01-2023,Female,2
2814,ECCDE2,01-01-2023,Male,1
2814,ECCDE2,01-01-2023,Female,2
2814,ECCDE3,01-01-2023,Male,2
2814,ECCDE3,01-01-2023,Female,2
2814,PRY1,01-01-2023,Male,1
2814,PRY1,01-01-2023,Female,1
2814,PRY2,01-01-2023,Male,2
2814,PRY2,01-01-2023,Female,1
2814,PRY3,01-01-2023,Male,1
2814,PRY3,01-01-2023,Female,1
2814,PRY4,01-01-2023,Male,2
2814,PRY4,01-01-2023,Female,4
2814,PRY5,01-01-2023,Male,1
2814,PRY5,01-01-2023,Female,3
2814,PRY6,01-01-2023,Male,1
2814,PRY6,01-01-2023,Female,1
2815,ECCDE1,01-01-2023,Male,14
2815,ECCDE1,01-01-2023,Female,16
2815,ECCDE2,01-01-2023,Male,6
2815,ECCDE2,01-01-2023,Female,3
2815,ECCDE3,01-01-2023,Male,10
2815,ECCDE3,01-01-2023,Female,8
2815,PRY1,01-01-2023,Male,4
2815,PRY1,01-01-2023,Female,6
2815,PRY2,01-01-2023,Male,8
2815,PRY2,01-01-2023,Female,10
2815,PRY3,01-01-2023,Male,2
2815,PRY3,01-01-2023,Female,5
2815,PRY4,01-01-2023,Male,4
2815,PRY4,01-01-2023,Female,6
2815,PRY5,01-01-2023,Male,4
2815,PRY5,01-01-2023,Female,4
2815,PRY6,01-01-2023,Male,8
2815,PRY6,01-01-2023,Female,8
2816,ECCDE1,01-01-2023,Male,0
2816,ECCDE1,01-01-2023,Female,0
2816,ECCDE2,01-01-2023,Male,0
2816,ECCDE2,01-01-2023,Female,0
2816,ECCDE3,01-01-2023,Male,0
2816,ECCDE3,01-01-2023,Female,0
2816,PRY1,01-01-2023,Male,0
2816,PRY1,01-01-2023,Female,0
2816,PRY2,01-01-2023,Male,0
2816,PRY2,01-01-2023,Female,0
2816,PRY3,01-01-2023,Male,0
2816,PRY3,01-01-2023,Female,0
2816,PRY4,01-01-2023,Male,0
2816,PRY4,01-01-2023,Female,0
2816,PRY5,01-01-2023,Male,0
2816,PRY5,01-01-2023,Female,0
2816,PRY6,01-01-2023,Male,0
2816,PRY6,01-01-2023,Female,0
2817,ECCDE1,01-01-2023,Male,0
2817,ECCDE1,01-01-2023,Female,0
2817,ECCDE2,01-01-2023,Male,0
2817,ECCDE2,01-01-2023,Female,0
2817,ECCDE3,01-01-2023,Male,0
2817,ECCDE3,01-01-2023,Female,0
2817,PRY1,01-01-2023,Male,0
2817,PRY1,01-01-2023,Female,0
2817,PRY2,01-01-2023,Male,0
2817,PRY2,01-01-2023,Female,0
2817,PRY3,01-01-2023,Male,0
2817,PRY3,01-01-2023,Female,0
2817,PRY4,01-01-2023,Male,0
2817,PRY4,01-01-2023,Female,0
2817,PRY5,01-01-2023,Male,0
2817,PRY5,01-01-2023,Female,0
2817,PRY6,01-01-2023,Male,0
2817,PRY6,01-01-2023,Female,0
2818,ECCDE1,01-01-2023,Male,5
2818,ECCDE1,01-01-2023,Female,6
2818,ECCDE2,01-01-2023,Male,4
2818,ECCDE2,01-01-2023,Female,7
2818,ECCDE3,01-01-2023,Male,5
2818,ECCDE3,01-01-2023,Female,8
2818,PRY1,01-01-2023,Male,4
2818,PRY1,01-01-2023,Female,6
2818,PRY2,01-01-2023,Male,7
2818,PRY2,01-01-2023,Female,3
2818,PRY3,01-01-2023,Male,2
2818,PRY3,01-01-2023,Female,5
2818,PRY4,01-01-2023,Male,2
2818,PRY4,01-01-2023,Female,6
2818,PRY5,01-01-2023,Male,3
2818,PRY5,01-01-2023,Female,4
2818,PRY6,01-01-2023,Male,1
2818,PRY6,01-01-2023,Female,2
2819,ECCDE1,01-01-2023,Male,0
2819,ECCDE1,01-01-2023,Female,0
2819,ECCDE2,01-01-2023,Male,0
2819,ECCDE2,01-01-2023,Female,0
2819,ECCDE3,01-01-2023,Male,0
2819,ECCDE3,01-01-2023,Female,5
2819,PRY1,01-01-2023,Male,0
2819,PRY1,01-01-2023,Female,0
2819,PRY2,01-01-2023,Male,0
2819,PRY2,01-01-2023,Female,0
2819,PRY3,01-01-2023,Male,0
2819,PRY3,01-01-2023,Female,0
2819,PRY4,01-01-2023,Male,0
2819,PRY4,01-01-2023,Female,0
2819,PRY5,01-01-2023,Male,0
2819,PRY5,01-01-2023,Female,0
2819,PRY6,01-01-2023,Male,0
2819,PRY6,01-01-2023,Female,0
2820,ECCDE1,01-01-2023,Male,2
2820,ECCDE1,01-01-2023,Female,2
2820,ECCDE2,01-01-2023,Male,0
2820,ECCDE2,01-01-2023,Female,3
2820,ECCDE3,01-01-2023,Male,0
2820,ECCDE3,01-01-2023,Female,0
2820,PRY1,01-01-2023,Male,2
2820,PRY1,01-01-2023,Female,6
2820,PRY2,01-01-2023,Male,4
2820,PRY2,01-01-2023,Female,1
2820,PRY3,01-01-2023,Male,0
2820,PRY3,01-01-2023,Female,5
2820,PRY4,01-01-2023,Male,0
2820,PRY4,01-01-2023,Female,3
2820,PRY5,01-01-2023,Male,0
2820,PRY5,01-01-2023,Female,1
2820,PRY6,01-01-2023,Male,0
2820,PRY6,01-01-2023,Female,0
2821,ECCDE1,01-01-2023,Male,1
2821,ECCDE1,01-01-2023,Female,1
2821,ECCDE2,01-01-2023,Male,2
2821,ECCDE2,01-01-2023,Female,3
2821,ECCDE3,01-01-2023,Male,2
2821,ECCDE3,01-01-2023,Female,2
2821,PRY1,01-01-2023,Male,1
2821,PRY1,01-01-2023,Female,2
2821,PRY2,01-01-2023,Male,2
2821,PRY2,01-01-2023,Female,3
2821,PRY3,01-01-2023,Male,1
2821,PRY3,01-01-2023,Female,3
2821,PRY4,01-01-2023,Male,2
2821,PRY4,01-01-2023,Female,3
2821,PRY5,01-01-2023,Male,1
2821,PRY5,01-01-2023,Female,1
2821,PRY6,01-01-2023,Male,2
2821,PRY6,01-01-2023,Female,3
2822,ECCDE1,01-01-2023,Male,5
2822,ECCDE1,01-01-2023,Female,3
2822,ECCDE2,01-01-2023,Male,5
2822,ECCDE2,01-01-2023,Female,5
2822,ECCDE3,01-01-2023,Male,4
2822,ECCDE3,01-01-2023,Female,3
2822,PRY1,01-01-2023,Male,3
2822,PRY1,01-01-2023,Female,1
2822,PRY2,01-01-2023,Male,2
2822,PRY2,01-01-2023,Female,1
2822,PRY3,01-01-2023,Male,1
2822,PRY3,01-01-2023,Female,3
2822,PRY4,01-01-2023,Male,1
2822,PRY4,01-01-2023,Female,1
2822,PRY5,01-01-2023,Male,1
2822,PRY5,01-01-2023,Female,1
2822,PRY6,01-01-2023,Male,2
2822,PRY6,01-01-2023,Female,1
2823,ECCDE1,01-01-2023,Male,0
2823,ECCDE1,01-01-2023,Female,0
2823,ECCDE2,01-01-2023,Male,0
2823,ECCDE2,01-01-2023,Female,0
2823,ECCDE3,01-01-2023,Male,0
2823,ECCDE3,01-01-2023,Female,0
2823,PRY1,01-01-2023,Male,0
2823,PRY1,01-01-2023,Female,0
2823,PRY2,01-01-2023,Male,0
2823,PRY2,01-01-2023,Female,0
2823,PRY3,01-01-2023,Male,0
2823,PRY3,01-01-2023,Female,0
2823,PRY4,01-01-2023,Male,0
2823,PRY4,01-01-2023,Female,0
2823,PRY5,01-01-2023,Male,0
2823,PRY5,01-01-2023,Female,0
2823,PRY6,01-01-2023,Male,0
2823,PRY6,01-01-2023,Female,0
2824,ECCDE1,01-01-2023,Male,2
2824,ECCDE1,01-01-2023,Female,2
2824,ECCDE2,01-01-2023,Male,1
2824,ECCDE2,01-01-2023,Female,2
2824,ECCDE3,01-01-2023,Male,2
2824,ECCDE3,01-01-2023,Female,2
2824,PRY1,01-01-2023,Male,2
2824,PRY1,01-01-2023,Female,2
2824,PRY2,01-01-2023,Male,1
2824,PRY2,01-01-2023,Female,3
2824,PRY3,01-01-2023,Male,1
2824,PRY3,01-01-2023,Female,2
2824,PRY4,01-01-2023,Male,1
2824,PRY4,01-01-2023,Female,1
2824,PRY5,01-01-2023,Male,1
2824,PRY5,01-01-2023,Female,1
2824,PRY6,01-01-2023,Male,0
2824,PRY6,01-01-2023,Female,0
2825,ECCDE1,01-01-2023,Male,0
2825,ECCDE1,01-01-2023,Female,0
2825,ECCDE2,01-01-2023,Male,0
2825,ECCDE2,01-01-2023,Female,0
2825,ECCDE3,01-01-2023,Male,0
2825,ECCDE3,01-01-2023,Female,0
2825,PRY1,01-01-2023,Male,0
2825,PRY1,01-01-2023,Female,0
2825,PRY2,01-01-2023,Male,0
2825,PRY2,01-01-2023,Female,0
2825,PRY3,01-01-2023,Male,0
2825,PRY3,01-01-2023,Female,0
2825,PRY4,01-01-2023,Male,0
2825,PRY4,01-01-2023,Female,0
2825,PRY5,01-01-2023,Male,0
2825,PRY5,01-01-2023,Female,0
2825,PRY6,01-01-2023,Male,0
2825,PRY6,01-01-2023,Female,0
2826,ECCDE1,01-01-2023,Male,9
2826,ECCDE1,01-01-2023,Female,11
2826,ECCDE2,01-01-2023,Male,11
2826,ECCDE2,01-01-2023,Female,12
2826,ECCDE3,01-01-2023,Male,18
2826,ECCDE3,01-01-2023,Female,17
2826,PRY1,01-01-2023,Male,13
2826,PRY1,01-01-2023,Female,15
2826,PRY2,01-01-2023,Male,22
2826,PRY2,01-01-2023,Female,25
2826,PRY3,01-01-2023,Male,22
2826,PRY3,01-01-2023,Female,17
2826,PRY4,01-01-2023,Male,20
2826,PRY4,01-01-2023,Female,19
2826,PRY5,01-01-2023,Male,28
2826,PRY5,01-01-2023,Female,25
2826,PRY6,01-01-2023,Male,39
2826,PRY6,01-01-2023,Female,40
2827,ECCDE1,01-01-2023,Male,14
2827,ECCDE1,01-01-2023,Female,12
2827,ECCDE2,01-01-2023,Male,10
2827,ECCDE2,01-01-2023,Female,5
2827,ECCDE3,01-01-2023,Male,11
2827,ECCDE3,01-01-2023,Female,6
2827,PRY1,01-01-2023,Male,11
2827,PRY1,01-01-2023,Female,15
2827,PRY2,01-01-2023,Male,11
2827,PRY2,01-01-2023,Female,16
2827,PRY3,01-01-2023,Male,14
2827,PRY3,01-01-2023,Female,10
2827,PRY4,01-01-2023,Male,14
2827,PRY4,01-01-2023,Female,15
2827,PRY5,01-01-2023,Male,24
2827,PRY5,01-01-2023,Female,27
2827,PRY6,01-01-2023,Male,13
2827,PRY6,01-01-2023,Female,18
2828,ECCDE1,01-01-2023,Male,2
2828,ECCDE1,01-01-2023,Female,3
2828,ECCDE2,01-01-2023,Male,3
2828,ECCDE2,01-01-2023,Female,4
2828,ECCDE3,01-01-2023,Male,4
2828,ECCDE3,01-01-2023,Female,3
2828,PRY1,01-01-2023,Male,8
2828,PRY1,01-01-2023,Female,10
2828,PRY2,01-01-2023,Male,8
2828,PRY2,01-01-2023,Female,9
2828,PRY3,01-01-2023,Male,10
2828,PRY3,01-01-2023,Female,13
2828,PRY4,01-01-2023,Male,8
2828,PRY4,01-01-2023,Female,10
2828,PRY5,01-01-2023,Male,10
2828,PRY5,01-01-2023,Female,14
2828,PRY6,01-01-2023,Male,17
2828,PRY6,01-01-2023,Female,24
2829,ECCDE1,01-01-2023,Male,10
2829,ECCDE1,01-01-2023,Female,12
2829,ECCDE2,01-01-2023,Male,6
2829,ECCDE2,01-01-2023,Female,8
2829,ECCDE3,01-01-2023,Male,12
2829,ECCDE3,01-01-2023,Female,16
2829,PRY1,01-01-2023,Male,20
2829,PRY1,01-01-2023,Female,19
2829,PRY2,01-01-2023,Male,25
2829,PRY2,01-01-2023,Female,18
2829,PRY3,01-01-2023,Male,20
2829,PRY3,01-01-2023,Female,19
2829,PRY4,01-01-2023,Male,30
2829,PRY4,01-01-2023,Female,30
2829,PRY5,01-01-2023,Male,36
2829,PRY5,01-01-2023,Female,35
2829,PRY6,01-01-2023,Male,41
2829,PRY6,01-01-2023,Female,35
2830,ECCDE1,01-01-2023,Male,8
2830,ECCDE1,01-01-2023,Female,18
2830,ECCDE2,01-01-2023,Male,10
2830,ECCDE2,01-01-2023,Female,18
2830,ECCDE3,01-01-2023,Male,16
2830,ECCDE3,01-01-2023,Female,17
2830,PRY1,01-01-2023,Male,10
2830,PRY1,01-01-2023,Female,15
2830,PRY2,01-01-2023,Male,16
2830,PRY2,01-01-2023,Female,22
2830,PRY3,01-01-2023,Male,16
2830,PRY3,01-01-2023,Female,21
2830,PRY4,01-01-2023,Male,19
2830,PRY4,01-01-2023,Female,22
2830,PRY5,01-01-2023,Male,17
2830,PRY5,01-01-2023,Female,22
2830,PRY6,01-01-2023,Male,27
2830,PRY6,01-01-2023,Female,36
2831,ECCDE1,01-01-2023,Male,15
2831,ECCDE1,01-01-2023,Female,20
2831,ECCDE2,01-01-2023,Male,5
2831,ECCDE2,01-01-2023,Female,9
2831,ECCDE3,01-01-2023,Male,7
2831,ECCDE3,01-01-2023,Female,6
2831,PRY1,01-01-2023,Male,10
2831,PRY1,01-01-2023,Female,10
2831,PRY2,01-01-2023,Male,14
2831,PRY2,01-01-2023,Female,17
2831,PRY3,01-01-2023,Male,15
2831,PRY3,01-01-2023,Female,20
2831,PRY4,01-01-2023,Male,26
2831,PRY4,01-01-2023,Female,22
2831,PRY5,01-01-2023,Male,19
2831,PRY5,01-01-2023,Female,23
2831,PRY6,01-01-2023,Male,36
2831,PRY6,01-01-2023,Female,32
2832,ECCDE1,01-01-2023,Male,15
2832,ECCDE1,01-01-2023,Female,18
2832,ECCDE2,01-01-2023,Male,22
2832,ECCDE2,01-01-2023,Female,15
2832,ECCDE3,01-01-2023,Male,24
2832,ECCDE3,01-01-2023,Female,11
2832,PRY1,01-01-2023,Male,0
2832,PRY1,01-01-2023,Female,0
2832,PRY2,01-01-2023,Male,0
2832,PRY2,01-01-2023,Female,0
2832,PRY3,01-01-2023,Male,0
2832,PRY3,01-01-2023,Female,0
2832,PRY4,01-01-2023,Male,0
2832,PRY4,01-01-2023,Female,0
2832,PRY5,01-01-2023,Male,0
2832,PRY5,01-01-2023,Female,0
2832,PRY6,01-01-2023,Male,0
2832,PRY6,01-01-2023,Female,0
2833,ECCDE1,01-01-2023,Male,0
2833,ECCDE1,01-01-2023,Female,0
2833,ECCDE2,01-01-2023,Male,0
2833,ECCDE2,01-01-2023,Female,0
2833,ECCDE3,01-01-2023,Male,0
2833,ECCDE3,01-01-2023,Female,0
2833,PRY1,01-01-2023,Male,15
2833,PRY1,01-01-2023,Female,18
2833,PRY2,01-01-2023,Male,18
2833,PRY2,01-01-2023,Female,27
2833,PRY3,01-01-2023,Male,31
2833,PRY3,01-01-2023,Female,30
2833,PRY4,01-01-2023,Male,31
2833,PRY4,01-01-2023,Female,34
2833,PRY5,01-01-2023,Male,32
2833,PRY5,01-01-2023,Female,37
2833,PRY6,01-01-2023,Male,22
2833,PRY6,01-01-2023,Female,44
2834,ECCDE1,01-01-2023,Male,8
2834,ECCDE1,01-01-2023,Female,4
2834,ECCDE2,01-01-2023,Male,10
2834,ECCDE2,01-01-2023,Female,11
2834,ECCDE3,01-01-2023,Male,3
2834,ECCDE3,01-01-2023,Female,7
2834,PRY1,01-01-2023,Male,10
2834,PRY1,01-01-2023,Female,5
2834,PRY2,01-01-2023,Male,6
2834,PRY2,01-01-2023,Female,12
2834,PRY3,01-01-2023,Male,9
2834,PRY3,01-01-2023,Female,6
2834,PRY4,01-01-2023,Male,9
2834,PRY4,01-01-2023,Female,13
2834,PRY5,01-01-2023,Male,6
2834,PRY5,01-01-2023,Female,12
2834,PRY6,01-01-2023,Male,14
2834,PRY6,01-01-2023,Female,15
2835,ECCDE1,01-01-2023,Male,7
2835,ECCDE1,01-01-2023,Female,7
2835,ECCDE2,01-01-2023,Male,9
2835,ECCDE2,01-01-2023,Female,9
2835,ECCDE3,01-01-2023,Male,11
2835,ECCDE3,01-01-2023,Female,14
2835,PRY1,01-01-2023,Male,9
2835,PRY1,01-01-2023,Female,8
2835,PRY2,01-01-2023,Male,10
2835,PRY2,01-01-2023,Female,9
2835,PRY3,01-01-2023,Male,12
2835,PRY3,01-01-2023,Female,8
2835,PRY4,01-01-2023,Male,11
2835,PRY4,01-01-2023,Female,15
2835,PRY5,01-01-2023,Male,10
2835,PRY5,01-01-2023,Female,10
2835,PRY6,01-01-2023,Male,13
2835,PRY6,01-01-2023,Female,16
2836,ECCDE1,01-01-2023,Male,5
2836,ECCDE1,01-01-2023,Female,7
2836,ECCDE2,01-01-2023,Male,7
2836,ECCDE2,01-01-2023,Female,6
2836,ECCDE3,01-01-2023,Male,7
2836,ECCDE3,01-01-2023,Female,7
2836,PRY1,01-01-2023,Male,9
2836,PRY1,01-01-2023,Female,7
2836,PRY2,01-01-2023,Male,8
2836,PRY2,01-01-2023,Female,8
2836,PRY3,01-01-2023,Male,9
2836,PRY3,01-01-2023,Female,9
2836,PRY4,01-01-2023,Male,14
2836,PRY4,01-01-2023,Female,10
2836,PRY5,01-01-2023,Male,19
2836,PRY5,01-01-2023,Female,10
2836,PRY6,01-01-2023,Male,10
2836,PRY6,01-01-2023,Female,10
2837,ECCDE1,01-01-2023,Male,19
2837,ECCDE1,01-01-2023,Female,16
2837,ECCDE2,01-01-2023,Male,19
2837,ECCDE2,01-01-2023,Female,24
2837,ECCDE3,01-01-2023,Male,7
2837,ECCDE3,01-01-2023,Female,13
2837,PRY1,01-01-2023,Male,25
2837,PRY1,01-01-2023,Female,19
2837,PRY2,01-01-2023,Male,25
2837,PRY2,01-01-2023,Female,28
2837,PRY3,01-01-2023,Male,24
2837,PRY3,01-01-2023,Female,25
2837,PRY4,01-01-2023,Male,40
2837,PRY4,01-01-2023,Female,25
2837,PRY5,01-01-2023,Male,37
2837,PRY5,01-01-2023,Female,27
2837,PRY6,01-01-2023,Male,32
2837,PRY6,01-01-2023,Female,36
2838,ECCDE1,01-01-2023,Male,18
2838,ECCDE1,01-01-2023,Female,25
2838,ECCDE2,01-01-2023,Male,9
2838,ECCDE2,01-01-2023,Female,19
2838,ECCDE3,01-01-2023,Male,22
2838,ECCDE3,01-01-2023,Female,11
2838,PRY1,01-01-2023,Male,18
2838,PRY1,01-01-2023,Female,20
2838,PRY2,01-01-2023,Male,25
2838,PRY2,01-01-2023,Female,14
2838,PRY3,01-01-2023,Male,22
2838,PRY3,01-01-2023,Female,24
2838,PRY4,01-01-2023,Male,19
2838,PRY4,01-01-2023,Female,34
2838,PRY5,01-01-2023,Male,17
2838,PRY5,01-01-2023,Female,30
2838,PRY6,01-01-2023,Male,22
2838,PRY6,01-01-2023,Female,33
2839,ECCDE1,01-01-2023,Male,0
2839,ECCDE1,01-01-2023,Female,0
2839,ECCDE2,01-01-2023,Male,0
2839,ECCDE2,01-01-2023,Female,0
2839,ECCDE3,01-01-2023,Male,0
2839,ECCDE3,01-01-2023,Female,0
2839,PRY1,01-01-2023,Male,15
2839,PRY1,01-01-2023,Female,10
2839,PRY2,01-01-2023,Male,10
2839,PRY2,01-01-2023,Female,5
2839,PRY3,01-01-2023,Male,5
2839,PRY3,01-01-2023,Female,5
2839,PRY4,01-01-2023,Male,0
2839,PRY4,01-01-2023,Female,0
2839,PRY5,01-01-2023,Male,0
2839,PRY5,01-01-2023,Female,0
2839,PRY6,01-01-2023,Male,0
2839,PRY6,01-01-2023,Female,0
2840,ECCDE1,01-01-2023,Male,5
2840,ECCDE1,01-01-2023,Female,5
2840,ECCDE2,01-01-2023,Male,5
2840,ECCDE2,01-01-2023,Female,5
2840,ECCDE3,01-01-2023,Male,4
2840,ECCDE3,01-01-2023,Female,4
2840,PRY1,01-01-2023,Male,0
2840,PRY1,01-01-2023,Female,0
2840,PRY2,01-01-2023,Male,0
2840,PRY2,01-01-2023,Female,0
2840,PRY3,01-01-2023,Male,0
2840,PRY3,01-01-2023,Female,0
2840,PRY4,01-01-2023,Male,0
2840,PRY4,01-01-2023,Female,0
2840,PRY5,01-01-2023,Male,0
2840,PRY5,01-01-2023,Female,0
2840,PRY6,01-01-2023,Male,0
2840,PRY6,01-01-2023,Female,0
2841,ECCDE1,01-01-2023,Male,0
2841,ECCDE1,01-01-2023,Female,0
2841,ECCDE2,01-01-2023,Male,0
2841,ECCDE2,01-01-2023,Female,0
2841,ECCDE3,01-01-2023,Male,0
2841,ECCDE3,01-01-2023,Female,0
2841,PRY1,01-01-2023,Male,15
2841,PRY1,01-01-2023,Female,5
2841,PRY2,01-01-2023,Male,10
2841,PRY2,01-01-2023,Female,20
2841,PRY3,01-01-2023,Male,15
2841,PRY3,01-01-2023,Female,15
2841,PRY4,01-01-2023,Male,15
2841,PRY4,01-01-2023,Female,25
2841,PRY5,01-01-2023,Male,20
2841,PRY5,01-01-2023,Female,20
2841,PRY6,01-01-2023,Male,40
2841,PRY6,01-01-2023,Female,20
2842,ECCDE1,01-01-2023,Male,0
2842,ECCDE1,01-01-2023,Female,0
2842,ECCDE2,01-01-2023,Male,0
2842,ECCDE2,01-01-2023,Female,0
2842,ECCDE3,01-01-2023,Male,0
2842,ECCDE3,01-01-2023,Female,0
2842,PRY1,01-01-2023,Male,0
2842,PRY1,01-01-2023,Female,0
2842,PRY2,01-01-2023,Male,0
2842,PRY2,01-01-2023,Female,0
2842,PRY3,01-01-2023,Male,0
2842,PRY3,01-01-2023,Female,0
2842,PRY4,01-01-2023,Male,0
2842,PRY4,01-01-2023,Female,0
2842,PRY5,01-01-2023,Male,0
2842,PRY5,01-01-2023,Female,0
2842,PRY6,01-01-2023,Male,0
2842,PRY6,01-01-2023,Female,0
2843,ECCDE1,01-01-2023,Male,0
2843,ECCDE1,01-01-2023,Female,0
2843,ECCDE2,01-01-2023,Male,0
2843,ECCDE2,01-01-2023,Female,0
2843,ECCDE3,01-01-2023,Male,0
2843,ECCDE3,01-01-2023,Female,0
2843,PRY1,01-01-2023,Male,0
2843,PRY1,01-01-2023,Female,0
2843,PRY2,01-01-2023,Male,0
2843,PRY2,01-01-2023,Female,0
2843,PRY3,01-01-2023,Male,0
2843,PRY3,01-01-2023,Female,0
2843,PRY4,01-01-2023,Male,0
2843,PRY4,01-01-2023,Female,0
2843,PRY5,01-01-2023,Male,0
2843,PRY5,01-01-2023,Female,0
2843,PRY6,01-01-2023,Male,0
2843,PRY6,01-01-2023,Female,0
2844,ECCDE1,01-01-2023,Male,16
2844,ECCDE1,01-01-2023,Female,12
2844,ECCDE2,01-01-2023,Male,12
2844,ECCDE2,01-01-2023,Female,11
2844,ECCDE3,01-01-2023,Male,14
2844,ECCDE3,01-01-2023,Female,12
2844,PRY1,01-01-2023,Male,27
2844,PRY1,01-01-2023,Female,18
2844,PRY2,01-01-2023,Male,24
2844,PRY2,01-01-2023,Female,27
2844,PRY3,01-01-2023,Male,25
2844,PRY3,01-01-2023,Female,26
2844,PRY4,01-01-2023,Male,19
2844,PRY4,01-01-2023,Female,35
2844,PRY5,01-01-2023,Male,32
2844,PRY5,01-01-2023,Female,48
2844,PRY6,01-01-2023,Male,25
2844,PRY6,01-01-2023,Female,26
2845,ECCDE1,01-01-2023,Male,13
2845,ECCDE1,01-01-2023,Female,9
2845,ECCDE2,01-01-2023,Male,9
2845,ECCDE2,01-01-2023,Female,10
2845,ECCDE3,01-01-2023,Male,15
2845,ECCDE3,01-01-2023,Female,10
2845,PRY1,01-01-2023,Male,19
2845,PRY1,01-01-2023,Female,13
2845,PRY2,01-01-2023,Male,33
2845,PRY2,01-01-2023,Female,27
2845,PRY3,01-01-2023,Male,32
2845,PRY3,01-01-2023,Female,32
2845,PRY4,01-01-2023,Male,27
2845,PRY4,01-01-2023,Female,30
2845,PRY5,01-01-2023,Male,36
2845,PRY5,01-01-2023,Female,30
2845,PRY6,01-01-2023,Male,60
2845,PRY6,01-01-2023,Female,68
2846,ECCDE1,01-01-2023,Male,0
2846,ECCDE1,01-01-2023,Female,0
2846,ECCDE2,01-01-2023,Male,0
2846,ECCDE2,01-01-2023,Female,0
2846,ECCDE3,01-01-2023,Male,0
2846,ECCDE3,01-01-2023,Female,0
2846,PRY1,01-01-2023,Male,0
2846,PRY1,01-01-2023,Female,0
2846,PRY2,01-01-2023,Male,0
2846,PRY2,01-01-2023,Female,0
2846,PRY3,01-01-2023,Male,0
2846,PRY3,01-01-2023,Female,0
2846,PRY4,01-01-2023,Male,0
2846,PRY4,01-01-2023,Female,0
2846,PRY5,01-01-2023,Male,0
2846,PRY5,01-01-2023,Female,0
2846,PRY6,01-01-2023,Male,0
2846,PRY6,01-01-2023,Female,0
2847,ECCDE1,01-01-2023,Male,1
2847,ECCDE1,01-01-2023,Female,4
2847,ECCDE2,01-01-2023,Male,1
2847,ECCDE2,01-01-2023,Female,3
2847,ECCDE3,01-01-2023,Male,0
2847,ECCDE3,01-01-2023,Female,0
2847,PRY1,01-01-2023,Male,1
2847,PRY1,01-01-2023,Female,3
2847,PRY2,01-01-2023,Male,2
2847,PRY2,01-01-2023,Female,2
2847,PRY3,01-01-2023,Male,2
2847,PRY3,01-01-2023,Female,2
2847,PRY4,01-01-2023,Male,0
2847,PRY4,01-01-2023,Female,0
2847,PRY5,01-01-2023,Male,0
2847,PRY5,01-01-2023,Female,0
2847,PRY6,01-01-2023,Male,0
2847,PRY6,01-01-2023,Female,0
2848,ECCDE1,01-01-2023,Male,8
2848,ECCDE1,01-01-2023,Female,4
2848,ECCDE2,01-01-2023,Male,8
2848,ECCDE2,01-01-2023,Female,3
2848,ECCDE3,01-01-2023,Male,0
2848,ECCDE3,01-01-2023,Female,0
2848,PRY1,01-01-2023,Male,1
2848,PRY1,01-01-2023,Female,9
2848,PRY2,01-01-2023,Male,3
2848,PRY2,01-01-2023,Female,4
2848,PRY3,01-01-2023,Male,5
2848,PRY3,01-01-2023,Female,4
2848,PRY4,01-01-2023,Male,3
2848,PRY4,01-01-2023,Female,6
2848,PRY5,01-01-2023,Male,6
2848,PRY5,01-01-2023,Female,3
2848,PRY6,01-01-2023,Male,6
2848,PRY6,01-01-2023,Female,3
2849,ECCDE1,01-01-2023,Male,0
2849,ECCDE1,01-01-2023,Female,0
2849,ECCDE2,01-01-2023,Male,0
2849,ECCDE2,01-01-2023,Female,0
2849,ECCDE3,01-01-2023,Male,0
2849,ECCDE3,01-01-2023,Female,0
2849,PRY1,01-01-2023,Male,0
2849,PRY1,01-01-2023,Female,0
2849,PRY2,01-01-2023,Male,0
2849,PRY2,01-01-2023,Female,0
2849,PRY3,01-01-2023,Male,0
2849,PRY3,01-01-2023,Female,0
2849,PRY4,01-01-2023,Male,0
2849,PRY4,01-01-2023,Female,0
2849,PRY5,01-01-2023,Male,0
2849,PRY5,01-01-2023,Female,0
2849,PRY6,01-01-2023,Male,0
2849,PRY6,01-01-2023,Female,0
2850,ECCDE1,01-01-2023,Male,3
2850,ECCDE1,01-01-2023,Female,2
2850,ECCDE2,01-01-2023,Male,2
2850,ECCDE2,01-01-2023,Female,1
2850,ECCDE3,01-01-2023,Male,3
2850,ECCDE3,01-01-2023,Female,2
2850,PRY1,01-01-2023,Male,0
2850,PRY1,01-01-2023,Female,3
2850,PRY2,01-01-2023,Male,1
2850,PRY2,01-01-2023,Female,2
2850,PRY3,01-01-2023,Male,0
2850,PRY3,01-01-2023,Female,3
2850,PRY4,01-01-2023,Male,1
2850,PRY4,01-01-2023,Female,2
2850,PRY5,01-01-2023,Male,1
2850,PRY5,01-01-2023,Female,2
2850,PRY6,01-01-2023,Male,0
2850,PRY6,01-01-2023,Female,0
2851,ECCDE1,01-01-2023,Male,0
2851,ECCDE1,01-01-2023,Female,0
2851,ECCDE2,01-01-2023,Male,0
2851,ECCDE2,01-01-2023,Female,0
2851,ECCDE3,01-01-2023,Male,0
2851,ECCDE3,01-01-2023,Female,0
2851,PRY1,01-01-2023,Male,0
2851,PRY1,01-01-2023,Female,0
2851,PRY2,01-01-2023,Male,0
2851,PRY2,01-01-2023,Female,0
2851,PRY3,01-01-2023,Male,0
2851,PRY3,01-01-2023,Female,0
2851,PRY4,01-01-2023,Male,0
2851,PRY4,01-01-2023,Female,0
2851,PRY5,01-01-2023,Male,0
2851,PRY5,01-01-2023,Female,0
2851,PRY6,01-01-2023,Male,0
2851,PRY6,01-01-2023,Female,0
2852,ECCDE1,01-01-2023,Male,0
2852,ECCDE1,01-01-2023,Female,0
2852,ECCDE2,01-01-2023,Male,0
2852,ECCDE2,01-01-2023,Female,0
2852,ECCDE3,01-01-2023,Male,0
2852,ECCDE3,01-01-2023,Female,0
2852,PRY1,01-01-2023,Male,0
2852,PRY1,01-01-2023,Female,0
2852,PRY2,01-01-2023,Male,0
2852,PRY2,01-01-2023,Female,0
2852,PRY3,01-01-2023,Male,0
2852,PRY3,01-01-2023,Female,0
2852,PRY4,01-01-2023,Male,0
2852,PRY4,01-01-2023,Female,0
2852,PRY5,01-01-2023,Male,0
2852,PRY5,01-01-2023,Female,0
2852,PRY6,01-01-2023,Male,0
2852,PRY6,01-01-2023,Female,0
2853,ECCDE1,01-01-2023,Male,3
2853,ECCDE1,01-01-2023,Female,3
2853,ECCDE2,01-01-2023,Male,4
2853,ECCDE2,01-01-2023,Female,3
2853,ECCDE3,01-01-2023,Male,2
2853,ECCDE3,01-01-2023,Female,3
2853,PRY1,01-01-2023,Male,1
2853,PRY1,01-01-2023,Female,1
2853,PRY2,01-01-2023,Male,2
2853,PRY2,01-01-2023,Female,0
2853,PRY3,01-01-2023,Male,1
2853,PRY3,01-01-2023,Female,1
2853,PRY4,01-01-2023,Male,1
2853,PRY4,01-01-2023,Female,1
2853,PRY5,01-01-2023,Male,1
2853,PRY5,01-01-2023,Female,1
2853,PRY6,01-01-2023,Male,1
2853,PRY6,01-01-2023,Female,1
2854,ECCDE1,01-01-2023,Male,5
2854,ECCDE1,01-01-2023,Female,3
2854,ECCDE2,01-01-2023,Male,2
2854,ECCDE2,01-01-2023,Female,2
2854,ECCDE3,01-01-2023,Male,2
2854,ECCDE3,01-01-2023,Female,3
2854,PRY1,01-01-2023,Male,2
2854,PRY1,01-01-2023,Female,4
2854,PRY2,01-01-2023,Male,1
2854,PRY2,01-01-2023,Female,3
2854,PRY3,01-01-2023,Male,2
2854,PRY3,01-01-2023,Female,1
2854,PRY4,01-01-2023,Male,3
2854,PRY4,01-01-2023,Female,2
2854,PRY5,01-01-2023,Male,1
2854,PRY5,01-01-2023,Female,1
2854,PRY6,01-01-2023,Male,0
2854,PRY6,01-01-2023,Female,0
2855,ECCDE1,01-01-2023,Male,0
2855,ECCDE1,01-01-2023,Female,0
2855,ECCDE2,01-01-2023,Male,0
2855,ECCDE2,01-01-2023,Female,0
2855,ECCDE3,01-01-2023,Male,0
2855,ECCDE3,01-01-2023,Female,0
2855,PRY1,01-01-2023,Male,0
2855,PRY1,01-01-2023,Female,0
2855,PRY2,01-01-2023,Male,0
2855,PRY2,01-01-2023,Female,0
2855,PRY3,01-01-2023,Male,0
2855,PRY3,01-01-2023,Female,0
2855,PRY4,01-01-2023,Male,0
2855,PRY4,01-01-2023,Female,0
2855,PRY5,01-01-2023,Male,0
2855,PRY5,01-01-2023,Female,0
2855,PRY6,01-01-2023,Male,0
2855,PRY6,01-01-2023,Female,0
2856,ECCDE1,01-01-2023,Male,0
2856,ECCDE1,01-01-2023,Female,0
2856,ECCDE2,01-01-2023,Male,0
2856,ECCDE2,01-01-2023,Female,0
2856,ECCDE3,01-01-2023,Male,0
2856,ECCDE3,01-01-2023,Female,0
2856,PRY1,01-01-2023,Male,0
2856,PRY1,01-01-2023,Female,0
2856,PRY2,01-01-2023,Male,0
2856,PRY2,01-01-2023,Female,0
2856,PRY3,01-01-2023,Male,0
2856,PRY3,01-01-2023,Female,0
2856,PRY4,01-01-2023,Male,0
2856,PRY4,01-01-2023,Female,0
2856,PRY5,01-01-2023,Male,0
2856,PRY5,01-01-2023,Female,0
2856,PRY6,01-01-2023,Male,0
2856,PRY6,01-01-2023,Female,0
2857,ECCDE1,01-01-2023,Male,0
2857,ECCDE1,01-01-2023,Female,0
2857,ECCDE2,01-01-2023,Male,0
2857,ECCDE2,01-01-2023,Female,0
2857,ECCDE3,01-01-2023,Male,0
2857,ECCDE3,01-01-2023,Female,0
2857,PRY1,01-01-2023,Male,0
2857,PRY1,01-01-2023,Female,0
2857,PRY2,01-01-2023,Male,0
2857,PRY2,01-01-2023,Female,0
2857,PRY3,01-01-2023,Male,0
2857,PRY3,01-01-2023,Female,0
2857,PRY4,01-01-2023,Male,0
2857,PRY4,01-01-2023,Female,0
2857,PRY5,01-01-2023,Male,0
2857,PRY5,01-01-2023,Female,0
2857,PRY6,01-01-2023,Male,0
2857,PRY6,01-01-2023,Female,0
2858,ECCDE1,01-01-2023,Male,6
2858,ECCDE1,01-01-2023,Female,6
2858,ECCDE2,01-01-2023,Male,13
2858,ECCDE2,01-01-2023,Female,5
2858,ECCDE3,01-01-2023,Male,11
2858,ECCDE3,01-01-2023,Female,17
2858,PRY1,01-01-2023,Male,21
2858,PRY1,01-01-2023,Female,10
2858,PRY2,01-01-2023,Male,24
2858,PRY2,01-01-2023,Female,21
2858,PRY3,01-01-2023,Male,29
2858,PRY3,01-01-2023,Female,30
2858,PRY4,01-01-2023,Male,36
2858,PRY4,01-01-2023,Female,33
2858,PRY5,01-01-2023,Male,36
2858,PRY5,01-01-2023,Female,17
2858,PRY6,01-01-2023,Male,45
2858,PRY6,01-01-2023,Female,46
2859,ECCDE1,01-01-2023,Male,0
2859,ECCDE1,01-01-2023,Female,0
2859,ECCDE2,01-01-2023,Male,0
2859,ECCDE2,01-01-2023,Female,0
2859,ECCDE3,01-01-2023,Male,0
2859,ECCDE3,01-01-2023,Female,0
2859,PRY1,01-01-2023,Male,0
2859,PRY1,01-01-2023,Female,0
2859,PRY2,01-01-2023,Male,0
2859,PRY2,01-01-2023,Female,0
2859,PRY3,01-01-2023,Male,0
2859,PRY3,01-01-2023,Female,0
2859,PRY4,01-01-2023,Male,0
2859,PRY4,01-01-2023,Female,0
2859,PRY5,01-01-2023,Male,0
2859,PRY5,01-01-2023,Female,0
2859,PRY6,01-01-2023,Male,0
2859,PRY6,01-01-2023,Female,0
2860,ECCDE1,01-01-2023,Male,10
2860,ECCDE1,01-01-2023,Female,12
2860,ECCDE2,01-01-2023,Male,18
2860,ECCDE2,01-01-2023,Female,12
2860,ECCDE3,01-01-2023,Male,11
2860,ECCDE3,01-01-2023,Female,8
2860,PRY1,01-01-2023,Male,20
2860,PRY1,01-01-2023,Female,19
2860,PRY2,01-01-2023,Male,28
2860,PRY2,01-01-2023,Female,38
2860,PRY3,01-01-2023,Male,23
2860,PRY3,01-01-2023,Female,33
2860,PRY4,01-01-2023,Male,18
2860,PRY4,01-01-2023,Female,20
2860,PRY5,01-01-2023,Male,20
2860,PRY5,01-01-2023,Female,21
2860,PRY6,01-01-2023,Male,33
2860,PRY6,01-01-2023,Female,41
2861,ECCDE1,01-01-2023,Male,30
2861,ECCDE1,01-01-2023,Female,22
2861,ECCDE2,01-01-2023,Male,11
2861,ECCDE2,01-01-2023,Female,10
2861,ECCDE3,01-01-2023,Male,10
2861,ECCDE3,01-01-2023,Female,7
2861,PRY1,01-01-2023,Male,19
2861,PRY1,01-01-2023,Female,19
2861,PRY2,01-01-2023,Male,26
2861,PRY2,01-01-2023,Female,21
2861,PRY3,01-01-2023,Male,31
2861,PRY3,01-01-2023,Female,21
2861,PRY4,01-01-2023,Male,2
2861,PRY4,01-01-2023,Female,13
2861,PRY5,01-01-2023,Male,21
2861,PRY5,01-01-2023,Female,22
2861,PRY6,01-01-2023,Male,17
2861,PRY6,01-01-2023,Female,19
2862,ECCDE1,01-01-2023,Male,10
2862,ECCDE1,01-01-2023,Female,7
2862,ECCDE2,01-01-2023,Male,7
2862,ECCDE2,01-01-2023,Female,6
2862,ECCDE3,01-01-2023,Male,15
2862,ECCDE3,01-01-2023,Female,12
2862,PRY1,01-01-2023,Male,12
2862,PRY1,01-01-2023,Female,14
2862,PRY2,01-01-2023,Male,10
2862,PRY2,01-01-2023,Female,15
2862,PRY3,01-01-2023,Male,15
2862,PRY3,01-01-2023,Female,18
2862,PRY4,01-01-2023,Male,17
2862,PRY4,01-01-2023,Female,23
2862,PRY5,01-01-2023,Male,24
2862,PRY5,01-01-2023,Female,22
2862,PRY6,01-01-2023,Male,22
2862,PRY6,01-01-2023,Female,26
2863,ECCDE1,01-01-2023,Male,50
2863,ECCDE1,01-01-2023,Female,57
2863,ECCDE2,01-01-2023,Male,60
2863,ECCDE2,01-01-2023,Female,62
2863,ECCDE3,01-01-2023,Male,57
2863,ECCDE3,01-01-2023,Female,70
2863,PRY1,01-01-2023,Male,49
2863,PRY1,01-01-2023,Female,58
2863,PRY2,01-01-2023,Male,65
2863,PRY2,01-01-2023,Female,68
2863,PRY3,01-01-2023,Male,80
2863,PRY3,01-01-2023,Female,70
2863,PRY4,01-01-2023,Male,88
2863,PRY4,01-01-2023,Female,77
2863,PRY5,01-01-2023,Male,88
2863,PRY5,01-01-2023,Female,88
2863,PRY6,01-01-2023,Male,92
2863,PRY6,01-01-2023,Female,89
2864,ECCDE1,01-01-2023,Male,58
2864,ECCDE1,01-01-2023,Female,46
2864,ECCDE2,01-01-2023,Male,46
2864,ECCDE2,01-01-2023,Female,33
2864,ECCDE3,01-01-2023,Male,31
2864,ECCDE3,01-01-2023,Female,34
2864,PRY1,01-01-2023,Male,40
2864,PRY1,01-01-2023,Female,43
2864,PRY2,01-01-2023,Male,47
2864,PRY2,01-01-2023,Female,41
2864,PRY3,01-01-2023,Male,52
2864,PRY3,01-01-2023,Female,47
2864,PRY4,01-01-2023,Male,44
2864,PRY4,01-01-2023,Female,53
2864,PRY5,01-01-2023,Male,50
2864,PRY5,01-01-2023,Female,50
2864,PRY6,01-01-2023,Male,56
2864,PRY6,01-01-2023,Female,60
2865,ECCDE1,01-01-2023,Male,7
2865,ECCDE1,01-01-2023,Female,4
2865,ECCDE2,01-01-2023,Male,3
2865,ECCDE2,01-01-2023,Female,7
2865,ECCDE3,01-01-2023,Male,3
2865,ECCDE3,01-01-2023,Female,5
2865,PRY1,01-01-2023,Male,9
2865,PRY1,01-01-2023,Female,12
2865,PRY2,01-01-2023,Male,8
2865,PRY2,01-01-2023,Female,9
2865,PRY3,01-01-2023,Male,9
2865,PRY3,01-01-2023,Female,10
2865,PRY4,01-01-2023,Male,10
2865,PRY4,01-01-2023,Female,9
2865,PRY5,01-01-2023,Male,7
2865,PRY5,01-01-2023,Female,6
2865,PRY6,01-01-2023,Male,4
2865,PRY6,01-01-2023,Female,13
2866,ECCDE1,01-01-2023,Male,93
2866,ECCDE1,01-01-2023,Female,112
2866,ECCDE2,01-01-2023,Male,103
2866,ECCDE2,01-01-2023,Female,101
2866,ECCDE3,01-01-2023,Male,99
2866,ECCDE3,01-01-2023,Female,101
2866,PRY1,01-01-2023,Male,137
2866,PRY1,01-01-2023,Female,82
2866,PRY2,01-01-2023,Male,66
2866,PRY2,01-01-2023,Female,76
2866,PRY3,01-01-2023,Male,213
2866,PRY3,01-01-2023,Female,195
2866,PRY4,01-01-2023,Male,210
2866,PRY4,01-01-2023,Female,185
2866,PRY5,01-01-2023,Male,225
2866,PRY5,01-01-2023,Female,204
2866,PRY6,01-01-2023,Male,182
2866,PRY6,01-01-2023,Female,225
2867,ECCDE1,01-01-2023,Male,8
2867,ECCDE1,01-01-2023,Female,12
2867,ECCDE2,01-01-2023,Male,8
2867,ECCDE2,01-01-2023,Female,7
2867,ECCDE3,01-01-2023,Male,13
2867,ECCDE3,01-01-2023,Female,15
2867,PRY1,01-01-2023,Male,23
2867,PRY1,01-01-2023,Female,24
2867,PRY2,01-01-2023,Male,38
2867,PRY2,01-01-2023,Female,33
2867,PRY3,01-01-2023,Male,45
2867,PRY3,01-01-2023,Female,31
2867,PRY4,01-01-2023,Male,41
2867,PRY4,01-01-2023,Female,37
2867,PRY5,01-01-2023,Male,45
2867,PRY5,01-01-2023,Female,44
2867,PRY6,01-01-2023,Male,69
2867,PRY6,01-01-2023,Female,57
2868,ECCDE1,01-01-2023,Male,17
2868,ECCDE1,01-01-2023,Female,12
2868,ECCDE2,01-01-2023,Male,25
2868,ECCDE2,01-01-2023,Female,19
2868,ECCDE3,01-01-2023,Male,21
2868,ECCDE3,01-01-2023,Female,18
2868,PRY1,01-01-2023,Male,37
2868,PRY1,01-01-2023,Female,30
2868,PRY2,01-01-2023,Male,55
2868,PRY2,01-01-2023,Female,33
2868,PRY3,01-01-2023,Male,50
2868,PRY3,01-01-2023,Female,60
2868,PRY4,01-01-2023,Male,46
2868,PRY4,01-01-2023,Female,15
2868,PRY5,01-01-2023,Male,58
2868,PRY5,01-01-2023,Female,58
2868,PRY6,01-01-2023,Male,54
2868,PRY6,01-01-2023,Female,55
2869,ECCDE1,01-01-2023,Male,46
2869,ECCDE1,01-01-2023,Female,41
2869,ECCDE2,01-01-2023,Male,50
2869,ECCDE2,01-01-2023,Female,30
2869,ECCDE3,01-01-2023,Male,48
2869,ECCDE3,01-01-2023,Female,30
2869,PRY1,01-01-2023,Male,49
2869,PRY1,01-01-2023,Female,41
2869,PRY2,01-01-2023,Male,41
2869,PRY2,01-01-2023,Female,54
2869,PRY3,01-01-2023,Male,53
2869,PRY3,01-01-2023,Female,56
2869,PRY4,01-01-2023,Male,62
2869,PRY4,01-01-2023,Female,58
2869,PRY5,01-01-2023,Male,70
2869,PRY5,01-01-2023,Female,75
2869,PRY6,01-01-2023,Male,79
2869,PRY6,01-01-2023,Female,73
2870,ECCDE1,01-01-2023,Male,14
2870,ECCDE1,01-01-2023,Female,15
2870,ECCDE2,01-01-2023,Male,31
2870,ECCDE2,01-01-2023,Female,18
2870,ECCDE3,01-01-2023,Male,25
2870,ECCDE3,01-01-2023,Female,23
2870,PRY1,01-01-2023,Male,22
2870,PRY1,01-01-2023,Female,28
2870,PRY2,01-01-2023,Male,28
2870,PRY2,01-01-2023,Female,31
2870,PRY3,01-01-2023,Male,30
2870,PRY3,01-01-2023,Female,43
2870,PRY4,01-01-2023,Male,37
2870,PRY4,01-01-2023,Female,43
2870,PRY5,01-01-2023,Male,48
2870,PRY5,01-01-2023,Female,41
2870,PRY6,01-01-2023,Male,53
2870,PRY6,01-01-2023,Female,45
2871,ECCDE1,01-01-2023,Male,34
2871,ECCDE1,01-01-2023,Female,25
2871,ECCDE2,01-01-2023,Male,20
2871,ECCDE2,01-01-2023,Female,14
2871,ECCDE3,01-01-2023,Male,14
2871,ECCDE3,01-01-2023,Female,16
2871,PRY1,01-01-2023,Male,23
2871,PRY1,01-01-2023,Female,24
2871,PRY2,01-01-2023,Male,27
2871,PRY2,01-01-2023,Female,22
2871,PRY3,01-01-2023,Male,30
2871,PRY3,01-01-2023,Female,35
2871,PRY4,01-01-2023,Male,35
2871,PRY4,01-01-2023,Female,32
2871,PRY5,01-01-2023,Male,30
2871,PRY5,01-01-2023,Female,29
2871,PRY6,01-01-2023,Male,31
2871,PRY6,01-01-2023,Female,25
2872,ECCDE1,01-01-2023,Male,30
2872,ECCDE1,01-01-2023,Female,15
2872,ECCDE2,01-01-2023,Male,21
2872,ECCDE2,01-01-2023,Female,20
2872,ECCDE3,01-01-2023,Male,23
2872,ECCDE3,01-01-2023,Female,39
2872,PRY1,01-01-2023,Male,31
2872,PRY1,01-01-2023,Female,36
2872,PRY2,01-01-2023,Male,33
2872,PRY2,01-01-2023,Female,37
2872,PRY3,01-01-2023,Male,44
2872,PRY3,01-01-2023,Female,36
2872,PRY4,01-01-2023,Male,38
2872,PRY4,01-01-2023,Female,55
2872,PRY5,01-01-2023,Male,51
2872,PRY5,01-01-2023,Female,58
2872,PRY6,01-01-2023,Male,50
2872,PRY6,01-01-2023,Female,58
2873,ECCDE1,01-01-2023,Male,15
2873,ECCDE1,01-01-2023,Female,20
2873,ECCDE2,01-01-2023,Male,9
2873,ECCDE2,01-01-2023,Female,10
2873,ECCDE3,01-01-2023,Male,7
2873,ECCDE3,01-01-2023,Female,8
2873,PRY1,01-01-2023,Male,10
2873,PRY1,01-01-2023,Female,18
2873,PRY2,01-01-2023,Male,18
2873,PRY2,01-01-2023,Female,20
2873,PRY3,01-01-2023,Male,17
2873,PRY3,01-01-2023,Female,20
2873,PRY4,01-01-2023,Male,18
2873,PRY4,01-01-2023,Female,19
2873,PRY5,01-01-2023,Male,20
2873,PRY5,01-01-2023,Female,24
2873,PRY6,01-01-2023,Male,26
2873,PRY6,01-01-2023,Female,26
2874,ECCDE1,01-01-2023,Male,21
2874,ECCDE1,01-01-2023,Female,34
2874,ECCDE2,01-01-2023,Male,24
2874,ECCDE2,01-01-2023,Female,13
2874,ECCDE3,01-01-2023,Male,23
2874,ECCDE3,01-01-2023,Female,18
2874,PRY1,01-01-2023,Male,32
2874,PRY1,01-01-2023,Female,33
2874,PRY2,01-01-2023,Male,46
2874,PRY2,01-01-2023,Female,37
2874,PRY3,01-01-2023,Male,40
2874,PRY3,01-01-2023,Female,39
2874,PRY4,01-01-2023,Male,35
2874,PRY4,01-01-2023,Female,43
2874,PRY5,01-01-2023,Male,52
2874,PRY5,01-01-2023,Female,45
2874,PRY6,01-01-2023,Male,52
2874,PRY6,01-01-2023,Female,44
2875,ECCDE1,01-01-2023,Male,20
2875,ECCDE1,01-01-2023,Female,16
2875,ECCDE2,01-01-2023,Male,22
2875,ECCDE2,01-01-2023,Female,19
2875,ECCDE3,01-01-2023,Male,14
2875,ECCDE3,01-01-2023,Female,16
2875,PRY1,01-01-2023,Male,21
2875,PRY1,01-01-2023,Female,22
2875,PRY2,01-01-2023,Male,28
2875,PRY2,01-01-2023,Female,25
2875,PRY3,01-01-2023,Male,31
2875,PRY3,01-01-2023,Female,32
2875,PRY4,01-01-2023,Male,43
2875,PRY4,01-01-2023,Female,38
2875,PRY5,01-01-2023,Male,44
2875,PRY5,01-01-2023,Female,52
2875,PRY6,01-01-2023,Male,56
2875,PRY6,01-01-2023,Female,57
2876,ECCDE1,01-01-2023,Male,0
2876,ECCDE1,01-01-2023,Female,0
2876,ECCDE2,01-01-2023,Male,0
2876,ECCDE2,01-01-2023,Female,0
2876,ECCDE3,01-01-2023,Male,0
2876,ECCDE3,01-01-2023,Female,0
2876,PRY1,01-01-2023,Male,0
2876,PRY1,01-01-2023,Female,0
2876,PRY2,01-01-2023,Male,0
2876,PRY2,01-01-2023,Female,0
2876,PRY3,01-01-2023,Male,0
2876,PRY3,01-01-2023,Female,0
2876,PRY4,01-01-2023,Male,0
2876,PRY4,01-01-2023,Female,0
2876,PRY5,01-01-2023,Male,0
2876,PRY5,01-01-2023,Female,0
2876,PRY6,01-01-2023,Male,0
2876,PRY6,01-01-2023,Female,0
2877,ECCDE1,01-01-2023,Male,2
2877,ECCDE1,01-01-2023,Female,3
2877,ECCDE2,01-01-2023,Male,0
2877,ECCDE2,01-01-2023,Female,3
2877,ECCDE3,01-01-2023,Male,3
2877,ECCDE3,01-01-2023,Female,1
2877,PRY1,01-01-2023,Male,2
2877,PRY1,01-01-2023,Female,2
2877,PRY2,01-01-2023,Male,4
2877,PRY2,01-01-2023,Female,5
2877,PRY3,01-01-2023,Male,4
2877,PRY3,01-01-2023,Female,3
2877,PRY4,01-01-2023,Male,5
2877,PRY4,01-01-2023,Female,5
2877,PRY5,01-01-2023,Male,7
2877,PRY5,01-01-2023,Female,5
2877,PRY6,01-01-2023,Male,4
2877,PRY6,01-01-2023,Female,4
2878,ECCDE1,01-01-2023,Male,11
2878,ECCDE1,01-01-2023,Female,10
2878,ECCDE2,01-01-2023,Male,10
2878,ECCDE2,01-01-2023,Female,11
2878,ECCDE3,01-01-2023,Male,19
2878,ECCDE3,01-01-2023,Female,16
2878,PRY1,01-01-2023,Male,17
2878,PRY1,01-01-2023,Female,30
2878,PRY2,01-01-2023,Male,33
2878,PRY2,01-01-2023,Female,28
2878,PRY3,01-01-2023,Male,51
2878,PRY3,01-01-2023,Female,33
2878,PRY4,01-01-2023,Male,26
2878,PRY4,01-01-2023,Female,37
2878,PRY5,01-01-2023,Male,43
2878,PRY5,01-01-2023,Female,46
2878,PRY6,01-01-2023,Male,53
2878,PRY6,01-01-2023,Female,54
2879,ECCDE1,01-01-2023,Male,24
2879,ECCDE1,01-01-2023,Female,26
2879,ECCDE2,01-01-2023,Male,26
2879,ECCDE2,01-01-2023,Female,19
2879,ECCDE3,01-01-2023,Male,18
2879,ECCDE3,01-01-2023,Female,23
2879,PRY1,01-01-2023,Male,28
2879,PRY1,01-01-2023,Female,29
2879,PRY2,01-01-2023,Male,34
2879,PRY2,01-01-2023,Female,28
2879,PRY3,01-01-2023,Male,33
2879,PRY3,01-01-2023,Female,28
2879,PRY4,01-01-2023,Male,33
2879,PRY4,01-01-2023,Female,39
2879,PRY5,01-01-2023,Male,55
2879,PRY5,01-01-2023,Female,62
2879,PRY6,01-01-2023,Male,68
2879,PRY6,01-01-2023,Female,64
2880,ECCDE1,01-01-2023,Male,12
2880,ECCDE1,01-01-2023,Female,9
2880,ECCDE2,01-01-2023,Male,11
2880,ECCDE2,01-01-2023,Female,11
2880,ECCDE3,01-01-2023,Male,21
2880,ECCDE3,01-01-2023,Female,16
2880,PRY1,01-01-2023,Male,26
2880,PRY1,01-01-2023,Female,18
2880,PRY2,01-01-2023,Male,24
2880,PRY2,01-01-2023,Female,24
2880,PRY3,01-01-2023,Male,28
2880,PRY3,01-01-2023,Female,31
2880,PRY4,01-01-2023,Male,40
2880,PRY4,01-01-2023,Female,30
2880,PRY5,01-01-2023,Male,34
2880,PRY5,01-01-2023,Female,35
2880,PRY6,01-01-2023,Male,44
2880,PRY6,01-01-2023,Female,37
2881,ECCDE1,01-01-2023,Male,10
2881,ECCDE1,01-01-2023,Female,13
2881,ECCDE2,01-01-2023,Male,6
2881,ECCDE2,01-01-2023,Female,8
2881,ECCDE3,01-01-2023,Male,12
2881,ECCDE3,01-01-2023,Female,10
2881,PRY1,01-01-2023,Male,18
2881,PRY1,01-01-2023,Female,19
2881,PRY2,01-01-2023,Male,25
2881,PRY2,01-01-2023,Female,29
2881,PRY3,01-01-2023,Male,24
2881,PRY3,01-01-2023,Female,26
2881,PRY4,01-01-2023,Male,21
2881,PRY4,01-01-2023,Female,36
2881,PRY5,01-01-2023,Male,18
2881,PRY5,01-01-2023,Female,11
2881,PRY6,01-01-2023,Male,37
2881,PRY6,01-01-2023,Female,36
2882,ECCDE1,01-01-2023,Male,29
2882,ECCDE1,01-01-2023,Female,36
2882,ECCDE2,01-01-2023,Male,33
2882,ECCDE2,01-01-2023,Female,29
2882,ECCDE3,01-01-2023,Male,35
2882,ECCDE3,01-01-2023,Female,29
2882,PRY1,01-01-2023,Male,42
2882,PRY1,01-01-2023,Female,39
2882,PRY2,01-01-2023,Male,47
2882,PRY2,01-01-2023,Female,47
2882,PRY3,01-01-2023,Male,64
2882,PRY3,01-01-2023,Female,54
2882,PRY4,01-01-2023,Male,48
2882,PRY4,01-01-2023,Female,68
2882,PRY5,01-01-2023,Male,61
2882,PRY5,01-01-2023,Female,69
2882,PRY6,01-01-2023,Male,68
2882,PRY6,01-01-2023,Female,77
2883,ECCDE1,01-01-2023,Male,0
2883,ECCDE1,01-01-2023,Female,0
2883,ECCDE2,01-01-2023,Male,0
2883,ECCDE2,01-01-2023,Female,0
2883,ECCDE3,01-01-2023,Male,0
2883,ECCDE3,01-01-2023,Female,0
2883,PRY1,01-01-2023,Male,4
2883,PRY1,01-01-2023,Female,11
2883,PRY2,01-01-2023,Male,10
2883,PRY2,01-01-2023,Female,5
2883,PRY3,01-01-2023,Male,9
2883,PRY3,01-01-2023,Female,11
2883,PRY4,01-01-2023,Male,6
2883,PRY4,01-01-2023,Female,6
2883,PRY5,01-01-2023,Male,7
2883,PRY5,01-01-2023,Female,7
2883,PRY6,01-01-2023,Male,0
2883,PRY6,01-01-2023,Female,0
2884,ECCDE1,01-01-2023,Male,0
2884,ECCDE1,01-01-2023,Female,0
2884,ECCDE2,01-01-2023,Male,0
2884,ECCDE2,01-01-2023,Female,0
2884,ECCDE3,01-01-2023,Male,0
2884,ECCDE3,01-01-2023,Female,0
2884,PRY1,01-01-2023,Male,5
2884,PRY1,01-01-2023,Female,10
2884,PRY2,01-01-2023,Male,5
2884,PRY2,01-01-2023,Female,15
2884,PRY3,01-01-2023,Male,4
2884,PRY3,01-01-2023,Female,11
2884,PRY4,01-01-2023,Male,4
2884,PRY4,01-01-2023,Female,6
2884,PRY5,01-01-2023,Male,5
2884,PRY5,01-01-2023,Female,10
2884,PRY6,01-01-2023,Male,0
2884,PRY6,01-01-2023,Female,0
2885,ECCDE1,01-01-2023,Male,0
2885,ECCDE1,01-01-2023,Female,0
2885,ECCDE2,01-01-2023,Male,0
2885,ECCDE2,01-01-2023,Female,0
2885,ECCDE3,01-01-2023,Male,0
2885,ECCDE3,01-01-2023,Female,0
2885,PRY1,01-01-2023,Male,0
2885,PRY1,01-01-2023,Female,0
2885,PRY2,01-01-2023,Male,0
2885,PRY2,01-01-2023,Female,0
2885,PRY3,01-01-2023,Male,0
2885,PRY3,01-01-2023,Female,0
2885,PRY4,01-01-2023,Male,0
2885,PRY4,01-01-2023,Female,0
2885,PRY5,01-01-2023,Male,0
2885,PRY5,01-01-2023,Female,0
2885,PRY6,01-01-2023,Male,0
2885,PRY6,01-01-2023,Female,0
2886,ECCDE1,01-01-2023,Male,7
2886,ECCDE1,01-01-2023,Female,9
2886,ECCDE2,01-01-2023,Male,3
2886,ECCDE2,01-01-2023,Female,7
2886,ECCDE3,01-01-2023,Male,8
2886,ECCDE3,01-01-2023,Female,8
2886,PRY1,01-01-2023,Male,15
2886,PRY1,01-01-2023,Female,13
2886,PRY2,01-01-2023,Male,9
2886,PRY2,01-01-2023,Female,10
2886,PRY3,01-01-2023,Male,20
2886,PRY3,01-01-2023,Female,13
2886,PRY4,01-01-2023,Male,20
2886,PRY4,01-01-2023,Female,21
2886,PRY5,01-01-2023,Male,18
2886,PRY5,01-01-2023,Female,16
2886,PRY6,01-01-2023,Male,31
2886,PRY6,01-01-2023,Female,29
2887,ECCDE1,01-01-2023,Male,0
2887,ECCDE1,01-01-2023,Female,0
2887,ECCDE2,01-01-2023,Male,0
2887,ECCDE2,01-01-2023,Female,0
2887,ECCDE3,01-01-2023,Male,0
2887,ECCDE3,01-01-2023,Female,0
2887,PRY1,01-01-2023,Male,0
2887,PRY1,01-01-2023,Female,0
2887,PRY2,01-01-2023,Male,0
2887,PRY2,01-01-2023,Female,0
2887,PRY3,01-01-2023,Male,0
2887,PRY3,01-01-2023,Female,0
2887,PRY4,01-01-2023,Male,1
2887,PRY4,01-01-2023,Female,0
2887,PRY5,01-01-2023,Male,2
2887,PRY5,01-01-2023,Female,0
2887,PRY6,01-01-2023,Male,0
2887,PRY6,01-01-2023,Female,0
2888,ECCDE1,01-01-2023,Male,17
2888,ECCDE1,01-01-2023,Female,8
2888,ECCDE2,01-01-2023,Male,12
2888,ECCDE2,01-01-2023,Female,6
2888,ECCDE3,01-01-2023,Male,10
2888,ECCDE3,01-01-2023,Female,3
2888,PRY1,01-01-2023,Male,6
2888,PRY1,01-01-2023,Female,11
2888,PRY2,01-01-2023,Male,10
2888,PRY2,01-01-2023,Female,8
2888,PRY3,01-01-2023,Male,12
2888,PRY3,01-01-2023,Female,17
2888,PRY4,01-01-2023,Male,14
2888,PRY4,01-01-2023,Female,19
2888,PRY5,01-01-2023,Male,11
2888,PRY5,01-01-2023,Female,15
2888,PRY6,01-01-2023,Male,11
2888,PRY6,01-01-2023,Female,16
2889,ECCDE1,01-01-2023,Male,0
2889,ECCDE1,01-01-2023,Female,0
2889,ECCDE2,01-01-2023,Male,0
2889,ECCDE2,01-01-2023,Female,0
2889,ECCDE3,01-01-2023,Male,0
2889,ECCDE3,01-01-2023,Female,0
2889,PRY1,01-01-2023,Male,0
2889,PRY1,01-01-2023,Female,0
2889,PRY2,01-01-2023,Male,0
2889,PRY2,01-01-2023,Female,0
2889,PRY3,01-01-2023,Male,0
2889,PRY3,01-01-2023,Female,0
2889,PRY4,01-01-2023,Male,0
2889,PRY4,01-01-2023,Female,0
2889,PRY5,01-01-2023,Male,0
2889,PRY5,01-01-2023,Female,0
2889,PRY6,01-01-2023,Male,0
2889,PRY6,01-01-2023,Female,0
2890,ECCDE1,01-01-2023,Male,14
2890,ECCDE1,01-01-2023,Female,13
2890,ECCDE2,01-01-2023,Male,8
2890,ECCDE2,01-01-2023,Female,11
2890,ECCDE3,01-01-2023,Male,19
2890,ECCDE3,01-01-2023,Female,16
2890,PRY1,01-01-2023,Male,18
2890,PRY1,01-01-2023,Female,19
2890,PRY2,01-01-2023,Male,25
2890,PRY2,01-01-2023,Female,25
2890,PRY3,01-01-2023,Male,20
2890,PRY3,01-01-2023,Female,30
2890,PRY4,01-01-2023,Male,33
2890,PRY4,01-01-2023,Female,36
2890,PRY5,01-01-2023,Male,30
2890,PRY5,01-01-2023,Female,29
2890,PRY6,01-01-2023,Male,28
2890,PRY6,01-01-2023,Female,53
2891,ECCDE1,01-01-2023,Male,3
2891,ECCDE1,01-01-2023,Female,2
2891,ECCDE2,01-01-2023,Male,2
2891,ECCDE2,01-01-2023,Female,3
2891,ECCDE3,01-01-2023,Male,3
2891,ECCDE3,01-01-2023,Female,4
2891,PRY1,01-01-2023,Male,4
2891,PRY1,01-01-2023,Female,6
2891,PRY2,01-01-2023,Male,3
2891,PRY2,01-01-2023,Female,4
2891,PRY3,01-01-2023,Male,5
2891,PRY3,01-01-2023,Female,7
2891,PRY4,01-01-2023,Male,3
2891,PRY4,01-01-2023,Female,5
2891,PRY5,01-01-2023,Male,11
2891,PRY5,01-01-2023,Female,4
2891,PRY6,01-01-2023,Male,6
2891,PRY6,01-01-2023,Female,7
2892,ECCDE1,01-01-2023,Male,0
2892,ECCDE1,01-01-2023,Female,0
2892,ECCDE2,01-01-2023,Male,0
2892,ECCDE2,01-01-2023,Female,0
2892,ECCDE3,01-01-2023,Male,0
2892,ECCDE3,01-01-2023,Female,0
2892,PRY1,01-01-2023,Male,0
2892,PRY1,01-01-2023,Female,0
2892,PRY2,01-01-2023,Male,1
2892,PRY2,01-01-2023,Female,1
2892,PRY3,01-01-2023,Male,2
2892,PRY3,01-01-2023,Female,0
2892,PRY4,01-01-2023,Male,1
2892,PRY4,01-01-2023,Female,4
2892,PRY5,01-01-2023,Male,4
2892,PRY5,01-01-2023,Female,0
2892,PRY6,01-01-2023,Male,0
2892,PRY6,01-01-2023,Female,0
2893,ECCDE1,01-01-2023,Male,22
2893,ECCDE1,01-01-2023,Female,22
2893,ECCDE2,01-01-2023,Male,12
2893,ECCDE2,01-01-2023,Female,18
2893,ECCDE3,01-01-2023,Male,19
2893,ECCDE3,01-01-2023,Female,21
2893,PRY1,01-01-2023,Male,26
2893,PRY1,01-01-2023,Female,28
2893,PRY2,01-01-2023,Male,43
2893,PRY2,01-01-2023,Female,23
2893,PRY3,01-01-2023,Male,36
2893,PRY3,01-01-2023,Female,37
2893,PRY4,01-01-2023,Male,29
2893,PRY4,01-01-2023,Female,55
2893,PRY5,01-01-2023,Male,59
2893,PRY5,01-01-2023,Female,49
2893,PRY6,01-01-2023,Male,61
2893,PRY6,01-01-2023,Female,65
2894,ECCDE1,01-01-2023,Male,5
2894,ECCDE1,01-01-2023,Female,5
2894,ECCDE2,01-01-2023,Male,9
2894,ECCDE2,01-01-2023,Female,10
2894,ECCDE3,01-01-2023,Male,8
2894,ECCDE3,01-01-2023,Female,8
2894,PRY1,01-01-2023,Male,11
2894,PRY1,01-01-2023,Female,15
2894,PRY2,01-01-2023,Male,20
2894,PRY2,01-01-2023,Female,24
2894,PRY3,01-01-2023,Male,29
2894,PRY3,01-01-2023,Female,25
2894,PRY4,01-01-2023,Male,33
2894,PRY4,01-01-2023,Female,29
2894,PRY5,01-01-2023,Male,43
2894,PRY5,01-01-2023,Female,44
2894,PRY6,01-01-2023,Male,41
2894,PRY6,01-01-2023,Female,43
2895,ECCDE1,01-01-2023,Male,0
2895,ECCDE1,01-01-2023,Female,0
2895,ECCDE2,01-01-2023,Male,0
2895,ECCDE2,01-01-2023,Female,0
2895,ECCDE3,01-01-2023,Male,0
2895,ECCDE3,01-01-2023,Female,0
2895,PRY1,01-01-2023,Male,0
2895,PRY1,01-01-2023,Female,0
2895,PRY2,01-01-2023,Male,0
2895,PRY2,01-01-2023,Female,0
2895,PRY3,01-01-2023,Male,0
2895,PRY3,01-01-2023,Female,0
2895,PRY4,01-01-2023,Male,0
2895,PRY4,01-01-2023,Female,0
2895,PRY5,01-01-2023,Male,0
2895,PRY5,01-01-2023,Female,0
2895,PRY6,01-01-2023,Male,0
2895,PRY6,01-01-2023,Female,0
2896,ECCDE1,01-01-2023,Male,15
2896,ECCDE1,01-01-2023,Female,23
2896,ECCDE2,01-01-2023,Male,15
2896,ECCDE2,01-01-2023,Female,15
2896,ECCDE3,01-01-2023,Male,25
2896,ECCDE3,01-01-2023,Female,14
2896,PRY1,01-01-2023,Male,20
2896,PRY1,01-01-2023,Female,20
2896,PRY2,01-01-2023,Male,32
2896,PRY2,01-01-2023,Female,35
2896,PRY3,01-01-2023,Male,42
2896,PRY3,01-01-2023,Female,56
2896,PRY4,01-01-2023,Male,48
2896,PRY4,01-01-2023,Female,52
2896,PRY5,01-01-2023,Male,45
2896,PRY5,01-01-2023,Female,66
2896,PRY6,01-01-2023,Male,81
2896,PRY6,01-01-2023,Female,68
2897,ECCDE1,01-01-2023,Male,14
2897,ECCDE1,01-01-2023,Female,18
2897,ECCDE2,01-01-2023,Male,15
2897,ECCDE2,01-01-2023,Female,15
2897,ECCDE3,01-01-2023,Male,21
2897,ECCDE3,01-01-2023,Female,21
2897,PRY1,01-01-2023,Male,20
2897,PRY1,01-01-2023,Female,32
2897,PRY2,01-01-2023,Male,20
2897,PRY2,01-01-2023,Female,34
2897,PRY3,01-01-2023,Male,30
2897,PRY3,01-01-2023,Female,38
2897,PRY4,01-01-2023,Male,42
2897,PRY4,01-01-2023,Female,60
2897,PRY5,01-01-2023,Male,45
2897,PRY5,01-01-2023,Female,40
2897,PRY6,01-01-2023,Male,33
2897,PRY6,01-01-2023,Female,57
2898,ECCDE1,01-01-2023,Male,0
2898,ECCDE1,01-01-2023,Female,0
2898,ECCDE2,01-01-2023,Male,0
2898,ECCDE2,01-01-2023,Female,0
2898,ECCDE3,01-01-2023,Male,0
2898,ECCDE3,01-01-2023,Female,0
2898,PRY1,01-01-2023,Male,0
2898,PRY1,01-01-2023,Female,0
2898,PRY2,01-01-2023,Male,0
2898,PRY2,01-01-2023,Female,1
2898,PRY3,01-01-2023,Male,4
2898,PRY3,01-01-2023,Female,2
2898,PRY4,01-01-2023,Male,5
2898,PRY4,01-01-2023,Female,1
2898,PRY5,01-01-2023,Male,1
2898,PRY5,01-01-2023,Female,4
2898,PRY6,01-01-2023,Male,2
2898,PRY6,01-01-2023,Female,3
2899,ECCDE1,01-01-2023,Male,12
2899,ECCDE1,01-01-2023,Female,16
2899,ECCDE2,01-01-2023,Male,8
2899,ECCDE2,01-01-2023,Female,5
2899,ECCDE3,01-01-2023,Male,5
2899,ECCDE3,01-01-2023,Female,6
2899,PRY1,01-01-2023,Male,10
2899,PRY1,01-01-2023,Female,6
2899,PRY2,01-01-2023,Male,8
2899,PRY2,01-01-2023,Female,15
2899,PRY3,01-01-2023,Male,20
2899,PRY3,01-01-2023,Female,15
2899,PRY4,01-01-2023,Male,23
2899,PRY4,01-01-2023,Female,19
2899,PRY5,01-01-2023,Male,15
2899,PRY5,01-01-2023,Female,28
2899,PRY6,01-01-2023,Male,25
2899,PRY6,01-01-2023,Female,25
2900,ECCDE1,01-01-2023,Male,6
2900,ECCDE1,01-01-2023,Female,10
2900,ECCDE2,01-01-2023,Male,5
2900,ECCDE2,01-01-2023,Female,7
2900,ECCDE3,01-01-2023,Male,4
2900,ECCDE3,01-01-2023,Female,5
2900,PRY1,01-01-2023,Male,3
2900,PRY1,01-01-2023,Female,6
2900,PRY2,01-01-2023,Male,5
2900,PRY2,01-01-2023,Female,10
2900,PRY3,01-01-2023,Male,4
2900,PRY3,01-01-2023,Female,10
2900,PRY4,01-01-2023,Male,11
2900,PRY4,01-01-2023,Female,11
2900,PRY5,01-01-2023,Male,12
2900,PRY5,01-01-2023,Female,15
2900,PRY6,01-01-2023,Male,21
2900,PRY6,01-01-2023,Female,18
2901,ECCDE1,01-01-2023,Male,0
2901,ECCDE1,01-01-2023,Female,0
2901,ECCDE2,01-01-2023,Male,0
2901,ECCDE2,01-01-2023,Female,0
2901,ECCDE3,01-01-2023,Male,0
2901,ECCDE3,01-01-2023,Female,0
2901,PRY1,01-01-2023,Male,0
2901,PRY1,01-01-2023,Female,0
2901,PRY2,01-01-2023,Male,0
2901,PRY2,01-01-2023,Female,0
2901,PRY3,01-01-2023,Male,0
2901,PRY3,01-01-2023,Female,0
2901,PRY4,01-01-2023,Male,0
2901,PRY4,01-01-2023,Female,0
2901,PRY5,01-01-2023,Male,0
2901,PRY5,01-01-2023,Female,0
2901,PRY6,01-01-2023,Male,0
2901,PRY6,01-01-2023,Female,0
2902,ECCDE1,01-01-2023,Male,3
2902,ECCDE1,01-01-2023,Female,1
2902,ECCDE2,01-01-2023,Male,2
2902,ECCDE2,01-01-2023,Female,2
2902,ECCDE3,01-01-2023,Male,5
2902,ECCDE3,01-01-2023,Female,5
2902,PRY1,01-01-2023,Male,5
2902,PRY1,01-01-2023,Female,2
2902,PRY2,01-01-2023,Male,6
2902,PRY2,01-01-2023,Female,9
2902,PRY3,01-01-2023,Male,3
2902,PRY3,01-01-2023,Female,8
2902,PRY4,01-01-2023,Male,13
2902,PRY4,01-01-2023,Female,7
2902,PRY5,01-01-2023,Male,10
2902,PRY5,01-01-2023,Female,15
2902,PRY6,01-01-2023,Male,10
2902,PRY6,01-01-2023,Female,16
2903,ECCDE1,01-01-2023,Male,16
2903,ECCDE1,01-01-2023,Female,23
2903,ECCDE2,01-01-2023,Male,12
2903,ECCDE2,01-01-2023,Female,6
2903,ECCDE3,01-01-2023,Male,18
2903,ECCDE3,01-01-2023,Female,13
2903,PRY1,01-01-2023,Male,31
2903,PRY1,01-01-2023,Female,24
2903,PRY2,01-01-2023,Male,29
2903,PRY2,01-01-2023,Female,26
2903,PRY3,01-01-2023,Male,19
2903,PRY3,01-01-2023,Female,22
2903,PRY4,01-01-2023,Male,19
2903,PRY4,01-01-2023,Female,13
2903,PRY5,01-01-2023,Male,26
2903,PRY5,01-01-2023,Female,23
2903,PRY6,01-01-2023,Male,31
2903,PRY6,01-01-2023,Female,34
2904,ECCDE1,01-01-2023,Male,0
2904,ECCDE1,01-01-2023,Female,0
2904,ECCDE2,01-01-2023,Male,0
2904,ECCDE2,01-01-2023,Female,0
2904,ECCDE3,01-01-2023,Male,0
2904,ECCDE3,01-01-2023,Female,0
2904,PRY1,01-01-2023,Male,0
2904,PRY1,01-01-2023,Female,0
2904,PRY2,01-01-2023,Male,0
2904,PRY2,01-01-2023,Female,0
2904,PRY3,01-01-2023,Male,0
2904,PRY3,01-01-2023,Female,0
2904,PRY4,01-01-2023,Male,1
2904,PRY4,01-01-2023,Female,0
2904,PRY5,01-01-2023,Male,0
2904,PRY5,01-01-2023,Female,0
2904,PRY6,01-01-2023,Male,0
2904,PRY6,01-01-2023,Female,0
2905,ECCDE1,01-01-2023,Male,20
2905,ECCDE1,01-01-2023,Female,18
2905,ECCDE2,01-01-2023,Male,10
2905,ECCDE2,01-01-2023,Female,10
2905,ECCDE3,01-01-2023,Male,11
2905,ECCDE3,01-01-2023,Female,11
2905,PRY1,01-01-2023,Male,13
2905,PRY1,01-01-2023,Female,17
2905,PRY2,01-01-2023,Male,15
2905,PRY2,01-01-2023,Female,18
2905,PRY3,01-01-2023,Male,20
2905,PRY3,01-01-2023,Female,18
2905,PRY4,01-01-2023,Male,10
2905,PRY4,01-01-2023,Female,17
2905,PRY5,01-01-2023,Male,17
2905,PRY5,01-01-2023,Female,21
2905,PRY6,01-01-2023,Male,25
2905,PRY6,01-01-2023,Female,29
2906,ECCDE1,01-01-2023,Male,0
2906,ECCDE1,01-01-2023,Female,0
2906,ECCDE2,01-01-2023,Male,0
2906,ECCDE2,01-01-2023,Female,0
2906,ECCDE3,01-01-2023,Male,0
2906,ECCDE3,01-01-2023,Female,0
2906,PRY1,01-01-2023,Male,0
2906,PRY1,01-01-2023,Female,0
2906,PRY2,01-01-2023,Male,0
2906,PRY2,01-01-2023,Female,0
2906,PRY3,01-01-2023,Male,0
2906,PRY3,01-01-2023,Female,0
2906,PRY4,01-01-2023,Male,1
2906,PRY4,01-01-2023,Female,1
2906,PRY5,01-01-2023,Male,0
2906,PRY5,01-01-2023,Female,0
2906,PRY6,01-01-2023,Male,0
2906,PRY6,01-01-2023,Female,0
2907,ECCDE1,01-01-2023,Male,17
2907,ECCDE1,01-01-2023,Female,19
2907,ECCDE2,01-01-2023,Male,19
2907,ECCDE2,01-01-2023,Female,19
2907,ECCDE3,01-01-2023,Male,27
2907,ECCDE3,01-01-2023,Female,19
2907,PRY1,01-01-2023,Male,28
2907,PRY1,01-01-2023,Female,29
2907,PRY2,01-01-2023,Male,35
2907,PRY2,01-01-2023,Female,36
2907,PRY3,01-01-2023,Male,39
2907,PRY3,01-01-2023,Female,45
2907,PRY4,01-01-2023,Male,49
2907,PRY4,01-01-2023,Female,35
2907,PRY5,01-01-2023,Male,45
2907,PRY5,01-01-2023,Female,44
2907,PRY6,01-01-2023,Male,45
2907,PRY6,01-01-2023,Female,61
2908,ECCDE1,01-01-2023,Male,5
2908,ECCDE1,01-01-2023,Female,7
2908,ECCDE2,01-01-2023,Male,4
2908,ECCDE2,01-01-2023,Female,5
2908,ECCDE3,01-01-2023,Male,12
2908,ECCDE3,01-01-2023,Female,15
2908,PRY1,01-01-2023,Male,8
2908,PRY1,01-01-2023,Female,12
2908,PRY2,01-01-2023,Male,15
2908,PRY2,01-01-2023,Female,9
2908,PRY3,01-01-2023,Male,16
2908,PRY3,01-01-2023,Female,12
2908,PRY4,01-01-2023,Male,13
2908,PRY4,01-01-2023,Female,12
2908,PRY5,01-01-2023,Male,14
2908,PRY5,01-01-2023,Female,18
2908,PRY6,01-01-2023,Male,19
2908,PRY6,01-01-2023,Female,11
2909,ECCDE1,01-01-2023,Male,0
2909,ECCDE1,01-01-2023,Female,0
2909,ECCDE2,01-01-2023,Male,0
2909,ECCDE2,01-01-2023,Female,0
2909,ECCDE3,01-01-2023,Male,0
2909,ECCDE3,01-01-2023,Female,0
2909,PRY1,01-01-2023,Male,0
2909,PRY1,01-01-2023,Female,0
2909,PRY2,01-01-2023,Male,0
2909,PRY2,01-01-2023,Female,0
2909,PRY3,01-01-2023,Male,0
2909,PRY3,01-01-2023,Female,0
2909,PRY4,01-01-2023,Male,0
2909,PRY4,01-01-2023,Female,0
2909,PRY5,01-01-2023,Male,0
2909,PRY5,01-01-2023,Female,0
2909,PRY6,01-01-2023,Male,0
2909,PRY6,01-01-2023,Female,0
2910,ECCDE1,01-01-2023,Male,25
2910,ECCDE1,01-01-2023,Female,29
2910,ECCDE2,01-01-2023,Male,29
2910,ECCDE2,01-01-2023,Female,18
2910,ECCDE3,01-01-2023,Male,35
2910,ECCDE3,01-01-2023,Female,37
2910,PRY1,01-01-2023,Male,41
2910,PRY1,01-01-2023,Female,31
2910,PRY2,01-01-2023,Male,38
2910,PRY2,01-01-2023,Female,38
2910,PRY3,01-01-2023,Male,45
2910,PRY3,01-01-2023,Female,44
2910,PRY4,01-01-2023,Male,39
2910,PRY4,01-01-2023,Female,39
2910,PRY5,01-01-2023,Male,57
2910,PRY5,01-01-2023,Female,51
2910,PRY6,01-01-2023,Male,46
2910,PRY6,01-01-2023,Female,54
2911,ECCDE1,01-01-2023,Male,36
2911,ECCDE1,01-01-2023,Female,28
2911,ECCDE2,01-01-2023,Male,17
2911,ECCDE2,01-01-2023,Female,15
2911,ECCDE3,01-01-2023,Male,24
2911,ECCDE3,01-01-2023,Female,19
2911,PRY1,01-01-2023,Male,21
2911,PRY1,01-01-2023,Female,25
2911,PRY2,01-01-2023,Male,25
2911,PRY2,01-01-2023,Female,28
2911,PRY3,01-01-2023,Male,36
2911,PRY3,01-01-2023,Female,28
2911,PRY4,01-01-2023,Male,23
2911,PRY4,01-01-2023,Female,33
2911,PRY5,01-01-2023,Male,31
2911,PRY5,01-01-2023,Female,35
2911,PRY6,01-01-2023,Male,35
2911,PRY6,01-01-2023,Female,26
2912,ECCDE1,01-01-2023,Male,0
2912,ECCDE1,01-01-2023,Female,0
2912,ECCDE2,01-01-2023,Male,0
2912,ECCDE2,01-01-2023,Female,0
2912,ECCDE3,01-01-2023,Male,0
2912,ECCDE3,01-01-2023,Female,0
2912,PRY1,01-01-2023,Male,0
2912,PRY1,01-01-2023,Female,2
2912,PRY2,01-01-2023,Male,0
2912,PRY2,01-01-2023,Female,0
2912,PRY3,01-01-2023,Male,1
2912,PRY3,01-01-2023,Female,0
2912,PRY4,01-01-2023,Male,0
2912,PRY4,01-01-2023,Female,1
2912,PRY5,01-01-2023,Male,1
2912,PRY5,01-01-2023,Female,0
2912,PRY6,01-01-2023,Male,0
2912,PRY6,01-01-2023,Female,1
2913,ECCDE1,01-01-2023,Male,45
2913,ECCDE1,01-01-2023,Female,47
2913,ECCDE2,01-01-2023,Male,43
2913,ECCDE2,01-01-2023,Female,46
2913,ECCDE3,01-01-2023,Male,45
2913,ECCDE3,01-01-2023,Female,44
2913,PRY1,01-01-2023,Male,40
2913,PRY1,01-01-2023,Female,49
2913,PRY2,01-01-2023,Male,56
2913,PRY2,01-01-2023,Female,45
2913,PRY3,01-01-2023,Male,66
2913,PRY3,01-01-2023,Female,66
2913,PRY4,01-01-2023,Male,73
2913,PRY4,01-01-2023,Female,67
2913,PRY5,01-01-2023,Male,58
2913,PRY5,01-01-2023,Female,71
2913,PRY6,01-01-2023,Male,82
2913,PRY6,01-01-2023,Female,69
2914,ECCDE1,01-01-2023,Male,18
2914,ECCDE1,01-01-2023,Female,14
2914,ECCDE2,01-01-2023,Male,14
2914,ECCDE2,01-01-2023,Female,11
2914,ECCDE3,01-01-2023,Male,27
2914,ECCDE3,01-01-2023,Female,26
2914,PRY1,01-01-2023,Male,27
2914,PRY1,01-01-2023,Female,31
2914,PRY2,01-01-2023,Male,53
2914,PRY2,01-01-2023,Female,45
2914,PRY3,01-01-2023,Male,63
2914,PRY3,01-01-2023,Female,59
2914,PRY4,01-01-2023,Male,77
2914,PRY4,01-01-2023,Female,64
2914,PRY5,01-01-2023,Male,81
2914,PRY5,01-01-2023,Female,81
2914,PRY6,01-01-2023,Male,109
2914,PRY6,01-01-2023,Female,91
2915,ECCDE1,01-01-2023,Male,6
2915,ECCDE1,01-01-2023,Female,16
2915,ECCDE2,01-01-2023,Male,15
2915,ECCDE2,01-01-2023,Female,10
2915,ECCDE3,01-01-2023,Male,11
2915,ECCDE3,01-01-2023,Female,12
2915,PRY1,01-01-2023,Male,12
2915,PRY1,01-01-2023,Female,24
2915,PRY2,01-01-2023,Male,27
2915,PRY2,01-01-2023,Female,25
2915,PRY3,01-01-2023,Male,30
2915,PRY3,01-01-2023,Female,27
2915,PRY4,01-01-2023,Male,45
2915,PRY4,01-01-2023,Female,43
2915,PRY5,01-01-2023,Male,51
2915,PRY5,01-01-2023,Female,34
2915,PRY6,01-01-2023,Male,51
2915,PRY6,01-01-2023,Female,47
2916,ECCDE1,01-01-2023,Male,0
2916,ECCDE1,01-01-2023,Female,0
2916,ECCDE2,01-01-2023,Male,0
2916,ECCDE2,01-01-2023,Female,0
2916,ECCDE3,01-01-2023,Male,0
2916,ECCDE3,01-01-2023,Female,0
2916,PRY1,01-01-2023,Male,0
2916,PRY1,01-01-2023,Female,0
2916,PRY2,01-01-2023,Male,0
2916,PRY2,01-01-2023,Female,0
2916,PRY3,01-01-2023,Male,0
2916,PRY3,01-01-2023,Female,0
2916,PRY4,01-01-2023,Male,0
2916,PRY4,01-01-2023,Female,0
2916,PRY5,01-01-2023,Male,0
2916,PRY5,01-01-2023,Female,0
2916,PRY6,01-01-2023,Male,0
2916,PRY6,01-01-2023,Female,0
2917,ECCDE1,01-01-2023,Male,6
2917,ECCDE1,01-01-2023,Female,7
2917,ECCDE2,01-01-2023,Male,1
2917,ECCDE2,01-01-2023,Female,4
2917,ECCDE3,01-01-2023,Male,5
2917,ECCDE3,01-01-2023,Female,4
2917,PRY1,01-01-2023,Male,8
2917,PRY1,01-01-2023,Female,5
2917,PRY2,01-01-2023,Male,8
2917,PRY2,01-01-2023,Female,4
2917,PRY3,01-01-2023,Male,13
2917,PRY3,01-01-2023,Female,8
2917,PRY4,01-01-2023,Male,10
2917,PRY4,01-01-2023,Female,16
2917,PRY5,01-01-2023,Male,8
2917,PRY5,01-01-2023,Female,8
2917,PRY6,01-01-2023,Male,15
2917,PRY6,01-01-2023,Female,13
2918,ECCDE1,01-01-2023,Male,0
2918,ECCDE1,01-01-2023,Female,0
2918,ECCDE2,01-01-2023,Male,0
2918,ECCDE2,01-01-2023,Female,0
2918,ECCDE3,01-01-2023,Male,0
2918,ECCDE3,01-01-2023,Female,0
2918,PRY1,01-01-2023,Male,0
2918,PRY1,01-01-2023,Female,0
2918,PRY2,01-01-2023,Male,0
2918,PRY2,01-01-2023,Female,0
2918,PRY3,01-01-2023,Male,1
2918,PRY3,01-01-2023,Female,2
2918,PRY4,01-01-2023,Male,3
2918,PRY4,01-01-2023,Female,4
2918,PRY5,01-01-2023,Male,4
2918,PRY5,01-01-2023,Female,3
2918,PRY6,01-01-2023,Male,2
2918,PRY6,01-01-2023,Female,2
2919,ECCDE1,01-01-2023,Male,16
2919,ECCDE1,01-01-2023,Female,26
2919,ECCDE2,01-01-2023,Male,11
2919,ECCDE2,01-01-2023,Female,9
2919,ECCDE3,01-01-2023,Male,12
2919,ECCDE3,01-01-2023,Female,11
2919,PRY1,01-01-2023,Male,15
2919,PRY1,01-01-2023,Female,21
2919,PRY2,01-01-2023,Male,21
2919,PRY2,01-01-2023,Female,21
2919,PRY3,01-01-2023,Male,29
2919,PRY3,01-01-2023,Female,22
2919,PRY4,01-01-2023,Male,21
2919,PRY4,01-01-2023,Female,25
2919,PRY5,01-01-2023,Male,23
2919,PRY5,01-01-2023,Female,27
2919,PRY6,01-01-2023,Male,20
2919,PRY6,01-01-2023,Female,35
2920,ECCDE1,01-01-2023,Male,7
2920,ECCDE1,01-01-2023,Female,8
2920,ECCDE2,01-01-2023,Male,11
2920,ECCDE2,01-01-2023,Female,6
2920,ECCDE3,01-01-2023,Male,15
2920,ECCDE3,01-01-2023,Female,14
2920,PRY1,01-01-2023,Male,14
2920,PRY1,01-01-2023,Female,13
2920,PRY2,01-01-2023,Male,16
2920,PRY2,01-01-2023,Female,17
2920,PRY3,01-01-2023,Male,22
2920,PRY3,01-01-2023,Female,14
2920,PRY4,01-01-2023,Male,24
2920,PRY4,01-01-2023,Female,13
2920,PRY5,01-01-2023,Male,18
2920,PRY5,01-01-2023,Female,18
2920,PRY6,01-01-2023,Male,20
2920,PRY6,01-01-2023,Female,20
2921,ECCDE1,01-01-2023,Male,4
2921,ECCDE1,01-01-2023,Female,1
2921,ECCDE2,01-01-2023,Male,3
2921,ECCDE2,01-01-2023,Female,3
2921,ECCDE3,01-01-2023,Male,5
2921,ECCDE3,01-01-2023,Female,2
2921,PRY1,01-01-2023,Male,5
2921,PRY1,01-01-2023,Female,7
2921,PRY2,01-01-2023,Male,7
2921,PRY2,01-01-2023,Female,6
2921,PRY3,01-01-2023,Male,11
2921,PRY3,01-01-2023,Female,5
2921,PRY4,01-01-2023,Male,8
2921,PRY4,01-01-2023,Female,5
2921,PRY5,01-01-2023,Male,10
2921,PRY5,01-01-2023,Female,6
2921,PRY6,01-01-2023,Male,7
2921,PRY6,01-01-2023,Female,5
2922,ECCDE1,01-01-2023,Male,0
2922,ECCDE1,01-01-2023,Female,0
2922,ECCDE2,01-01-2023,Male,0
2922,ECCDE2,01-01-2023,Female,0
2922,ECCDE3,01-01-2023,Male,0
2922,ECCDE3,01-01-2023,Female,0
2922,PRY1,01-01-2023,Male,0
2922,PRY1,01-01-2023,Female,0
2922,PRY2,01-01-2023,Male,0
2922,PRY2,01-01-2023,Female,0
2922,PRY3,01-01-2023,Male,0
2922,PRY3,01-01-2023,Female,0
2922,PRY4,01-01-2023,Male,0
2922,PRY4,01-01-2023,Female,0
2922,PRY5,01-01-2023,Male,0
2922,PRY5,01-01-2023,Female,0
2922,PRY6,01-01-2023,Male,0
2922,PRY6,01-01-2023,Female,0
2923,ECCDE1,01-01-2023,Male,3
2923,ECCDE1,01-01-2023,Female,1
2923,ECCDE2,01-01-2023,Male,2
2923,ECCDE2,01-01-2023,Female,1
2923,ECCDE3,01-01-2023,Male,1
2923,ECCDE3,01-01-2023,Female,1
2923,PRY1,01-01-2023,Male,4
2923,PRY1,01-01-2023,Female,1
2923,PRY2,01-01-2023,Male,3
2923,PRY2,01-01-2023,Female,2
2923,PRY3,01-01-2023,Male,1
2923,PRY3,01-01-2023,Female,4
2923,PRY4,01-01-2023,Male,0
2923,PRY4,01-01-2023,Female,0
2923,PRY5,01-01-2023,Male,0
2923,PRY5,01-01-2023,Female,0
2923,PRY6,01-01-2023,Male,0
2923,PRY6,01-01-2023,Female,0
2924,ECCDE1,01-01-2023,Male,0
2924,ECCDE1,01-01-2023,Female,0
2924,ECCDE2,01-01-2023,Male,0
2924,ECCDE2,01-01-2023,Female,0
2924,ECCDE3,01-01-2023,Male,0
2924,ECCDE3,01-01-2023,Female,0
2924,PRY1,01-01-2023,Male,0
2924,PRY1,01-01-2023,Female,3
2924,PRY2,01-01-2023,Male,1
2924,PRY2,01-01-2023,Female,3
2924,PRY3,01-01-2023,Male,4
2924,PRY3,01-01-2023,Female,5
2924,PRY4,01-01-2023,Male,0
2924,PRY4,01-01-2023,Female,2
2924,PRY5,01-01-2023,Male,1
2924,PRY5,01-01-2023,Female,5
2924,PRY6,01-01-2023,Male,4
2924,PRY6,01-01-2023,Female,4
2925,ECCDE1,01-01-2023,Male,0
2925,ECCDE1,01-01-2023,Female,0
2925,ECCDE2,01-01-2023,Male,0
2925,ECCDE2,01-01-2023,Female,0
2925,ECCDE3,01-01-2023,Male,0
2925,ECCDE3,01-01-2023,Female,0
2925,PRY1,01-01-2023,Male,4
2925,PRY1,01-01-2023,Female,8
2925,PRY2,01-01-2023,Male,4
2925,PRY2,01-01-2023,Female,6
2925,PRY3,01-01-2023,Male,7
2925,PRY3,01-01-2023,Female,6
2925,PRY4,01-01-2023,Male,4
2925,PRY4,01-01-2023,Female,1
2925,PRY5,01-01-2023,Male,0
2925,PRY5,01-01-2023,Female,0
2925,PRY6,01-01-2023,Male,0
2925,PRY6,01-01-2023,Female,0
2926,ECCDE1,01-01-2023,Male,0
2926,ECCDE1,01-01-2023,Female,0
2926,ECCDE2,01-01-2023,Male,0
2926,ECCDE2,01-01-2023,Female,0
2926,ECCDE3,01-01-2023,Male,0
2926,ECCDE3,01-01-2023,Female,0
2926,PRY1,01-01-2023,Male,2
2926,PRY1,01-01-2023,Female,6
2926,PRY2,01-01-2023,Male,5
2926,PRY2,01-01-2023,Female,4
2926,PRY3,01-01-2023,Male,6
2926,PRY3,01-01-2023,Female,3
2926,PRY4,01-01-2023,Male,3
2926,PRY4,01-01-2023,Female,1
2926,PRY5,01-01-2023,Male,4
2926,PRY5,01-01-2023,Female,2
2926,PRY6,01-01-2023,Male,0
2926,PRY6,01-01-2023,Female,0
2927,ECCDE1,01-01-2023,Male,3
2927,ECCDE1,01-01-2023,Female,4
2927,ECCDE2,01-01-2023,Male,7
2927,ECCDE2,01-01-2023,Female,4
2927,ECCDE3,01-01-2023,Male,3
2927,ECCDE3,01-01-2023,Female,5
2927,PRY1,01-01-2023,Male,6
2927,PRY1,01-01-2023,Female,12
2927,PRY2,01-01-2023,Male,9
2927,PRY2,01-01-2023,Female,8
2927,PRY3,01-01-2023,Male,5
2927,PRY3,01-01-2023,Female,10
2927,PRY4,01-01-2023,Male,12
2927,PRY4,01-01-2023,Female,10
2927,PRY5,01-01-2023,Male,14
2927,PRY5,01-01-2023,Female,9
2927,PRY6,01-01-2023,Male,21
2927,PRY6,01-01-2023,Female,9
2928,ECCDE1,01-01-2023,Male,4
2928,ECCDE1,01-01-2023,Female,1
2928,ECCDE2,01-01-2023,Male,2
2928,ECCDE2,01-01-2023,Female,6
2928,ECCDE3,01-01-2023,Male,5
2928,ECCDE3,01-01-2023,Female,6
2928,PRY1,01-01-2023,Male,4
2928,PRY1,01-01-2023,Female,7
2928,PRY2,01-01-2023,Male,2
2928,PRY2,01-01-2023,Female,7
2928,PRY3,01-01-2023,Male,7
2928,PRY3,01-01-2023,Female,6
2928,PRY4,01-01-2023,Male,10
2928,PRY4,01-01-2023,Female,6
2928,PRY5,01-01-2023,Male,9
2928,PRY5,01-01-2023,Female,7
2928,PRY6,01-01-2023,Male,7
2928,PRY6,01-01-2023,Female,10
2929,ECCDE1,01-01-2023,Male,2
2929,ECCDE1,01-01-2023,Female,1
2929,ECCDE2,01-01-2023,Male,3
2929,ECCDE2,01-01-2023,Female,2
2929,ECCDE3,01-01-2023,Male,2
2929,ECCDE3,01-01-2023,Female,2
2929,PRY1,01-01-2023,Male,1
2929,PRY1,01-01-2023,Female,1
2929,PRY2,01-01-2023,Male,2
2929,PRY2,01-01-2023,Female,3
2929,PRY3,01-01-2023,Male,2
2929,PRY3,01-01-2023,Female,0
2929,PRY4,01-01-2023,Male,3
2929,PRY4,01-01-2023,Female,1
2929,PRY5,01-01-2023,Male,2
2929,PRY5,01-01-2023,Female,2
2929,PRY6,01-01-2023,Male,5
2929,PRY6,01-01-2023,Female,1
2930,ECCDE1,01-01-2023,Male,24
2930,ECCDE1,01-01-2023,Female,20
2930,ECCDE2,01-01-2023,Male,2
2930,ECCDE2,01-01-2023,Female,6
2930,ECCDE3,01-01-2023,Male,3
2930,ECCDE3,01-01-2023,Female,6
2930,PRY1,01-01-2023,Male,5
2930,PRY1,01-01-2023,Female,4
2930,PRY2,01-01-2023,Male,9
2930,PRY2,01-01-2023,Female,4
2930,PRY3,01-01-2023,Male,14
2930,PRY3,01-01-2023,Female,6
2930,PRY4,01-01-2023,Male,10
2930,PRY4,01-01-2023,Female,7
2930,PRY5,01-01-2023,Male,12
2930,PRY5,01-01-2023,Female,8
2930,PRY6,01-01-2023,Male,10
2930,PRY6,01-01-2023,Female,9
2931,ECCDE1,01-01-2023,Male,17
2931,ECCDE1,01-01-2023,Female,15
2931,ECCDE2,01-01-2023,Male,10
2931,ECCDE2,01-01-2023,Female,6
2931,ECCDE3,01-01-2023,Male,11
2931,ECCDE3,01-01-2023,Female,10
2931,PRY1,01-01-2023,Male,20
2931,PRY1,01-01-2023,Female,14
2931,PRY2,01-01-2023,Male,10
2931,PRY2,01-01-2023,Female,12
2931,PRY3,01-01-2023,Male,13
2931,PRY3,01-01-2023,Female,12
2931,PRY4,01-01-2023,Male,14
2931,PRY4,01-01-2023,Female,14
2931,PRY5,01-01-2023,Male,13
2931,PRY5,01-01-2023,Female,12
2931,PRY6,01-01-2023,Male,11
2931,PRY6,01-01-2023,Female,17
2932,ECCDE1,01-01-2023,Male,13
2932,ECCDE1,01-01-2023,Female,12
2932,ECCDE2,01-01-2023,Male,10
2932,ECCDE2,01-01-2023,Female,6
2932,ECCDE3,01-01-2023,Male,4
2932,ECCDE3,01-01-2023,Female,17
2932,PRY1,01-01-2023,Male,9
2932,PRY1,01-01-2023,Female,2
2932,PRY2,01-01-2023,Male,7
2932,PRY2,01-01-2023,Female,12
2932,PRY3,01-01-2023,Male,7
2932,PRY3,01-01-2023,Female,11
2932,PRY4,01-01-2023,Male,10
2932,PRY4,01-01-2023,Female,7
2932,PRY5,01-01-2023,Male,3
2932,PRY5,01-01-2023,Female,9
2932,PRY6,01-01-2023,Male,5
2932,PRY6,01-01-2023,Female,3
2933,ECCDE1,01-01-2023,Male,10
2933,ECCDE1,01-01-2023,Female,12
2933,ECCDE2,01-01-2023,Male,11
2933,ECCDE2,01-01-2023,Female,13
2933,ECCDE3,01-01-2023,Male,10
2933,ECCDE3,01-01-2023,Female,14
2933,PRY1,01-01-2023,Male,15
2933,PRY1,01-01-2023,Female,13
2933,PRY2,01-01-2023,Male,20
2933,PRY2,01-01-2023,Female,12
2933,PRY3,01-01-2023,Male,19
2933,PRY3,01-01-2023,Female,20
2933,PRY4,01-01-2023,Male,20
2933,PRY4,01-01-2023,Female,20
2933,PRY5,01-01-2023,Male,18
2933,PRY5,01-01-2023,Female,14
2933,PRY6,01-01-2023,Male,22
2933,PRY6,01-01-2023,Female,21
2934,ECCDE1,01-01-2023,Male,4
2934,ECCDE1,01-01-2023,Female,6
2934,ECCDE2,01-01-2023,Male,6
2934,ECCDE2,01-01-2023,Female,9
2934,ECCDE3,01-01-2023,Male,13
2934,ECCDE3,01-01-2023,Female,17
2934,PRY1,01-01-2023,Male,9
2934,PRY1,01-01-2023,Female,7
2934,PRY2,01-01-2023,Male,18
2934,PRY2,01-01-2023,Female,12
2934,PRY3,01-01-2023,Male,16
2934,PRY3,01-01-2023,Female,12
2934,PRY4,01-01-2023,Male,13
2934,PRY4,01-01-2023,Female,15
2934,PRY5,01-01-2023,Male,17
2934,PRY5,01-01-2023,Female,4
2934,PRY6,01-01-2023,Male,12
2934,PRY6,01-01-2023,Female,8
2935,ECCDE1,01-01-2023,Male,29
2935,ECCDE1,01-01-2023,Female,31
2935,ECCDE2,01-01-2023,Male,16
2935,ECCDE2,01-01-2023,Female,16
2935,ECCDE3,01-01-2023,Male,9
2935,ECCDE3,01-01-2023,Female,19
2935,PRY1,01-01-2023,Male,25
2935,PRY1,01-01-2023,Female,26
2935,PRY2,01-01-2023,Male,15
2935,PRY2,01-01-2023,Female,16
2935,PRY3,01-01-2023,Male,17
2935,PRY3,01-01-2023,Female,16
2935,PRY4,01-01-2023,Male,20
2935,PRY4,01-01-2023,Female,20
2935,PRY5,01-01-2023,Male,14
2935,PRY5,01-01-2023,Female,16
2935,PRY6,01-01-2023,Male,24
2935,PRY6,01-01-2023,Female,23
2936,ECCDE1,01-01-2023,Male,9
2936,ECCDE1,01-01-2023,Female,16
2936,ECCDE2,01-01-2023,Male,5
2936,ECCDE2,01-01-2023,Female,3
2936,ECCDE3,01-01-2023,Male,8
2936,ECCDE3,01-01-2023,Female,5
2936,PRY1,01-01-2023,Male,20
2936,PRY1,01-01-2023,Female,8
2936,PRY2,01-01-2023,Male,10
2936,PRY2,01-01-2023,Female,8
2936,PRY3,01-01-2023,Male,10
2936,PRY3,01-01-2023,Female,12
2936,PRY4,01-01-2023,Male,14
2936,PRY4,01-01-2023,Female,10
2936,PRY5,01-01-2023,Male,9
2936,PRY5,01-01-2023,Female,7
2936,PRY6,01-01-2023,Male,8
2936,PRY6,01-01-2023,Female,7
2937,ECCDE1,01-01-2023,Male,17
2937,ECCDE1,01-01-2023,Female,16
2937,ECCDE2,01-01-2023,Male,3
2937,ECCDE2,01-01-2023,Female,7
2937,ECCDE3,01-01-2023,Male,4
2937,ECCDE3,01-01-2023,Female,6
2937,PRY1,01-01-2023,Male,13
2937,PRY1,01-01-2023,Female,12
2937,PRY2,01-01-2023,Male,11
2937,PRY2,01-01-2023,Female,11
2937,PRY3,01-01-2023,Male,11
2937,PRY3,01-01-2023,Female,10
2937,PRY4,01-01-2023,Male,11
2937,PRY4,01-01-2023,Female,3
2937,PRY5,01-01-2023,Male,9
2937,PRY5,01-01-2023,Female,6
2937,PRY6,01-01-2023,Male,9
2937,PRY6,01-01-2023,Female,4
2938,ECCDE1,01-01-2023,Male,23
2938,ECCDE1,01-01-2023,Female,27
2938,ECCDE2,01-01-2023,Male,15
2938,ECCDE2,01-01-2023,Female,14
2938,ECCDE3,01-01-2023,Male,21
2938,ECCDE3,01-01-2023,Female,15
2938,PRY1,01-01-2023,Male,43
2938,PRY1,01-01-2023,Female,15
2938,PRY2,01-01-2023,Male,24
2938,PRY2,01-01-2023,Female,24
2938,PRY3,01-01-2023,Male,26
2938,PRY3,01-01-2023,Female,16
2938,PRY4,01-01-2023,Male,33
2938,PRY4,01-01-2023,Female,31
2938,PRY5,01-01-2023,Male,30
2938,PRY5,01-01-2023,Female,28
2938,PRY6,01-01-2023,Male,27
2938,PRY6,01-01-2023,Female,18
2939,ECCDE1,01-01-2023,Male,0
2939,ECCDE1,01-01-2023,Female,0
2939,ECCDE2,01-01-2023,Male,0
2939,ECCDE2,01-01-2023,Female,0
2939,ECCDE3,01-01-2023,Male,0
2939,ECCDE3,01-01-2023,Female,0
2939,PRY1,01-01-2023,Male,0
2939,PRY1,01-01-2023,Female,0
2939,PRY2,01-01-2023,Male,0
2939,PRY2,01-01-2023,Female,0
2939,PRY3,01-01-2023,Male,0
2939,PRY3,01-01-2023,Female,0
2939,PRY4,01-01-2023,Male,0
2939,PRY4,01-01-2023,Female,0
2939,PRY5,01-01-2023,Male,0
2939,PRY5,01-01-2023,Female,0
2939,PRY6,01-01-2023,Male,0
2939,PRY6,01-01-2023,Female,0
2940,ECCDE1,01-01-2023,Male,7
2940,ECCDE1,01-01-2023,Female,13
2940,ECCDE2,01-01-2023,Male,10
2940,ECCDE2,01-01-2023,Female,17
2940,ECCDE3,01-01-2023,Male,13
2940,ECCDE3,01-01-2023,Female,13
2940,PRY1,01-01-2023,Male,22
2940,PRY1,01-01-2023,Female,12
2940,PRY2,01-01-2023,Male,17
2940,PRY2,01-01-2023,Female,11
2940,PRY3,01-01-2023,Male,15
2940,PRY3,01-01-2023,Female,26
2940,PRY4,01-01-2023,Male,20
2940,PRY4,01-01-2023,Female,21
2940,PRY5,01-01-2023,Male,23
2940,PRY5,01-01-2023,Female,18
2940,PRY6,01-01-2023,Male,22
2940,PRY6,01-01-2023,Female,20
2941,ECCDE1,01-01-2023,Male,10
2941,ECCDE1,01-01-2023,Female,11
2941,ECCDE2,01-01-2023,Male,10
2941,ECCDE2,01-01-2023,Female,7
2941,ECCDE3,01-01-2023,Male,10
2941,ECCDE3,01-01-2023,Female,10
2941,PRY1,01-01-2023,Male,15
2941,PRY1,01-01-2023,Female,10
2941,PRY2,01-01-2023,Male,13
2941,PRY2,01-01-2023,Female,12
2941,PRY3,01-01-2023,Male,12
2941,PRY3,01-01-2023,Female,12
2941,PRY4,01-01-2023,Male,13
2941,PRY4,01-01-2023,Female,13
2941,PRY5,01-01-2023,Male,14
2941,PRY5,01-01-2023,Female,11
2941,PRY6,01-01-2023,Male,12
2941,PRY6,01-01-2023,Female,12
2942,ECCDE1,01-01-2023,Male,1
2942,ECCDE1,01-01-2023,Female,5
2942,ECCDE2,01-01-2023,Male,5
2942,ECCDE2,01-01-2023,Female,4
2942,ECCDE3,01-01-2023,Male,1
2942,ECCDE3,01-01-2023,Female,3
2942,PRY1,01-01-2023,Male,3
2942,PRY1,01-01-2023,Female,3
2942,PRY2,01-01-2023,Male,3
2942,PRY2,01-01-2023,Female,2
2942,PRY3,01-01-2023,Male,3
2942,PRY3,01-01-2023,Female,2
2942,PRY4,01-01-2023,Male,7
2942,PRY4,01-01-2023,Female,1
2942,PRY5,01-01-2023,Male,11
2942,PRY5,01-01-2023,Female,1
2942,PRY6,01-01-2023,Male,3
2942,PRY6,01-01-2023,Female,3
2943,ECCDE1,01-01-2023,Male,21
2943,ECCDE1,01-01-2023,Female,19
2943,ECCDE2,01-01-2023,Male,17
2943,ECCDE2,01-01-2023,Female,13
2943,ECCDE3,01-01-2023,Male,26
2943,ECCDE3,01-01-2023,Female,14
2943,PRY1,01-01-2023,Male,19
2943,PRY1,01-01-2023,Female,18
2943,PRY2,01-01-2023,Male,28
2943,PRY2,01-01-2023,Female,16
2943,PRY3,01-01-2023,Male,24
2943,PRY3,01-01-2023,Female,24
2943,PRY4,01-01-2023,Male,23
2943,PRY4,01-01-2023,Female,28
2943,PRY5,01-01-2023,Male,22
2943,PRY5,01-01-2023,Female,25
2943,PRY6,01-01-2023,Male,20
2943,PRY6,01-01-2023,Female,27
2944,ECCDE1,01-01-2023,Male,7
2944,ECCDE1,01-01-2023,Female,8
2944,ECCDE2,01-01-2023,Male,2
2944,ECCDE2,01-01-2023,Female,4
2944,ECCDE3,01-01-2023,Male,6
2944,ECCDE3,01-01-2023,Female,2
2944,PRY1,01-01-2023,Male,6
2944,PRY1,01-01-2023,Female,12
2944,PRY2,01-01-2023,Male,10
2944,PRY2,01-01-2023,Female,10
2944,PRY3,01-01-2023,Male,16
2944,PRY3,01-01-2023,Female,10
2944,PRY4,01-01-2023,Male,14
2944,PRY4,01-01-2023,Female,5
2944,PRY5,01-01-2023,Male,9
2944,PRY5,01-01-2023,Female,8
2944,PRY6,01-01-2023,Male,15
2944,PRY6,01-01-2023,Female,13
2945,ECCDE1,01-01-2023,Male,16
2945,ECCDE1,01-01-2023,Female,12
2945,ECCDE2,01-01-2023,Male,10
2945,ECCDE2,01-01-2023,Female,8
2945,ECCDE3,01-01-2023,Male,14
2945,ECCDE3,01-01-2023,Female,8
2945,PRY1,01-01-2023,Male,17
2945,PRY1,01-01-2023,Female,12
2945,PRY2,01-01-2023,Male,16
2945,PRY2,01-01-2023,Female,8
2945,PRY3,01-01-2023,Male,18
2945,PRY3,01-01-2023,Female,15
2945,PRY4,01-01-2023,Male,17
2945,PRY4,01-01-2023,Female,13
2945,PRY5,01-01-2023,Male,17
2945,PRY5,01-01-2023,Female,15
2945,PRY6,01-01-2023,Male,28
2945,PRY6,01-01-2023,Female,12
2946,ECCDE1,01-01-2023,Male,5
2946,ECCDE1,01-01-2023,Female,8
2946,ECCDE2,01-01-2023,Male,7
2946,ECCDE2,01-01-2023,Female,7
2946,ECCDE3,01-01-2023,Male,8
2946,ECCDE3,01-01-2023,Female,8
2946,PRY1,01-01-2023,Male,10
2946,PRY1,01-01-2023,Female,6
2946,PRY2,01-01-2023,Male,11
2946,PRY2,01-01-2023,Female,6
2946,PRY3,01-01-2023,Male,19
2946,PRY3,01-01-2023,Female,12
2946,PRY4,01-01-2023,Male,13
2946,PRY4,01-01-2023,Female,13
2946,PRY5,01-01-2023,Male,20
2946,PRY5,01-01-2023,Female,15
2946,PRY6,01-01-2023,Male,16
2946,PRY6,01-01-2023,Female,13
2947,ECCDE1,01-01-2023,Male,13
2947,ECCDE1,01-01-2023,Female,10
2947,ECCDE2,01-01-2023,Male,7
2947,ECCDE2,01-01-2023,Female,5
2947,ECCDE3,01-01-2023,Male,6
2947,ECCDE3,01-01-2023,Female,6
2947,PRY1,01-01-2023,Male,10
2947,PRY1,01-01-2023,Female,10
2947,PRY2,01-01-2023,Male,13
2947,PRY2,01-01-2023,Female,10
2947,PRY3,01-01-2023,Male,20
2947,PRY3,01-01-2023,Female,15
2947,PRY4,01-01-2023,Male,20
2947,PRY4,01-01-2023,Female,14
2947,PRY5,01-01-2023,Male,22
2947,PRY5,01-01-2023,Female,14
2947,PRY6,01-01-2023,Male,18
2947,PRY6,01-01-2023,Female,11
2948,ECCDE1,01-01-2023,Male,7
2948,ECCDE1,01-01-2023,Female,6
2948,ECCDE2,01-01-2023,Male,2
2948,ECCDE2,01-01-2023,Female,7
2948,ECCDE3,01-01-2023,Male,7
2948,ECCDE3,01-01-2023,Female,4
2948,PRY1,01-01-2023,Male,10
2948,PRY1,01-01-2023,Female,6
2948,PRY2,01-01-2023,Male,16
2948,PRY2,01-01-2023,Female,15
2948,PRY3,01-01-2023,Male,8
2948,PRY3,01-01-2023,Female,13
2948,PRY4,01-01-2023,Male,17
2948,PRY4,01-01-2023,Female,8
2948,PRY5,01-01-2023,Male,11
2948,PRY5,01-01-2023,Female,7
2948,PRY6,01-01-2023,Male,7
2948,PRY6,01-01-2023,Female,6
2949,ECCDE1,01-01-2023,Male,4
2949,ECCDE1,01-01-2023,Female,3
2949,ECCDE2,01-01-2023,Male,4
2949,ECCDE2,01-01-2023,Female,1
2949,ECCDE3,01-01-2023,Male,4
2949,ECCDE3,01-01-2023,Female,2
2949,PRY1,01-01-2023,Male,2
2949,PRY1,01-01-2023,Female,2
2949,PRY2,01-01-2023,Male,7
2949,PRY2,01-01-2023,Female,5
2949,PRY3,01-01-2023,Male,4
2949,PRY3,01-01-2023,Female,2
2949,PRY4,01-01-2023,Male,2
2949,PRY4,01-01-2023,Female,1
2949,PRY5,01-01-2023,Male,2
2949,PRY5,01-01-2023,Female,3
2949,PRY6,01-01-2023,Male,4
2949,PRY6,01-01-2023,Female,4
2950,ECCDE1,01-01-2023,Male,0
2950,ECCDE1,01-01-2023,Female,0
2950,ECCDE2,01-01-2023,Male,0
2950,ECCDE2,01-01-2023,Female,0
2950,ECCDE3,01-01-2023,Male,0
2950,ECCDE3,01-01-2023,Female,0
2950,PRY1,01-01-2023,Male,0
2950,PRY1,01-01-2023,Female,0
2950,PRY2,01-01-2023,Male,0
2950,PRY2,01-01-2023,Female,0
2950,PRY3,01-01-2023,Male,0
2950,PRY3,01-01-2023,Female,0
2950,PRY4,01-01-2023,Male,0
2950,PRY4,01-01-2023,Female,0
2950,PRY5,01-01-2023,Male,0
2950,PRY5,01-01-2023,Female,0
2950,PRY6,01-01-2023,Male,0
2950,PRY6,01-01-2023,Female,0
2951,ECCDE1,01-01-2023,Male,8
2951,ECCDE1,01-01-2023,Female,14
2951,ECCDE2,01-01-2023,Male,6
2951,ECCDE2,01-01-2023,Female,5
2951,ECCDE3,01-01-2023,Male,3
2951,ECCDE3,01-01-2023,Female,7
2951,PRY1,01-01-2023,Male,8
2951,PRY1,01-01-2023,Female,4
2951,PRY2,01-01-2023,Male,6
2951,PRY2,01-01-2023,Female,5
2951,PRY3,01-01-2023,Male,6
2951,PRY3,01-01-2023,Female,6
2951,PRY4,01-01-2023,Male,6
2951,PRY4,01-01-2023,Female,8
2951,PRY5,01-01-2023,Male,5
2951,PRY5,01-01-2023,Female,3
2951,PRY6,01-01-2023,Male,5
2951,PRY6,01-01-2023,Female,11
2952,ECCDE1,01-01-2023,Male,16
2952,ECCDE1,01-01-2023,Female,10
2952,ECCDE2,01-01-2023,Male,7
2952,ECCDE2,01-01-2023,Female,6
2952,ECCDE3,01-01-2023,Male,14
2952,ECCDE3,01-01-2023,Female,11
2952,PRY1,01-01-2023,Male,7
2952,PRY1,01-01-2023,Female,6
2952,PRY2,01-01-2023,Male,6
2952,PRY2,01-01-2023,Female,7
2952,PRY3,01-01-2023,Male,6
2952,PRY3,01-01-2023,Female,12
2952,PRY4,01-01-2023,Male,8
2952,PRY4,01-01-2023,Female,11
2952,PRY5,01-01-2023,Male,5
2952,PRY5,01-01-2023,Female,6
2952,PRY6,01-01-2023,Male,7
2952,PRY6,01-01-2023,Female,5
2953,ECCDE1,01-01-2023,Male,13
2953,ECCDE1,01-01-2023,Female,9
2953,ECCDE2,01-01-2023,Male,3
2953,ECCDE2,01-01-2023,Female,4
2953,ECCDE3,01-01-2023,Male,3
2953,ECCDE3,01-01-2023,Female,4
2953,PRY1,01-01-2023,Male,5
2953,PRY1,01-01-2023,Female,4
2953,PRY2,01-01-2023,Male,3
2953,PRY2,01-01-2023,Female,10
2953,PRY3,01-01-2023,Male,3
2953,PRY3,01-01-2023,Female,7
2953,PRY4,01-01-2023,Male,10
2953,PRY4,01-01-2023,Female,14
2953,PRY5,01-01-2023,Male,4
2953,PRY5,01-01-2023,Female,8
2953,PRY6,01-01-2023,Male,3
2953,PRY6,01-01-2023,Female,3
2954,ECCDE1,01-01-2023,Male,11
2954,ECCDE1,01-01-2023,Female,19
2954,ECCDE2,01-01-2023,Male,6
2954,ECCDE2,01-01-2023,Female,7
2954,ECCDE3,01-01-2023,Male,19
2954,ECCDE3,01-01-2023,Female,20
2954,PRY1,01-01-2023,Male,13
2954,PRY1,01-01-2023,Female,7
2954,PRY2,01-01-2023,Male,9
2954,PRY2,01-01-2023,Female,11
2954,PRY3,01-01-2023,Male,16
2954,PRY3,01-01-2023,Female,13
2954,PRY4,01-01-2023,Male,30
2954,PRY4,01-01-2023,Female,15
2954,PRY5,01-01-2023,Male,21
2954,PRY5,01-01-2023,Female,13
2954,PRY6,01-01-2023,Male,20
2954,PRY6,01-01-2023,Female,22
2955,ECCDE1,01-01-2023,Male,2
2955,ECCDE1,01-01-2023,Female,6
2955,ECCDE2,01-01-2023,Male,3
2955,ECCDE2,01-01-2023,Female,5
2955,ECCDE3,01-01-2023,Male,5
2955,ECCDE3,01-01-2023,Female,5
2955,PRY1,01-01-2023,Male,4
2955,PRY1,01-01-2023,Female,2
2955,PRY2,01-01-2023,Male,3
2955,PRY2,01-01-2023,Female,3
2955,PRY3,01-01-2023,Male,7
2955,PRY3,01-01-2023,Female,7
2955,PRY4,01-01-2023,Male,4
2955,PRY4,01-01-2023,Female,8
2955,PRY5,01-01-2023,Male,2
2955,PRY5,01-01-2023,Female,4
2955,PRY6,01-01-2023,Male,7
2955,PRY6,01-01-2023,Female,9
2956,ECCDE1,01-01-2023,Male,2
2956,ECCDE1,01-01-2023,Female,6
2956,ECCDE2,01-01-2023,Male,6
2956,ECCDE2,01-01-2023,Female,7
2956,ECCDE3,01-01-2023,Male,1
2956,ECCDE3,01-01-2023,Female,6
2956,PRY1,01-01-2023,Male,13
2956,PRY1,01-01-2023,Female,4
2956,PRY2,01-01-2023,Male,4
2956,PRY2,01-01-2023,Female,8
2956,PRY3,01-01-2023,Male,7
2956,PRY3,01-01-2023,Female,5
2956,PRY4,01-01-2023,Male,0
2956,PRY4,01-01-2023,Female,6
2956,PRY5,01-01-2023,Male,5
2956,PRY5,01-01-2023,Female,2
2956,PRY6,01-01-2023,Male,2
2956,PRY6,01-01-2023,Female,4
2957,ECCDE1,01-01-2023,Male,6
2957,ECCDE1,01-01-2023,Female,7
2957,ECCDE2,01-01-2023,Male,6
2957,ECCDE2,01-01-2023,Female,5
2957,ECCDE3,01-01-2023,Male,5
2957,ECCDE3,01-01-2023,Female,4
2957,PRY1,01-01-2023,Male,5
2957,PRY1,01-01-2023,Female,3
2957,PRY2,01-01-2023,Male,6
2957,PRY2,01-01-2023,Female,5
2957,PRY3,01-01-2023,Male,2
2957,PRY3,01-01-2023,Female,4
2957,PRY4,01-01-2023,Male,4
2957,PRY4,01-01-2023,Female,6
2957,PRY5,01-01-2023,Male,3
2957,PRY5,01-01-2023,Female,4
2957,PRY6,01-01-2023,Male,1
2957,PRY6,01-01-2023,Female,3
2958,ECCDE1,01-01-2023,Male,2
2958,ECCDE1,01-01-2023,Female,2
2958,ECCDE2,01-01-2023,Male,0
2958,ECCDE2,01-01-2023,Female,1
2958,ECCDE3,01-01-2023,Male,2
2958,ECCDE3,01-01-2023,Female,0
2958,PRY1,01-01-2023,Male,5
2958,PRY1,01-01-2023,Female,1
2958,PRY2,01-01-2023,Male,2
2958,PRY2,01-01-2023,Female,4
2958,PRY3,01-01-2023,Male,2
2958,PRY3,01-01-2023,Female,4
2958,PRY4,01-01-2023,Male,3
2958,PRY4,01-01-2023,Female,3
2958,PRY5,01-01-2023,Male,4
2958,PRY5,01-01-2023,Female,1
2958,PRY6,01-01-2023,Male,0
2958,PRY6,01-01-2023,Female,2
2959,ECCDE1,01-01-2023,Male,8
2959,ECCDE1,01-01-2023,Female,5
2959,ECCDE2,01-01-2023,Male,2
2959,ECCDE2,01-01-2023,Female,2
2959,ECCDE3,01-01-2023,Male,2
2959,ECCDE3,01-01-2023,Female,5
2959,PRY1,01-01-2023,Male,4
2959,PRY1,01-01-2023,Female,4
2959,PRY2,01-01-2023,Male,7
2959,PRY2,01-01-2023,Female,5
2959,PRY3,01-01-2023,Male,7
2959,PRY3,01-01-2023,Female,5
2959,PRY4,01-01-2023,Male,7
2959,PRY4,01-01-2023,Female,5
2959,PRY5,01-01-2023,Male,6
2959,PRY5,01-01-2023,Female,4
2959,PRY6,01-01-2023,Male,5
2959,PRY6,01-01-2023,Female,5
2960,ECCDE1,01-01-2023,Male,5
2960,ECCDE1,01-01-2023,Female,3
2960,ECCDE2,01-01-2023,Male,7
2960,ECCDE2,01-01-2023,Female,8
2960,ECCDE3,01-01-2023,Male,10
2960,ECCDE3,01-01-2023,Female,9
2960,PRY1,01-01-2023,Male,10
2960,PRY1,01-01-2023,Female,13
2960,PRY2,01-01-2023,Male,15
2960,PRY2,01-01-2023,Female,9
2960,PRY3,01-01-2023,Male,9
2960,PRY3,01-01-2023,Female,6
2960,PRY4,01-01-2023,Male,19
2960,PRY4,01-01-2023,Female,14
2960,PRY5,01-01-2023,Male,10
2960,PRY5,01-01-2023,Female,15
2960,PRY6,01-01-2023,Male,20
2960,PRY6,01-01-2023,Female,22
2961,ECCDE1,01-01-2023,Male,10
2961,ECCDE1,01-01-2023,Female,9
2961,ECCDE2,01-01-2023,Male,8
2961,ECCDE2,01-01-2023,Female,6
2961,ECCDE3,01-01-2023,Male,8
2961,ECCDE3,01-01-2023,Female,13
2961,PRY1,01-01-2023,Male,9
2961,PRY1,01-01-2023,Female,7
2961,PRY2,01-01-2023,Male,10
2961,PRY2,01-01-2023,Female,8
2961,PRY3,01-01-2023,Male,10
2961,PRY3,01-01-2023,Female,19
2961,PRY4,01-01-2023,Male,13
2961,PRY4,01-01-2023,Female,7
2961,PRY5,01-01-2023,Male,14
2961,PRY5,01-01-2023,Female,14
2961,PRY6,01-01-2023,Male,14
2961,PRY6,01-01-2023,Female,10
2962,ECCDE1,01-01-2023,Male,17
2962,ECCDE1,01-01-2023,Female,28
2962,ECCDE2,01-01-2023,Male,20
2962,ECCDE2,01-01-2023,Female,12
2962,ECCDE3,01-01-2023,Male,11
2962,ECCDE3,01-01-2023,Female,21
2962,PRY1,01-01-2023,Male,27
2962,PRY1,01-01-2023,Female,24
2962,PRY2,01-01-2023,Male,15
2962,PRY2,01-01-2023,Female,10
2962,PRY3,01-01-2023,Male,26
2962,PRY3,01-01-2023,Female,26
2962,PRY4,01-01-2023,Male,24
2962,PRY4,01-01-2023,Female,27
2962,PRY5,01-01-2023,Male,25
2962,PRY5,01-01-2023,Female,23
2962,PRY6,01-01-2023,Male,27
2962,PRY6,01-01-2023,Female,27
2963,ECCDE1,01-01-2023,Male,15
2963,ECCDE1,01-01-2023,Female,13
2963,ECCDE2,01-01-2023,Male,10
2963,ECCDE2,01-01-2023,Female,10
2963,ECCDE3,01-01-2023,Male,17
2963,ECCDE3,01-01-2023,Female,10
2963,PRY1,01-01-2023,Male,10
2963,PRY1,01-01-2023,Female,10
2963,PRY2,01-01-2023,Male,13
2963,PRY2,01-01-2023,Female,13
2963,PRY3,01-01-2023,Male,22
2963,PRY3,01-01-2023,Female,22
2963,PRY4,01-01-2023,Male,16
2963,PRY4,01-01-2023,Female,15
2963,PRY5,01-01-2023,Male,15
2963,PRY5,01-01-2023,Female,15
2963,PRY6,01-01-2023,Male,20
2963,PRY6,01-01-2023,Female,30
2964,ECCDE1,01-01-2023,Male,35
2964,ECCDE1,01-01-2023,Female,17
2964,ECCDE2,01-01-2023,Male,10
2964,ECCDE2,01-01-2023,Female,15
2964,ECCDE3,01-01-2023,Male,10
2964,ECCDE3,01-01-2023,Female,11
2964,PRY1,01-01-2023,Male,16
2964,PRY1,01-01-2023,Female,14
2964,PRY2,01-01-2023,Male,12
2964,PRY2,01-01-2023,Female,21
2964,PRY3,01-01-2023,Male,16
2964,PRY3,01-01-2023,Female,25
2964,PRY4,01-01-2023,Male,14
2964,PRY4,01-01-2023,Female,25
2964,PRY5,01-01-2023,Male,18
2964,PRY5,01-01-2023,Female,15
2964,PRY6,01-01-2023,Male,18
2964,PRY6,01-01-2023,Female,19
2965,ECCDE1,01-01-2023,Male,5
2965,ECCDE1,01-01-2023,Female,6
2965,ECCDE2,01-01-2023,Male,6
2965,ECCDE2,01-01-2023,Female,6
2965,ECCDE3,01-01-2023,Male,5
2965,ECCDE3,01-01-2023,Female,5
2965,PRY1,01-01-2023,Male,5
2965,PRY1,01-01-2023,Female,6
2965,PRY2,01-01-2023,Male,8
2965,PRY2,01-01-2023,Female,9
2965,PRY3,01-01-2023,Male,7
2965,PRY3,01-01-2023,Female,8
2965,PRY4,01-01-2023,Male,7
2965,PRY4,01-01-2023,Female,7
2965,PRY5,01-01-2023,Male,7
2965,PRY5,01-01-2023,Female,7
2965,PRY6,01-01-2023,Male,9
2965,PRY6,01-01-2023,Female,9
2966,ECCDE1,01-01-2023,Male,13
2966,ECCDE1,01-01-2023,Female,7
2966,ECCDE2,01-01-2023,Male,9
2966,ECCDE2,01-01-2023,Female,7
2966,ECCDE3,01-01-2023,Male,9
2966,ECCDE3,01-01-2023,Female,10
2966,PRY1,01-01-2023,Male,12
2966,PRY1,01-01-2023,Female,8
2966,PRY2,01-01-2023,Male,13
2966,PRY2,01-01-2023,Female,10
2966,PRY3,01-01-2023,Male,16
2966,PRY3,01-01-2023,Female,11
2966,PRY4,01-01-2023,Male,14
2966,PRY4,01-01-2023,Female,9
2966,PRY5,01-01-2023,Male,15
2966,PRY5,01-01-2023,Female,8
2966,PRY6,01-01-2023,Male,11
2966,PRY6,01-01-2023,Female,14
2967,ECCDE1,01-01-2023,Male,16
2967,ECCDE1,01-01-2023,Female,10
2967,ECCDE2,01-01-2023,Male,7
2967,ECCDE2,01-01-2023,Female,6
2967,ECCDE3,01-01-2023,Male,7
2967,ECCDE3,01-01-2023,Female,9
2967,PRY1,01-01-2023,Male,11
2967,PRY1,01-01-2023,Female,6
2967,PRY2,01-01-2023,Male,7
2967,PRY2,01-01-2023,Female,14
2967,PRY3,01-01-2023,Male,11
2967,PRY3,01-01-2023,Female,14
2967,PRY4,01-01-2023,Male,14
2967,PRY4,01-01-2023,Female,8
2967,PRY5,01-01-2023,Male,14
2967,PRY5,01-01-2023,Female,11
2967,PRY6,01-01-2023,Male,9
2967,PRY6,01-01-2023,Female,14
2968,ECCDE1,01-01-2023,Male,5
2968,ECCDE1,01-01-2023,Female,4
2968,ECCDE2,01-01-2023,Male,7
2968,ECCDE2,01-01-2023,Female,2
2968,ECCDE3,01-01-2023,Male,3
2968,ECCDE3,01-01-2023,Female,3
2968,PRY1,01-01-2023,Male,5
2968,PRY1,01-01-2023,Female,2
2968,PRY2,01-01-2023,Male,3
2968,PRY2,01-01-2023,Female,3
2968,PRY3,01-01-2023,Male,3
2968,PRY3,01-01-2023,Female,3
2968,PRY4,01-01-2023,Male,4
2968,PRY4,01-01-2023,Female,5
2968,PRY5,01-01-2023,Male,5
2968,PRY5,01-01-2023,Female,6
2968,PRY6,01-01-2023,Male,5
2968,PRY6,01-01-2023,Female,2
2969,ECCDE1,01-01-2023,Male,0
2969,ECCDE1,01-01-2023,Female,0
2969,ECCDE2,01-01-2023,Male,0
2969,ECCDE2,01-01-2023,Female,0
2969,ECCDE3,01-01-2023,Male,0
2969,ECCDE3,01-01-2023,Female,0
2969,PRY1,01-01-2023,Male,3
2969,PRY1,01-01-2023,Female,9
2969,PRY2,01-01-2023,Male,5
2969,PRY2,01-01-2023,Female,5
2969,PRY3,01-01-2023,Male,7
2969,PRY3,01-01-2023,Female,8
2969,PRY4,01-01-2023,Male,11
2969,PRY4,01-01-2023,Female,9
2969,PRY5,01-01-2023,Male,5
2969,PRY5,01-01-2023,Female,6
2969,PRY6,01-01-2023,Male,5
2969,PRY6,01-01-2023,Female,5
2970,ECCDE1,01-01-2023,Male,10
2970,ECCDE1,01-01-2023,Female,14
2970,ECCDE2,01-01-2023,Male,6
2970,ECCDE2,01-01-2023,Female,9
2970,ECCDE3,01-01-2023,Male,8
2970,ECCDE3,01-01-2023,Female,6
2970,PRY1,01-01-2023,Male,5
2970,PRY1,01-01-2023,Female,8
2970,PRY2,01-01-2023,Male,8
2970,PRY2,01-01-2023,Female,7
2970,PRY3,01-01-2023,Male,6
2970,PRY3,01-01-2023,Female,9
2970,PRY4,01-01-2023,Male,10
2970,PRY4,01-01-2023,Female,10
2970,PRY5,01-01-2023,Male,9
2970,PRY5,01-01-2023,Female,4
2970,PRY6,01-01-2023,Male,12
2970,PRY6,01-01-2023,Female,11
2971,ECCDE1,01-01-2023,Male,12
2971,ECCDE1,01-01-2023,Female,15
2971,ECCDE2,01-01-2023,Male,7
2971,ECCDE2,01-01-2023,Female,3
2971,ECCDE3,01-01-2023,Male,3
2971,ECCDE3,01-01-2023,Female,2
2971,PRY1,01-01-2023,Male,5
2971,PRY1,01-01-2023,Female,8
2971,PRY2,01-01-2023,Male,6
2971,PRY2,01-01-2023,Female,6
2971,PRY3,01-01-2023,Male,3
2971,PRY3,01-01-2023,Female,2
2971,PRY4,01-01-2023,Male,3
2971,PRY4,01-01-2023,Female,6
2971,PRY5,01-01-2023,Male,1
2971,PRY5,01-01-2023,Female,7
2971,PRY6,01-01-2023,Male,3
2971,PRY6,01-01-2023,Female,3
2972,ECCDE1,01-01-2023,Male,23
2972,ECCDE1,01-01-2023,Female,17
2972,ECCDE2,01-01-2023,Male,21
2972,ECCDE2,01-01-2023,Female,12
2972,ECCDE3,01-01-2023,Male,0
2972,ECCDE3,01-01-2023,Female,20
2972,PRY1,01-01-2023,Male,11
2972,PRY1,01-01-2023,Female,10
2972,PRY2,01-01-2023,Male,15
2972,PRY2,01-01-2023,Female,13
2972,PRY3,01-01-2023,Male,12
2972,PRY3,01-01-2023,Female,8
2972,PRY4,01-01-2023,Male,12
2972,PRY4,01-01-2023,Female,5
2972,PRY5,01-01-2023,Male,15
2972,PRY5,01-01-2023,Female,8
2972,PRY6,01-01-2023,Male,12
2972,PRY6,01-01-2023,Female,5
2973,ECCDE1,01-01-2023,Male,20
2973,ECCDE1,01-01-2023,Female,20
2973,ECCDE2,01-01-2023,Male,16
2973,ECCDE2,01-01-2023,Female,11
2973,ECCDE3,01-01-2023,Male,9
2973,ECCDE3,01-01-2023,Female,10
2973,PRY1,01-01-2023,Male,8
2973,PRY1,01-01-2023,Female,14
2973,PRY2,01-01-2023,Male,16
2973,PRY2,01-01-2023,Female,13
2973,PRY3,01-01-2023,Male,26
2973,PRY3,01-01-2023,Female,18
2973,PRY4,01-01-2023,Male,19
2973,PRY4,01-01-2023,Female,14
2973,PRY5,01-01-2023,Male,18
2973,PRY5,01-01-2023,Female,21
2973,PRY6,01-01-2023,Male,13
2973,PRY6,01-01-2023,Female,17
2974,ECCDE1,01-01-2023,Male,9
2974,ECCDE1,01-01-2023,Female,7
2974,ECCDE2,01-01-2023,Male,9
2974,ECCDE2,01-01-2023,Female,4
2974,ECCDE3,01-01-2023,Male,6
2974,ECCDE3,01-01-2023,Female,9
2974,PRY1,01-01-2023,Male,8
2974,PRY1,01-01-2023,Female,5
2974,PRY2,01-01-2023,Male,10
2974,PRY2,01-01-2023,Female,11
2974,PRY3,01-01-2023,Male,14
2974,PRY3,01-01-2023,Female,13
2974,PRY4,01-01-2023,Male,8
2974,PRY4,01-01-2023,Female,9
2974,PRY5,01-01-2023,Male,14
2974,PRY5,01-01-2023,Female,10
2974,PRY6,01-01-2023,Male,20
2974,PRY6,01-01-2023,Female,12
2975,ECCDE1,01-01-2023,Male,3
2975,ECCDE1,01-01-2023,Female,3
2975,ECCDE2,01-01-2023,Male,5
2975,ECCDE2,01-01-2023,Female,5
2975,ECCDE3,01-01-2023,Male,3
2975,ECCDE3,01-01-2023,Female,3
2975,PRY1,01-01-2023,Male,5
2975,PRY1,01-01-2023,Female,7
2975,PRY2,01-01-2023,Male,7
2975,PRY2,01-01-2023,Female,2
2975,PRY3,01-01-2023,Male,7
2975,PRY3,01-01-2023,Female,4
2975,PRY4,01-01-2023,Male,2
2975,PRY4,01-01-2023,Female,4
2975,PRY5,01-01-2023,Male,4
2975,PRY5,01-01-2023,Female,3
2975,PRY6,01-01-2023,Male,2
2975,PRY6,01-01-2023,Female,3
2976,ECCDE1,01-01-2023,Male,5
2976,ECCDE1,01-01-2023,Female,3
2976,ECCDE2,01-01-2023,Male,13
2976,ECCDE2,01-01-2023,Female,2
2976,ECCDE3,01-01-2023,Male,9
2976,ECCDE3,01-01-2023,Female,1
2976,PRY1,01-01-2023,Male,9
2976,PRY1,01-01-2023,Female,2
2976,PRY2,01-01-2023,Male,11
2976,PRY2,01-01-2023,Female,3
2976,PRY3,01-01-2023,Male,5
2976,PRY3,01-01-2023,Female,5
2976,PRY4,01-01-2023,Male,2
2976,PRY4,01-01-2023,Female,2
2976,PRY5,01-01-2023,Male,6
2976,PRY5,01-01-2023,Female,6
2976,PRY6,01-01-2023,Male,4
2976,PRY6,01-01-2023,Female,8
2977,ECCDE1,01-01-2023,Male,13
2977,ECCDE1,01-01-2023,Female,18
2977,ECCDE2,01-01-2023,Male,20
2977,ECCDE2,01-01-2023,Female,18
2977,ECCDE3,01-01-2023,Male,20
2977,ECCDE3,01-01-2023,Female,9
2977,PRY1,01-01-2023,Male,16
2977,PRY1,01-01-2023,Female,17
2977,PRY2,01-01-2023,Male,21
2977,PRY2,01-01-2023,Female,17
2977,PRY3,01-01-2023,Male,17
2977,PRY3,01-01-2023,Female,15
2977,PRY4,01-01-2023,Male,16
2977,PRY4,01-01-2023,Female,18
2977,PRY5,01-01-2023,Male,16
2977,PRY5,01-01-2023,Female,21
2977,PRY6,01-01-2023,Male,13
2977,PRY6,01-01-2023,Female,18
2978,ECCDE1,01-01-2023,Male,4
2978,ECCDE1,01-01-2023,Female,3
2978,ECCDE2,01-01-2023,Male,2
2978,ECCDE2,01-01-2023,Female,1
2978,ECCDE3,01-01-2023,Male,4
2978,ECCDE3,01-01-2023,Female,2
2978,PRY1,01-01-2023,Male,4
2978,PRY1,01-01-2023,Female,3
2978,PRY2,01-01-2023,Male,3
2978,PRY2,01-01-2023,Female,4
2978,PRY3,01-01-2023,Male,2
2978,PRY3,01-01-2023,Female,3
2978,PRY4,01-01-2023,Male,3
2978,PRY4,01-01-2023,Female,3
2978,PRY5,01-01-2023,Male,2
2978,PRY5,01-01-2023,Female,3
2978,PRY6,01-01-2023,Male,3
2978,PRY6,01-01-2023,Female,3
2979,ECCDE1,01-01-2023,Male,9
2979,ECCDE1,01-01-2023,Female,10
2979,ECCDE2,01-01-2023,Male,3
2979,ECCDE2,01-01-2023,Female,4
2979,ECCDE3,01-01-2023,Male,4
2979,ECCDE3,01-01-2023,Female,1
2979,PRY1,01-01-2023,Male,3
2979,PRY1,01-01-2023,Female,5
2979,PRY2,01-01-2023,Male,6
2979,PRY2,01-01-2023,Female,4
2979,PRY3,01-01-2023,Male,6
2979,PRY3,01-01-2023,Female,6
2979,PRY4,01-01-2023,Male,7
2979,PRY4,01-01-2023,Female,6
2979,PRY5,01-01-2023,Male,2
2979,PRY5,01-01-2023,Female,6
2979,PRY6,01-01-2023,Male,5
2979,PRY6,01-01-2023,Female,6
2980,ECCDE1,01-01-2023,Male,17
2980,ECCDE1,01-01-2023,Female,12
2980,ECCDE2,01-01-2023,Male,6
2980,ECCDE2,01-01-2023,Female,6
2980,ECCDE3,01-01-2023,Male,6
2980,ECCDE3,01-01-2023,Female,1
2980,PRY1,01-01-2023,Male,7
2980,PRY1,01-01-2023,Female,4
2980,PRY2,01-01-2023,Male,4
2980,PRY2,01-01-2023,Female,2
2980,PRY3,01-01-2023,Male,5
2980,PRY3,01-01-2023,Female,8
2980,PRY4,01-01-2023,Male,2
2980,PRY4,01-01-2023,Female,4
2980,PRY5,01-01-2023,Male,3
2980,PRY5,01-01-2023,Female,3
2980,PRY6,01-01-2023,Male,9
2980,PRY6,01-01-2023,Female,6
2981,ECCDE1,01-01-2023,Male,20
2981,ECCDE1,01-01-2023,Female,21
2981,ECCDE2,01-01-2023,Male,13
2981,ECCDE2,01-01-2023,Female,3
2981,ECCDE3,01-01-2023,Male,6
2981,ECCDE3,01-01-2023,Female,8
2981,PRY1,01-01-2023,Male,10
2981,PRY1,01-01-2023,Female,5
2981,PRY2,01-01-2023,Male,15
2981,PRY2,01-01-2023,Female,6
2981,PRY3,01-01-2023,Male,18
2981,PRY3,01-01-2023,Female,7
2981,PRY4,01-01-2023,Male,12
2981,PRY4,01-01-2023,Female,10
2981,PRY5,01-01-2023,Male,7
2981,PRY5,01-01-2023,Female,7
2981,PRY6,01-01-2023,Male,5
2981,PRY6,01-01-2023,Female,5
2982,ECCDE1,01-01-2023,Male,32
2982,ECCDE1,01-01-2023,Female,27
2982,ECCDE2,01-01-2023,Male,13
2982,ECCDE2,01-01-2023,Female,6
2982,ECCDE3,01-01-2023,Male,18
2982,ECCDE3,01-01-2023,Female,10
2982,PRY1,01-01-2023,Male,22
2982,PRY1,01-01-2023,Female,14
2982,PRY2,01-01-2023,Male,21
2982,PRY2,01-01-2023,Female,23
2982,PRY3,01-01-2023,Male,13
2982,PRY3,01-01-2023,Female,7
2982,PRY4,01-01-2023,Male,17
2982,PRY4,01-01-2023,Female,16
2982,PRY5,01-01-2023,Male,11
2982,PRY5,01-01-2023,Female,18
2982,PRY6,01-01-2023,Male,14
2982,PRY6,01-01-2023,Female,9
2983,ECCDE1,01-01-2023,Male,2
2983,ECCDE1,01-01-2023,Female,2
2983,ECCDE2,01-01-2023,Male,3
2983,ECCDE2,01-01-2023,Female,2
2983,ECCDE3,01-01-2023,Male,5
2983,ECCDE3,01-01-2023,Female,1
2983,PRY1,01-01-2023,Male,9
2983,PRY1,01-01-2023,Female,10
2983,PRY2,01-01-2023,Male,5
2983,PRY2,01-01-2023,Female,12
2983,PRY3,01-01-2023,Male,15
2983,PRY3,01-01-2023,Female,6
2983,PRY4,01-01-2023,Male,13
2983,PRY4,01-01-2023,Female,10
2983,PRY5,01-01-2023,Male,11
2983,PRY5,01-01-2023,Female,7
2983,PRY6,01-01-2023,Male,4
2983,PRY6,01-01-2023,Female,15
2984,ECCDE1,01-01-2023,Male,18
2984,ECCDE1,01-01-2023,Female,20
2984,ECCDE2,01-01-2023,Male,11
2984,ECCDE2,01-01-2023,Female,17
2984,ECCDE3,01-01-2023,Male,9
2984,ECCDE3,01-01-2023,Female,6
2984,PRY1,01-01-2023,Male,12
2984,PRY1,01-01-2023,Female,7
2984,PRY2,01-01-2023,Male,17
2984,PRY2,01-01-2023,Female,12
2984,PRY3,01-01-2023,Male,18
2984,PRY3,01-01-2023,Female,9
2984,PRY4,01-01-2023,Male,20
2984,PRY4,01-01-2023,Female,15
2984,PRY5,01-01-2023,Male,13
2984,PRY5,01-01-2023,Female,16
2984,PRY6,01-01-2023,Male,14
2984,PRY6,01-01-2023,Female,11
2985,ECCDE1,01-01-2023,Male,10
2985,ECCDE1,01-01-2023,Female,10
2985,ECCDE2,01-01-2023,Male,7
2985,ECCDE2,01-01-2023,Female,4
2985,ECCDE3,01-01-2023,Male,7
2985,ECCDE3,01-01-2023,Female,4
2985,PRY1,01-01-2023,Male,5
2985,PRY1,01-01-2023,Female,1
2985,PRY2,01-01-2023,Male,7
2985,PRY2,01-01-2023,Female,7
2985,PRY3,01-01-2023,Male,4
2985,PRY3,01-01-2023,Female,3
2985,PRY4,01-01-2023,Male,4
2985,PRY4,01-01-2023,Female,6
2985,PRY5,01-01-2023,Male,3
2985,PRY5,01-01-2023,Female,4
2985,PRY6,01-01-2023,Male,5
2985,PRY6,01-01-2023,Female,4
2986,ECCDE1,01-01-2023,Male,20
2986,ECCDE1,01-01-2023,Female,30
2986,ECCDE2,01-01-2023,Male,6
2986,ECCDE2,01-01-2023,Female,9
2986,ECCDE3,01-01-2023,Male,7
2986,ECCDE3,01-01-2023,Female,13
2986,PRY1,01-01-2023,Male,7
2986,PRY1,01-01-2023,Female,9
2986,PRY2,01-01-2023,Male,10
2986,PRY2,01-01-2023,Female,14
2986,PRY3,01-01-2023,Male,13
2986,PRY3,01-01-2023,Female,8
2986,PRY4,01-01-2023,Male,11
2986,PRY4,01-01-2023,Female,7
2986,PRY5,01-01-2023,Male,12
2986,PRY5,01-01-2023,Female,9
2986,PRY6,01-01-2023,Male,14
2986,PRY6,01-01-2023,Female,12
2987,ECCDE1,01-01-2023,Male,24
2987,ECCDE1,01-01-2023,Female,22
2987,ECCDE2,01-01-2023,Male,18
2987,ECCDE2,01-01-2023,Female,21
2987,ECCDE3,01-01-2023,Male,24
2987,ECCDE3,01-01-2023,Female,17
2987,PRY1,01-01-2023,Male,20
2987,PRY1,01-01-2023,Female,18
2987,PRY2,01-01-2023,Male,21
2987,PRY2,01-01-2023,Female,18
2987,PRY3,01-01-2023,Male,15
2987,PRY3,01-01-2023,Female,15
2987,PRY4,01-01-2023,Male,14
2987,PRY4,01-01-2023,Female,10
2987,PRY5,01-01-2023,Male,12
2987,PRY5,01-01-2023,Female,12
2987,PRY6,01-01-2023,Male,17
2987,PRY6,01-01-2023,Female,16
2988,ECCDE1,01-01-2023,Male,31
2988,ECCDE1,01-01-2023,Female,25
2988,ECCDE2,01-01-2023,Male,18
2988,ECCDE2,01-01-2023,Female,17
2988,ECCDE3,01-01-2023,Male,19
2988,ECCDE3,01-01-2023,Female,18
2988,PRY1,01-01-2023,Male,21
2988,PRY1,01-01-2023,Female,17
2988,PRY2,01-01-2023,Male,21
2988,PRY2,01-01-2023,Female,14
2988,PRY3,01-01-2023,Male,19
2988,PRY3,01-01-2023,Female,18
2988,PRY4,01-01-2023,Male,27
2988,PRY4,01-01-2023,Female,15
2988,PRY5,01-01-2023,Male,19
2988,PRY5,01-01-2023,Female,19
2988,PRY6,01-01-2023,Male,27
2988,PRY6,01-01-2023,Female,9
2989,ECCDE1,01-01-2023,Male,29
2989,ECCDE1,01-01-2023,Female,26
2989,ECCDE2,01-01-2023,Male,8
2989,ECCDE2,01-01-2023,Female,9
2989,ECCDE3,01-01-2023,Male,11
2989,ECCDE3,01-01-2023,Female,10
2989,PRY1,01-01-2023,Male,10
2989,PRY1,01-01-2023,Female,6
2989,PRY2,01-01-2023,Male,9
2989,PRY2,01-01-2023,Female,8
2989,PRY3,01-01-2023,Male,8
2989,PRY3,01-01-2023,Female,10
2989,PRY4,01-01-2023,Male,6
2989,PRY4,01-01-2023,Female,10
2989,PRY5,01-01-2023,Male,13
2989,PRY5,01-01-2023,Female,12
2989,PRY6,01-01-2023,Male,14
2989,PRY6,01-01-2023,Female,12
2990,ECCDE1,01-01-2023,Male,11
2990,ECCDE1,01-01-2023,Female,7
2990,ECCDE2,01-01-2023,Male,2
2990,ECCDE2,01-01-2023,Female,6
2990,ECCDE3,01-01-2023,Male,7
2990,ECCDE3,01-01-2023,Female,2
2990,PRY1,01-01-2023,Male,4
2990,PRY1,01-01-2023,Female,4
2990,PRY2,01-01-2023,Male,5
2990,PRY2,01-01-2023,Female,6
2990,PRY3,01-01-2023,Male,11
2990,PRY3,01-01-2023,Female,13
2990,PRY4,01-01-2023,Male,11
2990,PRY4,01-01-2023,Female,11
2990,PRY5,01-01-2023,Male,7
2990,PRY5,01-01-2023,Female,8
2990,PRY6,01-01-2023,Male,9
2990,PRY6,01-01-2023,Female,9
2991,ECCDE1,01-01-2023,Male,20
2991,ECCDE1,01-01-2023,Female,18
2991,ECCDE2,01-01-2023,Male,10
2991,ECCDE2,01-01-2023,Female,12
2991,ECCDE3,01-01-2023,Male,9
2991,ECCDE3,01-01-2023,Female,12
2991,PRY1,01-01-2023,Male,11
2991,PRY1,01-01-2023,Female,11
2991,PRY2,01-01-2023,Male,14
2991,PRY2,01-01-2023,Female,10
2991,PRY3,01-01-2023,Male,9
2991,PRY3,01-01-2023,Female,8
2991,PRY4,01-01-2023,Male,8
2991,PRY4,01-01-2023,Female,10
2991,PRY5,01-01-2023,Male,10
2991,PRY5,01-01-2023,Female,12
2991,PRY6,01-01-2023,Male,17
2991,PRY6,01-01-2023,Female,10
2992,ECCDE1,01-01-2023,Male,18
2992,ECCDE1,01-01-2023,Female,11
2992,ECCDE2,01-01-2023,Male,7
2992,ECCDE2,01-01-2023,Female,8
2992,ECCDE3,01-01-2023,Male,9
2992,ECCDE3,01-01-2023,Female,6
2992,PRY1,01-01-2023,Male,15
2992,PRY1,01-01-2023,Female,5
2992,PRY2,01-01-2023,Male,3
2992,PRY2,01-01-2023,Female,7
2992,PRY3,01-01-2023,Male,9
2992,PRY3,01-01-2023,Female,11
2992,PRY4,01-01-2023,Male,9
2992,PRY4,01-01-2023,Female,5
2992,PRY5,01-01-2023,Male,10
2992,PRY5,01-01-2023,Female,6
2992,PRY6,01-01-2023,Male,14
2992,PRY6,01-01-2023,Female,7
2993,ECCDE1,01-01-2023,Male,8
2993,ECCDE1,01-01-2023,Female,8
2993,ECCDE2,01-01-2023,Male,7
2993,ECCDE2,01-01-2023,Female,17
2993,ECCDE3,01-01-2023,Male,18
2993,ECCDE3,01-01-2023,Female,14
2993,PRY1,01-01-2023,Male,19
2993,PRY1,01-01-2023,Female,16
2993,PRY2,01-01-2023,Male,11
2993,PRY2,01-01-2023,Female,22
2993,PRY3,01-01-2023,Male,22
2993,PRY3,01-01-2023,Female,22
2993,PRY4,01-01-2023,Male,16
2993,PRY4,01-01-2023,Female,24
2993,PRY5,01-01-2023,Male,13
2993,PRY5,01-01-2023,Female,14
2993,PRY6,01-01-2023,Male,19
2993,PRY6,01-01-2023,Female,12
2994,ECCDE1,01-01-2023,Male,16
2994,ECCDE1,01-01-2023,Female,15
2994,ECCDE2,01-01-2023,Male,6
2994,ECCDE2,01-01-2023,Female,7
2994,ECCDE3,01-01-2023,Male,10
2994,ECCDE3,01-01-2023,Female,10
2994,PRY1,01-01-2023,Male,4
2994,PRY1,01-01-2023,Female,6
2994,PRY2,01-01-2023,Male,8
2994,PRY2,01-01-2023,Female,7
2994,PRY3,01-01-2023,Male,4
2994,PRY3,01-01-2023,Female,7
2994,PRY4,01-01-2023,Male,4
2994,PRY4,01-01-2023,Female,5
2994,PRY5,01-01-2023,Male,8
2994,PRY5,01-01-2023,Female,5
2994,PRY6,01-01-2023,Male,6
2994,PRY6,01-01-2023,Female,3
2995,ECCDE1,01-01-2023,Male,24
2995,ECCDE1,01-01-2023,Female,41
2995,ECCDE2,01-01-2023,Male,13
2995,ECCDE2,01-01-2023,Female,27
2995,ECCDE3,01-01-2023,Male,22
2995,ECCDE3,01-01-2023,Female,18
2995,PRY1,01-01-2023,Male,18
2995,PRY1,01-01-2023,Female,19
2995,PRY2,01-01-2023,Male,22
2995,PRY2,01-01-2023,Female,24
2995,PRY3,01-01-2023,Male,16
2995,PRY3,01-01-2023,Female,16
2995,PRY4,01-01-2023,Male,21
2995,PRY4,01-01-2023,Female,28
2995,PRY5,01-01-2023,Male,15
2995,PRY5,01-01-2023,Female,16
2995,PRY6,01-01-2023,Male,16
2995,PRY6,01-01-2023,Female,26
2996,ECCDE1,01-01-2023,Male,11
2996,ECCDE1,01-01-2023,Female,14
2996,ECCDE2,01-01-2023,Male,10
2996,ECCDE2,01-01-2023,Female,8
2996,ECCDE3,01-01-2023,Male,7
2996,ECCDE3,01-01-2023,Female,6
2996,PRY1,01-01-2023,Male,14
2996,PRY1,01-01-2023,Female,10
2996,PRY2,01-01-2023,Male,14
2996,PRY2,01-01-2023,Female,13
2996,PRY3,01-01-2023,Male,16
2996,PRY3,01-01-2023,Female,14
2996,PRY4,01-01-2023,Male,13
2996,PRY4,01-01-2023,Female,13
2996,PRY5,01-01-2023,Male,11
2996,PRY5,01-01-2023,Female,10
2996,PRY6,01-01-2023,Male,11
2996,PRY6,01-01-2023,Female,11
2997,ECCDE1,01-01-2023,Male,20
2997,ECCDE1,01-01-2023,Female,21
2997,ECCDE2,01-01-2023,Male,18
2997,ECCDE2,01-01-2023,Female,17
2997,ECCDE3,01-01-2023,Male,19
2997,ECCDE3,01-01-2023,Female,11
2997,PRY1,01-01-2023,Male,10
2997,PRY1,01-01-2023,Female,10
2997,PRY2,01-01-2023,Male,9
2997,PRY2,01-01-2023,Female,13
2997,PRY3,01-01-2023,Male,10
2997,PRY3,01-01-2023,Female,10
2997,PRY4,01-01-2023,Male,15
2997,PRY4,01-01-2023,Female,9
2997,PRY5,01-01-2023,Male,16
2997,PRY5,01-01-2023,Female,11
2997,PRY6,01-01-2023,Male,22
2997,PRY6,01-01-2023,Female,23
2998,ECCDE1,01-01-2023,Male,35
2998,ECCDE1,01-01-2023,Female,28
2998,ECCDE2,01-01-2023,Male,16
2998,ECCDE2,01-01-2023,Female,28
2998,ECCDE3,01-01-2023,Male,15
2998,ECCDE3,01-01-2023,Female,15
2998,PRY1,01-01-2023,Male,3
2998,PRY1,01-01-2023,Female,8
2998,PRY2,01-01-2023,Male,4
2998,PRY2,01-01-2023,Female,5
2998,PRY3,01-01-2023,Male,5
2998,PRY3,01-01-2023,Female,5
2998,PRY4,01-01-2023,Male,11
2998,PRY4,01-01-2023,Female,6
2998,PRY5,01-01-2023,Male,6
2998,PRY5,01-01-2023,Female,9
2998,PRY6,01-01-2023,Male,8
2998,PRY6,01-01-2023,Female,5
2999,ECCDE1,01-01-2023,Male,11
2999,ECCDE1,01-01-2023,Female,6
2999,ECCDE2,01-01-2023,Male,12
2999,ECCDE2,01-01-2023,Female,8
2999,ECCDE3,01-01-2023,Male,12
2999,ECCDE3,01-01-2023,Female,12
2999,PRY1,01-01-2023,Male,10
2999,PRY1,01-01-2023,Female,10
2999,PRY2,01-01-2023,Male,8
2999,PRY2,01-01-2023,Female,12
2999,PRY3,01-01-2023,Male,7
2999,PRY3,01-01-2023,Female,8
2999,PRY4,01-01-2023,Male,8
2999,PRY4,01-01-2023,Female,13
2999,PRY5,01-01-2023,Male,11
2999,PRY5,01-01-2023,Female,13
2999,PRY6,01-01-2023,Male,18
2999,PRY6,01-01-2023,Female,8
3000,ECCDE1,01-01-2023,Male,12
3000,ECCDE1,01-01-2023,Female,9
3000,ECCDE2,01-01-2023,Male,7
3000,ECCDE2,01-01-2023,Female,3
3000,ECCDE3,01-01-2023,Male,5
3000,ECCDE3,01-01-2023,Female,5
3000,PRY1,01-01-2023,Male,6
3000,PRY1,01-01-2023,Female,8
3000,PRY2,01-01-2023,Male,6
3000,PRY2,01-01-2023,Female,8
3000,PRY3,01-01-2023,Male,7
3000,PRY3,01-01-2023,Female,8
3000,PRY4,01-01-2023,Male,6
3000,PRY4,01-01-2023,Female,9
3000,PRY5,01-01-2023,Male,8
3000,PRY5,01-01-2023,Female,6
3000,PRY6,01-01-2023,Male,7
3000,PRY6,01-01-2023,Female,3
3001,ECCDE1,01-01-2023,Male,11
3001,ECCDE1,01-01-2023,Female,16
3001,ECCDE2,01-01-2023,Male,5
3001,ECCDE2,01-01-2023,Female,4
3001,ECCDE3,01-01-2023,Male,3
3001,ECCDE3,01-01-2023,Female,7
3001,PRY1,01-01-2023,Male,6
3001,PRY1,01-01-2023,Female,7
3001,PRY2,01-01-2023,Male,7
3001,PRY2,01-01-2023,Female,11
3001,PRY3,01-01-2023,Male,11
3001,PRY3,01-01-2023,Female,6
3001,PRY4,01-01-2023,Male,11
3001,PRY4,01-01-2023,Female,7
3001,PRY5,01-01-2023,Male,8
3001,PRY5,01-01-2023,Female,10
3001,PRY6,01-01-2023,Male,7
3001,PRY6,01-01-2023,Female,10
3002,ECCDE1,01-01-2023,Male,14
3002,ECCDE1,01-01-2023,Female,10
3002,ECCDE2,01-01-2023,Male,5
3002,ECCDE2,01-01-2023,Female,9
3002,ECCDE3,01-01-2023,Male,25
3002,ECCDE3,01-01-2023,Female,18
3002,PRY1,01-01-2023,Male,5
3002,PRY1,01-01-2023,Female,8
3002,PRY2,01-01-2023,Male,4
3002,PRY2,01-01-2023,Female,4
3002,PRY3,01-01-2023,Male,2
3002,PRY3,01-01-2023,Female,2
3002,PRY4,01-01-2023,Male,3
3002,PRY4,01-01-2023,Female,3
3002,PRY5,01-01-2023,Male,5
3002,PRY5,01-01-2023,Female,5
3002,PRY6,01-01-2023,Male,5
3002,PRY6,01-01-2023,Female,4
3003,ECCDE1,01-01-2023,Male,15
3003,ECCDE1,01-01-2023,Female,11
3003,ECCDE2,01-01-2023,Male,7
3003,ECCDE2,01-01-2023,Female,13
3003,ECCDE3,01-01-2023,Male,14
3003,ECCDE3,01-01-2023,Female,5
3003,PRY1,01-01-2023,Male,4
3003,PRY1,01-01-2023,Female,12
3003,PRY2,01-01-2023,Male,11
3003,PRY2,01-01-2023,Female,10
3003,PRY3,01-01-2023,Male,12
3003,PRY3,01-01-2023,Female,8
3003,PRY4,01-01-2023,Male,13
3003,PRY4,01-01-2023,Female,15
3003,PRY5,01-01-2023,Male,9
3003,PRY5,01-01-2023,Female,14
3003,PRY6,01-01-2023,Male,16
3003,PRY6,01-01-2023,Female,6
3004,ECCDE1,01-01-2023,Male,16
3004,ECCDE1,01-01-2023,Female,16
3004,ECCDE2,01-01-2023,Male,9
3004,ECCDE2,01-01-2023,Female,14
3004,ECCDE3,01-01-2023,Male,11
3004,ECCDE3,01-01-2023,Female,18
3004,PRY1,01-01-2023,Male,11
3004,PRY1,01-01-2023,Female,9
3004,PRY2,01-01-2023,Male,10
3004,PRY2,01-01-2023,Female,11
3004,PRY3,01-01-2023,Male,11
3004,PRY3,01-01-2023,Female,9
3004,PRY4,01-01-2023,Male,8
3004,PRY4,01-01-2023,Female,19
3004,PRY5,01-01-2023,Male,6
3004,PRY5,01-01-2023,Female,6
3004,PRY6,01-01-2023,Male,10
3004,PRY6,01-01-2023,Female,10
3005,ECCDE1,01-01-2023,Male,16
3005,ECCDE1,01-01-2023,Female,11
3005,ECCDE2,01-01-2023,Male,12
3005,ECCDE2,01-01-2023,Female,6
3005,ECCDE3,01-01-2023,Male,10
3005,ECCDE3,01-01-2023,Female,7
3005,PRY1,01-01-2023,Male,8
3005,PRY1,01-01-2023,Female,8
3005,PRY2,01-01-2023,Male,12
3005,PRY2,01-01-2023,Female,10
3005,PRY3,01-01-2023,Male,14
3005,PRY3,01-01-2023,Female,14
3005,PRY4,01-01-2023,Male,15
3005,PRY4,01-01-2023,Female,14
3005,PRY5,01-01-2023,Male,9
3005,PRY5,01-01-2023,Female,11
3005,PRY6,01-01-2023,Male,15
3005,PRY6,01-01-2023,Female,15
3006,ECCDE1,01-01-2023,Male,22
3006,ECCDE1,01-01-2023,Female,16
3006,ECCDE2,01-01-2023,Male,9
3006,ECCDE2,01-01-2023,Female,8
3006,ECCDE3,01-01-2023,Male,21
3006,ECCDE3,01-01-2023,Female,17
3006,PRY1,01-01-2023,Male,13
3006,PRY1,01-01-2023,Female,11
3006,PRY2,01-01-2023,Male,11
3006,PRY2,01-01-2023,Female,12
3006,PRY3,01-01-2023,Male,11
3006,PRY3,01-01-2023,Female,13
3006,PRY4,01-01-2023,Male,14
3006,PRY4,01-01-2023,Female,12
3006,PRY5,01-01-2023,Male,5
3006,PRY5,01-01-2023,Female,12
3006,PRY6,01-01-2023,Male,19
3006,PRY6,01-01-2023,Female,19
3007,ECCDE1,01-01-2023,Male,36
3007,ECCDE1,01-01-2023,Female,26
3007,ECCDE2,01-01-2023,Male,13
3007,ECCDE2,01-01-2023,Female,16
3007,ECCDE3,01-01-2023,Male,20
3007,ECCDE3,01-01-2023,Female,16
3007,PRY1,01-01-2023,Male,22
3007,PRY1,01-01-2023,Female,14
3007,PRY2,01-01-2023,Male,16
3007,PRY2,01-01-2023,Female,16
3007,PRY3,01-01-2023,Male,23
3007,PRY3,01-01-2023,Female,15
3007,PRY4,01-01-2023,Male,23
3007,PRY4,01-01-2023,Female,15
3007,PRY5,01-01-2023,Male,17
3007,PRY5,01-01-2023,Female,19
3007,PRY6,01-01-2023,Male,27
3007,PRY6,01-01-2023,Female,13
3008,ECCDE1,01-01-2023,Male,13
3008,ECCDE1,01-01-2023,Female,14
3008,ECCDE2,01-01-2023,Male,9
3008,ECCDE2,01-01-2023,Female,8
3008,ECCDE3,01-01-2023,Male,17
3008,ECCDE3,01-01-2023,Female,12
3008,PRY1,01-01-2023,Male,12
3008,PRY1,01-01-2023,Female,12
3008,PRY2,01-01-2023,Male,10
3008,PRY2,01-01-2023,Female,10
3008,PRY3,01-01-2023,Male,16
3008,PRY3,01-01-2023,Female,17
3008,PRY4,01-01-2023,Male,11
3008,PRY4,01-01-2023,Female,10
3008,PRY5,01-01-2023,Male,13
3008,PRY5,01-01-2023,Female,10
3008,PRY6,01-01-2023,Male,16
3008,PRY6,01-01-2023,Female,16
3009,ECCDE1,01-01-2023,Male,13
3009,ECCDE1,01-01-2023,Female,17
3009,ECCDE2,01-01-2023,Male,6
3009,ECCDE2,01-01-2023,Female,11
3009,ECCDE3,01-01-2023,Male,2
3009,ECCDE3,01-01-2023,Female,5
3009,PRY1,01-01-2023,Male,5
3009,PRY1,01-01-2023,Female,5
3009,PRY2,01-01-2023,Male,14
3009,PRY2,01-01-2023,Female,4
3009,PRY3,01-01-2023,Male,17
3009,PRY3,01-01-2023,Female,10
3009,PRY4,01-01-2023,Male,10
3009,PRY4,01-01-2023,Female,7
3009,PRY5,01-01-2023,Male,10
3009,PRY5,01-01-2023,Female,24
3009,PRY6,01-01-2023,Male,4
3009,PRY6,01-01-2023,Female,11
3010,ECCDE1,01-01-2023,Male,25
3010,ECCDE1,01-01-2023,Female,26
3010,ECCDE2,01-01-2023,Male,17
3010,ECCDE2,01-01-2023,Female,11
3010,ECCDE3,01-01-2023,Male,20
3010,ECCDE3,01-01-2023,Female,10
3010,PRY1,01-01-2023,Male,12
3010,PRY1,01-01-2023,Female,18
3010,PRY2,01-01-2023,Male,12
3010,PRY2,01-01-2023,Female,10
3010,PRY3,01-01-2023,Male,18
3010,PRY3,01-01-2023,Female,20
3010,PRY4,01-01-2023,Male,20
3010,PRY4,01-01-2023,Female,12
3010,PRY5,01-01-2023,Male,18
3010,PRY5,01-01-2023,Female,7
3010,PRY6,01-01-2023,Male,20
3010,PRY6,01-01-2023,Female,14
3011,ECCDE1,01-01-2023,Male,25
3011,ECCDE1,01-01-2023,Female,17
3011,ECCDE2,01-01-2023,Male,14
3011,ECCDE2,01-01-2023,Female,7
3011,ECCDE3,01-01-2023,Male,10
3011,ECCDE3,01-01-2023,Female,11
3011,PRY1,01-01-2023,Male,9
3011,PRY1,01-01-2023,Female,8
3011,PRY2,01-01-2023,Male,9
3011,PRY2,01-01-2023,Female,8
3011,PRY3,01-01-2023,Male,4
3011,PRY3,01-01-2023,Female,6
3011,PRY4,01-01-2023,Male,8
3011,PRY4,01-01-2023,Female,8
3011,PRY5,01-01-2023,Male,9
3011,PRY5,01-01-2023,Female,7
3011,PRY6,01-01-2023,Male,7
3011,PRY6,01-01-2023,Female,8
3012,ECCDE1,01-01-2023,Male,25
3012,ECCDE1,01-01-2023,Female,27
3012,ECCDE2,01-01-2023,Male,14
3012,ECCDE2,01-01-2023,Female,14
3012,ECCDE3,01-01-2023,Male,20
3012,ECCDE3,01-01-2023,Female,16
3012,PRY1,01-01-2023,Male,16
3012,PRY1,01-01-2023,Female,18
3012,PRY2,01-01-2023,Male,23
3012,PRY2,01-01-2023,Female,17
3012,PRY3,01-01-2023,Male,13
3012,PRY3,01-01-2023,Female,17
3012,PRY4,01-01-2023,Male,9
3012,PRY4,01-01-2023,Female,14
3012,PRY5,01-01-2023,Male,14
3012,PRY5,01-01-2023,Female,16
3012,PRY6,01-01-2023,Male,15
3012,PRY6,01-01-2023,Female,16
3013,ECCDE1,01-01-2023,Male,29
3013,ECCDE1,01-01-2023,Female,38
3013,ECCDE2,01-01-2023,Male,20
3013,ECCDE2,01-01-2023,Female,12
3013,ECCDE3,01-01-2023,Male,36
3013,ECCDE3,01-01-2023,Female,30
3013,PRY1,01-01-2023,Male,32
3013,PRY1,01-01-2023,Female,28
3013,PRY2,01-01-2023,Male,23
3013,PRY2,01-01-2023,Female,49
3013,PRY3,01-01-2023,Male,16
3013,PRY3,01-01-2023,Female,43
3013,PRY4,01-01-2023,Male,34
3013,PRY4,01-01-2023,Female,65
3013,PRY5,01-01-2023,Male,29
3013,PRY5,01-01-2023,Female,53
3013,PRY6,01-01-2023,Male,30
3013,PRY6,01-01-2023,Female,53
3014,ECCDE1,01-01-2023,Male,28
3014,ECCDE1,01-01-2023,Female,36
3014,ECCDE2,01-01-2023,Male,19
3014,ECCDE2,01-01-2023,Female,21
3014,ECCDE3,01-01-2023,Male,24
3014,ECCDE3,01-01-2023,Female,24
3014,PRY1,01-01-2023,Male,25
3014,PRY1,01-01-2023,Female,23
3014,PRY2,01-01-2023,Male,11
3014,PRY2,01-01-2023,Female,15
3014,PRY3,01-01-2023,Male,29
3014,PRY3,01-01-2023,Female,23
3014,PRY4,01-01-2023,Male,20
3014,PRY4,01-01-2023,Female,16
3014,PRY5,01-01-2023,Male,19
3014,PRY5,01-01-2023,Female,21
3014,PRY6,01-01-2023,Male,15
3014,PRY6,01-01-2023,Female,15
3015,ECCDE1,01-01-2023,Male,18
3015,ECCDE1,01-01-2023,Female,19
3015,ECCDE2,01-01-2023,Male,7
3015,ECCDE2,01-01-2023,Female,5
3015,ECCDE3,01-01-2023,Male,10
3015,ECCDE3,01-01-2023,Female,4
3015,PRY1,01-01-2023,Male,6
3015,PRY1,01-01-2023,Female,7
3015,PRY2,01-01-2023,Male,8
3015,PRY2,01-01-2023,Female,6
3015,PRY3,01-01-2023,Male,10
3015,PRY3,01-01-2023,Female,9
3015,PRY4,01-01-2023,Male,12
3015,PRY4,01-01-2023,Female,11
3015,PRY5,01-01-2023,Male,6
3015,PRY5,01-01-2023,Female,7
3015,PRY6,01-01-2023,Male,10
3015,PRY6,01-01-2023,Female,7
3016,ECCDE1,01-01-2023,Male,17
3016,ECCDE1,01-01-2023,Female,11
3016,ECCDE2,01-01-2023,Male,6
3016,ECCDE2,01-01-2023,Female,13
3016,ECCDE3,01-01-2023,Male,12
3016,ECCDE3,01-01-2023,Female,7
3016,PRY1,01-01-2023,Male,13
3016,PRY1,01-01-2023,Female,14
3016,PRY2,01-01-2023,Male,16
3016,PRY2,01-01-2023,Female,12
3016,PRY3,01-01-2023,Male,15
3016,PRY3,01-01-2023,Female,13
3016,PRY4,01-01-2023,Male,6
3016,PRY4,01-01-2023,Female,11
3016,PRY5,01-01-2023,Male,15
3016,PRY5,01-01-2023,Female,8
3016,PRY6,01-01-2023,Male,15
3016,PRY6,01-01-2023,Female,10
3017,ECCDE1,01-01-2023,Male,17
3017,ECCDE1,01-01-2023,Female,8
3017,ECCDE2,01-01-2023,Male,8
3017,ECCDE2,01-01-2023,Female,6
3017,ECCDE3,01-01-2023,Male,5
3017,ECCDE3,01-01-2023,Female,4
3017,PRY1,01-01-2023,Male,4
3017,PRY1,01-01-2023,Female,4
3017,PRY2,01-01-2023,Male,6
3017,PRY2,01-01-2023,Female,8
3017,PRY3,01-01-2023,Male,9
3017,PRY3,01-01-2023,Female,3
3017,PRY4,01-01-2023,Male,3
3017,PRY4,01-01-2023,Female,2
3017,PRY5,01-01-2023,Male,6
3017,PRY5,01-01-2023,Female,10
3017,PRY6,01-01-2023,Male,6
3017,PRY6,01-01-2023,Female,8
3018,ECCDE1,01-01-2023,Male,12
3018,ECCDE1,01-01-2023,Female,4
3018,ECCDE2,01-01-2023,Male,3
3018,ECCDE2,01-01-2023,Female,2
3018,ECCDE3,01-01-2023,Male,2
3018,ECCDE3,01-01-2023,Female,5
3018,PRY1,01-01-2023,Male,2
3018,PRY1,01-01-2023,Female,4
3018,PRY2,01-01-2023,Male,2
3018,PRY2,01-01-2023,Female,2
3018,PRY3,01-01-2023,Male,2
3018,PRY3,01-01-2023,Female,5
3018,PRY4,01-01-2023,Male,5
3018,PRY4,01-01-2023,Female,3
3018,PRY5,01-01-2023,Male,2
3018,PRY5,01-01-2023,Female,1
3018,PRY6,01-01-2023,Male,4
3018,PRY6,01-01-2023,Female,1
3019,ECCDE1,01-01-2023,Male,0
3019,ECCDE1,01-01-2023,Female,0
3019,ECCDE2,01-01-2023,Male,0
3019,ECCDE2,01-01-2023,Female,0
3019,ECCDE3,01-01-2023,Male,0
3019,ECCDE3,01-01-2023,Female,0
3019,PRY1,01-01-2023,Male,12
3019,PRY1,01-01-2023,Female,8
3019,PRY2,01-01-2023,Male,2
3019,PRY2,01-01-2023,Female,2
3019,PRY3,01-01-2023,Male,21
3019,PRY3,01-01-2023,Female,11
3019,PRY4,01-01-2023,Male,11
3019,PRY4,01-01-2023,Female,8
3019,PRY5,01-01-2023,Male,4
3019,PRY5,01-01-2023,Female,6
3019,PRY6,01-01-2023,Male,6
3019,PRY6,01-01-2023,Female,3
3020,ECCDE1,01-01-2023,Male,6
3020,ECCDE1,01-01-2023,Female,5
3020,ECCDE2,01-01-2023,Male,6
3020,ECCDE2,01-01-2023,Female,7
3020,ECCDE3,01-01-2023,Male,8
3020,ECCDE3,01-01-2023,Female,5
3020,PRY1,01-01-2023,Male,5
3020,PRY1,01-01-2023,Female,5
3020,PRY2,01-01-2023,Male,7
3020,PRY2,01-01-2023,Female,6
3020,PRY3,01-01-2023,Male,6
3020,PRY3,01-01-2023,Female,10
3020,PRY4,01-01-2023,Male,5
3020,PRY4,01-01-2023,Female,3
3020,PRY5,01-01-2023,Male,9
3020,PRY5,01-01-2023,Female,2
3020,PRY6,01-01-2023,Male,2
3020,PRY6,01-01-2023,Female,6
3021,ECCDE1,01-01-2023,Male,12
3021,ECCDE1,01-01-2023,Female,13
3021,ECCDE2,01-01-2023,Male,10
3021,ECCDE2,01-01-2023,Female,6
3021,ECCDE3,01-01-2023,Male,8
3021,ECCDE3,01-01-2023,Female,3
3021,PRY1,01-01-2023,Male,8
3021,PRY1,01-01-2023,Female,5
3021,PRY2,01-01-2023,Male,5
3021,PRY2,01-01-2023,Female,5
3021,PRY3,01-01-2023,Male,6
3021,PRY3,01-01-2023,Female,3
3021,PRY4,01-01-2023,Male,4
3021,PRY4,01-01-2023,Female,2
3021,PRY5,01-01-2023,Male,5
3021,PRY5,01-01-2023,Female,10
3021,PRY6,01-01-2023,Male,4
3021,PRY6,01-01-2023,Female,4
3022,ECCDE1,01-01-2023,Male,0
3022,ECCDE1,01-01-2023,Female,0
3022,ECCDE2,01-01-2023,Male,0
3022,ECCDE2,01-01-2023,Female,0
3022,ECCDE3,01-01-2023,Male,0
3022,ECCDE3,01-01-2023,Female,0
3022,PRY1,01-01-2023,Male,5
3022,PRY1,01-01-2023,Female,6
3022,PRY2,01-01-2023,Male,8
3022,PRY2,01-01-2023,Female,4
3022,PRY3,01-01-2023,Male,14
3022,PRY3,01-01-2023,Female,9
3022,PRY4,01-01-2023,Male,21
3022,PRY4,01-01-2023,Female,7
3022,PRY5,01-01-2023,Male,7
3022,PRY5,01-01-2023,Female,3
3022,PRY6,01-01-2023,Male,4
3022,PRY6,01-01-2023,Female,5
3023,ECCDE1,01-01-2023,Male,30
3023,ECCDE1,01-01-2023,Female,26
3023,ECCDE2,01-01-2023,Male,15
3023,ECCDE2,01-01-2023,Female,25
3023,ECCDE3,01-01-2023,Male,21
3023,ECCDE3,01-01-2023,Female,21
3023,PRY1,01-01-2023,Male,36
3023,PRY1,01-01-2023,Female,33
3023,PRY2,01-01-2023,Male,33
3023,PRY2,01-01-2023,Female,53
3023,PRY3,01-01-2023,Male,38
3023,PRY3,01-01-2023,Female,33
3023,PRY4,01-01-2023,Male,32
3023,PRY4,01-01-2023,Female,34
3023,PRY5,01-01-2023,Male,32
3023,PRY5,01-01-2023,Female,36
3023,PRY6,01-01-2023,Male,34
3023,PRY6,01-01-2023,Female,38
3024,ECCDE1,01-01-2023,Male,26
3024,ECCDE1,01-01-2023,Female,32
3024,ECCDE2,01-01-2023,Male,30
3024,ECCDE2,01-01-2023,Female,29
3024,ECCDE3,01-01-2023,Male,22
3024,ECCDE3,01-01-2023,Female,29
3024,PRY1,01-01-2023,Male,44
3024,PRY1,01-01-2023,Female,42
3024,PRY2,01-01-2023,Male,42
3024,PRY2,01-01-2023,Female,43
3024,PRY3,01-01-2023,Male,44
3024,PRY3,01-01-2023,Female,39
3024,PRY4,01-01-2023,Male,34
3024,PRY4,01-01-2023,Female,30
3024,PRY5,01-01-2023,Male,42
3024,PRY5,01-01-2023,Female,41
3024,PRY6,01-01-2023,Male,44
3024,PRY6,01-01-2023,Female,43
3025,ECCDE1,01-01-2023,Male,30
3025,ECCDE1,01-01-2023,Female,22
3025,ECCDE2,01-01-2023,Male,23
3025,ECCDE2,01-01-2023,Female,18
3025,ECCDE3,01-01-2023,Male,18
3025,ECCDE3,01-01-2023,Female,31
3025,PRY1,01-01-2023,Male,26
3025,PRY1,01-01-2023,Female,28
3025,PRY2,01-01-2023,Male,28
3025,PRY2,01-01-2023,Female,24
3025,PRY3,01-01-2023,Male,28
3025,PRY3,01-01-2023,Female,18
3025,PRY4,01-01-2023,Male,24
3025,PRY4,01-01-2023,Female,23
3025,PRY5,01-01-2023,Male,26
3025,PRY5,01-01-2023,Female,25
3025,PRY6,01-01-2023,Male,28
3025,PRY6,01-01-2023,Female,27
3026,ECCDE1,01-01-2023,Male,35
3026,ECCDE1,01-01-2023,Female,21
3026,ECCDE2,01-01-2023,Male,25
3026,ECCDE2,01-01-2023,Female,20
3026,ECCDE3,01-01-2023,Male,21
3026,ECCDE3,01-01-2023,Female,13
3026,PRY1,01-01-2023,Male,37
3026,PRY1,01-01-2023,Female,21
3026,PRY2,01-01-2023,Male,21
3026,PRY2,01-01-2023,Female,26
3026,PRY3,01-01-2023,Male,36
3026,PRY3,01-01-2023,Female,28
3026,PRY4,01-01-2023,Male,27
3026,PRY4,01-01-2023,Female,29
3026,PRY5,01-01-2023,Male,37
3026,PRY5,01-01-2023,Female,32
3026,PRY6,01-01-2023,Male,39
3026,PRY6,01-01-2023,Female,34
3027,ECCDE1,01-01-2023,Male,27
3027,ECCDE1,01-01-2023,Female,10
3027,ECCDE2,01-01-2023,Male,17
3027,ECCDE2,01-01-2023,Female,10
3027,ECCDE3,01-01-2023,Male,12
3027,ECCDE3,01-01-2023,Female,15
3027,PRY1,01-01-2023,Male,20
3027,PRY1,01-01-2023,Female,20
3027,PRY2,01-01-2023,Male,20
3027,PRY2,01-01-2023,Female,21
3027,PRY3,01-01-2023,Male,20
3027,PRY3,01-01-2023,Female,16
3027,PRY4,01-01-2023,Male,19
3027,PRY4,01-01-2023,Female,19
3027,PRY5,01-01-2023,Male,17
3027,PRY5,01-01-2023,Female,16
3027,PRY6,01-01-2023,Male,19
3027,PRY6,01-01-2023,Female,18
3028,ECCDE1,01-01-2023,Male,20
3028,ECCDE1,01-01-2023,Female,26
3028,ECCDE2,01-01-2023,Male,16
3028,ECCDE2,01-01-2023,Female,16
3028,ECCDE3,01-01-2023,Male,23
3028,ECCDE3,01-01-2023,Female,17
3028,PRY1,01-01-2023,Male,24
3028,PRY1,01-01-2023,Female,20
3028,PRY2,01-01-2023,Male,20
3028,PRY2,01-01-2023,Female,20
3028,PRY3,01-01-2023,Male,23
3028,PRY3,01-01-2023,Female,23
3028,PRY4,01-01-2023,Male,18
3028,PRY4,01-01-2023,Female,22
3028,PRY5,01-01-2023,Male,20
3028,PRY5,01-01-2023,Female,18
3028,PRY6,01-01-2023,Male,22
3028,PRY6,01-01-2023,Female,20
3029,ECCDE1,01-01-2023,Male,41
3029,ECCDE1,01-01-2023,Female,40
3029,ECCDE2,01-01-2023,Male,21
3029,ECCDE2,01-01-2023,Female,25
3029,ECCDE3,01-01-2023,Male,29
3029,ECCDE3,01-01-2023,Female,28
3029,PRY1,01-01-2023,Male,33
3029,PRY1,01-01-2023,Female,37
3029,PRY2,01-01-2023,Male,37
3029,PRY2,01-01-2023,Female,33
3029,PRY3,01-01-2023,Male,38
3029,PRY3,01-01-2023,Female,34
3029,PRY4,01-01-2023,Male,36
3029,PRY4,01-01-2023,Female,29
3029,PRY5,01-01-2023,Male,32
3029,PRY5,01-01-2023,Female,30
3029,PRY6,01-01-2023,Male,34
3029,PRY6,01-01-2023,Female,32
3030,ECCDE1,01-01-2023,Male,18
3030,ECCDE1,01-01-2023,Female,23
3030,ECCDE2,01-01-2023,Male,15
3030,ECCDE2,01-01-2023,Female,8
3030,ECCDE3,01-01-2023,Male,11
3030,ECCDE3,01-01-2023,Female,12
3030,PRY1,01-01-2023,Male,16
3030,PRY1,01-01-2023,Female,20
3030,PRY2,01-01-2023,Male,20
3030,PRY2,01-01-2023,Female,20
3030,PRY3,01-01-2023,Male,21
3030,PRY3,01-01-2023,Female,27
3030,PRY4,01-01-2023,Male,23
3030,PRY4,01-01-2023,Female,15
3030,PRY5,01-01-2023,Male,15
3030,PRY5,01-01-2023,Female,13
3030,PRY6,01-01-2023,Male,17
3030,PRY6,01-01-2023,Female,15
3031,ECCDE1,01-01-2023,Male,55
3031,ECCDE1,01-01-2023,Female,24
3031,ECCDE2,01-01-2023,Male,25
3031,ECCDE2,01-01-2023,Female,20
3031,ECCDE3,01-01-2023,Male,20
3031,ECCDE3,01-01-2023,Female,18
3031,PRY1,01-01-2023,Male,44
3031,PRY1,01-01-2023,Female,29
3031,PRY2,01-01-2023,Male,29
3031,PRY2,01-01-2023,Female,33
3031,PRY3,01-01-2023,Male,45
3031,PRY3,01-01-2023,Female,31
3031,PRY4,01-01-2023,Male,20
3031,PRY4,01-01-2023,Female,38
3031,PRY5,01-01-2023,Male,34
3031,PRY5,01-01-2023,Female,25
3031,PRY6,01-01-2023,Male,36
3031,PRY6,01-01-2023,Female,27
3032,ECCDE1,01-01-2023,Male,0
3032,ECCDE1,01-01-2023,Female,0
3032,ECCDE2,01-01-2023,Male,0
3032,ECCDE2,01-01-2023,Female,0
3032,ECCDE3,01-01-2023,Male,99
3032,ECCDE3,01-01-2023,Female,0
3032,PRY1,01-01-2023,Male,8
3032,PRY1,01-01-2023,Female,11
3032,PRY2,01-01-2023,Male,11
3032,PRY2,01-01-2023,Female,6
3032,PRY3,01-01-2023,Male,10
3032,PRY3,01-01-2023,Female,12
3032,PRY4,01-01-2023,Male,7
3032,PRY4,01-01-2023,Female,9
3032,PRY5,01-01-2023,Male,5
3032,PRY5,01-01-2023,Female,6
3032,PRY6,01-01-2023,Male,7
3032,PRY6,01-01-2023,Female,8
3033,ECCDE1,01-01-2023,Male,27
3033,ECCDE1,01-01-2023,Female,23
3033,ECCDE2,01-01-2023,Male,20
3033,ECCDE2,01-01-2023,Female,7
3033,ECCDE3,01-01-2023,Male,10
3033,ECCDE3,01-01-2023,Female,10
3033,PRY1,01-01-2023,Male,25
3033,PRY1,01-01-2023,Female,16
3033,PRY2,01-01-2023,Male,16
3033,PRY2,01-01-2023,Female,21
3033,PRY3,01-01-2023,Male,19
3033,PRY3,01-01-2023,Female,21
3033,PRY4,01-01-2023,Male,16
3033,PRY4,01-01-2023,Female,16
3033,PRY5,01-01-2023,Male,21
3033,PRY5,01-01-2023,Female,12
3033,PRY6,01-01-2023,Male,23
3033,PRY6,01-01-2023,Female,14
3034,ECCDE1,01-01-2023,Male,30
3034,ECCDE1,01-01-2023,Female,20
3034,ECCDE2,01-01-2023,Male,29
3034,ECCDE2,01-01-2023,Female,12
3034,ECCDE3,01-01-2023,Male,25
3034,ECCDE3,01-01-2023,Female,20
3034,PRY1,01-01-2023,Male,24
3034,PRY1,01-01-2023,Female,31
3034,PRY2,01-01-2023,Male,31
3034,PRY2,01-01-2023,Female,23
3034,PRY3,01-01-2023,Male,25
3034,PRY3,01-01-2023,Female,22
3034,PRY4,01-01-2023,Male,29
3034,PRY4,01-01-2023,Female,33
3034,PRY5,01-01-2023,Male,30
3034,PRY5,01-01-2023,Female,32
3034,PRY6,01-01-2023,Male,32
3034,PRY6,01-01-2023,Female,34
3035,ECCDE1,01-01-2023,Male,17
3035,ECCDE1,01-01-2023,Female,18
3035,ECCDE2,01-01-2023,Male,13
3035,ECCDE2,01-01-2023,Female,30
3035,ECCDE3,01-01-2023,Male,22
3035,ECCDE3,01-01-2023,Female,45
3035,PRY1,01-01-2023,Male,14
3035,PRY1,01-01-2023,Female,15
3035,PRY2,01-01-2023,Male,15
3035,PRY2,01-01-2023,Female,16
3035,PRY3,01-01-2023,Male,20
3035,PRY3,01-01-2023,Female,9
3035,PRY4,01-01-2023,Male,22
3035,PRY4,01-01-2023,Female,23
3035,PRY5,01-01-2023,Male,18
3035,PRY5,01-01-2023,Female,10
3035,PRY6,01-01-2023,Male,20
3035,PRY6,01-01-2023,Female,12
3036,ECCDE1,01-01-2023,Male,11
3036,ECCDE1,01-01-2023,Female,22
3036,ECCDE2,01-01-2023,Male,10
3036,ECCDE2,01-01-2023,Female,11
3036,ECCDE3,01-01-2023,Male,8
3036,ECCDE3,01-01-2023,Female,5
3036,PRY1,01-01-2023,Male,14
3036,PRY1,01-01-2023,Female,12
3036,PRY2,01-01-2023,Male,12
3036,PRY2,01-01-2023,Female,9
3036,PRY3,01-01-2023,Male,13
3036,PRY3,01-01-2023,Female,9
3036,PRY4,01-01-2023,Male,12
3036,PRY4,01-01-2023,Female,18
3036,PRY5,01-01-2023,Male,9
3036,PRY5,01-01-2023,Female,11
3036,PRY6,01-01-2023,Male,11
3036,PRY6,01-01-2023,Female,13
3037,ECCDE1,01-01-2023,Male,65
3037,ECCDE1,01-01-2023,Female,70
3037,ECCDE2,01-01-2023,Male,47
3037,ECCDE2,01-01-2023,Female,48
3037,ECCDE3,01-01-2023,Male,54
3037,ECCDE3,01-01-2023,Female,46
3037,PRY1,01-01-2023,Male,40
3037,PRY1,01-01-2023,Female,55
3037,PRY2,01-01-2023,Male,55
3037,PRY2,01-01-2023,Female,45
3037,PRY3,01-01-2023,Male,50
3037,PRY3,01-01-2023,Female,51
3037,PRY4,01-01-2023,Male,63
3037,PRY4,01-01-2023,Female,42
3037,PRY5,01-01-2023,Male,58
3037,PRY5,01-01-2023,Female,46
3037,PRY6,01-01-2023,Male,60
3037,PRY6,01-01-2023,Female,48
3038,ECCDE1,01-01-2023,Male,22
3038,ECCDE1,01-01-2023,Female,14
3038,ECCDE2,01-01-2023,Male,17
3038,ECCDE2,01-01-2023,Female,16
3038,ECCDE3,01-01-2023,Male,25
3038,ECCDE3,01-01-2023,Female,18
3038,PRY1,01-01-2023,Male,24
3038,PRY1,01-01-2023,Female,20
3038,PRY2,01-01-2023,Male,20
3038,PRY2,01-01-2023,Female,28
3038,PRY3,01-01-2023,Male,26
3038,PRY3,01-01-2023,Female,28
3038,PRY4,01-01-2023,Male,25
3038,PRY4,01-01-2023,Female,17
3038,PRY5,01-01-2023,Male,30
3038,PRY5,01-01-2023,Female,15
3038,PRY6,01-01-2023,Male,32
3038,PRY6,01-01-2023,Female,17
3039,ECCDE1,01-01-2023,Male,0
3039,ECCDE1,01-01-2023,Female,0
3039,ECCDE2,01-01-2023,Male,0
3039,ECCDE2,01-01-2023,Female,0
3039,ECCDE3,01-01-2023,Male,0
3039,ECCDE3,01-01-2023,Female,0
3039,PRY1,01-01-2023,Male,51
3039,PRY1,01-01-2023,Female,46
3039,PRY2,01-01-2023,Male,46
3039,PRY2,01-01-2023,Female,40
3039,PRY3,01-01-2023,Male,63
3039,PRY3,01-01-2023,Female,41
3039,PRY4,01-01-2023,Male,55
3039,PRY4,01-01-2023,Female,39
3039,PRY5,01-01-2023,Male,53
3039,PRY5,01-01-2023,Female,31
3039,PRY6,01-01-2023,Male,55
3039,PRY6,01-01-2023,Female,33
3040,ECCDE1,01-01-2023,Male,61
3040,ECCDE1,01-01-2023,Female,50
3040,ECCDE2,01-01-2023,Male,52
3040,ECCDE2,01-01-2023,Female,41
3040,ECCDE3,01-01-2023,Male,50
3040,ECCDE3,01-01-2023,Female,55
3040,PRY1,01-01-2023,Male,63
3040,PRY1,01-01-2023,Female,75
3040,PRY2,01-01-2023,Male,75
3040,PRY2,01-01-2023,Female,88
3040,PRY3,01-01-2023,Male,91
3040,PRY3,01-01-2023,Female,93
3040,PRY4,01-01-2023,Male,104
3040,PRY4,01-01-2023,Female,99
3040,PRY5,01-01-2023,Male,87
3040,PRY5,01-01-2023,Female,116
3040,PRY6,01-01-2023,Male,89
3040,PRY6,01-01-2023,Female,118
3041,ECCDE1,01-01-2023,Male,21
3041,ECCDE1,01-01-2023,Female,18
3041,ECCDE2,01-01-2023,Male,9
3041,ECCDE2,01-01-2023,Female,9
3041,ECCDE3,01-01-2023,Male,11
3041,ECCDE3,01-01-2023,Female,13
3041,PRY1,01-01-2023,Male,18
3041,PRY1,01-01-2023,Female,22
3041,PRY2,01-01-2023,Male,22
3041,PRY2,01-01-2023,Female,14
3041,PRY3,01-01-2023,Male,16
3041,PRY3,01-01-2023,Female,17
3041,PRY4,01-01-2023,Male,12
3041,PRY4,01-01-2023,Female,15
3041,PRY5,01-01-2023,Male,12
3041,PRY5,01-01-2023,Female,11
3041,PRY6,01-01-2023,Male,14
3041,PRY6,01-01-2023,Female,13
3042,ECCDE1,01-01-2023,Male,8
3042,ECCDE1,01-01-2023,Female,18
3042,ECCDE2,01-01-2023,Male,8
3042,ECCDE2,01-01-2023,Female,14
3042,ECCDE3,01-01-2023,Male,18
3042,ECCDE3,01-01-2023,Female,10
3042,PRY1,01-01-2023,Male,21
3042,PRY1,01-01-2023,Female,16
3042,PRY2,01-01-2023,Male,16
3042,PRY2,01-01-2023,Female,17
3042,PRY3,01-01-2023,Male,22
3042,PRY3,01-01-2023,Female,22
3042,PRY4,01-01-2023,Male,15
3042,PRY4,01-01-2023,Female,22
3042,PRY5,01-01-2023,Male,19
3042,PRY5,01-01-2023,Female,14
3042,PRY6,01-01-2023,Male,21
3042,PRY6,01-01-2023,Female,16
3043,ECCDE1,01-01-2023,Male,39
3043,ECCDE1,01-01-2023,Female,36
3043,ECCDE2,01-01-2023,Male,14
3043,ECCDE2,01-01-2023,Female,23
3043,ECCDE3,01-01-2023,Male,20
3043,ECCDE3,01-01-2023,Female,25
3043,PRY1,01-01-2023,Male,26
3043,PRY1,01-01-2023,Female,31
3043,PRY2,01-01-2023,Male,31
3043,PRY2,01-01-2023,Female,32
3043,PRY3,01-01-2023,Male,21
3043,PRY3,01-01-2023,Female,27
3043,PRY4,01-01-2023,Male,28
3043,PRY4,01-01-2023,Female,22
3043,PRY5,01-01-2023,Male,23
3043,PRY5,01-01-2023,Female,21
3043,PRY6,01-01-2023,Male,25
3043,PRY6,01-01-2023,Female,23
3044,ECCDE1,01-01-2023,Male,37
3044,ECCDE1,01-01-2023,Female,42
3044,ECCDE2,01-01-2023,Male,26
3044,ECCDE2,01-01-2023,Female,14
3044,ECCDE3,01-01-2023,Male,32
3044,ECCDE3,01-01-2023,Female,27
3044,PRY1,01-01-2023,Male,32
3044,PRY1,01-01-2023,Female,28
3044,PRY2,01-01-2023,Male,28
3044,PRY2,01-01-2023,Female,31
3044,PRY3,01-01-2023,Male,44
3044,PRY3,01-01-2023,Female,51
3044,PRY4,01-01-2023,Male,38
3044,PRY4,01-01-2023,Female,34
3044,PRY5,01-01-2023,Male,40
3044,PRY5,01-01-2023,Female,25
3044,PRY6,01-01-2023,Male,42
3044,PRY6,01-01-2023,Female,27
3045,ECCDE1,01-01-2023,Male,40
3045,ECCDE1,01-01-2023,Female,22
3045,ECCDE2,01-01-2023,Male,13
3045,ECCDE2,01-01-2023,Female,19
3045,ECCDE3,01-01-2023,Male,12
3045,ECCDE3,01-01-2023,Female,11
3045,PRY1,01-01-2023,Male,30
3045,PRY1,01-01-2023,Female,26
3045,PRY2,01-01-2023,Male,26
3045,PRY2,01-01-2023,Female,26
3045,PRY3,01-01-2023,Male,21
3045,PRY3,01-01-2023,Female,22
3045,PRY4,01-01-2023,Male,19
3045,PRY4,01-01-2023,Female,17
3045,PRY5,01-01-2023,Male,23
3045,PRY5,01-01-2023,Female,19
3045,PRY6,01-01-2023,Male,25
3045,PRY6,01-01-2023,Female,21
3046,ECCDE1,01-01-2023,Male,22
3046,ECCDE1,01-01-2023,Female,22
3046,ECCDE2,01-01-2023,Male,25
3046,ECCDE2,01-01-2023,Female,22
3046,ECCDE3,01-01-2023,Male,20
3046,ECCDE3,01-01-2023,Female,23
3046,PRY1,01-01-2023,Male,32
3046,PRY1,01-01-2023,Female,18
3046,PRY2,01-01-2023,Male,18
3046,PRY2,01-01-2023,Female,29
3046,PRY3,01-01-2023,Male,24
3046,PRY3,01-01-2023,Female,28
3046,PRY4,01-01-2023,Male,33
3046,PRY4,01-01-2023,Female,30
3046,PRY5,01-01-2023,Male,25
3046,PRY5,01-01-2023,Female,21
3046,PRY6,01-01-2023,Male,27
3046,PRY6,01-01-2023,Female,23
3047,ECCDE1,01-01-2023,Male,23
3047,ECCDE1,01-01-2023,Female,24
3047,ECCDE2,01-01-2023,Male,8
3047,ECCDE2,01-01-2023,Female,7
3047,ECCDE3,01-01-2023,Male,8
3047,ECCDE3,01-01-2023,Female,11
3047,PRY1,01-01-2023,Male,15
3047,PRY1,01-01-2023,Female,13
3047,PRY2,01-01-2023,Male,13
3047,PRY2,01-01-2023,Female,14
3047,PRY3,01-01-2023,Male,21
3047,PRY3,01-01-2023,Female,15
3047,PRY4,01-01-2023,Male,14
3047,PRY4,01-01-2023,Female,11
3047,PRY5,01-01-2023,Male,16
3047,PRY5,01-01-2023,Female,15
3047,PRY6,01-01-2023,Male,18
3047,PRY6,01-01-2023,Female,17
3048,ECCDE1,01-01-2023,Male,30
3048,ECCDE1,01-01-2023,Female,26
3048,ECCDE2,01-01-2023,Male,15
3048,ECCDE2,01-01-2023,Female,25
3048,ECCDE3,01-01-2023,Male,21
3048,ECCDE3,01-01-2023,Female,21
3048,PRY1,01-01-2023,Male,26
3048,PRY1,01-01-2023,Female,21
3048,PRY2,01-01-2023,Male,21
3048,PRY2,01-01-2023,Female,38
3048,PRY3,01-01-2023,Male,38
3048,PRY3,01-01-2023,Female,23
3048,PRY4,01-01-2023,Male,22
3048,PRY4,01-01-2023,Female,32
3048,PRY5,01-01-2023,Male,20
3048,PRY5,01-01-2023,Female,36
3048,PRY6,01-01-2023,Male,22
3048,PRY6,01-01-2023,Female,38
3049,ECCDE1,01-01-2023,Male,26
3049,ECCDE1,01-01-2023,Female,32
3049,ECCDE2,01-01-2023,Male,30
3049,ECCDE2,01-01-2023,Female,29
3049,ECCDE3,01-01-2023,Male,22
3049,ECCDE3,01-01-2023,Female,29
3049,PRY1,01-01-2023,Male,32
3049,PRY1,01-01-2023,Female,31
3049,PRY2,01-01-2023,Male,31
3049,PRY2,01-01-2023,Female,35
3049,PRY3,01-01-2023,Male,41
3049,PRY3,01-01-2023,Female,36
3049,PRY4,01-01-2023,Male,28
3049,PRY4,01-01-2023,Female,30
3049,PRY5,01-01-2023,Male,37
3049,PRY5,01-01-2023,Female,35
3049,PRY6,01-01-2023,Male,39
3049,PRY6,01-01-2023,Female,37
3050,ECCDE1,01-01-2023,Male,14
3050,ECCDE1,01-01-2023,Female,5
3050,ECCDE2,01-01-2023,Male,14
3050,ECCDE2,01-01-2023,Female,10
3050,ECCDE3,01-01-2023,Male,9
3050,ECCDE3,01-01-2023,Female,5
3050,PRY1,01-01-2023,Male,17
3050,PRY1,01-01-2023,Female,9
3050,PRY2,01-01-2023,Male,9
3050,PRY2,01-01-2023,Female,11
3050,PRY3,01-01-2023,Male,9
3050,PRY3,01-01-2023,Female,13
3050,PRY4,01-01-2023,Male,12
3050,PRY4,01-01-2023,Female,11
3050,PRY5,01-01-2023,Male,12
3050,PRY5,01-01-2023,Female,12
3050,PRY6,01-01-2023,Male,14
3050,PRY6,01-01-2023,Female,14
3051,ECCDE1,01-01-2023,Male,12
3051,ECCDE1,01-01-2023,Female,16
3051,ECCDE2,01-01-2023,Male,11
3051,ECCDE2,01-01-2023,Female,13
3051,ECCDE3,01-01-2023,Male,14
3051,ECCDE3,01-01-2023,Female,16
3051,PRY1,01-01-2023,Male,11
3051,PRY1,01-01-2023,Female,15
3051,PRY2,01-01-2023,Male,15
3051,PRY2,01-01-2023,Female,9
3051,PRY3,01-01-2023,Male,21
3051,PRY3,01-01-2023,Female,22
3051,PRY4,01-01-2023,Male,25
3051,PRY4,01-01-2023,Female,24
3051,PRY5,01-01-2023,Male,12
3051,PRY5,01-01-2023,Female,15
3051,PRY6,01-01-2023,Male,14
3051,PRY6,01-01-2023,Female,17
3052,ECCDE1,01-01-2023,Male,46
3052,ECCDE1,01-01-2023,Female,32
3052,ECCDE2,01-01-2023,Male,25
3052,ECCDE2,01-01-2023,Female,14
3052,ECCDE3,01-01-2023,Male,17
3052,ECCDE3,01-01-2023,Female,21
3052,PRY1,01-01-2023,Male,34
3052,PRY1,01-01-2023,Female,35
3052,PRY2,01-01-2023,Male,35
3052,PRY2,01-01-2023,Female,27
3052,PRY3,01-01-2023,Male,41
3052,PRY3,01-01-2023,Female,26
3052,PRY4,01-01-2023,Male,31
3052,PRY4,01-01-2023,Female,31
3052,PRY5,01-01-2023,Male,35
3052,PRY5,01-01-2023,Female,27
3052,PRY6,01-01-2023,Male,37
3052,PRY6,01-01-2023,Female,29
3053,ECCDE1,01-01-2023,Male,26
3053,ECCDE1,01-01-2023,Female,29
3053,ECCDE2,01-01-2023,Male,28
3053,ECCDE2,01-01-2023,Female,26
3053,ECCDE3,01-01-2023,Male,18
3053,ECCDE3,01-01-2023,Female,18
3053,PRY1,01-01-2023,Male,23
3053,PRY1,01-01-2023,Female,26
3053,PRY2,01-01-2023,Male,26
3053,PRY2,01-01-2023,Female,23
3053,PRY3,01-01-2023,Male,30
3053,PRY3,01-01-2023,Female,29
3053,PRY4,01-01-2023,Male,29
3053,PRY4,01-01-2023,Female,22
3053,PRY5,01-01-2023,Male,24
3053,PRY5,01-01-2023,Female,24
3053,PRY6,01-01-2023,Male,26
3053,PRY6,01-01-2023,Female,26
3054,ECCDE1,01-01-2023,Male,50
3054,ECCDE1,01-01-2023,Female,32
3054,ECCDE2,01-01-2023,Male,43
3054,ECCDE2,01-01-2023,Female,32
3054,ECCDE3,01-01-2023,Male,36
3054,ECCDE3,01-01-2023,Female,31
3054,PRY1,01-01-2023,Male,60
3054,PRY1,01-01-2023,Female,47
3054,PRY2,01-01-2023,Male,47
3054,PRY2,01-01-2023,Female,35
3054,PRY3,01-01-2023,Male,45
3054,PRY3,01-01-2023,Female,44
3054,PRY4,01-01-2023,Male,35
3054,PRY4,01-01-2023,Female,27
3054,PRY5,01-01-2023,Male,32
3054,PRY5,01-01-2023,Female,30
3054,PRY6,01-01-2023,Male,34
3054,PRY6,01-01-2023,Female,32
3055,ECCDE1,01-01-2023,Male,45
3055,ECCDE1,01-01-2023,Female,42
3055,ECCDE2,01-01-2023,Male,23
3055,ECCDE2,01-01-2023,Female,28
3055,ECCDE3,01-01-2023,Male,25
3055,ECCDE3,01-01-2023,Female,30
3055,PRY1,01-01-2023,Male,23
3055,PRY1,01-01-2023,Female,28
3055,PRY2,01-01-2023,Male,28
3055,PRY2,01-01-2023,Female,25
3055,PRY3,01-01-2023,Male,27
3055,PRY3,01-01-2023,Female,36
3055,PRY4,01-01-2023,Male,21
3055,PRY4,01-01-2023,Female,29
3055,PRY5,01-01-2023,Male,20
3055,PRY5,01-01-2023,Female,30
3055,PRY6,01-01-2023,Male,22
3055,PRY6,01-01-2023,Female,32
3056,ECCDE1,01-01-2023,Male,40
3056,ECCDE1,01-01-2023,Female,37
3056,ECCDE2,01-01-2023,Male,25
3056,ECCDE2,01-01-2023,Female,26
3056,ECCDE3,01-01-2023,Male,25
3056,ECCDE3,01-01-2023,Female,21
3056,PRY1,01-01-2023,Male,29
3056,PRY1,01-01-2023,Female,32
3056,PRY2,01-01-2023,Male,32
3056,PRY2,01-01-2023,Female,30
3056,PRY3,01-01-2023,Male,34
3056,PRY3,01-01-2023,Female,26
3056,PRY4,01-01-2023,Male,35
3056,PRY4,01-01-2023,Female,18
3056,PRY5,01-01-2023,Male,29
3056,PRY5,01-01-2023,Female,16
3056,PRY6,01-01-2023,Male,31
3056,PRY6,01-01-2023,Female,18
3057,ECCDE1,01-01-2023,Male,22
3057,ECCDE1,01-01-2023,Female,18
3057,ECCDE2,01-01-2023,Male,20
3057,ECCDE2,01-01-2023,Female,18
3057,ECCDE3,01-01-2023,Male,15
3057,ECCDE3,01-01-2023,Female,20
3057,PRY1,01-01-2023,Male,18
3057,PRY1,01-01-2023,Female,17
3057,PRY2,01-01-2023,Male,17
3057,PRY2,01-01-2023,Female,20
3057,PRY3,01-01-2023,Male,18
3057,PRY3,01-01-2023,Female,17
3057,PRY4,01-01-2023,Male,13
3057,PRY4,01-01-2023,Female,15
3057,PRY5,01-01-2023,Male,11
3057,PRY5,01-01-2023,Female,13
3057,PRY6,01-01-2023,Male,13
3057,PRY6,01-01-2023,Female,15
3058,ECCDE1,01-01-2023,Male,17
3058,ECCDE1,01-01-2023,Female,23
3058,ECCDE2,01-01-2023,Male,15
3058,ECCDE2,01-01-2023,Female,22
3058,ECCDE3,01-01-2023,Male,23
3058,ECCDE3,01-01-2023,Female,23
3058,PRY1,01-01-2023,Male,21
3058,PRY1,01-01-2023,Female,18
3058,PRY2,01-01-2023,Male,18
3058,PRY2,01-01-2023,Female,20
3058,PRY3,01-01-2023,Male,14
3058,PRY3,01-01-2023,Female,17
3058,PRY4,01-01-2023,Male,20
3058,PRY4,01-01-2023,Female,26
3058,PRY5,01-01-2023,Male,18
3058,PRY5,01-01-2023,Female,18
3058,PRY6,01-01-2023,Male,20
3058,PRY6,01-01-2023,Female,20
3059,ECCDE1,01-01-2023,Male,15
3059,ECCDE1,01-01-2023,Female,15
3059,ECCDE2,01-01-2023,Male,14
3059,ECCDE2,01-01-2023,Female,16
3059,ECCDE3,01-01-2023,Male,14
3059,ECCDE3,01-01-2023,Female,16
3059,PRY1,01-01-2023,Male,11
3059,PRY1,01-01-2023,Female,9
3059,PRY2,01-01-2023,Male,9
3059,PRY2,01-01-2023,Female,9
3059,PRY3,01-01-2023,Male,11
3059,PRY3,01-01-2023,Female,7
3059,PRY4,01-01-2023,Male,9
3059,PRY4,01-01-2023,Female,7
3059,PRY5,01-01-2023,Male,9
3059,PRY5,01-01-2023,Female,6
3059,PRY6,01-01-2023,Male,11
3059,PRY6,01-01-2023,Female,8
3060,ECCDE1,01-01-2023,Male,9
3060,ECCDE1,01-01-2023,Female,7
3060,ECCDE2,01-01-2023,Male,6
3060,ECCDE2,01-01-2023,Female,4
3060,ECCDE3,01-01-2023,Male,4
3060,ECCDE3,01-01-2023,Female,3
3060,PRY1,01-01-2023,Male,18
3060,PRY1,01-01-2023,Female,11
3060,PRY2,01-01-2023,Male,11
3060,PRY2,01-01-2023,Female,16
3060,PRY3,01-01-2023,Male,17
3060,PRY3,01-01-2023,Female,15
3060,PRY4,01-01-2023,Male,19
3060,PRY4,01-01-2023,Female,9
3060,PRY5,01-01-2023,Male,18
3060,PRY5,01-01-2023,Female,13
3060,PRY6,01-01-2023,Male,20
3060,PRY6,01-01-2023,Female,15
3061,ECCDE1,01-01-2023,Male,21
3061,ECCDE1,01-01-2023,Female,24
3061,ECCDE2,01-01-2023,Male,17
3061,ECCDE2,01-01-2023,Female,15
3061,ECCDE3,01-01-2023,Male,8
3061,ECCDE3,01-01-2023,Female,7
3061,PRY1,01-01-2023,Male,29
3061,PRY1,01-01-2023,Female,24
3061,PRY2,01-01-2023,Male,24
3061,PRY2,01-01-2023,Female,33
3061,PRY3,01-01-2023,Male,44
3061,PRY3,01-01-2023,Female,33
3061,PRY4,01-01-2023,Male,34
3061,PRY4,01-01-2023,Female,34
3061,PRY5,01-01-2023,Male,43
3061,PRY5,01-01-2023,Female,34
3061,PRY6,01-01-2023,Male,45
3061,PRY6,01-01-2023,Female,36
3062,ECCDE1,01-01-2023,Male,42
3062,ECCDE1,01-01-2023,Female,42
3062,ECCDE2,01-01-2023,Male,22
3062,ECCDE2,01-01-2023,Female,14
3062,ECCDE3,01-01-2023,Male,25
3062,ECCDE3,01-01-2023,Female,24
3062,PRY1,01-01-2023,Male,16
3062,PRY1,01-01-2023,Female,13
3062,PRY2,01-01-2023,Male,13
3062,PRY2,01-01-2023,Female,17
3062,PRY3,01-01-2023,Male,12
3062,PRY3,01-01-2023,Female,15
3062,PRY4,01-01-2023,Male,7
3062,PRY4,01-01-2023,Female,17
3062,PRY5,01-01-2023,Male,9
3062,PRY5,01-01-2023,Female,6
3062,PRY6,01-01-2023,Male,11
3062,PRY6,01-01-2023,Female,8
3063,ECCDE1,01-01-2023,Male,23
3063,ECCDE1,01-01-2023,Female,27
3063,ECCDE2,01-01-2023,Male,13
3063,ECCDE2,01-01-2023,Female,9
3063,ECCDE3,01-01-2023,Male,12
3063,ECCDE3,01-01-2023,Female,13
3063,PRY1,01-01-2023,Male,51
3063,PRY1,01-01-2023,Female,42
3063,PRY2,01-01-2023,Male,42
3063,PRY2,01-01-2023,Female,40
3063,PRY3,01-01-2023,Male,46
3063,PRY3,01-01-2023,Female,48
3063,PRY4,01-01-2023,Male,50
3063,PRY4,01-01-2023,Female,48
3063,PRY5,01-01-2023,Male,46
3063,PRY5,01-01-2023,Female,38
3063,PRY6,01-01-2023,Male,48
3063,PRY6,01-01-2023,Female,40
3064,ECCDE1,01-01-2023,Male,45
3064,ECCDE1,01-01-2023,Female,41
3064,ECCDE2,01-01-2023,Male,34
3064,ECCDE2,01-01-2023,Female,27
3064,ECCDE3,01-01-2023,Male,42
3064,ECCDE3,01-01-2023,Female,30
3064,PRY1,01-01-2023,Male,6
3064,PRY1,01-01-2023,Female,8
3064,PRY2,01-01-2023,Male,8
3064,PRY2,01-01-2023,Female,8
3064,PRY3,01-01-2023,Male,5
3064,PRY3,01-01-2023,Female,8
3064,PRY4,01-01-2023,Male,7
3064,PRY4,01-01-2023,Female,8
3064,PRY5,01-01-2023,Male,2
3064,PRY5,01-01-2023,Female,2
3064,PRY6,01-01-2023,Male,4
3064,PRY6,01-01-2023,Female,4
3065,ECCDE1,01-01-2023,Male,9
3065,ECCDE1,01-01-2023,Female,6
3065,ECCDE2,01-01-2023,Male,10
3065,ECCDE2,01-01-2023,Female,6
3065,ECCDE3,01-01-2023,Male,10
3065,ECCDE3,01-01-2023,Female,9
3065,PRY1,01-01-2023,Male,7
3065,PRY1,01-01-2023,Female,9
3065,PRY2,01-01-2023,Male,9
3065,PRY2,01-01-2023,Female,9
3065,PRY3,01-01-2023,Male,7
3065,PRY3,01-01-2023,Female,7
3065,PRY4,01-01-2023,Male,11
3065,PRY4,01-01-2023,Female,6
3065,PRY5,01-01-2023,Male,4
3065,PRY5,01-01-2023,Female,6
3065,PRY6,01-01-2023,Male,6
3065,PRY6,01-01-2023,Female,8
3066,ECCDE1,01-01-2023,Male,10
3066,ECCDE1,01-01-2023,Female,7
3066,ECCDE2,01-01-2023,Male,5
3066,ECCDE2,01-01-2023,Female,5
3066,ECCDE3,01-01-2023,Male,3
3066,ECCDE3,01-01-2023,Female,5
3066,PRY1,01-01-2023,Male,14
3066,PRY1,01-01-2023,Female,11
3066,PRY2,01-01-2023,Male,11
3066,PRY2,01-01-2023,Female,12
3066,PRY3,01-01-2023,Male,13
3066,PRY3,01-01-2023,Female,11
3066,PRY4,01-01-2023,Male,9
3066,PRY4,01-01-2023,Female,15
3066,PRY5,01-01-2023,Male,7
3066,PRY5,01-01-2023,Female,8
3066,PRY6,01-01-2023,Male,9
3066,PRY6,01-01-2023,Female,10
3067,ECCDE1,01-01-2023,Male,8
3067,ECCDE1,01-01-2023,Female,11
3067,ECCDE2,01-01-2023,Male,4
3067,ECCDE2,01-01-2023,Female,6
3067,ECCDE3,01-01-2023,Male,4
3067,ECCDE3,01-01-2023,Female,6
3067,PRY1,01-01-2023,Male,37
3067,PRY1,01-01-2023,Female,35
3067,PRY2,01-01-2023,Male,35
3067,PRY2,01-01-2023,Female,38
3067,PRY3,01-01-2023,Male,30
3067,PRY3,01-01-2023,Female,33
3067,PRY4,01-01-2023,Male,37
3067,PRY4,01-01-2023,Female,37
3067,PRY5,01-01-2023,Male,23
3067,PRY5,01-01-2023,Female,38
3067,PRY6,01-01-2023,Male,25
3067,PRY6,01-01-2023,Female,40
3068,ECCDE1,01-01-2023,Male,48
3068,ECCDE1,01-01-2023,Female,35
3068,ECCDE2,01-01-2023,Male,33
3068,ECCDE2,01-01-2023,Female,40
3068,ECCDE3,01-01-2023,Male,37
3068,ECCDE3,01-01-2023,Female,32
3068,PRY1,01-01-2023,Male,19
3068,PRY1,01-01-2023,Female,23
3068,PRY2,01-01-2023,Male,23
3068,PRY2,01-01-2023,Female,17
3068,PRY3,01-01-2023,Male,24
3068,PRY3,01-01-2023,Female,24
3068,PRY4,01-01-2023,Male,25
3068,PRY4,01-01-2023,Female,19
3068,PRY5,01-01-2023,Male,14
3068,PRY5,01-01-2023,Female,22
3068,PRY6,01-01-2023,Male,16
3068,PRY6,01-01-2023,Female,24
