lga_id,school_id,school_name,school_type,category,lat,long
13,1,AGUATA HIGH SCH.AGUATA,PUBLIC,Secondary,,
13,2,CHRIST THE REDEEMER COLLEGE  AMESI,PUBLIC,Secondary,,
13,3,COMM SEC. SCH. (BSS) EZINIFITE,PUBLIC,Secondary,,
13,4,COMM SEC. SCH. (BSS) IGBOUKWU,PUBLIC,Secondary,,
13,5,COMM SEC. SCH. AGULUEZECHUKWU,PUBLIC,Secondary,,
13,6,COMM SEC. SCH. AKPO,PUBLIC,Secondary,,
13,7,COMM SEC. SCH. ORAERI,PUBLIC,Secondary,,
13,8,COMM SEC.SCH. UMUCHU,PUBLIC,Secondary,,
13,9,COMM. SEC. SCH. ACHINA,PUBLIC,Secondary,,
13,10,COMM. SEC. SCH. NKPOLOGWU,PUBLIC,Secondary,,
13,11,COMM. SEC. SCH. UGA,PUBLIC,Secondary,,
13,12,COMM.SEC. SCH. ISUOFIA,PUBLIC,Secondary,,
13,13,EZINIFITE HIGH SCHOOL EZINIFITE,PUBLIC,Secondary,,
13,14,GIRLS' .SEC. SCH. IGBOUKWU,PUBLIC,Secondary,,
13,15,GIRLS' HIGH SCHOOL UGA,PUBLIC,Secondary,,
13,16,GOVT. TECH. COLL. UMUCHU,PUBLIC,Secondary,,
13,17,PIONEER SEC. SCH. (GSS) UMUCHU,PUBLIC,Secondary,,
13,18,ST. PETER'S SEC. SCH. ACHINA,PUBLIC,Secondary,,
13,19,UGA BOYS' SEC. SCH UGA,PUBLIC,Secondary,,
13,20,UMUCHU HIGH. SCH. UMUCHU,PUBLIC,Secondary,,
13,21,URBAN GIRLS'.SEC.SCH. EKWULOBIA,PUBLIC,Secondary,,
13,22,NEW GENERATION SECONDARY SCHOOL,PRIVATE,Secondary,,
13,23,ALL SAINTS SEMINARY SCHOOL,PRIVATE,Secondary,,
13,24,ALPHA COMPREHENSIVE SECONDARY SCHOOL,PRIVATE,Secondary,,
13,25,CHRIST THE KING SECONDARY SCHOOL,PRIVATE,Secondary,,
13,26,COMPREHENSIVE SECONDARY SCHOOL,PRIVATE,Secondary,,
13,27,CONCEPTS SECONDARY SCHOOL,PRIVATE,Secondary,,
13,28,DE-LIGHT INT’L SECONDARY SCHOOL,PRIVATE,Secondary,,
13,29,EXCELLENT PONDGE INT'L SECONDARY SCHOOL,PRIVATE,Secondary,,
13,30,FIRST HILL SECONDARY SCHOOL,PRIVATE,Secondary,,
13,31,FUTURE HOPE SECONDARY SCHOOL,PRIVATE,Secondary,,
13,32,GOD’S OWN SECONDARY SCHOOL,PRIVATE,Secondary,,
13,33,GOODNESS COMPREHENSIVE SECONDARY  SCHOOL,PRIVATE,Secondary,,
13,34,HOLY CHILD SECONDARY SCHOOL,PRIVATE,Secondary,,
13,35,HOLY FAMILY SECONDARY SCHOOL,PRIVATE,Secondary,,
13,36,HOLY NAME SECONDARY SCHOOL,PRIVATE,Secondary,,
13,37,IMMACULATE HEART SECONDARY SCHOOL,PRIVATE,Secondary,,
13,38,IMMUNUAL MODEL SECONDARY SCHOOL,PRIVATE,Secondary,,
13,39,KONIGIN DES FRIENDINS COLLEGE,PRIVATE,Secondary,,
13,40,LORD'S LIVINGSTONE MODEL SECONDARY SCHOOL,PRIVATE,Secondary,,
13,41,MADONNA SECONDARY SCHOOL,PRIVATE,Secondary,,
13,42,MADUKA MEMORIAL COLLEGE,PRIVATE,Secondary,,
13,43,MODEL COMPREHENSIVE SECONDARY SCHOOL,PRIVATE,Secondary,,
13,44,MOTHER OF CHRIST SECONDARY SCHOOL,PRIVATE,Secondary,,
13,45,NEW ERA COMPREHENSIVE SECONDARY SCHOOL,PRIVATE,Secondary,,
13,46,OUR LADY’S COMPREHENSIVE COLLEGE,PRIVATE,Secondary,,
13,47,PREMIER COMPREHENSIVE SECONDARY  SCHOOL,PRIVATE,Secondary,,
13,48,ROYAL BRAINS SECONDARY SCHOOL,PRIVATE,Secondary,,
13,49,ST. ANTHONY'S SECONDARY SCHOOL,PRIVATE,Secondary,,
13,50,ST. AUGUSTINE MODEL SECONDARY SCHOOL,PRIVATE,Secondary,,
13,51,ST. FRANCIS SECONDARY SCHOOL,PRIVATE,Secondary,,
13,52,ST. PAUL’S ACADEMY,PRIVATE,Secondary,,
13,53,STANDARD INSTITUTE OF SECRETARIAL STUDIES,PRIVATE,Secondary,,
13,54,UNIQUE SECONDARY SCHOOL,PRIVATE,Secondary,,
13,55,UNITY COMPREHENSIVE SECONDARY,PRIVATE,Secondary,,
13,56,URBAN COMPREHENSIVE SCHOOL,PRIVATE,Secondary,,
18,57,CHS  NSUGBE,PUBLIC,Secondary,,
18,58,CHS IGBARIAM,PUBLIC,Secondary,,
18,59,CMASS ENUGU-OTU,PUBLIC,Secondary,,
18,60,CSS IFITE UMUERI,PUBLIC,Secondary,,
18,61,CSS NANDO,PUBLIC,Secondary,,
18,62,CSS UMUOBA ANAM,PUBLIC,Secondary,,
18,63,FR. JMHS AGULERI,PUBLIC,Secondary,,
18,64,GTC UMUERI,PUBLIC,Secondary,,
18,65,JCMSS AGULERI,PUBLIC,Secondary,,
18,66,SMC UMUERI,PUBLIC,Secondary,,
18,67,WOSS ENUGWU AGULERI,PUBLIC,Secondary,,
18,68,ARCH BISHOP PATTERSON SEMINARY SCHOOL,PRIVATE,Secondary,,
18,69,BISHOP ANTHONY NKWOKA GRAMMAR SCHOOL,PRIVATE,Secondary,,
18,70,CHUKWUNONYE SECONDARY SCHOOL,PRIVATE,Secondary,,
18,71,DEGREAT MODEL SECONDARY SCHOOL,PRIVATE,Secondary,,
18,72,DESTINY SECONDARY SCHOOL,PRIVATE,Secondary,,
18,73,DIVINE MERCY SECONDARY SCHOOL,PRIVATE,Secondary,,
18,74,ENCRISTO COMPREHENSIVE SECONDARY SCHOOL,PRIVATE,Secondary,,
18,75,FR. TANSI SECONDARY SCHOOL,PRIVATE,Secondary,,
18,76,FRANKLIN INT'L SECONDRY SCHOOL,PRIVATE,Secondary,,
18,77,GEORGE NWALUE COMPREHENSIVE SCHOOL,PRIVATE,Secondary,,
18,78,HOLY ROSARY GIRLS COLLEGE,PRIVATE,Secondary,,
18,79,IMMANUEL INT’L SECONDARY SCHOOL,PRIVATE,Secondary,,
18,80,INTERNATIONAL MODEL COMPREHENSIVE SECONDAR SCHOOL,PRIVATE,Secondary,,
18,81,IWENE TANSI SECONDARY SCHOOL,PRIVATE,Secondary,,
18,82,MADONNA SECONDARY SCHOOL,PRIVATE,Secondary,,
18,83,MATER DEI SECONDARY SCHOOL,PRIVATE,Secondary,,
18,84,MATER DEI SECONDARY SCHOOL,PRIVATE,Secondary,,
18,85,MATER DEI SECONDARY SCHOOL,PRIVATE,Secondary,,
18,86,MATER MISERICODA SECONDARY SCHOOL,PRIVATE,Secondary,,
18,87,MATER MISERICODA SECONDARY SCHOOL,PRIVATE,Secondary,,
18,88,MICHEAL TANSI SECONDARY SCHOOL,PRIVATE,Secondary,,
18,89,NWAFOR ORIZU DEMONSTRATION SECONDARY SCHOOL,PRIVATE,Secondary,,
18,90,POPE JOHN PAUL SECONDARY SCHOOL,PRIVATE,Secondary,,
18,91,PRIME FOUNDATION SECONDARY SCHOOL,PRIVATE,Secondary,,
18,92,SMART STARS INT'L SECONDARY SCHOOL,PRIVATE,Secondary,,
18,93,ST JOHN VIANNEY SCIENCE COLLEGE,PRIVATE,Secondary,,
18,94,ST. JOSEPH MEMORIAL HIGH SCHOOL,PRIVATE,Secondary,,
18,95,SUCCESS INT’L SECONDARY SCHOOL,PRIVATE,Secondary,,
18,96,UNIVERSAL SECONDARY SCHOOL,PRIVATE,Secondary,,
18,97,VIRGIN MARY CONVENT,PRIVATE,Secondary,,
18,98,WISDOM CHRISTIAN SECONDARY SCHOOL,PRIVATE,Secondary,,
18,99,ZION MISSION SECONDARY SCHOOL,PRIVATE,Secondary,,
2,100,AHS OROMA ETITI,PUBLIC,Secondary,,
2,101,CCSS NZAM,PUBLIC,Secondary,,
2,102,CKC UMUEM,PUBLIC,Secondary,,
2,103,CSS IFITE ANAM MMIATA,PUBLIC,Secondary,,
2,104,CSS IGBEDOR,PUBLIC,Secondary,,
2,105,CSS OWELLE,PUBLIC,Secondary,,
2,106,CSS UMUEZE ANAM,PUBLIC,Secondary,,
2,107,UCSS INOMA AKATOR,PUBLIC,Secondary,,
2,108,CHRIST THE KING COLLEGE,PRIVATE,Secondary,,
2,109,CROWTHER MEMORIAL COLLEGE,PRIVATE,Secondary,,
2,110,FR. AMADI MEM. COLLEGE,PRIVATE,Secondary,,
2,111,FR. OHAI MEMORIAL MODEL SECONDARY SCHOOL,PRIVATE,Secondary,,
2,112,GREAT SAILOR INT’L SECONDARY SCHOOL,PRIVATE,Secondary,,
2,113,MADONNA SECONDARY SCHOOL,PRIVATE,Secondary,,
2,114,OUR LADY OF LOURDES COLLEGE,PRIVATE,Secondary,,
9,115,AGULU GRAM. SCH. AGULU,PUBLIC,Secondary,,
9,116,BUBENDORFF M.G.S. ADAZI-NNUKWU,PUBLIC,Secondary,,
9,117,COMM HIGH SCH. AKWAEZE,PUBLIC,Secondary,,
9,118,COMM. HIGH SCH. ADAZI,PUBLIC,Secondary,,
9,119,COMM. HIGH SCH. AGULUZIGBO,PUBLIC,Secondary,,
9,120,COMM. SEC. SCH. ADAZI-NNUKWU,PUBLIC,Secondary,,
9,121,COMM. SEC. SCH. AGULU,PUBLIC,Secondary,,
9,122,COMM. SEC. SCH. ICHIDA,PUBLIC,Secondary,,
9,123,COMM. SEC. SCH. OBELEDU,PUBLIC,Secondary,,
9,124,FLORA A.M.C SEC.SCH. NENI,PUBLIC,Secondary,,
9,125,LAKE-CITY SEC. SCH. NRI,PUBLIC,Secondary,,
9,126,LORETTO SPE. SEC. SCH. ADAZI NNUKWU,PUBLIC,Secondary,,
9,127,OJIAKO MEM0 GRAM SCH. ADAZI-ANI,PUBLIC,Secondary,,
9,128,REGAL SEC. SCH. NRI,PUBLIC,Secondary,,
9,129,ROSA MYSTICA HIGH SCHOOL AGULU,PUBLIC,Secondary,,
9,130,UNION SEC. SCH. AGULU,PUBLIC,Secondary,,
9,131,ALPHA STAR SECONDARY SCHOOL,PRIVATE,Secondary,,
9,132,CAPITOL SECONDARY SCHOOL,PRIVATE,Secondary,,
9,133,CHUKWUDOZIE COMMERCIAL INSTITUTE,PRIVATE,Secondary,,
9,134,HOLY QUEEN SECONDARY SCHOOL,PRIVATE,Secondary,,
9,135,MATECO COLLEGE,PRIVATE,Secondary,,
9,136,PIONEER PRECIOUS AND PECULIAR INT'L SECONDARY SCHOOL,PRIVATE,Secondary,,
9,137,ST. ALBART THE GREAT SECONDART SCHOOL,PRIVATE,Secondary,,
9,138,ST. ANTHONYS’CATHOLIC COMPREHENSIVE INSTITUTE,PRIVATE,Secondary,,
9,139,ST. AUGUSTINE SECONDARY SCHOOL,PRIVATE,Secondary,,
9,140,ST. JOHN’S VOCATIONAL INSTITUTE,PRIVATE,Secondary,,
15,141,COMM. SEC. SCH. ACHALLA,PUBLIC,Secondary,,
15,142,COMM. SEC. SCH. AMANSEA,PUBLIC,Secondary,,
15,143,COMM. SEC. SCH. AMANUKE,PUBLIC,Secondary,,
15,144,COMM. SEC. SCH. AWBA OFEMILI,PUBLIC,Secondary,,
15,145,COMM. SEC. SCH. EBENEBE,PUBLIC,Secondary,,
15,146,COMM. SEC. SCH. ISUANIOCHA,PUBLIC,Secondary,,
15,147,COMM. SEC. SCH. MGBAKWU,PUBLIC,Secondary,,
15,148,COMM. SEC. SCH. URUM,PUBLIC,Secondary,,
15,149,FLORA A.M.C SEC.SCH. NENI,PUBLIC,Secondary,,
15,150,ANEROBI INT’L SECONDARY SCHOOL,PRIVATE,Secondary,,
15,151,CHRIST THE KING COLLEGE,PRIVATE,Secondary,,
15,152,FAVOUR OF GRACE INT’L SECONDARY SCHOOL,PRIVATE,Secondary,,
15,153,GLOBEX SPRING INT'L HIGH SCHOOL,PRIVATE,Secondary,,
15,154,HANDMAIDS GIRLS SECONDARY SCHOOL,PRIVATE,Secondary,,
15,155,HOLY SPIRIT SECONDARY SCHOOL,PRIVATE,Secondary,,
15,156,NWOKIKE MEMORIAL SCHOOL OF EXCELLENCE,PRIVATE,Secondary,,
15,157,PETRAM CHRISTUM SECONDARY SCHOOL,PRIVATE,Secondary,,
15,158,ROYAL OF COMMERCE COLLEGE,PRIVATE,Secondary,,
15,159,SEAT OF WISDOM SECONDARY SCHOOL,PRIVATE,Secondary,,
15,160,ST JOHN BOSCO SEMINARY SCHOOL,PRIVATE,Secondary,,
15,161,ST. JOHN BOSCO SEMINARY,PRIVATE,Secondary,,
15,162,TRUE COVENANT OF GOD SECONDARY SCHOOL,PRIVATE,Secondary,,
20,163,CAPITAL CITY SEC. SCH. AWKA,PUBLIC,Secondary,,
20,164,COMM. SEC. SCH. AGULU AWKA,PUBLIC,Secondary,,
20,165,COMM. SEC. SCH. AMAWBIA,PUBLIC,Secondary,,
20,166,COMM. SEC. SCH. ISIAGU,PUBLIC,Secondary,,
20,167,COMM. SEC. SCH. MBAUKWU,PUBLIC,Secondary,,
20,168,COMM. SEC. SCH. OKPUNO,PUBLIC,Secondary,,
20,169,COMM. SEC. SCH UMUOKPU,PUBLIC,Secondary,,
20,170,EMEKA AGHASILI HIGH SCH. NISE,PUBLIC,Secondary,,
20,171,EZEIKE HIGH SCH. NIBO,PUBLIC,Secondary,,
20,172,EZI-AWKA COMM. SEC. SCH. AWKA,PUBLIC,Secondary,,
20,173,GIRLS' SEC. SCH. AWKA,PUBLIC,Secondary,,
20,174,HOLY CROSS HIGH SCH. UMUAWULU/MBAUKWU,PUBLIC,Secondary,,
20,175,IGWEBUIKE GRAMMER SCH. AWKA,PUBLIC,Secondary,,
20,176,KENNETH DIKE MEM. SEC. SCH. AWKA,PUBLIC,Secondary,,
20,177,NNEOMA COMM. SEC. SCH. NIBO,PUBLIC,Secondary,,
20,178,ST. JOHN SEC. SCH. AWKA,PUBLIC,Secondary,,
20,179,"STATE MODEL JUNIOR SEC. SCH., IYIAGU II AWKA",PUBLIC,Secondary,,
20,180,UNION SEC. SCH. AMAWBIA,PUBLIC,Secondary,,
20,181,UNION SEC. SCH. UMUAWULU,PUBLIC,Secondary,,
20,182,ALL SAINTS SECONDARY SCHOOL,PRIVATE,Secondary,,
20,183,BISHOP CROWTHER JUNIOR SEMINARY,PRIVATE,Secondary,,
20,184,BLOSSOM FOUNT COLLEGE,PRIVATE,Secondary,,
20,185,BRIGHT STAR SECONDARY SCHOOL,PRIVATE,Secondary,,
20,186,BRIGHTER HIGHT SECONDARY SCHOOL,PRIVATE,Secondary,,
20,187,BRITISH SPRING COLLEGE,PRIVATE,Secondary,,
20,188,CANDY INT'L COLLEGE,PRIVATE,Secondary,,
20,189,CITADEL MODEL COLLEGE,PRIVATE,Secondary,,
20,190,CLIMAX VOCATIONAL INSTITUTE,PRIVATE,Secondary,,
20,191,DESTINY COMPREHENSIVE SECONDARY SCHOOL,PRIVATE,Secondary,,
20,192,DIFFERENTIAL COLLEGE,PRIVATE,Secondary,,
20,193,DIVINE MODEL SECONDARY SCHOOL,PRIVATE,Secondary,,
20,194,DIVINE VOCATIONAL INSTITUTE,PRIVATE,Secondary,,
20,195,EAGLE POEWR OF EXCELLENCE SECONDARY SCHOOL,PRIVATE,Secondary,,
20,196,ENZY ROYAL COLLEGE,PRIVATE,Secondary,,
20,197,FIDELIS NWABUEZE INT’L HIGH SCHOOL,PRIVATE,Secondary,,
20,198,FIRM FOUNDATION SECONDARY SCHOOL,PRIVATE,Secondary,,
20,199,FLORA FIELD COLLEGE,PRIVATE,Secondary,,
20,200,GIFT OF GOD INT'L SECONDARY SCHOOL,PRIVATE,Secondary,,
20,201,GOLDEN CROWN SECONDARY SCHOOL,PRIVATE,Secondary,,
20,202,GRAN HERMANO ACADEMY SECONDARY SCHOOL,PRIVATE,Secondary,,
20,203,GREAT GOD'S FUTURE SECONDARY SCHOOL,PRIVATE,Secondary,,
20,204,HEZ DIKE SECONDARY SCHOOL,PRIVATE,Secondary,,
20,205,HIS PROMISE SCHOOL OF VOCATIONAL STUDIES,PRIVATE,Secondary,,
20,206,HOLY GHOST ACADEMY SECONDARY SCHOOL,PRIVATE,Secondary,,
20,207,IDAL COLLEGE,PRIVATE,Secondary,,
20,208,JOSE MARIA SECONDARY SCHOOL,PRIVATE,Secondary,,
20,209,JUPAVI INT'L SECONDARY SCHOOL,PRIVATE,Secondary,,
20,210,KABE COLLEGE,PRIVATE,Secondary,,
20,211,KAUROS INT'L SECONDARY SCHOOL,PRIVATE,Secondary,,
20,212,KINGDOM HERITAGE MODEL SCHOOL,PRIVATE,Secondary,,
20,213,KINGDOM HERITAGE MODEL SCHOOL,PRIVATE,Secondary,,
20,214,KINGS AND QUEENS COMPREHENSIVE SECONDARY SCHOOL,PRIVATE,Secondary,,
20,215,KINGS AND QUEENS SECONDARY SCHOOL,PRIVATE,Secondary,,
20,216,KINGS INT'L COLLEGE,PRIVATE,Secondary,,
20,217,KROSA SECONDARY SCHOOL,PRIVATE,Secondary,,
20,218,LAND OF GOSHEN INT'L SECONDARY SCHOOL,PRIVATE,Secondary,,
20,219,MARY SUMNER VOCATIONAL INSTITUTE,PRIVATE,Secondary,,
20,220,MARY SUMNER VOCATIONAL INSTITUTION,PRIVATE,Secondary,,
20,221,MASTER'S SECONDARY SCHOOL,PRIVATE,Secondary,,
20,222,MODEL COMP. SECONDARY SCHOOL,PRIVATE,Secondary,,
20,223,NATIONAL COMPREHENSIVE SECONDARY SCHOOL,PRIVATE,Secondary,,
20,224,NETHERLANDS INT’L SECONDARY SCHOOL,PRIVATE,Secondary,,
20,225,NNAMDI AZIKIWE UNIVERSITY HIGH SCHOOL,PRIVATE,Secondary,,
20,226,NWAFOR ORIZU COLLEGE,PRIVATE,Secondary,,
20,227,NWANNO NWIMOH MEMORIAL SECONDARY SCHOOL,PRIVATE,Secondary,,
20,228,PHRANKSTAR HIGH SCHOOL,PRIVATE,Secondary,,
20,229,POTTERS INT'L COLLEGE,PRIVATE,Secondary,,
20,230,REDEEMERS INT’L HIGH SCHOOL,PRIVATE,Secondary,,
20,231,REV FR. AARON EKWU MEMORIAL SECONDARY SCHOOL,PRIVATE,Secondary,,
20,232,ROSARY COLLEGE,PRIVATE,Secondary,,
20,233,ROYAL SAINTS INT’L SECONDARY SCHOOL,PRIVATE,Secondary,,
20,234,SPECIAL SCIENCE SCHOOL,PRIVATE,Secondary,,
20,235,ST LAWRENCE SPLENDID COMP. SECONDARY SCHOOL,PRIVATE,Secondary,,
20,236,ST MARY'S COLLEGE,PRIVATE,Secondary,,
20,237,ST MARY'S SECONDARY SCHOOL,PRIVATE,Secondary,,
20,238,ST PATRIC'S COLLEGE,PRIVATE,Secondary,,
20,239,ST STEPHEN SECONDARY SCHOOL,PRIVATE,Secondary,,
20,240,ST. AUGUSTINE’S SPECIAL COMPREHENSIVE SECONDARY SCHOOL,PRIVATE,Secondary,,
20,241,ST. JOSEPH'S MODEL SECONDARY SCHOOL,PRIVATE,Secondary,,
20,242,ST. LUCY SECONDARY SCHOOL,PRIVATE,Secondary,,
20,243,ST. PAUL UNIVERSITY SECONDARY SCHOOL,PRIVATE,Secondary,,
20,244,ST. PETER'S COLLEGE,PRIVATE,Secondary,,
20,245,TANSI INT'L SECONDARY SCHOOL,PRIVATE,Secondary,,
20,246,UBAKA COMPREHENSIVE SECONDARY SCHOOL,PRIVATE,Secondary,,
20,247,UNION SECONDARY SCHOOL,PRIVATE,Secondary,,
20,248,UNIQUE COMPREHESIVE SECONDARY SCHOOL,PRIVATE,Secondary,,
20,249,VINE CREST SECONDARY SCHOOL,PRIVATE,Secondary,,
6,250,AMIKWE CSS OMOR,PUBLIC,Secondary,,
6,251,CSS IFITE OGWARI,PUBLIC,Secondary,,
6,252,CSS IGBAKWU,PUBLIC,Secondary,,
6,253,CSS OMOR,PUBLIC,Secondary,,
6,254,CSS UMUEJE,PUBLIC,Secondary,,
6,255,CSS UMUMBO,PUBLIC,Secondary,,
6,256,OGBE HIGH SCHOOL ANAKU,PUBLIC,Secondary,,
6,257,RSS UMERUM,PUBLIC,Secondary,,
6,258,USS OMASI,PUBLIC,Secondary,,
6,259,BRAWN FIELD SECONDARY SCHOOL,PRIVATE,Secondary,,
6,260,FR. JOSEPH INT'L SECONDARY SCHOOL,PRIVATE,Secondary,,
6,261,JOHN ODENIGBO MEMORIAL SECONDARY SCHOOL,PRIVATE,Secondary,,
6,262,MARY KNOLL INT’L SECONDARY SCHOOL,PRIVATE,Secondary,,
6,263,MATER DEI SECONDARY SCHOOL,PRIVATE,Secondary,,
6,264,MATER-CHRISTI SECONDARY SCHOOL,PRIVATE,Secondary,,
6,265,MODEL SECONDARY SCHOOL,PRIVATE,Secondary,,
6,266,REGINA CAELI SECONDARY SCHOOL,PRIVATE,Secondary,,
6,267,SACRED HEART OF JESUS SECONDARY SCHOOL,PRIVATE,Secondary,,
6,268,ST. JOSEPH INT’L SECONDARY SCHOOL,PRIVATE,Secondary,,
6,269,ST. SIMON FAITH INT’L SECONDARY SCHOOL,PRIVATE,Secondary,,
12,270,COMM SEC. SCH. UMUNNACHI,PUBLIC,Secondary,,
12,271,COMM. HIGH SCH. NAWGU,PUBLIC,Secondary,,
12,272,COMM. SEC. SCH. UKPO,PUBLIC,Secondary,,
12,273,COMM. SEC. SCH. UKWULU,PUBLIC,Secondary,,
12,274,NNEAMAKA SEC. SCH. IFITEDUNU,PUBLIC,Secondary,,
12,275,ST. KIZITO GIRLS' SEC. SCH. UMUDIOKA,PUBLIC,Secondary,,
12,276,ST. MARY'S HIGH SCH. IFITEDUNU,PUBLIC,Secondary,,
12,277,WALTER EZE MEMO SEC. SCH. UKPO,PUBLIC,Secondary,,
12,278,ARCH ANGEL GABRIEL SECONDARY SCHOOL,PRIVATE,Secondary,,
12,279,EDWIN SPRING COLLEGE,PRIVATE,Secondary,,
12,280,MADONNA INT'L GIRLS SECONDARY SCHOOL,PRIVATE,Secondary,,
12,281,PETER MARIST COLLEGE,PRIVATE,Secondary,,
12,282,SHALOM ROYAL SECONDARY SCHOOL,PRIVATE,Secondary,,
12,283,ST MARY'S MODEL COMPREHENSIVE SECONDARY SCHOOL,PRIVATE,Secondary,,
12,284,ST. ANTHONY’S COMPREHENSIVE SECONDARY SCHOOL,PRIVATE,Secondary,,
12,285,ST. AUGUSTINE COMPREHENSIVE SECONDARY SCHOOL,PRIVATE,Secondary,,
17,286,"BOYS' SEC. SCHOOL, ORAIFITE",PUBLIC,Secondary,,
17,287,"CATH. GIRLS' SEC. SCHOOL, OZUBULU",PUBLIC,Secondary,,
17,288,"COMMUNITY (GIRLS') SEC. SCHOOL, ORAIFITE",PUBLIC,Secondary,,
17,289,"GOVT. TECHNICAL COLLEGE, ICHI",PUBLIC,Secondary,,
17,290,"COMMUNITY SEC. SCHOOL, IHEMBOSI",PUBLIC,Secondary,,
17,291,"COMMUNITY SEC. SCHOOL, OZUBULU",PUBLIC,Secondary,,
17,292,"UNION SEC. SCHOOL, ICHI",PUBLIC,Secondary,,
17,293,"ZIXTON SEC. SCHOOL, OZUBULU",PUBLIC,Secondary,,
17,294,ALL SAINTS SECONDARY SCHOOL,PRIVATE,Secondary,,
17,295,ARCHDEACON NWOSU MEMORIAL SECONDARY SCHOOL,PRIVATE,Secondary,,
17,296,CAROL STANDARD CONVENT,PRIVATE,Secondary,,
17,297,CITY HIGH SCHOOL,PRIVATE,Secondary,,
17,298,COMPREHENSIVE SECONDARY SCHOOL,PRIVATE,Secondary,,
17,299,DE PAUL SECONDARY SCHOOL AND DEAF UNIT,PRIVATE,Secondary,,
17,300,DIVINE GIFT MODEL SECONDARY SCHOOL,PRIVATE,Secondary,,
17,301,DIVINE GIFT SECONDARY SCHOOL,PRIVATE,Secondary,,
17,302,GODS GRACE SECONDARY SCHOOL,PRIVATE,Secondary,,
17,303,MATER DEI SECONDARY SCHOOL,PRIVATE,Secondary,,
17,304,MOUNT OLIVES ACADEMY,PRIVATE,Secondary,,
17,305,NEW BETHEL COMPREHENSIVE SECONDARY SCHOOL,PRIVATE,Secondary,,
17,306,OBIEME MEMORIAL SECONDARY SCHOOL,PRIVATE,Secondary,,
17,307,OMEKANNAYA MODEL SECONDARY SCHOOL,PRIVATE,Secondary,,
17,308,RECDOT VOCATIONAL SECONDARY SCHOOL,PRIVATE,Secondary,,
17,309,SACRED HEART COLLEGE,PRIVATE,Secondary,,
17,310,SANTA MARIA SECONDARY SCHOOL,PRIVATE,Secondary,,
17,311,SEAT OF WISDOM COMPREHENSIVE SECONDARY SCHOOL,PRIVATE,Secondary,,
17,312,ST MICHAEL UNITY SECONDARY SCHOOL,PRIVATE,Secondary,,
17,313,ST.  J.L.G MONTESSORI METHOD SECONDARY SCHOOL,PRIVATE,Secondary,,
17,314,ST. JUDE’S COMPREHENSIVE SECONDARY SCHOOL,PRIVATE,Secondary,,
17,315,ST. MICHAELS’ BOYS SECONDARY SCHOOL,PRIVATE,Secondary,,
17,316,ST. PATRICKS INT’L SECONDARY  SCHOOL,PRIVATE,Secondary,,
17,317,STANDARD SECONDARY SCHOOL,PRIVATE,Secondary,,
17,318,VARSITY COMPREHENSIVE SECONDARY SCHOOL,PRIVATE,Secondary,,
17,319,VISION INT’L SECONDARY SCHOOL,PRIVATE,Secondary,,
17,320,WARNOR'S INT'L SECONDARY SCHOOL,PRIVATE,Secondary,,
17,321,WISDOM INTERNATIONAL SECONDARY SCHOOL,PRIVATE,Secondary,,
17,322,ZXITON SECONDARY SCHOOL,PRIVATE,Secondary,,
8,323,ABANNA GIRLS SEC. SCH. ABATETE,PUBLIC,Secondary,,
8,324,ARCHB. HEEREY TECH. COL.  OGIDI,PUBLIC,Secondary,,
8,325,AWADA SEC. SCH. AWADA,PUBLIC,Secondary,,
8,326,COMM. SEC. SCH. EZIOWELLE,PUBLIC,Secondary,,
8,327,COMM. SEC. SCH. IDEANI,PUBLIC,Secondary,,
8,328,COMM. SEC. SCH. OBOSI,PUBLIC,Secondary,,
8,329,COMM. SEC. SCH. ORAUKWU,PUBLIC,Secondary,,
8,330,COMM. SEC. SCH. UKE,PUBLIC,Secondary,,
8,331,COMM. SEC. SCH. UMUOJI,PUBLIC,Secondary,,
8,332,GIRLS' SEC. SCH. OGIDI (A.G.S.S. OGIDI),PUBLIC,Secondary,,
8,333,GOVT. TECHNICAL COLLEGE NKPOR,PUBLIC,Secondary,,
8,334,MATER AMABILIS SEC. SCH. UMUOJI,PUBLIC,Secondary,,
8,335,NOTRE DAME HIGH SCHOOL ABATETE,PUBLIC,Secondary,,
8,336,ORAUKWU GRAMMAR SCH. ORAUKWU,PUBLIC,Secondary,,
8,337,UNION SEC. SCH. OBOSI (G.S.S. OBOSI),PUBLIC,Secondary,,
8,338,URBAN SEC. SCH. NKPOR,PUBLIC,Secondary,,
8,339,ALL SAINTS INTERNATIONAL SECONDARY SCHOOL,PRIVATE,Secondary,,
8,340,AMBASSATOR GREAT TALENT INY'L SECONDARY SCHOOL,PRIVATE,Secondary,,
8,341,ASCENSION MODEL SECONDARY SCHOOL,PRIVATE,Secondary,,
8,342,ASSUMPTION HIGH SCHOOL,PRIVATE,Secondary,,
8,343,BEST GATE HERITAGE SECONDARY SCHOOL,PRIVATE,Secondary,,
8,344,BLISS FAMILY SECONDARY SCHOOL,PRIVATE,Secondary,,
8,345,BLUE SKY SECONDARY SCHOOL,PRIVATE,Secondary,,
8,346,BRIGHT FUTURE SECONDARY SCHOOL,PRIVATE,Secondary,,
8,347,BUSY BRAIN SECONDARY SCHOOL,PRIVATE,Secondary,,
8,348,CALVARY HEIRS MODEL SECONDARY SCHOOL,PRIVATE,Secondary,,
8,349,CALVARY INT’L SECONDARY SCHOOL,PRIVATE,Secondary,,
8,350,CAMPUS SECONDARY SCHOOL,PRIVATE,Secondary,,
8,351,CATALYST COLLEGE,PRIVATE,Secondary,,
8,352,CHARISMARY SECONDARY SCHOOL,PRIVATE,Secondary,,
8,353,CHOICE DE IMMACULATE DEMONSTRATION SECONDARY SCHOOL,PRIVATE,Secondary,,
8,354,CHOSEN KIDS FOUNDATION COLLEGE,PRIVATE,Secondary,,
8,355,CHRIST FOUNDATION SECONDARY SCHOOL,PRIVATE,Secondary,,
8,356,CHRIST THE KING SECONDARY SCHOOL,PRIVATE,Secondary,,
8,357,CHRIST THE SAVIOUR SECONDARY SCHOOL,PRIVATE,Secondary,,
8,358,CITY SECONDARY SCHOOL,PRIVATE,Secondary,,
8,359,CITY SECONDARY SCHOOL,PRIVATE,Secondary,,
8,360,CITY SECONDARY SCHOOL,PRIVATE,Secondary,,
8,361,CLIMAX INT’L SECONDARY SCHOOL,PRIVATE,Secondary,,
8,362,COR MARIAE GIRLS SECONDARY SCHOOL,PRIVATE,Secondary,,
8,363,CRUX-SANTA SECONDARY SCHOOL,PRIVATE,Secondary,,
8,364,DAY STAR SECONDARY SCHOOL,PRIVATE,Secondary,,
8,365,DELIGHT SECONDARY SCHOOL,PRIVATE,Secondary,,
8,366,DESTINY CHILD INT'L SECONDARY SCHOOL,PRIVATE,Secondary,,
8,367,DEVANS COMPREHENSIVE SECONDARY SCHOOL,PRIVATE,Secondary,,
8,368,DIVINE CONCEPT GLOBAL SECONDARY SCHOOL,PRIVATE,Secondary,,
8,369,DIVINE KNOWLEDGE SECONDARY SCHOOL,PRIVATE,Secondary,,
8,370,DIVINE MERCY FOUNDATION SECONDARY SCHOOL,PRIVATE,Secondary,,
8,371,DIVINE RAYS BRITISH  SECONDARY SCHOOL,PRIVATE,Secondary,,
8,372,DIVINE ROYAL SECONDARY SCHOOL,PRIVATE,Secondary,,
8,373,DOMINICAN SISTERS COLLEGE,PRIVATE,Secondary,,
8,374,DOMINION COMPREHENSIVE SECONDARY SCHOOL,PRIVATE,Secondary,,
8,375,DON BOSCO SECONDARY SCHOOL,PRIVATE,Secondary,,
8,376,EBELECHUKWU INT'L SECONDARY SCHOOL,PRIVATE,Secondary,,
8,377,ECO-FOUNDATION INT’L SEC SCHOOL,PRIVATE,Secondary,,
8,378,EKWUNO COMPREHENSIVE SECONDARY SCHOOL,PRIVATE,Secondary,,
8,379,EVER GREEN HIGH SCHOOL,PRIVATE,Secondary,,
8,380,GENIUS INT’L SECONDARY SCHOOL,PRIVATE,Secondary,,
8,381,GIANT STEP INT’L SEC SCHOOL,PRIVATE,Secondary,,
8,382,GLORIA TIBI DOMINE HIGH SCHOOL,PRIVATE,Secondary,,
8,383,GLORY INT'L SECONDARY SCHOOL,PRIVATE,Secondary,,
8,384,GOD'S FAMILY SECONDARY SCHOOL,PRIVATE,Secondary,,
8,385,GOD'S FAVOUR SECONDARY SCHOOL,PRIVATE,Secondary,,
8,386,GOD'S PROMISE INT'L SECONDARY SCHOOL,PRIVATE,Secondary,,
8,387,GOD’S FAVOUR STAND SECONDARY SCHOOL,PRIVATE,Secondary,,
8,388,GOLDEN CONCEPT FOUND SEC SCHOOL,PRIVATE,Secondary,,
8,389,GOOD NEWS SPECIAL COLLEGE,PRIVATE,Secondary,,
8,390,GREGONIAN COLLEGE,PRIVATE,Secondary,,
8,391,GRUNDTVIG INT’L SECONDARY SCHOOL,PRIVATE,Secondary,,
8,392,GURUS AND GENIUS SECONDARY SCHOOL,PRIVATE,Secondary,,
8,393,HOLY CHILD MADONNA COLLEGE,PRIVATE,Secondary,,
8,394,HOLY FAMILY HIGH SCHOOL,PRIVATE,Secondary,,
8,395,HOLY FAMILY INT'L SECONDARY SCHOOL,PRIVATE,Secondary,,
8,396,HOLY INNOCENT JUNIORATE CONVENT,PRIVATE,Secondary,,
8,397,HOLY ROSARY SECONDARY SCHOOL,PRIVATE,Secondary,,
8,398,HOLY SPIRIT SECONDARY SCHOOL,PRIVATE,Secondary,,
8,399,IDEAL MINDS FOUNDATION SECONDARY SCHOOL,PRIVATE,Secondary,,
8,400,KAY KRISTO MODEL SCHOOL,PRIVATE,Secondary,,
8,401,KING OF GLORY SECONDARY SCHOOL,PRIVATE,Secondary,,
8,402,KINGS & QUEENS SECONDARY SCHOOL,PRIVATE,Secondary,,
8,403,LADY HANNAH MODEL SECONDARY SCHOOL,PRIVATE,Secondary,,
8,404,LENIENT SECONDARY SCHOOL,PRIVATE,Secondary,,
8,405,LITE SPRING SECONDARY SCHOOL,PRIVATE,Secondary,,
8,406,LITTLE JANE SECONDARY SCHOOL,PRIVATE,Secondary,,
8,407,LUCID COMPREHENSIVE SECONDARY SCHOOL,PRIVATE,Secondary,,
8,408,LUCKY STAR SECONDARY SCHOOL,PRIVATE,Secondary,,
8,409,MADONNA INT’L SECONDARY SCHOOL,PRIVATE,Secondary,,
8,410,MARIA ASSUMPTA SECONDARY SCHOOL,PRIVATE,Secondary,,
8,411,MARIA FOUNDATION SECONDARY SCHOOL,PRIVATE,Secondary,,
8,412,MARIA INES COLLEGE,PRIVATE,Secondary,,
8,413,MATER CHRISTI SECONDARY SCHOOL,PRIVATE,Secondary,,
8,414,MERCHANT OF LIGHT SECONDARY SCHOOL,PRIVATE,Secondary,,
8,415,MERCY INNOVATIVE COLLEGE,PRIVATE,Secondary,,
8,416,MILLENNIUM CHALLENGE SECONDARY SCHOOL,PRIVATE,Secondary,,
8,417,MODEL IMMACULATE  SECONDARY SCHOOL,PRIVATE,Secondary,,
8,418,MOUNT ZION INT’L MODEL SECONDARY SCHOOL,PRIVATE,Secondary,,
8,419,MOUNT ZION SECONDARY SCHOOL,PRIVATE,Secondary,,
8,420,NAZARETH SECONDARY SCHOOL,PRIVATE,Secondary,,
8,421,NEHEMIAH INT’L  SECONDARY SCHOOL,PRIVATE,Secondary,,
8,422,NEW ERA SECONDARY SCHOOL,PRIVATE,Secondary,,
8,423,NOTRE DAME HIGH SCHOOL,PRIVATE,Secondary,,
8,424,ONE FOUNDATION INT’L SEC SCHOOL,PRIVATE,Secondary,,
8,425,OUR LADY'S SECONDARY SCHOOL,PRIVATE,Secondary,,
8,426,OUR LADY'S SECONDARY SCHOOL,PRIVATE,Secondary,,
8,427,OUR LADY’S COMPREHENSIVE SECONDARY SCHOOL,PRIVATE,Secondary,,
8,428,PROSPERITY SECONDARY SCHOOL,PRIVATE,Secondary,,
8,429,QUEEN OF ROSARY SECONDARY SCHOOL,PRIVATE,Secondary,,
8,430,REDEMPTION MODEL SECONDARY SCHOOL,PRIVATE,Secondary,,
8,431,RICHLAND SECONDARY SCHOOL,PRIVATE,Secondary,,
8,432,ROCK FOUNDATION SECONDARY SCHOOL,PRIVATE,Secondary,,
8,433,ROYAL FAMILY SECONDARY SCHOOL,PRIVATE,Secondary,,
8,434,ROYAL FOUNDATION SECONDARY SCHOOL,PRIVATE,Secondary,,
8,435,ROYAL FOUNDATION SECONDARY SCHOOL,PRIVATE,Secondary,,
8,436,SAM AGOGBUA SECONDARY SCHOOL,PRIVATE,Secondary,,
8,437,SANCTRUCIA SECONDARY SCHOOL,PRIVATE,Secondary,,
8,438,SEAT OF WISDOM SECONDARY SCHOOL,PRIVATE,Secondary,,
8,439,SOLID STEP SECONDARY SCHOOL,PRIVATE,Secondary,,
8,440,ST ANDREW'S SECONDARY SCHOOL,PRIVATE,Secondary,,
8,441,ST JOHN'S INT'L SECONDARY SCHOOL,PRIVATE,Secondary,,
8,442,ST JOSEPH THE WORKER INT'L SCHOOL,PRIVATE,Secondary,,
8,443,ST THOMAS COMPREHENSIVE SECONDARY SCHOOL,PRIVATE,Secondary,,
8,444,ST. ALBERT THE GREAT COLLEGE,PRIVATE,Secondary,,
8,445,ST. ANTHONY OF PADUA SECONDARY SCHOOL,PRIVATE,Secondary,,
8,446,ST. AUGUSTINE SECONDARY SCHOOL,PRIVATE,Secondary,,
8,447,ST. CHARLES BORROMEO SECONDARY SCHOOL,PRIVATE,Secondary,,
8,448,ST. EDMUND SECONDARY SCHOOL,PRIVATE,Secondary,,
8,449,ST. JOHN SECONDARY SCHOOL,PRIVATE,Secondary,,
8,450,ST. JOSEPH COMPREHENSIVE ACADEMY SEC SCHOOL,PRIVATE,Secondary,,
8,451,ST. PATRICK’S SECONDARY SCHOOL,PRIVATE,Secondary,,
8,452,ST. PAUL’S SECONDARY SCHOOL,PRIVATE,Secondary,,
8,453,STANDARD INT’L SECONDARY SCHOOL,PRIVATE,Secondary,,
8,454,STANDARD SECONDARY SCHOOL,PRIVATE,Secondary,,
8,455,STARLIGHT COMPREHENSIVE SECONDARY SCHOOL,PRIVATE,Secondary,,
8,456,SUMMER INT'L SECONDARY SCHOOL,PRIVATE,Secondary,,
8,457,SUMMIT COMPREHENSIVE SECONDARY SCHOOL,PRIVATE,Secondary,,
8,458,SUNRISE SECONDARY SCHOOL,PRIVATE,Secondary,,
8,459,SUPREME KNOWLEDGE COMPREHENSIVE SCHOOL,PRIVATE,Secondary,,
8,460,SUSU COLLEGE,PRIVATE,Secondary,,
8,461,UNION SECONDARY SCHOOL,PRIVATE,Secondary,,
8,462,UNIQUE FOUNDATION COLLEGE,PRIVATE,Secondary,,
8,463,URBAN SECONDARY SCHOOL,PRIVATE,Secondary,,
8,464,VICTORY INT’L MODEL SECONDARY SCHOOL,PRIVATE,Secondary,,
8,465,VISION BUILDERS COLLEGE,PRIVATE,Secondary,,
8,466,WILOG COMPREHENSIVE COLLEGE,PRIVATE,Secondary,,
8,467,WINNERS SECONDARY SCHOOL,PRIVATE,Secondary,,
3,468,BOYS' SEC. SCH. OJOTO,PUBLIC,Secondary,,
3,469,COMM. SEC. SCH. NNOBI,PUBLIC,Secondary,,
3,470,COMM. SEC. SCH. NNOKWA,PUBLIC,Secondary,,
3,471,GIRLS' SEC. SCH. ALOR,PUBLIC,Secondary,,
3,472,GIRLS' SEC. SCH. AWKA-ETITI,PUBLIC,Secondary,,
3,473,GIRLS' SEC. SCH. OBA,PUBLIC,Secondary,,
3,474,GIRLS' SEC. SCH. OJOTO,PUBLIC,Secondary,,
3,475,MERCHANT OF LIGHT SEC. SCH. OBA,PUBLIC,Secondary,,
3,476,OUR LADY'S SEC. SCH. NNOBI,PUBLIC,Secondary,,
3,477,ST. JOHN SEC. SCH. AKWA-UKWU,PUBLIC,Secondary,,
3,478,ST. JOHN'S SCIENCE & TEC. ALOR,PUBLIC,Secondary,,
3,479,ST. JOSEPH'S SEC. SCH. AWKA-ETITI,PUBLIC,Secondary,,
3,480,UNITY SEC. SCH. NNOKWA,PUBLIC,Secondary,,
3,481,ALL SAINTS HIGH SCHOOL,PRIVATE,Secondary,,
3,482,AVE MARIA SECONDARY SCHOOL,PRIVATE,Secondary,,
3,483,BISHOP EVANS IBEAGHA JUNIORATE SECONDARY SCHOOL,PRIVATE,Secondary,,
3,484,CHRIST THE KING SEMINARY,PRIVATE,Secondary,,
3,485,COMPREHENSIVE SECONDARY SCHOOL,PRIVATE,Secondary,,
3,486,CREATIVE SECONDARY SCHOOL,PRIVATE,Secondary,,
3,487,DEVANS COMPREHENSIVE ANEX (2) SECONDARY SCHOOL,PRIVATE,Secondary,,
3,488,ENOBI COMPREHENSIVE SECONDARY SCHOOL,PRIVATE,Secondary,,
3,489,FEDERATED BILINGUAL SECONDARY SCHOOL,PRIVATE,Secondary,,
3,490,FR. PAUL MEMORIAL SECONDARY SCHOOL,PRIVATE,Secondary,,
3,491,GLORY ROYAL ACADEMY,PRIVATE,Secondary,,
3,492,MATER DEI MODEL SECONDARY SCHOOL,PRIVATE,Secondary,,
3,493,OKIGBO MEMORIAL SECONDARY SCHOOL,PRIVATE,Secondary,,
3,494,SEAT OF WISDOM COMPREHENSIVE SECONDARY SCHOOL,PRIVATE,Secondary,,
3,495,ST PAUL'S MODEL SECONDARY SCHOOL,PRIVATE,Secondary,,
3,496,ST. JOSEPH’S SECONDARY SCHOOL,PRIVATE,Secondary,,
3,497,ST. PETER SPECIAL SECONDARY SCHOOL,PRIVATE,Secondary,,
3,498,TRINITY MODEL SECONDARY SCHOOOL,PRIVATE,Secondary,,
16,499,"ABBOT BOY'S SEC. SCHOOL, IHIALA",PUBLIC,Secondary,,
16,500,"ABBOT GIRLS SEC. SCHOOL, IHIALA",PUBLIC,Secondary,,
16,501,ASSUMPTION GIRLS ULI,PUBLIC,Secondary,,
16,502,COMM. SEC. SCH. OGWUANIOCHA,PUBLIC,Secondary,,
16,503,COMMUNITY HIGH SCH. UMUOMA-ULI,PUBLIC,Secondary,,
16,504,"COMMUNITY HIGH SCHOOL, AMORKA",PUBLIC,Secondary,,
16,505,"COMMUNITY SEC. SCH, ORSUMUOGHU",PUBLIC,Secondary,,
16,506,"COMMUNITY SEC. SCHOOL, AZIA",PUBLIC,Secondary,,
16,507,"COMMUNITY SEC. SCHOOL, ISSEKE",PUBLIC,Secondary,,
16,508,"COMMUNITY SEC. SCHOOL, LILU",PUBLIC,Secondary,,
16,509,G.T.C. IHIALA,PUBLIC,Secondary,,
16,510,"OKIJA GRAM. SCHOOL, OKIJA",PUBLIC,Secondary,,
16,511,"ST. ANTHONY'S SEC. SCHOOL, AZIA",PUBLIC,Secondary,,
16,512,ST. AUGUSTINE COLLEGE  MBOSI,PUBLIC,Secondary,,
16,513,"ST. JUDE SEC. SCHOOL, IHIALA",PUBLIC,Secondary,,
16,514,"ULI HIGH SCHOOL, ULI",PUBLIC,Secondary,,
16,515,"UNION SEC. SCHOOL, OKIJA",PUBLIC,Secondary,,
16,516,ALL SAINTS SECONDARY SCHOOL,PRIVATE,Secondary,,
16,517,ALPAT MODEL SECONDARY SCHOOL,PRIVATE,Secondary,,
16,518,AUSBORN SECONDARY SCHOOL,PRIVATE,Secondary,,
16,519,AZIA COMPREHENSIVE SECONDARY SCHOOL,PRIVATE,Secondary,,
16,520,BETHEL STANDARD SECONDARY SCHOOL,PRIVATE,Secondary,,
16,521,BISHOP PATTERSON JUNIOR SEMINARY,PRIVATE,Secondary,,
16,522,CENTRE FOR EDUCATIONAL COMM PRIMARY SCHOOL,PRIVATE,Secondary,,
16,523,CHRIST ROYAL SECONDARY SCHOOL,PRIVATE,Secondary,,
16,524,CHRIST THE FOUNDATION MODEL SECONDARY SCHOOL,PRIVATE,Secondary,,
16,525,CITY COMPREHENSIVE SECONDARY SCHOOL,PRIVATE,Secondary,,
16,526,CONVENT OF ST MARY SECONDARY SCHOOL,PRIVATE,Secondary,,
16,527,DIVINE SCHOLARS SECONDARY SCHOOL,PRIVATE,Secondary,,
16,528,DIVINE SECONDARY SCHOOL,PRIVATE,Secondary,,
16,529,DIVINITY INT'L SECONDARY SCHOOL,PRIVATE,Secondary,,
16,530,EJIM MEMO VOCATIONAL INSTITUTE,PRIVATE,Secondary,,
16,531,FIRST FOUNDATION SECONDARY SCHOOL,PRIVATE,Secondary,,
16,532,GEM CHRISTIAN SECONDARY SCHOOL,PRIVATE,Secondary,,
16,533,HIGHER ACHIEVER SECONDARY SCHOOL,PRIVATE,Secondary,,
16,534,HOLY FAMILY COMPREHENSIVE SECONDARY SCHOOL,PRIVATE,Secondary,,
16,535,HOLY GHOST JUNIORATE,PRIVATE,Secondary,,
16,536,HOPE SECONDARY SCHOOL,PRIVATE,Secondary,,
16,537,JONJAY SECONDARY SCHOOL,PRIVATE,Secondary,,
16,538,KELMAN SECONDARY SCHOOL,PRIVATE,Secondary,,
16,539,KIDDIES COLLEGE DEMONSTRATION SCHOOL,PRIVATE,Secondary,,
16,540,KINGS SECONDARY SCHOOL,PRIVATE,Secondary,,
16,541,LUCY JAMES OGUANOBI SECONDARY SCHOOL,PRIVATE,Secondary,,
16,542,LUKE SAM SECONDARY SCHOOL,PRIVATE,Secondary,,
16,543,MARYLAND COLLEGE,PRIVATE,Secondary,,
16,544,MOTHER PAUL OFFIAH MEMORIAL BOYS SECONDARY SCHOOL,PRIVATE,Secondary,,
16,545,MOTHER PAUL OFFIAH MEMORIAL GIRLS SECONDARY SCHOOL,PRIVATE,Secondary,,
16,546,PACNODIM COMPREHENSIVE SECONDARY SCHOOL,PRIVATE,Secondary,,
16,547,PAX CHRISTI COLLEGE,PRIVATE,Secondary,,
16,548,POPULAR SECONDARY SCHOOL,PRIVATE,Secondary,,
16,549,PRECIOUS CHILD SECONDARY SCHOOL,PRIVATE,Secondary,,
16,550,ROYAL INTL SECONDARY SCHOOL,PRIVATE,Secondary,,
16,551,ROYAL PRINCE SECONDARY SCHOOL,PRIVATE,Secondary,,
16,552,SACRED HEART INT'L COLLEGE,PRIVATE,Secondary,,
16,553,SEAT OF WISDOM SECONDARY SCHOOL,PRIVATE,Secondary,,
16,554,SPENCER SECONDARY SCHOOL,PRIVATE,Secondary,,
16,555,ST PATRICK'S COLLEGE,PRIVATE,Secondary,,
16,556,ST. ANTHONY'S SECONDARY SCHOOL,PRIVATE,Secondary,,
16,557,ST. CHARLES COLLEGE,PRIVATE,Secondary,,
16,558,ST. JUDE'S SECONDARY SCHOOL,PRIVATE,Secondary,,
16,559,ST. LIOUS SECONDARY SCHOOL,PRIVATE,Secondary,,
16,560,ST. VINCENT SECONDARY SCHOOL,PRIVATE,Secondary,,
16,561,TRANSFORMATION SECONDARY SCHOOL,PRIVATE,Secondary,,
16,562,ULTIMATE STAR SECONDARY SCHOOL,PRIVATE,Secondary,,
16,563,VEROAUSTIN SECONDARY SCHOOL,PRIVATE,Secondary,,
16,564,VIC COMPREHENSIVE SECONDARY SCHOOL,PRIVATE,Secondary,,
16,565,VICTORY SECONDARY SCHOOL,PRIVATE,Secondary,,
16,566,ZION SECONDARY SCHOOL,PRIVATE,Secondary,,
11,567,COMM  SEC  SCH  NIMO,PUBLIC,Secondary,,
11,568,COMM. SEC. SCH. ABBA,PUBLIC,Secondary,,
11,569,COMM. SEC. SCH. ENUGWU-AGIDI,PUBLIC,Secondary,,
11,570,COMP. SEC. SCH. NAWFIA,PUBLIC,Secondary,,
11,571,GIRLS' SEC. SCH. ABAGANA,PUBLIC,Secondary,,
11,572,GOVT. TECH. COLLEGE ENUGWU-AGIDI,PUBLIC,Secondary,,
11,573,IDE SEC. SCH. ENUGWU-UKWU,PUBLIC,Secondary,,
11,574,NAWFIA COMM. SEC. SCH. NAWFIA,PUBLIC,Secondary,,
11,575,NNAMDI AZIK. SEC. SCH. ABAGANA,PUBLIC,Secondary,,
11,576,OKUTALUKWE COMM. SEC. SCH. E/UKWU,PUBLIC,Secondary,,
11,577,ST. MICHEAL'S MOD.COMP.SEC.SCH. NIMO,PUBLIC,Secondary,,
11,578,ALL SAINTS SECODARY SCHOOL,PRIVATE,Secondary,,
11,579,BUSY INT'L SECONDARY SCHOOL,PRIVATE,Secondary,,
11,580,DIVINE HGHT SECONDARY SCHOOL,PRIVATE,Secondary,,
11,581,FEDERATED BILINGUAL SECONDARY SCHOOL,PRIVATE,Secondary,,
11,582,HILL CREST MARIST SECONDARY SCHOOL,PRIVATE,Secondary,,
11,583,JETHOSAM SECONDARY SCHOOL,PRIVATE,Secondary,,
11,584,KINGS OF KINGS INT’L SECONDARY SCHOOL,PRIVATE,Secondary,,
11,585,MARIA GRATIA PLENA SECONDARY SCHOOL,PRIVATE,Secondary,,
11,586,ST. JOSEPH'S GIRLS SECONDARY SCHOOL,PRIVATE,Secondary,,
11,587,ST. LUKES’ INSTITUTE & VOCATIONAL SCHOOL,PRIVATE,Secondary,,
11,588,ST. THERESA’S JUNIOR SECONDARY SCHOOL,PRIVATE,Secondary,,
11,589,STELLA MARIS GIRLS COLLEGE,PRIVATE,Secondary,,
11,590,VICTOR FRANKLE NEW DIMENSION SECONDARY SCHOOL,PRIVATE,Secondary,,
10,591,"AKABOEZEM COMM.SCH, URUAGU NNEWI",PUBLIC,Secondary,,
10,592,"COMM. SEC. SCH. NNEWICHI, NNEWI",PUBLIC,Secondary,,
10,593,"GIRLS' SEC. SCHOOL, NNEWI",PUBLIC,Secondary,,
10,594,M. REGINA MOD. COM. SEC. SCH. NNEWI,PUBLIC,Secondary,,
10,595,"NIGERIAN SC. & TECH. COLLEGE, NNEWI",PUBLIC,Secondary,,
10,596,"NNEWI HIGH SCHOOL, NNEWI",PUBLIC,Secondary,,
10,597,"OKONGWU MEM. GRAM. SCH, NNEWI",PUBLIC,Secondary,,
10,598,"WOMEN ED. CENTRE, NNEWI",PUBLIC,Secondary,,
10,599,ALL SAINTS INT’L SECONDARY SCHOOL,PRIVATE,Secondary,,
10,600,BENEVOLENT COMPR. SECONDARY SCHOOL,PRIVATE,Secondary,,
10,601,BET COMPREHENSIVE ACADEMY,PRIVATE,Secondary,,
10,602,BISHOP UZODIKE MEMORIAL SEMINARY,PRIVATE,Secondary,,
10,603,CHARLES NDUAGUBA MEMORIAL ANGELS’ SECONDARY SCHOOL,PRIVATE,Secondary,,
10,604,CHRIST THE KING (WAY) SECONDARY SCHOOL,PRIVATE,Secondary,,
10,605,CITY OF GOD'S GLORY SECONDARY SCHOOL,PRIVATE,Secondary,,
10,606,DIVINE HOPE MODEL SECONDARY SCHOOL,PRIVATE,Secondary,,
10,607,DR. ALUTU COLLEGE OF EXCELLENCE,PRIVATE,Secondary,,
10,608,EAGLES INTERNATIONAL HIGH SCHOOL,PRIVATE,Secondary,,
10,609,EBONYI INT'L SECONDADRY SCHOOL,PRIVATE,Secondary,,
10,610,ENJOY COMPREHENSIVE SECONDARY SCHOOL,PRIVATE,Secondary,,
10,611,EVENTS SECONDARY SCHOOL,PRIVATE,Secondary,,
10,612,EVIDENCE LINK ACADEMY SECONDARY SCHOOL,PRIVATE,Secondary,,
10,613,EXCELLENCE INT'L SECONDARY SCHOOL,PRIVATE,Secondary,,
10,614,FAITH FOUNDATION SECONDARY SCHOOL,PRIVATE,Secondary,,
10,615,FOUNTAIN OF KNOWLEDGE MODEL SECONDARY SCHOOL,PRIVATE,Secondary,,
10,616,FOUNTAIN OF LIGHT INT'L SECONDARY SCHOOL,PRIVATE,Secondary,,
10,617,FOUNTAIN OF WISDOM INT'L SCHOOL,PRIVATE,Secondary,,
10,618,GLIMPSE EBULLUENT SECONDARY SCHOOL,PRIVATE,Secondary,,
10,619,GODS WILL INT’L SECONDARY SCHOOL,PRIVATE,Secondary,,
10,620,GOLDEN MINDS SECONDARY SCHOOL,PRIVATE,Secondary,,
10,621,GRACE ORAKA MEM. SECONDARY SCHOOL,PRIVATE,Secondary,,
10,622,GREAT DIVINE GIFT SECONDARY SCHOOL,PRIVATE,Secondary,,
10,623,HOLY INNOCENT SECONDARY SCHOOL,PRIVATE,Secondary,,
10,624,IMMACULATA GIRLS MODEL SECONDARY SCHOOL,PRIVATE,Secondary,,
10,625,IMMANUEL MODEL SECONDARY SCHOOL,PRIVATE,Secondary,,
10,626,INDUSTRIAL COMPREHENSIVE COLLEGE,PRIVATE,Secondary,,
10,627,JESUS THE WAY INT'L SECONDARY SCHOOL,PRIVATE,Secondary,,
10,628,JUBILEE SECONDARY SCHOOL,PRIVATE,Secondary,,
10,629,KEEP LOOKING TO JESUS COMPREHENSIVE SECONDARY SCHOOL,PRIVATE,Secondary,,
10,630,KENTINA INT'L SECONDARY SCHOOL,PRIVATE,Secondary,,
10,631,KING DAVID SECONDARY SCHOOL,PRIVATE,Secondary,,
10,632,KINGS SECONDARY SCHOOL,PRIVATE,Secondary,,
10,633,LIVING WORD COMPREHENSIVE SECONDARY SCHOOL,PRIVATE,Secondary,,
10,634,MABEL DIVINE INT’L SECONDARY SCHOOL,PRIVATE,Secondary,,
10,635,MOTHER OF MERCY GIRLS SECONDARY SCHOOL,PRIVATE,Secondary,,
10,636,MSGR. JOSEPH NWIBEGBUNAM MEMORIAL SECONDARY SCHOOL,PRIVATE,Secondary,,
10,637,NDIAKWU N.E.E CENTRE,PRIVATE,Secondary,,
10,638,NETHERLAND INT’L SECONDARY SCHOOL,PRIVATE,Secondary,,
10,639,NEW ERA MODEL SECONDARY SCHOOL,PRIVATE,Secondary,,
10,640,NNEOMA SECONDARY SCHOOL,PRIVATE,Secondary,,
10,641,NODOS INT'L SECONDARY SCHOOL,PRIVATE,Secondary,,
10,642,NOTRE DAME SECONDARY SCHOOL,PRIVATE,Secondary,,
10,643,PACESETTERS INT'L SECONDARY SCHOOL,PRIVATE,Secondary,,
10,644,PREMIUM BREED SECONDARY SCHOOL,PRIVATE,Secondary,,
10,645,PROFESSOR SAM CHUKWUJEKWU MEMORIAL GRAMMAR SCHOOL,PRIVATE,Secondary,,
10,646,PRUDENT TUTORS DEMONSTRATION SECONDARY SCHOOL,PRIVATE,Secondary,,
10,647,QUEEN OF ANGELS SECONDARY SCHOOL,PRIVATE,Secondary,,
10,648,ROYAL MAJESTY SECONDARY SCHOOL,PRIVATE,Secondary,,
10,649,ROYAL SECONDARY SCHOOL,PRIVATE,Secondary,,
10,650,SANCTA MARIA COMPREHENSIVE SECONDARY SCHOOL,PRIVATE,Secondary,,
10,651,ST LOUIS SECONDARY SCHOOL,PRIVATE,Secondary,,
10,652,ST MARY'S CATHEDRAL SECONDARY SCHOOL,PRIVATE,Secondary,,
10,653,ST MIKEL'S INT'L SECONDARY SCHOOL,PRIVATE,Secondary,,
10,654,ST THOMAS AQUINAS SECONDARY SCHOOL,PRIVATE,Secondary,,
10,655,ST. JOSEPH SECONDARY SCHOOL,PRIVATE,Secondary,,
10,656,ST. MICHAEL'S SECONDARY SCHOOL,PRIVATE,Secondary,,
10,657,ST. MICHAELS ACADEMY SCHOOL,PRIVATE,Secondary,,
10,658,ST. PHILIP ANG. GRAMMAR SCHOOL,PRIVATE,Secondary,,
10,659,STELLA MARIS COMPREHENSIVE SECONDARY SCHOOL,PRIVATE,Secondary,,
10,660,SUMMIT INTERNATIONAL SECONDARY SCHOOL,PRIVATE,Secondary,,
10,661,TELAIM SAVVY SECONDARY SCHOOL,PRIVATE,Secondary,,
10,662,THE GOOD SHEPHERD SECONDARY SCHOOL,PRIVATE,Secondary,,
10,663,THE LORDS FOUNDATION SECONDARY SCHOOL,PRIVATE,Secondary,,
10,664,THE MASTERS SECONDARY SCHOOL,PRIVATE,Secondary,,
10,665,UNIVERSITY PREPARATORY SECONDARY SCHOOL,PRIVATE,Secondary,,
4,666,"AWO-EZIMUZO CSS, EZINIFITE",PUBLIC,Secondary,,
4,667,"COMMUNITY HIGH SCHOOL, EZINIFITE",PUBLIC,Secondary,,
4,668,"COMMUNITY HIGH SCHOOL, OSUMENYI",PUBLIC,Secondary,,
4,669,COMMUNITY SEC. SCH.  AZIGBO,PUBLIC,Secondary,,
4,670,"COMMUNITY SEC. SCHOOL, AKWAIHEDI",PUBLIC,Secondary,,
4,671,"COMMUNITY SEC. SCHOOL, AMICHI",PUBLIC,Secondary,,
4,672,"COMMUNITY SEC. SCHOOL, EBENATOR",PUBLIC,Secondary,,
4,673,"COMMUNITY SEC. SCHOOL, EKWULUMILI",PUBLIC,Secondary,,
4,674,"COMMUNITY SEC. SCHOOL, UKPOR",PUBLIC,Secondary,,
4,675,EBE UNITY COLLEGE UKPOR,PUBLIC,Secondary,,
4,676,"GOVT. TECHNICAL COLLEGE, UTUH",PUBLIC,Secondary,,
4,677,OSUMENYI HIGH SCH OSUMENYI,PUBLIC,Secondary,,
4,678,ST. JOHNBOSCO (PREMIER) SEC. SCH. UNUBI,PUBLIC,Secondary,,
4,679,"UKPOR HIGH SCHOOL, UKPOR",PUBLIC,Secondary,,
4,680,"UNION SEC. SCHOOL, (BSS) AMICHI",PUBLIC,Secondary,,
4,681,UNUBI HIGH SCHOOL UNUBI,PUBLIC,Secondary,,
4,682,"UTUH HIGH SCHOOL, UTUH",PUBLIC,Secondary,,
4,683,ASSUMPTION COMPREHENSIVE SECONDARY SCHOOL,PRIVATE,Secondary,,
4,684,BET COMPREHENSIVE ACADEMY,PRIVATE,Secondary,,
4,685,BETHEL SECONDARY SCHOOL,PRIVATE,Secondary,,
4,686,BISHOP OKOYE MEMORIAL GIRLS SECONDARY SCHOOL,PRIVATE,Secondary,,
4,687,CHRIST SECONDARY SCHOOL,PRIVATE,Secondary,,
4,688,CITADEL SECONDARY GRAMMAR SCHOOL,PRIVATE,Secondary,,
4,689,DIAMOND MODEL SECONDARY SCHOOL,PRIVATE,Secondary,,
4,690,ENIZIM SECONDARY SCHOOL,PRIVATE,Secondary,,
4,691,FIDELITY SECONDARY SCHOOL,PRIVATE,Secondary,,
4,692,GOLDEN STAR SECONDARY SCHOOL,PRIVATE,Secondary,,
4,693,HOLY CHILD CONVENT,PRIVATE,Secondary,,
4,694,HOLY CROSS SECONDARY SCHOOL,PRIVATE,Secondary,,
4,695,MADONNA SECONDARY SCHOOL,PRIVATE,Secondary,,
4,696,MASTER’S VESSEL SEMINARY SCHOOL,PRIVATE,Secondary,,
4,697,MATER AMABILIS COMPREHENSIVE HIGH SCHOOL,PRIVATE,Secondary,,
4,698,MOTHER OF MARY GIRLS SECONDARY SCHOOL,PRIVATE,Secondary,,
4,699,PREMIER SECONDARY SCHOOL,PRIVATE,Secondary,,
4,700,QUEEN OF ANGELS SECONDARY SCHOOL,PRIVATE,Secondary,,
4,701,REGINA CAELI SECONDARY SCHOOL,PRIVATE,Secondary,,
4,702,RHEMA INT'L SECONDARY SCHOOL,PRIVATE,Secondary,,
4,703,ST PAULS SECONDARY SCHOOL,PRIVATE,Secondary,,
4,704,ST. ANTHONY OF PADUA SECONDARY SCHOOL,PRIVATE,Secondary,,
4,705,ST. MARY’S SECONDARY SCHOOL,PRIVATE,Secondary,,
4,706,ST. PATRICK’S SECONDARY SCHOOL,PRIVATE,Secondary,,
4,707,ST. PAULS SECONDARY SCHOOL,PRIVATE,Secondary,,
4,708,ST. PAULS SEMINARY,PRIVATE,Secondary,,
4,709,TALENT SECONDARY SCHOOL,PRIVATE,Secondary,,
4,710,TOPSMART INT'L SECONDARY SCHOOL,PRIVATE,Secondary,,
4,711,TRINITY COMPREHENSIVE SECONDARY SCHOOL,PRIVATE,Secondary,,
4,712,VICTORY IDEAL SECONDARY SCHOOL,PRIVATE,Secondary,,
4,713,SANTA MARIA SECONDARY/TECHNICAL COLLEGE,PRIVATE,Secondary,,
19,714,GOVT TECH. COLLEGE. OSOMALA,PUBLIC,Secondary,,
19,715,ANTHONY OBAZE MEMO COMM SEC  SCH OCHUCHE,PUBLIC,Secondary,,
19,716,COMM. SEC.SCH.OKPOKO(BOYS'),PUBLIC,Secondary,,
19,717,COMM. SEC. SCH. ATANI,PUBLIC,Secondary,,
19,718,COMM. SEC. SCH IYIOWA ODEKPE,PUBLIC,Secondary,,
19,719,COMM.HIGH SEC.SCH.(CGSS) OKPOKO,PUBLIC,Secondary,,
19,720,IDEKE GRAMM.SEC. SCH IDEKE,PUBLIC,Secondary,,
19,721,JOSEPHINE ODUAH MEMO.SEC.SCH. AKILI-OZIZOR,PUBLIC,Secondary,,
19,722,OGBARU HIGH. SCH.OGBAKUBA,PUBLIC,Secondary,,
19,723,UNITY COMP.GIRLS HIGH SCH. OKPOKO,PUBLIC,Secondary,,
19,724,A.K OBIEFUNA SECONDARY SCHOOL,PRIVATE,Secondary,,
19,725,ANTHONY OBAZE MEMORIAL SECONDARY SCHOOL,PRIVATE,Secondary,,
19,726,APEX SECONDARY SCHOOL,PRIVATE,Secondary,,
19,727,ARCH BISHOP VALERIAN SECONDARY SCHOOL,PRIVATE,Secondary,,
19,728,BLESSED CHILD SECONDERY SCHOOL,PRIVATE,Secondary,,
19,729,BLESSED INT'L SECONDARY SCHOOL,PRIVATE,Secondary,,
19,730,BRAINING SECONDARY SCHOOL,PRIVATE,Secondary,,
19,731,BUSY MINDS SECONDARY SCHOOL,PRIVATE,Secondary,,
19,732,CALVARY SECONDARY SCHOOL,PRIVATE,Secondary,,
19,733,CHINA FOUNDATION INT’L SECONDARY SCHOOL,PRIVATE,Secondary,,
19,734,CHRIST THE KING MODEL SECONDARY SCHOOL,PRIVATE,Secondary,,
19,735,CHRIST’S KIN IDEAL SECONDARY SCHOOL,PRIVATE,Secondary,,
19,736,COVENANT MODEL COLLEGE,PRIVATE,Secondary,,
19,737,CREATIVE MODEL INT’L SECONDARY SCHOOL,PRIVATE,Secondary,,
19,738,DE DAVIDS SECODARY SCHOOL,PRIVATE,Secondary,,
19,739,DE-BRIGHT STARS MODEL SECONDARY SCHOOL,PRIVATE,Secondary,,
19,740,DIVINE DESTINY INT’L SECONDARY SCHOOL,PRIVATE,Secondary,,
19,741,DIVINE ROYAL SECONDARY SCHOOL,PRIVATE,Secondary,,
19,742,DYNAMIC SECONDARY SCHOOL (NOW FUTURE HOPE SEC. SCHOOL),PRIVATE,Secondary,,
19,743,EDE SECONDARY SCHOOL,PRIVATE,Secondary,,
19,744,EL-SHALOM CONVENT,PRIVATE,Secondary,,
19,745,FAITH MODEL SECONDARY SCHOOL,PRIVATE,Secondary,,
19,746,FOUNTAIN MODEL SECONDARY SCHOOL,PRIVATE,Secondary,,
19,747,GLOBAL SECONDARY SCHOOL,PRIVATE,Secondary,,
19,748,GOD’S FRIEND INT’L SECONDARY SCHOOL,PRIVATE,Secondary,,
19,749,GOD’S GOODNESS REMEDIAL SENIOR SECONDARY SCHOOL,PRIVATE,Secondary,,
19,750,GRACE OF GOD INT’L SECONDARY SCHOOL,PRIVATE,Secondary,,
19,751,GRACELAND SECONDARY SCHOOL,PRIVATE,Secondary,,
19,752,HOLY LAND FOUNDATION SECONDARY SCHOOL,PRIVATE,Secondary,,
19,753,HOSSANA MODEL SECONDARY SCHOOL,PRIVATE,Secondary,,
19,754,IDEKE GIRLS’ SECONDARY SCHOOL,PRIVATE,Secondary,,
19,755,JOSEPHINE ODUAH MEMORIAL TECHNICAL SECONDARY SCHOOL,PRIVATE,Secondary,,
19,756,LEADERS OF TOMORROW SECONDARY SCHOOL,PRIVATE,Secondary,,
19,757,LIBERTY SECONDARY SCHOOL,PRIVATE,Secondary,,
19,758,LIGHT INT'L SECONDARY SCHOOL,PRIVATE,Secondary,,
19,759,LORD'S CONCEPT SECONDARY SCHOOL,PRIVATE,Secondary,,
19,760,MADONNA SECONDARY SCHOOL,PRIVATE,Secondary,,
19,761,MANUS COMPREHENSIVE SECONDARY SCHOOL,PRIVATE,Secondary,,
19,762,OUR LADY OF GRACE INT’L SECONDARY SCHOOL,PRIVATE,Secondary,,
19,763,OXFORD CREATIVE INT’L SECONDARY SCHOOL,PRIVATE,Secondary,,
19,764,PRINCE OF PEACE FOUNDATION SECONDARY SCHOOL,PRIVATE,Secondary,,
19,765,PROGRESS INT’L SECONDARY SCHOOL,PRIVATE,Secondary,,
19,766,QUEEN OF ANGEL SECONDARY SCHOOL,PRIVATE,Secondary,,
19,767,SANTA TERESIA MODEL SECONDARY SCHOOL,PRIVATE,Secondary,,
19,768,SHOWLIGHT INT’L SECONDARY SCHOOL,PRIVATE,Secondary,,
19,769,SS PETER & PAUL MODEL SECONDARY SCHOOL,PRIVATE,Secondary,,
19,770,ST. CHARLES LWANGA INT’L SECONDARY SCHOOL,PRIVATE,Secondary,,
19,771,ST. GREGORY SECONDARY SCHOOL,PRIVATE,Secondary,,
19,772,ST. JAMES ANGLICAN SECONDARY SCHOOL,PRIVATE,Secondary,,
19,773,ST. JUDE’S COMPREHENSIVE SECONDARY SCHOOL,PRIVATE,Secondary,,
19,774,ST. MARY THE VIRGIN MODEL SECONDARY SCHOOL,PRIVATE,Secondary,,
19,775,ST. PATRICK’S COLLEGE,PRIVATE,Secondary,,
19,776,ST. PATRICK’S SECONDARY SCHOOL,PRIVATE,Secondary,,
19,777,ST. PATRICK’S SECONDARY SCHOOL,PRIVATE,Secondary,,
19,778,ST. PAUL COMPREHENSIVE SECONDARY SCHOOL,PRIVATE,Secondary,,
19,779,ST. RAPHEAL THE ARCHANGEL MODEL SECONDARY SCHOOL,PRIVATE,Secondary,,
19,780,ST. TESSY MARTINS SECONDARY SCHOOL,PRIVATE,Secondary,,
19,781,ST. VINCENT DE PAUL SECONDARY SCHOOL,PRIVATE,Secondary,,
19,782,SUCCESS BUILDERS SECONDARY SCHOOL,PRIVATE,Secondary,,
19,783,THE KINGS AMBASSADOR SEMINARY,PRIVATE,Secondary,,
19,784,ULTIMATE FOUNDATION SECONDARY SCHOOL,PRIVATE,Secondary,,
19,785,UNITY COMPREHENSIVE GIRLS HIGH SCHOOL,PRIVATE,Secondary,,
19,786,UNIVERSAL SECONDARY SCHOOL,PRIVATE,Secondary,,
19,787,VERSITY COMPREHENSIVE COLLEGE,PRIVATE,Secondary,,
19,788,VICTORY COMPREHENSIVE SECONDARY SCHOOL,PRIVATE,Secondary,,
14,789,ADO GIRLS' SEC. SCHOOL,PUBLIC,Secondary,,
14,790,ANGLICAN GIRLS' SEC. SCH. ONITSHA,PUBLIC,Secondary,,
14,791,ARMY DAY SEC. SCHOOL,PUBLIC,Secondary,,
14,792,DENNIS MEMO. GRAM. SCHOOL,PUBLIC,Secondary,,
14,793,EASTERN ACADEMY,PUBLIC,Secondary,,
14,794,GOVT. TECH. COLLEGE,PUBLIC,Secondary,,
14,795,INLAND GIRLS' SEC. SCHOOL,PUBLIC,Secondary,,
14,796,METROPOLITAN COLLEGE,PUBLIC,Secondary,,
14,797,NEW ERA GIRLS' SEC. SCH.,PUBLIC,Secondary,,
14,798,ONITSHA HIGH SCHOOL,PUBLIC,Secondary,,
14,799,"OUR LADY'S HIGH SCHOOL,",PUBLIC,Secondary,,
14,800,PATTERSON MEMO GRAM SCHOOL OSHA,PUBLIC,Secondary,,
14,801,PRINCE MEM. SEC. ONITSHA,PUBLIC,Secondary,,
14,802,QUEEN OF ROSARY SCHOOL,PUBLIC,Secondary,,
14,803,ST. CHARLES SEC. SCHOOL,PUBLIC,Secondary,,
14,804,WASHINGTON MEM. SEC. SCH.,PUBLIC,Secondary,,
14,805,SUPREME KING'S KIDS SECONDARY SCHOOL,PRIVATE,Secondary,,
14,806,ACTUS DEI INT’L SECONDARY  SCHOOL,PRIVATE,Secondary,,
14,807,AKUNNE ONIAH MEMORIAL SECONDARY SCHOOL,PRIVATE,Secondary,,
14,808,ALL HALLOWS SEMINARY SCHOOL,PRIVATE,Secondary,,
14,809,ASAF SECONDARY SCHOOL,PRIVATE,Secondary,,
14,810,BE RADIANT SECONDARY SCHOOL,PRIVATE,Secondary,,
14,811,BETH-ROOTS MODEL SECONDARY SCHOOL,PRIVATE,Secondary,,
14,812,BISHOP CROWTHER MEM. (BCM) MODEL SECONDARY SCHOOL,PRIVATE,Secondary,,
14,813,BRIGHT INT’L SECONDARY SCHOOL,PRIVATE,Secondary,,
14,814,BUSY BRAIN INT’L SECONDARY SCHOOL,PRIVATE,Secondary,,
14,815,CHAMPION MODEL SECONDARY SCHOOL,PRIVATE,Secondary,,
14,816,CHARLES HEEREY INT’L SECONDARY SCHOOL,PRIVATE,Secondary,,
14,817,CORDI STARS INT’L SECONDARY SCHOOL,PRIVATE,Secondary,,
14,818,CREATIVE EDUCATION SECONDARY SCHOOL,PRIVATE,Secondary,,
14,819,CRESCENT MOON INT'L SECONDARY SCHOOL,PRIVATE,Secondary,,
14,820,DAYSPRING COMPR. GIRLS’ SECONDARY SCHOOL,PRIVATE,Secondary,,
14,821,DIVINE COLLEGE,PRIVATE,Secondary,,
14,822,DIVINE INTERVENTION SECONDARY SCHOOL,PRIVATE,Secondary,,
14,823,DIVINE MODEL SECONDARY SCHOOL,PRIVATE,Secondary,,
14,824,DIVINE PROVIDENCE INT’L SECONDARY SCHOOL,PRIVATE,Secondary,,
14,825,DIVINE WISDOM SECONDARY SCHOOL,PRIVATE,Secondary,,
14,826,DOMINION SPRING INT’L SECONDARY SCHOOL,PRIVATE,Secondary,,
14,827,EL-SHADDAI SCHOOL OF VOCATIONAL STUDIES,PRIVATE,Secondary,,
14,828,FAITH FOUNDATION INT’L SECONDARY SCHOOL,PRIVATE,Secondary,,
14,829,FRONT LINERS' INT'L SECONDARY SCHOOL,PRIVATE,Secondary,,
14,830,GIPPS SECONDARY SCHOOL,PRIVATE,Secondary,,
14,831,GLORY LAND INT'L SECONDARY SCHOOL,PRIVATE,Secondary,,
14,832,GLORY SECONDARY SCHOOL,PRIVATE,Secondary,,
14,833,GREATER TOMMORROW SECONDARY SCHOOL,PRIVATE,Secondary,,
14,834,HERITAGE HEIGHTS SECONDARY SCHOOL,PRIVATE,Secondary,,
14,835,HOLY CHILD INT’L SECONDARY SCHOOL,PRIVATE,Secondary,,
14,836,HOLY CROSS SECONDARY SCHOOL,PRIVATE,Secondary,,
14,837,HOLY SPIRIT INT’L SECONDARY SCHOOL,PRIVATE,Secondary,,
14,838,KINGDOM HERITAGE COLLEGE,PRIVATE,Secondary,,
14,839,LATTER RAIN FOUNDATION SECONDARY SCHOOL,PRIVATE,Secondary,,
14,840,LEARNING FIELD INT’L SECONDARY SCHOOL,PRIVATE,Secondary,,
14,841,LITERATE SECONDARY SCHOOL,PRIVATE,Secondary,,
14,842,LIVING STONE INT'L SECONDARY SCHOOL,PRIVATE,Secondary,,
14,843,MARANATHA INT’L SECONDARY SCHOOL,PRIVATE,Secondary,,
14,844,MAY SECONDARY SCHOOL,PRIVATE,Secondary,,
14,845,MOTHER MARY BENEDETH SECONDARY SCHOOL,PRIVATE,Secondary,,
14,846,MYRTTE VIRE SECONDARY SCHOOL,PRIVATE,Secondary,,
14,847,NEW BETHEL SECONDARY SCHOOL,PRIVATE,Secondary,,
14,848,NEW-WORLD INT’L SECONDARY SCHOOL,PRIVATE,Secondary,,
14,849,NEZVILLE COLLEGE,PRIVATE,Secondary,,
14,850,NKISI COMPREHENSIVE SCHOOL,PRIVATE,Secondary,,
14,851,NKISI REGENT SECONDARY SCHOOL,PRIVATE,Secondary,,
14,852,ONWARD SECONDARY SCHOOL,PRIVATE,Secondary,,
14,853,OUR CHILDREN’S SECONDARY SCHOOL,PRIVATE,Secondary,,
14,854,OUR LADY OF ASSUMPTION SECONDARY SCHOOL,PRIVATE,Secondary,,
14,855,OZOUGWU COMPREHENSIVE SECONDARY SCHOOL,PRIVATE,Secondary,,
14,856,PEATECH COMPUTER SCHOOL,PRIVATE,Secondary,,
14,857,REDEEMED CHRISTIAN SCHOOL,PRIVATE,Secondary,,
14,858,REDEMPTION CHRISTIAN SECONDARY SCHOOL,PRIVATE,Secondary,,
14,859,REGINA PACIS MODEL SECONDARY SCHOOL,PRIVATE,Secondary,,
14,860,RINESKID JUNIOR SECONDARY SCHOOL,PRIVATE,Secondary,,
14,861,ROCK FOUNDATION COLLEGE,PRIVATE,Secondary,,
14,862,ROYAL AMBASSODORS SECONDARY SCHOOL,PRIVATE,Secondary,,
14,863,SEDES SAPIENTIA COMPREHENSIVE,PRIVATE,Secondary,,
14,864,SPRING FIELD ACADEMY,PRIVATE,Secondary,,
14,865,ST VALERIAN'S HIGH SCHOOL,PRIVATE,Secondary,,
14,866,ST. BARNABAS SECONDARY SCHOOL,PRIVATE,Secondary,,
14,867,ST. CHRISTOPHER’S JUNIOR SEMINARY,PRIVATE,Secondary,,
14,868,ST. MARK’S STANDARD SECONDARY SCHOOL,PRIVATE,Secondary,,
14,869,STAFF SCHOOL FEDERAL GOVERNMENT GIRL’S COLLEGE,PRIVATE,Secondary,,
14,870,SUMMER INT’L SECONDARY SCHOOL,PRIVATE,Secondary,,
14,871,TRINITY SECONDARY SCHOOL,PRIVATE,Secondary,,
14,872,UNITED LEARNERS MODEL SECONDARY SCHOOL,PRIVATE,Secondary,,
14,873,VICTORY COMPREHENSIVE SECONDARY SCHOOL,PRIVATE,Secondary,,
14,874,WEST END SECONDARY SCHOOL,PRIVATE,Secondary,,
14,875,WISDOM MODEL SCHOOL,PRIVATE,Secondary,,
14,876,Y.W.C.A SCHOOL,PRIVATE,Secondary,,
1,877,CHRIST THE KING COLLEGE,PUBLIC,Secondary,,
1,878,METU MEM.SEC.SCHOOL,PUBLIC,Secondary,,
1,879,MODEBE MEM. SEC. SCHOOL,PUBLIC,Secondary,,
1,880,SPECIAL SEC SCH FOR THE DEAF,PUBLIC,Secondary,,
1,881,URBAN BOYS SEC SCHOOL,PUBLIC,Secondary,,
1,882,URBAN GIRLS SEC SCHOOL,PUBLIC,Secondary,,
1,883,BASIC STEP INT’L SECONDARY SCHOOL,PRIVATE,Secondary,,
1,884,BETHLEHEM SECONDARY SCHOOL,PRIVATE,Secondary,,
1,885,BISHOP ONYEMELUKWE SECONDARY SCHOOL,PRIVATE,Secondary,,
1,886,CITY INT’L SECONDARY SCHOOL,PRIVATE,Secondary,,
1,887,CREATIVE BASED C.M SECONDARY SCHOOL,PRIVATE,Secondary,,
1,888,DEO-GRATIAS SECONDARY SCHOOL,PRIVATE,Secondary,,
1,889,EMMANUEL COLLEGE (VOCATIONAL CENTRE),PRIVATE,Secondary,,
1,890,ESTATE SECONDARY SCHOOL,PRIVATE,Secondary,,
1,891,EXCELLENT INT’L SECONDARY SCHOOL,PRIVATE,Secondary,,
1,892,GOOD HOPE INT’L SECONDARY SCHOOL,PRIVATE,Secondary,,
1,893,HALLOWED GROUND SECONDARY SCHOOL,PRIVATE,Secondary,,
1,894,INFANT JESUS SECONDARY SCHOOL,PRIVATE,Secondary,,
1,895,KEZZ FOUNDATION SECONDARY SCHOOL,PRIVATE,Secondary,,
1,896,LEARNING FIELD INT’L SECONDARY SCHOOL,PRIVATE,Secondary,,
1,897,LIVING WORD SECONDARY SCHOOL,PRIVATE,Secondary,,
1,898,MAY-RAYS SECONDARY SCHOOL,PRIVATE,Secondary,,
1,899,NKEM COMPREHENSIVE SECONDARY SCHOOL,PRIVATE,Secondary,,
1,900,PINNACLE SECONDARY SCHOOL,PRIVATE,Secondary,,
1,901,PROMISE INT’L SECONDARY SCHOOL,PRIVATE,Secondary,,
1,902,PRUDENCE COMPREHENSIVE SECONDARY SCHOOL,PRIVATE,Secondary,,
1,903,PURE FOUNDATION SECONDARY SCHOOL,PRIVATE,Secondary,,
1,904,QUEENS COMPREHENSIVE SECONDARY SCHOOL,PRIVATE,Secondary,,
1,905,SALVATION ARMY SECONDARY SCHOOL,PRIVATE,Secondary,,
1,906,SEAT OF WISDOM COMMERCIAL SECONDARY SCHOOL,PRIVATE,Secondary,,
1,907,SHANAHAM MEM. COLLEGE,PRIVATE,Secondary,,
1,908,ST. FAITH SECONDARY SCHOOL,PRIVATE,Secondary,,
1,909,ST. JOHN INT’L EVENING COLLEGE,PRIVATE,Secondary,,
1,910,ST. JOHN’S MODEL SECONDARY SCHOOL,PRIVATE,Secondary,,
1,911,ST. MONICA’S SECONDARY SCHOOL,PRIVATE,Secondary,,
1,912,THE ANGELS SECONDARY SCHOOL,PRIVATE,Secondary,,
1,913,THE SALVATION ARMY SECONDARY SCHOOL,PRIVATE,Secondary,,
1,914,VITORY MODEL SECONDARY SCHOOL,PRIVATE,Secondary,,
1,915,ZEST INT'L COLLEGE,PRIVATE,Secondary,,
7,916,AWGBU GRAMMAR SCH. AWGBU,PUBLIC,Secondary,,
7,917,COMM SEC SCH NDIUKWUENU,PUBLIC,Secondary,,
7,918,COMM SEC. SCH. NDIOWU,PUBLIC,Secondary,,
7,919,COMM SEC.SCH. AJALI,PUBLIC,Secondary,,
7,920,"COMM. HIGH SCHOOL, NANKA",PUBLIC,Secondary,,
7,921,COMM. HIGH.SCH. AWGBU,PUBLIC,Secondary,,
7,922,COMM. SEC. SCH AWA,PUBLIC,Secondary,,
7,923,COMM. SEC. SCH. ENUGWUABOR UFUMA,PUBLIC,Secondary,,
7,924,COMM. SEC. SCH. NANKA,PUBLIC,Secondary,,
7,925,COMM. SEC. SCH. NDIKELIONWU,PUBLIC,Secondary,,
7,926,COMM. SEC. SCH. OKO,PUBLIC,Secondary,,
7,927,COMM. SEC. SCH. UFUMA,PUBLIC,Secondary,,
7,928,COMM. SEC.SCH. OMOGHO,PUBLIC,Secondary,,
7,929,COMM.SEC. SCH. AWGBU,PUBLIC,Secondary,,
7,930,COMM.SEC.SCH. OKPEZE,PUBLIC,Secondary,,
7,931,COMM.SEC.SCH.NDIOKPALEKE,PUBLIC,Secondary,,
7,932,ALL SAINTS INT'L TECHNICAL COLLEGE,PRIVATE,Secondary,,
7,933,AUSTICA MEMORIAL COLLEGE,PRIVATE,Secondary,,
7,934,"DAUGHTERS OF MARY, MOTHER OF MERCY HIGH SCHOOL",PRIVATE,Secondary,,
7,935,DEUS PRIMUS COLLEGE,PRIVATE,Secondary,,
7,936,FEDERAL POLYTECHNIC STAFF SECONDARY SCHOOL,PRIVATE,Secondary,,
7,937,HOLY CHILD COLLEGE,PRIVATE,Secondary,,
7,938,HOLYGHOST ACADEMY,PRIVATE,Secondary,,
7,939,JESURITES SECONDARY SCHOOL,PRIVATE,Secondary,,
7,940,MIND OF GOD INT’L SECONDARY SCHOOL,PRIVATE,Secondary,,
7,941,MIND OF GOD INT’L SECONDARY SCHOOL,PRIVATE,Secondary,,
7,942,POLYTHECNIC STAFF SECONDARY SCHOOL,PRIVATE,Secondary,,
7,943,ST CHARLES IWANGA SECONDARY SCHOOL,PRIVATE,Secondary,,
7,944,ST. CATHERINES COMPREHENSIVE SECONDARY SCHOOL,PRIVATE,Secondary,,
7,945,ST. MARY THE VIRGIN CONVENT,PRIVATE,Secondary,,
7,946,THE INCUBATORS SECONDARY SCHOOL,PRIVATE,Secondary,,
21,947,ALL SAINTS SEC.SCH. UMUNZE,PUBLIC,Secondary,,
21,948,BASDEN MEMORIAL EDU. CENTER ISULO,PUBLIC,Secondary,,
21,949,COMM. HIGH. SCH. NAWFIJA,PUBLIC,Secondary,,
21,950,COMM. HIGH. SCH. UMUNZE,PUBLIC,Secondary,,
21,951,COMM. HIGH.SCH. OGBOJI,PUBLIC,Secondary,,
21,952,COMM. SEC. SCH. IHITE,PUBLIC,Secondary,,
21,953,COMM. SEC.SCH. OWERE EZUKALA,PUBLIC,Secondary,,
21,954,COMM. .SEC. SCH. OGBUNKA (GSS),PUBLIC,Secondary,,
21,955,GOVT TECHNICAL COLLEGE UMUNZE,PUBLIC,Secondary,,
21,956,NEW BETHEL SEC. SCH. ISULO,PUBLIC,Secondary,,
21,957,PREMIER SEC. SCH. OGBUNKA (BSS),PUBLIC,Secondary,,
21,958,UNION SEC.SCH. OWERE EZUKALA,PUBLIC,Secondary,,
21,959,UNION SEC.SCH. UMUOMAKU,PUBLIC,Secondary,,
21,960,VICTORY HIGH. SCH. EZIRA,PUBLIC,Secondary,,
21,961,AGAPE UNIQUE SECONDARY SCHOOL,PRIVATE,Secondary,,
21,962,BEATI NUNDO COMPREHENSIVE SECONDARY SCHOOL,PRIVATE,Secondary,,
21,963,BETHEL COMPREHENSIVE COLLEGE,PRIVATE,Secondary,,
21,964,CALVARY COMPREHENSIVE SECONDARY SCHOOL,PRIVATE,Secondary,,
21,965,DEMONSTRATION SECONDARY SCHOOL,PRIVATE,Secondary,,
21,966,DIVINE SUCCESS INT'L SECCONDARY SCHOOL,PRIVATE,Secondary,,
21,967,FR. EKWU MEMORIAL SECONDARY SCHOOL,PRIVATE,Secondary,,
21,968,FR. TANSI MEMORIAL SECONDARY SCHOOL,PRIVATE,Secondary,,
21,969,GAIUS BENTON SECONDARY SCHOOL,PRIVATE,Secondary,,
21,970,HOLY INNOCENT MODEL SECONDARY SCHOOL,PRIVATE,Secondary,,
21,971,IKE MEMORIAL SECONDARY SCHOOL,PRIVATE,Secondary,,
21,972,IMMACULATE CONCEPTION INT’L SECONDARY SCHOOL,PRIVATE,Secondary,,
21,973,LORD'S LIVINGSTONE MODEL SECONDARY SCHOOL,PRIVATE,Secondary,,
21,974,MADONNA COMMERCIAL COLLEGE,PRIVATE,Secondary,,
21,975,MADONNA GIRLS SECONDARY SCHOOL,PRIVATE,Secondary,,
21,976,MADONNA SECONDARY SCHOOL,PRIVATE,Secondary,,
21,977,MODEL SECONDARY SCHOOL,PRIVATE,Secondary,,
21,978,ST PETERS SECONDARY SCHOOL,PRIVATE,Secondary,,
21,979,ST. DOMINIC SEMINARY,PRIVATE,Secondary,,
21,980,ST. JOSEPH’S HIGH SCHOOL,PRIVATE,Secondary,,
21,981,ST. PATRICKS SECONDARY SCHOOL,PRIVATE,Secondary,,
21,982,UNIVERSAL COMPREHENSIVE SECONDARY SCHOOL,PRIVATE,Secondary,,
5,983,COMM. HIGH SCH. NTEJE,PUBLIC,Secondary,,
5,984,CAVE CITY SEC. SCH. OGBUNIKE,PUBLIC,Secondary,,
5,985,COMM. HIGH SCH. N/EZUNAKA,PUBLIC,Secondary,,
5,986,COMM. SEC. SCH. AWKUZU,PUBLIC,Secondary,,
5,987,COMM. SEC. SCH. UMUNYA,PUBLIC,Secondary,,
5,988,MODEL COMPR. SEC. SCH. N/EZUNAKA,PUBLIC,Secondary,,
5,989,NEW ERA SEC. SCH. NTEJE,PUBLIC,Secondary,,
5,990,PROGRESSIVE SEC. SCH. UMUNYA,PUBLIC,Secondary,,
5,991,ST. MONICA'S COLLEGE OGBUNIKE,PUBLIC,Secondary,,
5,992,UNITY SEC. SCH. AWKUZU,PUBLIC,Secondary,,
5,993,WOMEN EDUCATION CENTRE AWKUZU,PUBLIC,Secondary,,
5,994,CEDARS INT'L COLLEGE,PRIVATE,Secondary,,
5,995,ACCESS INT'L SECONDARY SCHOOL,PRIVATE,Secondary,,
5,996,ARCHBISHOP MAXWELL ANIKWENWA SECONDARY SCHOOL,PRIVATE,Secondary,,
5,997,ASHLEY OAKS HIGH SCHOOL,PRIVATE,Secondary,,
5,998,BEHOLD THE KING'S COLLEGE,PRIVATE,Secondary,,
5,999,CARDINAL ARINZE SECONDARY SCHOOL,PRIVATE,Secondary,,
5,1000,CAVE CITY SECONDARY  SCHOOL,PRIVATE,Secondary,,
5,1001,CLASSIQUE HEIGHT SECONDARY SCHOOL,PRIVATE,Secondary,,
5,1002,CRYSTAL VALLEY MODERN HIGH SCHOOL,PRIVATE,Secondary,,
5,1003,DE APEX CREATIVE MINDS,PRIVATE,Secondary,,
5,1004,DEEPER LIFE HIGH SCHOOL,PRIVATE,Secondary,,
5,1005,DIVINE INT'L MODEL SECONDARY SCHOOL,PRIVATE,Secondary,,
5,1006,DIVINE KNOWLEDGE SECONDARY SCHOOL,PRIVATE,Secondary,,
5,1007,EAGLES MIND ACADEMY SECONDARY SCHOOL,PRIVATE,Secondary,,
5,1008,EBENEZER MODEL SECONDARY SCHOOL,PRIVATE,Secondary,,
5,1009,EVA ROSE SECONDARY SCHOOL,PRIVATE,Secondary,,
5,1010,FORTUNE COLLEGE,PRIVATE,Secondary,,
5,1011,HARVEST TIME DEVINE SECONDARY SCHOOL,PRIVATE,Secondary,,
5,1012,HOLY HILLS INT'L SECONDARY SCHOOL,PRIVATE,Secondary,,
5,1013,HOLY STAR SECONDARY SCHOOL,PRIVATE,Secondary,,
5,1014,LIFECARE SECONDARY SCHOOL,PRIVATE,Secondary,,
5,1015,MARIST COMPREHENSIVE COLLEGE,PRIVATE,Secondary,,
5,1016,MATER DEI SECONDARY SCHOOL,PRIVATE,Secondary,,
5,1017,MATER MISERICORDIA SECONDARY SCHOOL,PRIVATE,Secondary,,
5,1018,MODEL COMPREHENSIVE SECONDARY SCHOOL,PRIVATE,Secondary,,
5,1019,MOUNT OLIVE COLLEGE,PRIVATE,Secondary,,
5,1020,ORIENT SPECIAL COLLEGE,PRIVATE,Secondary,,
5,1021,REFINED FIELD SECONDARY SCHOOL,PRIVATE,Secondary,,
5,1022,ROYAL DESTINED INT’L SECONDARY SCHOOL,PRIVATE,Secondary,,
5,1023,SACRED HEART SECONDARY SCHOOL,PRIVATE,Secondary,,
5,1024,ST JOHNPAUL II SECONDARY SCHOOL,PRIVATE,Secondary,,
5,1025,ST THERESA HIGH SCHOOL,PRIVATE,Secondary,,
5,1026,ST. ANTHONY SECONDARY SCHOOL,PRIVATE,Secondary,,
5,1027,ST. JOHN INT’L SECONDARY SCHOOL,PRIVATE,Secondary,,
5,1028,ST. MONICA’S COLLEGE,PRIVATE,Secondary,,
5,1029,ST. PATRICK’S SECONDARY SCHOOL,PRIVATE,Secondary,,
5,1030,ST. RAPHAEL’S SECONDARY SCHOOL,PRIVATE,Secondary,,
5,1031,ST. STEPHEN'S COLLEGE,PRIVATE,Secondary,,
5,1032,STAR LIGHT SECONDARY SCHOOL,PRIVATE,Secondary,,
5,1033,TORIA SECONDARY SCHOOL,PRIVATE,Secondary,,
21,1034,"COMMUNITY SECONADRY  SCHOOL, EZIAGU",PUBLIC,Secondary,,
15,1035,"COMMUNITY HIGH SCHOOL, UGBENU",PUBLIC,Secondary,,
15,1036,"UNITY COLLEGE UMUJI, EBENEBE",PUBLIC,Secondary,,
13,2001,CENTRAL SCHOOL ACHINA,PUBLIC MISSION,Primary,,
13,2002,PRIMARY SCHOOL EKE ACHINA,PUBLIC MISSION,Primary,,
13,2003,OBINIKPA SCHOOL ACHINA,PUBLIC MISSION,Primary,,
13,2004,PROGRESSIVE SCHOOL ACHINA,PUBLIC MISSION,Primary,,
13,2005,CENTRAL SCHOOL AGULUEZECHUKWU,PUBLIC MISSION,Primary,,
13,2006,COMMUNITY SCHOOL AGULUEZECHUKWU,PUBLIC MISSION,Primary,,
13,2007,PRIMARY SCHOOL AGULUEZECHUKWU,PUBLIC,Primary,,
13,2008,OBIOFIA PRIMARY SCHOOL AGULUEZECHUKWU,PUBLIC,Primary,,
13,2009,CENTRAL SCHOOL AKPO,PUBLIC MISSION,Primary,,
13,2010,EGBUIKE PRIMARY SCHOOL AKPO,PUBLIC,Primary,,
13,2011,COMBINED PRIMARY SCHOOL AKPO/ACHINA,PUBLIC MISSION,Primary,,
13,2012,UDOKA PRIMARY SCHOOL AKPO/ACHINA,PUBLIC,Primary,,
13,2013,CENTRAL SCHOOL AMESI,PUBLIC MISSION,Primary,,
13,2014,COMMUNITY SCHOOL AMESI,PUBLIC,Primary,,
13,2015,PRIMARY SCHOOL AGBA EKWULOBIA,PUBLIC MISSION,Primary,,
13,2016,CENTRAL SCHOOL EKWULOBIA,PUBLIC MISSION,Primary,,
13,2017,COMMUNITY SCHOOL EKWULOBIA,PUBLIC MISSION,Primary,,
13,2018,EFOSIE PRIMARY SCHOOL EKWULOBIA,PUBLIC MISSION,Primary,,
13,2019,PRIMARY SCHOOL EZIAGULU EKWULOBIA,PUBLIC MISSION,Primary,,
13,2020,NWANNEBO PRIMARY SCHOOL ULA EKWULOBIA,PUBLIC MISSION,Primary,,
13,2021,UMUEZENNAFOR PRIMARY SCHOOL EKWULOBIA,PUBLIC MISSION,Primary,,
13,2022,AKPUNOJI PRIMARY SCHOOL EZINIFITE,PUBLIC MISSION,Primary,,
13,2023,ANULI COMMUNITY PRIMARY SCHOOL EZINIFITE,PUBLIC MISSION,Primary,,
13,2024,CENTRAL SCHOOL EZINIFITE,PUBLIC MISSION,Primary,,
13,2025,IGWEBUIKE PRIMARY SCHOOL EZINIFITE,PUBLIC MISSION,Primary,,
13,2026,NWAHIA PRIMARY SCHOOL EZINIFITE,PUBLIC MISSION,Primary,,
13,2027,OGBUGBOGU COMMUNITY PRIMARY SCHOOL EZINIFITE,PUBLIC MISSION,Primary,,
13,2028,TOWN SCHOOL EZINIFITE,PUBLIC MISSION,Primary,,
13,2029,AMAKPU PRIMARY SCHOOL NGO IGBOUKWU,PUBLIC,Primary,,
13,2030,CENTRAL SCHOOL IGBOUKWU,PUBLIC MISSION,Primary,,
13,2031,COMMUNITY SCHOOL OBIUNO IGBOUKWU,PUBLIC MISSION,Primary,,
13,2032,EZIHU PRIMARY SCHOOL IGBOUKWU,PUBLIC MISSION,Primary,,
13,2033,PRIMARY SCHOOL NGO IGBOUKWU,PUBLIC MISSION,Primary,,
13,2034,OBIGBO CENTRAL SCHOOL IGBOUKWU,PUBLIC,Primary,,
13,2035,OGWUGWUAGU COMMUNITY SCHOOL IGBOUKWU,PUBLIC MISSION,Primary,,
13,2036,PRIMARY SCHOOL IFITE IGBOUKWU,PUBLIC MISSION,Primary,,
13,2037,PRIMARY SCHOOL OBIUNO IGBOUKWU,PUBLIC MISSION,Primary,,
13,2038,TOWN SCHOOL IGBOUKWU,PUBLIC MISSION,Primary,,
13,2039,UNION PRIMARY SCHOOL IGBOUKWU,PUBLIC,Primary,,
13,2040,COMMUNITY SCHOOL IKENGA,PUBLIC MISSION,Primary,,
13,2041,AMOJI PRIMARY SCHOOL ISUOFIA,PUBLIC,Primary,,
13,2042,CENTRAL SCHOOL ISUOFIA,PUBLIC MISSION,Primary,,
13,2043,COMMUNITY PRIMARY SCHOOL ISUOFIA,PUBLIC MISSION,Primary,,
13,2044,IKEMEE PRIMARY SCHOOL ISUOFIA,PUBLIC MISSION,Primary,,
13,2045,PRIMARY SCHOOL ISUOFIA,PUBLIC,Primary,,
13,2046,CENTRAL SCHOOL NKPOLOGWU,PUBLIC MISSION,Primary,,
13,2047,COMMUNITY SCHOOL NKPOLOGWU,PUBLIC MISSION,Primary,,
13,2048,PRIMARY SCHOOL NKPOLOGWU,PUBLIC MISSION,Primary,,
13,2049,CENTRAL SCHOOL ORAERI,PUBLIC,Primary,,
13,2050,CENTRAL SCHOOL UGA,PUBLIC MISSION,Primary,,
13,2051,COMMUNITY SCHOOL UGA,PUBLIC MISSION,Primary,,
13,2052,EZINKWO PRIMARY SCHOOL UGA,PUBLIC,Primary,,
13,2053,MBALAOYE PRIMARY SCHOOL UGA,PUBLIC MISSION,Primary,,
13,2054,NWAGWAZI PRIMARY SCHOOL UGA,PUBLIC MISSION,Primary,,
13,2055,OGANIRU PRIMARY SCHOOL UGA,PUBLIC MISSION,Primary,,
13,2056,OKA COMMUNITY PRIMARY SCHOOL UGA,PUBLIC,Primary,,
13,2057,OKWUTE PRIMARY SCHOOL UGA,PUBLIC MISSION,Primary,,
13,2058,OTIOGBATA PRIMARY SCHOOL UGA,PUBLIC MISSION,Primary,,
13,2059,CENTRAL SCHOOL UMUCHU,PUBLIC MISSION,Primary,,
13,2060,CENTRAL SCHOOL IBUGHUBU UMUCHU,PUBLIC MISSION,Primary,,
13,2061,COMMUNITY SCHOOL UMUCHU,PUBLIC,Primary,,
13,2062,COMMUNITY SCHOOL ACHALLA UMUCHU,PUBLIC MISSION,Primary,,
13,2063,COMMUNITY SCHOOL IBUGHUBU UMUCHU,PUBLIC,Primary,,
13,2064,MBARAFOR PRIMARY SCHOOL AKUKWA UMUCHU,PUBLIC,Primary,,
13,2065,OGBARIMGBA PRIMARY SCHOOL AKUKWA UMUCHU,PUBLIC MISSION,Primary,,
13,2066,PRIMARY SCHOOL UMUCHU,PUBLIC MISSION,Primary,,
13,2067,PRIMARY SCHOOL IBUGHUBU UMUCHU,PUBLIC MISSION,Primary,,
13,2068,PRIMARY SCHOOL UMUONA,PUBLIC MISSION,Primary,,
13,2069,SPECIAL EDUCATION CENTRE UMUCHU,PUBLIC,Primary,,
13,2070,MODEL PRIMARY SCHOOL EZIOKA ISUOFIA,PUBLIC,Primary,,
13,2071,EGBUIKE MIGRANT FARMER'S SCHOOL AKPO,PUBLIC,Primary,,
13,2072,OBINIPKA MIGRANT FARMER'S SCHOOL ACHINA,PUBLIC,Primary,,
13,2073,MIGRANT FARMER'S SCHOOL OBIUNO IGBOUKWU,PUBLIC,Primary,,
13,2074,NDIKPA MIGRANT FARMER'S SCHOOL UMUCHU,PUBLIC,Primary,,
18,2075,"PREMIER PRIMARY SCHOOL, AGULERI",PUBLIC,Primary,,
18,2076,"ERI PRIMARY SCHOOL, AGULERI",PUBLIC,Primary,,
18,2077,"AMAEZE PRIMARY SCHOOL, AGULERI",PUBLIC,Primary,,
18,2078,"CENTRAL SCHOOL, IVITE AGULERI",PUBLIC,Primary,,
18,2079,"UNICEF EXP. PRIMARY SCHOOL, UGWUNADEGBE AGULERI",PUBLIC,Primary,,
18,2080,"COMMUNITY PRIMARY SCHOOL, UMUEKETE AGULERI",PUBLIC MISSION,Primary,,
18,2081,"CENTRAL SCHOOL, ENUGU-OTU AGULERI",PUBLIC MISSION,Primary,,
18,2082,"ENUGU-OTU PRIMARY SCHOOL, AGULERI",PUBLIC MISSION,Primary,,
18,2083,"COMM. MKPUNANDO PRIMARY SCHOOL, AGULERI-OTU.",PUBLIC MISSION,Primary,,
18,2084,"COMMUNITY PRIMARY SCHOOL, IGBOEZUNU AGULERI",PUBLIC MISSION,Primary,,
18,2085,"NATIONAL PRIMARY SCHOOL, EZIAGULU-OTU AGULERI",PUBLIC MISSION,Primary,,
18,2086,"OKPAIYAGBE MIGRANT FISHERMEN SCHOOL, AGULERI-OTU.",PUBLIC MISSION,Primary,,
18,2087,"UNIVERSAL PRIMARY EDUCATION SCHOOL, OTUOCHA",PUBLIC MISSION,Primary,,
18,2088,"OCHE PRIMARY SCHOOL, OTUOCHA",PUBLIC MISSION,Primary,,
18,2089,"CENTRAL SCHOOL, OTUOCHA",PUBLIC MISSION,Primary,,
18,2090,"OBINETITI PRIMARY SCHOOL, UMUERI",PUBLIC MISSION,Primary,,
18,2091,"COMM. DEVELOPMENT PRIMARY SCHOOL, NNEYI UMUERI",PUBLIC MISSION,Primary,,
18,2092,"ENUOBODO CENTRAL SCHOOL, UMUERI",PUBLIC MISSION,Primary,,
18,2093,"UDOKA PRIMARY SCHOOL, UMUERI",PUBLIC MISSION,Primary,,
18,2094,"UNITY PRIMARY SCHOOL, UMUERI",PUBLIC MISSION,Primary,,
18,2095,"OVUAKWU PRIMARY SCHOOL, UMUERI",PUBLIC MISSION,Primary,,
18,2096,"IGWEBUIKE PRIMARY SCHOOL, UMUERI",PUBLIC MISSION,Primary,,
18,2097,"NJIKOKA MIGRANT FISHERMEN SCHOOL, AGULERI-OTU.",PUBLIC MISSION,Primary,,
18,2098,"PROGRESSIVE NOMADIC, NNEYI UMUERI",PUBLIC MISSION,Primary,,
18,2099,"ONINZE MIGRANT FISHERMEN SCHOOL, AGULERI-OTU.",PUBLIC MISSION,Primary,,
18,2100,"NWANNEKA MIGRANT FISHERMEN SCHOOL, AGULERI-OTU.",PUBLIC MISSION,Primary,,
18,2101,OKPEZE MIGRANT FISHERMEN SCHOOL ENUGUOTU,PUBLIC,Primary,,
18,2102,"ODAH MIGRANT FISHERMEN SCHOOL, AGULERI-OTU.",PUBLIC,Primary,,
18,2103,"IYIAJA MIGRANT FISHERMEN SCHOOL, AGULERI-OTU.",PUBLIC,Primary,,
18,2104,"NGENEJO MIGRANT FISHERMEN SCHOOL, AGULERI-OTU.",PUBLIC,Primary,,
18,2105,"CENTRAL SCHOOL, NSUGBE",PUBLIC,Primary,,
18,2106,"COMMUNITY PRIMARY SCHOOL, NSUGBE",PUBLIC,Primary,,
18,2107,"DEVELOPMENT PRIMARY SCHOOL, ABATA NSUGBE",PUBLIC,Primary,,
18,2108,"ABUBE-UNO PRIMARY SCHOOL, NANDO",PUBLIC,Primary,,
18,2109,"CENTRAL SCHOOL, NANDO",PUBLIC,Primary,,
18,2110,"COMMUNITY PRIMARY SCHOOL, NANDO",PUBLIC MISSION,Primary,,
18,2111,"EZEORA PRIMARY SCHOOL, NANDO",PUBLIC MISSION,Primary,,
18,2112,"EZINANDO PRIMARY SCHOOL, NANDO",PUBLIC MISSION,Primary,,
18,2113,"IFITE PRIMARY SCHOOL, NANDO",PUBLIC MISSION,Primary,,
18,2114,"IKENGA PRIMARY SCHOOL, NANDO",PUBLIC MISSION,Primary,,
18,2115,"PATRIOTIC UNICEF EXP. PRIMARY SCHOOL, NANDO",PUBLIC MISSION,Primary,,
18,2116,"AGUOJI PRIMARY SCHOOL, IGBARIAM",PUBLIC MISSION,Primary,,
18,2117,"AMANASSA PRIMARY SCHOOL, IGBARIAM",PUBLIC MISSION,Primary,,
18,2118,"COMMUNITY PRIMARY SCHOOL, IGBARIAM",PUBLIC MISSION,Primary,,
18,2119,"FARM SETTLEMENT SCHOOL, IGBARIAM",PUBLIC MISSION,Primary,,
18,2120,"NEW ERA PRIMARY SCHOOL, IGBARIAM",PUBLIC MISSION,Primary,,
18,2121,"ONEDE PRIMARY SCHOOL, IGBARIAM",PUBLIC MISSION,Primary,,
18,2122,"COMM. PRI. SCHOOL, UMUDENZE EZIAGULU AGULERI",PUBLIC MISSION,Primary,,
18,2123,"UMUOBA ANAM UNITY PRIMARY SCHOOL, OTUOCHA",PUBLIC MISSION,Primary,,
18,2124,"UMUOBA ANAM CENTRAL SCHOOL, OTUOCHA",PUBLIC MISSION,Primary,,
18,2125,"OMABALLA B/H MIGRANT FISHERMEN SCHOOL, UMUERI",PUBLIC MISSION,Primary,,
18,2126,"IKENGA MIGRANT FARMERS SCHOOL, UMUERI",PUBLIC MISSION,Primary,,
18,2127,"ODOACHALLA MIGRANT FARMERS SCHOOL, UMUERI",PUBLIC MISSION,Primary,,
18,2128,"UNITY PRIMARY SCHOOL, ENUGWU AGULERI",PUBLIC MISSION,Primary,,
2,2129,Community Prim. Sch. Umueze Anam,PUBLIC MISSION,Primary,,
2,2130,Central School  Umueze Anam,PUBLIC,Primary,,
2,2131,Community Prim. Sch. Mmiata Anam,PUBLIC,Primary,,
2,2132,Abegbu Primary School Umuoba Anam,PUBLIC,Primary,,
2,2133,Iyiora Primary  School Iyiora,PUBLIC,Primary,,
2,2134,Ezi-Anam Central School Umudora Anam,PUBLIC,Primary,,
2,2135,Community Prim. Sch. Mbato Umuikwu,PUBLIC,Primary,,
2,2136,Community Prim. Sch. Umuem Anam,PUBLIC,Primary,,
2,2137,Obioma Primary Sch. Obodo-Otu Umuem,PUBLIC,Primary,,
2,2138,Hope Rising Primary School Oroma-Etiti,PUBLIC,Primary,,
2,2139,Central School Onono Umuikwu Anam,PUBLIC MISSION,Primary,,
2,2140,Emusi Prim. Sch. Awokor Mmiata Anam,PUBLIC MISSION,Primary,,
2,2141,Central School Oraka Umuikwu Anam,PUBLIC MISSION,Primary,,
2,2142,Community Prim. Sch. Abitor,PUBLIC MISSION,Primary,,
2,2143,Community Prim. Sch. Nzam,PUBLIC MISSION,Primary,,
2,2144,Ogbe Primary School Nzam,PUBLIC MISSION,Primary,,
2,2145,Odekpe Primary School Odekpe,PUBLIC MISSION,Primary,,
2,2146,Community Primary School Igbokenyi,PUBLIC MISSION,Primary,,
2,2147,Community Primary School Odeh,PUBLIC MISSION,Primary,,
2,2148,State Primary School Inoma,PUBLIC MISSION,Primary,,
2,2149,Udama Primary School Inoma,PUBLIC MISSION,Primary,,
2,2150,Central School Igbedor,PUBLIC MISSION,Primary,,
2,2151,Community Prim. Sch. Allah/Onugwa,PUBLIC MISSION,Primary,,
2,2152,United Primary School Umuem,PUBLIC MISSION,Primary,,
2,2153,Ndeze M F S Mmiata Anam,PUBLIC MISSION,Primary,,
2,2154,Viable MFS Ukpo Odekpe,PUBLIC MISSION,Primary,,
2,2155,Ochi Prim. School Umuoba,PUBLIC MISSION,Primary,,
2,2156,Ukwubili MFS Onono Umuikwu,PUBLIC MISSION,Primary,,
2,2157,Nkwoji MFS Umuem Anam,PUBLIC MISSION,Primary,,
2,2158,Agwe MFS Oroma-Etiti Anam,PUBLIC MISSION,Primary,,
2,2159,Asaowali M F S Umuem Anam,PUBLIC MISSION,Primary,,
2,2160,Ogene M F S Nzam,PUBLIC MISSION,Primary,,
2,2161,Aribor M F S Umuikwu Anam,PUBLIC MISSION,Primary,,
2,2162,Obagu M F S Nkwu Umuoba Anam,PUBLIC MISSION,Primary,,
2,2163,Anielo Prim. School Umuikwu Anam,PUBLIC,Primary,,
2,2164,Ukpo M F S Umuem Anam,PUBLIC,Primary,,
2,2165,Development Prim. School Mmiata Anam,PUBLIC MISSION,Primary,,
2,2166,Unity Primary School Mmiata Anam,PUBLIC,Primary,,
2,2167,Ugbada M F S Oroma- Etiti Anam,PUBLIC,Primary,,
2,2168,Ugwunadegbe M F S Mmiata Anam,PUBLIC,Primary,,
2,2169,Adaru M F S Mmiata Anam,PUBLIC,Primary,,
2,2170,Umuonuora Prim School Mmiata Anam,PUBLIC,Primary,,
2,2171,Aniachala M F S Umudora Anam,PUBLIC MISSION,Primary,,
2,2172,Omagu M F S Umuoba Anam,PUBLIC MISSION,Primary,,
2,2173,Udoka Prim. School Umuoba Anam,PUBLIC MISSION,Primary,,
2,2174,Mbamili Primary School Umuoba Anam,PUBLIC,Primary,,
2,2175,Ebenebe Prim. School Umuoba Anam,PUBLIC,Primary,,
2,2176,Orike Primary Sch. Ukwalla,PUBLIC,Primary,,
2,2177,Ogbuakwu M F S Umueze Anam,PUBLIC,Primary,,
2,2178,Okpaijoku M F S Umuikwu Anam,PUBLIC,Primary,,
2,2179,Community Prim School Owelle,PUBLIC,Primary,,
2,2180,"Attishelle MFS, Inoma",PUBLIC,Primary,,
2,2181,Attenegoma MFS Inoma,PUBLIC,Primary,,
2,2182,"Okwulu MFS, Nzam",PUBLIC,Primary,,
2,2183,Ajagu MFS Igbedor,PUBLIC,Primary,,
2,2184,Okpoma MFS Umuem Anam,PUBLIC,Primary,,
2,2185,Community Primary School Umudora Anam,PUBLIC,Primary,,
2,2186,Ani-Ubom Prim Sch Iyiora Anam,PUBLIC MISSION,Primary,,
2,2187,Okpurubi MFCS Mmiata Anam,PUBLIC,Primary,,
2,2188,Udeoji Prim Sch. Iyi-Ukpo Oroma-Etiti,PUBLIC,Primary,,
9,2189,CENTRAL PRIMARY SCHOOL  ADAZI-ANI,PUBLIC,Primary,,
9,2190,COMMUNITY PRIMARY SCHOOL  ADAZI-ANI,PUBLIC,Primary,,
9,2191,PAUL ILOGHALU PRIMARY SCHOOL ADAZI-ENU,PUBLIC,Primary,,
9,2192,EDWARD UGBOAJA PRIMARY SCHOOL ADAZI-ENU,PUBLIC,Primary,,
9,2193,OJIAKO PRIMARY SCHOOL ADAZI-NNUKWU,PUBLIC,Primary,,
9,2194,PRACTISING PRIMARY SCHOOL  ADAZI-NNUKWU,PUBLIC,Primary,,
9,2195,UNION PRIMARY SCHOOL  ADAZI-NNUKWU,PUBLIC MISSION,Primary,,
9,2196,AGUNKWO PRIMARY SCHOOL AGULU,PUBLIC MISSION,Primary,,
9,2197,CENTRAL PRIMARY SCHOOL AGULU,PUBLIC MISSION,Primary,,
9,2198,CHUKWUKA PRIMARY SCHOOL AGULU,PUBLIC MISSION,Primary,,
9,2199,COMMUNITY PRIMARY SCHOOL AGULU,PUBLIC MISSION,Primary,,
9,2200,EZEANYANWU PRIMARY SCHOOL AGULU,PUBLIC MISSION,Primary,,
9,2201,NWACHI PRIMARY SCHOOL  AGULU,PUBLIC,Primary,,
9,2202,OBE PRIMARY SCHOOL AGULU,PUBLIC MISSION,Primary,,
9,2203,OBEAGU PRIMARY SCHOOL AGULU,PUBLIC MISSION,Primary,,
9,2204,ONIKE PRIMARY SCHOOL AGULU,PUBLIC MISSION,Primary,,
9,2205,PRACTISING PRIMARY SCHOOL AGULU,PUBLIC,Primary,,
9,2206,UDOKA PRIMARY SCHOOL AGULU,PUBLIC MISSION,Primary,,
9,2207,UGWUABA PRIMARY SCHOOL AGULU,PUBLIC MISSION,Primary,,
9,2208,UMUOWELLE PRIMARY SCHOOL  AGULU,PUBLIC,Primary,,
9,2209,IFITEANI PRIMARY SCHOOL AGULU,PUBLIC MISSION,Primary,,
9,2210,NNEOGIDI PRIMARY SCHOOL AGULU,PUBLIC MISSION,Primary,,
9,2211,COMMUNITY PRIMARY SCHOOL AGULUZIGBO,PUBLIC,Primary,,
9,2212,EBENESI PRIMARY SCHOOL AGULUZIGBO,PUBLIC,Primary,,
9,2213,IGWEAMAKA PRIMARY SCHOOL AGULUZIGBO,PUBLIC MISSION,Primary,,
9,2214,UDOKAMMA PRIMARY SCHOOL AGULUZIGBO,PUBLIC MISSION,Primary,,
9,2215,COMMUNITY PRIMARY SCHOOL AKWAEZE,PUBLIC MISSION,Primary,,
9,2216,EZENNEBO PRIMARY SCHOOL AKWAEZE,PUBLIC MISSION,Primary,,
9,2217,AZUDO PRIMARY SCHOOL ICHIDA,PUBLIC MISSION,Primary,,
9,2218,EZEBAZU PRIMARY SCHOOL ICHIDA,PUBLIC MISSION,Primary,,
9,2219,COMMUNITY PRIMARY SCHOOL ICHIDA,PUBLIC,Primary,,
9,2220,MGBUDU PRIMARY SCHOOL ICHIDA,PUBLIC,Primary,,
9,2221,OKOTU MEMORIAL PRIMARY SCHOOL ICHIDA,PUBLIC MISSION,Primary,,
9,2222,ECHEOBI PRIMARY SCHOOL NENI,PUBLIC MISSION,Primary,,
9,2223,EZEANI OBIDIGBO PRIMARY SCHOOL NENI,PUBLIC MISSION,Primary,,
9,2224,EZEKWUDO PRIMARY SCHOOL NENI,PUBLIC,Primary,,
9,2225,EZIAJA PRIMARY SCHOOL NENI,PUBLIC MISSION,Primary,,
9,2226,NRI PRIMARY SCHOOL NENI,PUBLIC,Primary,,
9,2227,EBEDE PRIMARY SCHOOL NRI,PUBLIC MISSION,Primary,,
9,2228,CENTRAL PRIMARY SCHOOL NRI,PUBLIC MISSION,Primary,,
9,2229,COMMUNITY PRIMARY SCHOOL NRI,PUBLIC MISSION,Primary,,
9,2230,NRIJIOFOR PRIMARY SCHOOL NRI,PUBLIC MISSION,Primary,,
9,2231,CENTRAL PRIMARY SCHOOL OBELEDU,PUBLIC MISSION,Primary,,
9,2232,CHRIST THE KING PRIMARY SCHOOL OBELEDU,PUBLIC,Primary,,
9,2233,UNION PRIMARY SCHOOL IFITEANI AGULU,PUBLIC MISSION,Primary,,
9,2234,OKWUANYIONU PRIMARY SCHOOL OBELEDU,PUBLIC MISSION,Primary,,
9,2235,MIGRANT FARMER PRIMARY SCHOOL NENI,PUBLIC MISSION,Primary,,
9,2236,AGULU LAKE MIGRANT FARMERS SCHOOL AGULU,PUBLIC,Primary,,
9,2237,NKITAKU MIGRANT SCHOOL AGULU,PUBLIC MISSION,Primary,,
9,2238,URUOJI MIGRANT FARMERS SCHOOL NRI,PUBLIC,Primary,,
9,2239,"AJANI COMMUNITY PRIMARY SCHOOL, ICHIDA",PUBLIC MISSION,Primary,,
15,2240,CENTRAL SCH. ACHALLA,PUBLIC,Primary,,
15,2241,"COMMUNITY PRIM. SCH, ACHALLA",PUBLIC,Primary,,
15,2242,EGEDE PRIMARY SCHOOL ACHALLA,PUBLIC,Primary,,
15,2243,UDOKA PRIMARY SCHOOL ACHALLA,PUBLIC,Primary,,
15,2244,CENTRAL SCHOOL AMANUKE,PUBLIC,Primary,,
15,2245,UNION PRIMARY SCHOOL AMANUKE,PUBLIC,Primary,,
15,2246,COMMUNITY PRI. SCH. AMANSEA,PUBLIC MISSION,Primary,,
15,2247,EZIOGBO PRIMARY SCH. AMANSEA,PUBLIC MISSION,Primary,,
15,2248,CENTRAL SCHOOL AWBA-OFEMILI,PUBLIC MISSION,Primary,,
15,2249,COMM. PRIMARY SCHOOL AWBA-OFEMILI,PUBLIC,Primary,,
15,2250,PROGRESSIVE PRIMARY SCHOOL AWBA-OFEMILI,PUBLIC MISSION,Primary,,
15,2251,UNITY PRIMARY SCHOOL AWBA-OFEMILI,PUBLIC,Primary,,
15,2252,CENTRAL SCH. ISUANIOCHA,PUBLIC MISSION,Primary,,
15,2253,COMM. PRIMARY SCHOOL ISUANIOCHA,PUBLIC MISSION,Primary,,
15,2254,CENTRAL SCH. EBENEBE,PUBLIC MISSION,Primary,,
15,2255,COMM. PRIMARY SCHOOL EBENEBE,PUBLIC,Primary,,
15,2256,IRUNESE PRIMARY SCHOOL EBENEBE,PUBLIC MISSION,Primary,,
15,2257,OBUNO PRIMARY SCHOOL EBENEBE,PUBLIC,Primary,,
15,2258,UMUJI PRIMARY SCHOOL EBENEBE,PUBLIC MISSION,Primary,,
15,2259,UMUOGBUEFI PRIMARY SCHOOL EBENEBE,PUBLIC MISSION,Primary,,
15,2260,CENTRAL SCHOOL MGBAKWU,PUBLIC MISSION,Primary,,
15,2261,COMM. PRIMARY SCHOOL MGBAKWU,PUBLIC MISSION,Primary,,
15,2262,CENTRAL SCHOOL UGBENE,PUBLIC,Primary,,
15,2263,AGUEKE UGBENU,PUBLIC,Primary,,
15,2264,"COMMUNITY PRIMARY SCHOOL, UGBENE",PUBLIC MISSION,Primary,,
15,2265,UGBENU-IME PRIMARY SCHOOL UGBENU,PUBLIC,Primary,,
15,2266,COMM. PRIMARY SCHOOL URUM,PUBLIC MISSION,Primary,,
15,2267,IGWEBUDU PRIMARY SCHOOL UGBENU,PUBLIC,Primary,,
15,2268,"COMMNITY PRIMARY SCHOOL, UGBENU",PUBLIC MISSION,Primary,,
15,2269,"WATERSIDE PRIMARY SCHOOL, AWBA-OFEMILI",PUBLIC MISSION,Primary,,
15,2270,OTOKO PRIMARY SCHOOL ISUANIOCHA,PUBLIC MISSION,Primary,,
15,2271,ABOGU PRIMARY SCHOOL MGBAKU,PUBLIC MISSION,Primary,,
15,2272,UNITY PRIMARY SCHOOL MGBAKWU,PUBLIC MISSION,Primary,,
15,2273,UWANI PRIMARY SCHOOL EBENEBE,PUBLIC MISSION,Primary,,
15,2274,OKPINYI MFS ACHALLA,PUBLIC MISSION,Primary,,
15,2275,EGE MFS AWBA,PUBLIC,Primary,,
15,2276,WATER-SIDE MFS AWBA-OFEMILI,PUBLIC,Primary,,
15,2277,NOMADIC PRIMARY SCHOOL URUM,PUBLIC MISSION,Primary,,
20,2278,"CENTRAL SCHOOL, NIBO",PUBLIC MISSION,Primary,,
20,2279,"CENTRAL SCHOOL, AMAWBIA",PUBLIC,Primary,,
20,2280,UDOKA PRIMARY SCHOOL AWKA,PUBLIC,Primary,,
20,2281,"CENTRAL SCHOOL, NISE",PUBLIC,Primary,,
20,2282,COMMUNITY PRIMARY SCHOOL UMUOKPU,PUBLIC,Primary,,
20,2283,CENTRAL SCHOOL ISIAGU,PUBLIC,Primary,,
20,2284,CENTRAL SCHOOL UMUAWULU,PUBLIC MISSION,Primary,,
20,2285,CENTRAL SCHOOL MBAUKWU,PUBLIC MISSION,Primary,,
20,2286,"COMMUNITY PRIMARY SCHOOL, NISE",PUBLIC MISSION,Primary,,
20,2287,CENTRAL SCHOOL AWKA,PUBLIC MISSION,Primary,,
20,2288,COMMUNITY  PRIMARY SCHOOL. UMUAWULU,PUBLIC MISSION,Primary,,
20,2289,EZEIKE MEMORIAL PRIMARY SCHOOL NIBO,PUBLIC MISSION,Primary,,
20,2290,COMMUNITY PRIMARY SCHOOL OKPUNO,PUBLIC MISSION,Primary,,
20,2291,OBIORA PRIMARY SCHOOL MBAUKWU,PUBLIC MISSION,Primary,,
20,2292,IGWEDUNMA PRIMARY SCHOOL AMAWBIA,PUBLIC MISSION,Primary,,
20,2293,OJIAGU PRIMARY MBAUKWU,PUBLIC MISSION,Primary,,
20,2294,ORAEBEKE MEM. PRIMARY SCHOOL NDIORA,PUBLIC MISSION,Primary,,
20,2295,AMAIFE PRIMARY SCH. AWKA,PUBLIC MISSION,Primary,,
20,2296,"EZINATO NAT'L SCH, AWKA",PUBLIC MISSION,Primary,,
20,2297,UNITY PRIMARY SCHOOL UMUOKPU,PUBLIC,Primary,,
20,2298,IRU-UGO PRI. SCH. MBAUKWU,PUBLIC MISSION,Primary,,
20,2299,PRACTISING SCHOOL AWKA,PUBLIC MISSION,Primary,,
20,2300,"UDODIMMA PRIMARY SCHOOL, OKPUNO",PUBLIC,Primary,,
20,2301,NKWELLE PRIMARY AWKA,PUBLIC MISSION,Primary,,
20,2302,CENTRAL SCHOOL NDIKPA,PUBLIC MISSION,Primary,,
20,2303,UDEOZO MEMORIAL PRIMARY SCHOOL AWKA,PUBLIC MISSION,Primary,,
20,2304,AGULU-AWKA PRIMARY SCHOOL AWKA,PUBLIC MISSION,Primary,,
20,2305,IYIAGU PRIMARY SCHOOL AWKA,PUBLIC MISSION,Primary,,
20,2306,COMMUNITY PRIMARY SCHOOL  AMAWBIA,PUBLIC MISSION,Primary,,
20,2307,EZI-AWKA PRIMARY SCHOOL AWKA,PUBLIC MISSION,Primary,,
20,2308,IKWODIAKU PRIMARY SCHOOL AWKA,PUBLIC,Primary,,
20,2309,AMAENYI COMM. PRIMARY SCHOOL AWKA,PUBLIC MISSION,Primary,,
20,2310,EZINWANKWO PRIMARY SCHOOL NIBO,PUBLIC,Primary,,
20,2311,"IGWEBUEZE PRIMARY SCHOOL, I, IFITE AWKA",PUBLIC MISSION,Primary,,
20,2312,OBINWANNE PRIMARY SCHOOL NIBO,PUBLIC,Primary,,
20,2313,"UNION PRIMARY SCHOOL, NIBO",PUBLIC,Primary,,
20,2314,"NNEBUZO PRIMARY SCHOOL, AWKA",PUBLIC,Primary,,
20,2315,ARTHUR EZE AVE.  PRIMARY SCHOOL AWKA,PUBLIC,Primary,,
20,2316,OBUOKPALA  PRIMARY SCHOOL  ISIAGU,PUBLIC,Primary,,
20,2317,"IGWEBUEZE PRIMARY SCHOOL  II, IFITE AWKA",PUBLIC MISSION,Primary,,
20,2318,NOMADIC PRIMARY SCHOOL ISIAGU,PUBLIC,Primary,,
20,2319,UMUENU COM. PRIMARY SCHOOL UMUAWULU,PUBLIC MISSION,Primary,,
20,2320,OKOCHI MF P\S OKPUNO,PUBLIC MISSION,Primary,,
20,2321,COMM PRIMARY SCHOOL NTOKO,PUBLIC MISSION,Primary,,
20,2322,STATE MODEL PRIMARY SCHOOL IYIAGU 2,PUBLIC,Primary,,
6,2323,COMM. PRI SCH. ANAKU,PUBLIC MISSION,Primary,,
6,2324,EKE CENTRAL SCHOOL ANAKU,PUBLIC,Primary,,
6,2325,CENTRAL SCHOOL IFITE-OGWARI,PUBLIC,Primary,,
6,2326,COMM. PRI. SCHOOL IFITE-OGWARI,PUBLIC,Primary,,
6,2327,OGWARI PRI. SCH. IFITE-OGWARI,PUBLIC,Primary,,
6,2328,"COMM. PRI. SCHOOL, IGBAKWU",PUBLIC,Primary,,
6,2329,"NOBO PRI. SCHOOL, IGBAKWU",PUBLIC MISSION,Primary,,
6,2330,"CENTRAL SCHOOL, OMASI-UNO",PUBLIC MISSION,Primary,,
6,2331,"COMM. PRI. SCHOOL, OMASI-AGU",PUBLIC,Primary,,
6,2332,"CENTRAL SCHOOL, OMOR",PUBLIC,Primary,,
6,2333,"COMM. PRI SCHOOL, OMOR",PUBLIC MISSION,Primary,,
6,2334,"CENTRAL SCHOOL, UMERUM",PUBLIC,Primary,,
6,2335,"INLAND PRI. SCHOOL, UMERUM",PUBLIC MISSION,Primary,,
6,2336,"COMM. PRI. SCHOOL, UMUEJE",PUBLIC MISSION,Primary,,
6,2337,"PIONEER PRI. SCHOOL, UMUMBO",PUBLIC,Primary,,
6,2338,"AMIKWE PRI. SCHOOL, OMOR",PUBLIC MISSION,Primary,,
6,2339,ORENJA PRI. SCHO. OMOR,PUBLIC MISSION,Primary,,
6,2340,"AKANATOR PRI. SCHOOL, OMOR",PUBLIC MISSION,Primary,,
6,2341,"URBAN PRI. SCHOOL, OMOR",PUBLIC MISSION,Primary,,
6,2342,"UNION PRI. SCHOOL, UMUMBO",PUBLIC MISSION,Primary,,
6,2343,RIVER BASIN M.F.S. OMOR,PUBLIC MISSION,Primary,,
6,2344,EKENE M.F.S. ANAKU,PUBLIC,Primary,,
6,2345,"UMUEZEAGU PRI. SCHOOL, ANAKU",PUBLIC,Primary,,
6,2346,UDOKA PRI. SCH. IFITE-OGWARI,PUBLIC,Primary,,
6,2347,UNITY PRI. SCH. IFITE-OGWARI,PUBLIC,Primary,,
6,2348,MKPUOCHA M.F.S. UMUEJE,PUBLIC MISSION,Primary,,
6,2349,"OTAKU PRI. SCHOOL, OMOR",PUBLIC,Primary,,
6,2350,"MKPUOCHA PRI. SCHOOL, OMOR",PUBLIC,Primary,,
6,2351,"EZIEKE PRI. SCHOOL, OMOR",PUBLIC,Primary,,
6,2352,"UNITY PRI. SCHOOL, OMOR",PUBLIC,Primary,,
6,2353,"OGOLOMA PRI. SCHOOL, OMOR",PUBLIC,Primary,,
6,2354,UMUAWA PRI. SCH. IFITE-OGWARI,PUBLIC,Primary,,
6,2355,"OGIDIGA PRI. SCHOOL, IFITE-OGWARI",PUBLIC,Primary,,
6,2356,"NJIKOKA PRI. SCHOOL, UMUMBO",PUBLIC,Primary,,
6,2357,"EZI PRI. SCHOOL, UMUMBO",PUBLIC,Primary,,
6,2358,NTIOKWA M.F.S. UMUMBO,PUBLIC,Primary,,
6,2359,TEMPO M.F.S. OMASI-UNO,PUBLIC,Primary,,
6,2360,"IGWEBUIKE PRI. SCHOOL, UMUMBO",PUBLIC,Primary,,
6,2361,"AYAMELUM MMFS, OMASI-AGU",PUBLIC,Primary,,
6,2362,EGEDE M.F.S. IFITE-OGWARI,PUBLIC,Primary,,
6,2363,AKWA M.F.S. UMERUM,PUBLIC,Primary,,
6,2364,OTUBE M.F.S. IFITE-OGWARI,PUBLIC,Primary,,
6,2365,"OYE MARKET SCHOOL, IFITE-OGWARI",PUBLIC,Primary,,
6,2366,"NKWO MARKET SCHOOL, OMOR",PUBLIC,Primary,,
6,2367,UNITY M.F.S. IGBAKWU,PUBLIC,Primary,,
6,2368,"MODEL PRI. SCHOOL, IGBAKWU",PUBLIC,Primary,,
6,2369,ATAKA M.F.S. UMERUM,PUBLIC,Primary,,
6,2370,"UNITY PRI. SCHOOL, OMASI-UNO",PUBLIC,Primary,,
6,2371,OKPUNO M.F.S. UMUMBO,PUBLIC,Primary,,
12,2372,AGUOJI PRIMARY SCHOOL IFITEDUNU,PUBLIC,Primary,,
12,2373,CENTRAL SCHOOL IFITEDUNU,PUBLIC,Primary,,
12,2374,COMMUNITY PRIMARY SCHOOL IFITEDUNU,PUBLIC,Primary,,
12,2375,OZALLA PRIMARY SCHOOL  IFITEDUNU,PUBLIC,Primary,,
12,2376,COMMUNITY PRIMARY SCHOOL NAWGU,PUBLIC,Primary,,
12,2377,IRUKA PRIMARY NAWGU,PUBLIC,Primary,,
12,2378,AGUAFOR PRIMARY SCHOOL UKPO,PUBLIC,Primary,,
12,2379,CENTRAL SCHOOL  UKPO,PUBLIC,Primary,,
12,2380,OBIOMA PRIMARY UKPO,PUBLIC MISSION,Primary,,
12,2381,UNITY PRIMARY SCHOOL UKPO,PUBLIC MISSION,Primary,,
12,2382,CENTRAL SCHOOL UKWULU,PUBLIC MISSION,Primary,,
12,2383,UDODIMMA PRIMARY SCHOOL UKWULU,PUBLIC MISSION,Primary,,
12,2384,ABOH PRIMARY SCHOOL UMUDIOKA,PUBLIC MISSION,Primary,,
12,2385,AFORIGWE PRIMARY SCHOOL UMUDIOKA,PUBLIC MISSION,Primary,,
12,2386,CENTRAL SCHOOL UMUDIOKA,PUBLIC MISSION,Primary,,
12,2387,CENTRAL SCHOOL UMUNNACHI,PUBLIC MISSION,Primary,,
12,2388,COMMUNITY PRIMARY SCHOOL UMUNNACHI,PUBLIC MISSION,Primary,,
12,2389,EZIAGU PRIMARY SCHOOL UMUNNACHI,PUBLIC MISSION,Primary,,
12,2390,OBIECHI PRIMARY UMUNNACHI,PUBLIC MISSION,Primary,,
12,2391,OBUNAGU MIGRANT FARMERS SCHOOL NAWGU,PUBLIC MISSION,Primary,,
12,2392,AMAGU MIGRANT FARMERS SCHOOL UKWULU,PUBLIC MISSION,Primary,,
12,2393,IGWEBUIKE MIGRANT FARMERS SCHOOL UMUNNACHI,PUBLIC MISSION,Primary,,
17,2394,AMAKWA CENTRAL SCHOOL OZUBULU,PUBLIC MISSION,Primary,,
17,2395,AMAKWA COM. PRIMARY SCHOOL OZUBULU,PUBLIC MISSION,Primary,,
17,2396,EGBEMA COM. PRIMARY SCHOOL OZUBULU,PUBLIC,Primary,,
17,2397,AKWA COM. PRIMARY SCHOOL OZUBULU,PUBLIC,Primary,,
17,2398,EZEOKPO CENTRAL SCHOOL OZUBULU,PUBLIC,Primary,,
17,2399,EZIORA CENTRAL SCHOOL OZUBULU,PUBLIC,Primary,,
17,2400,NZA CENTRAL SCHOOL OZUBULU,PUBLIC MISSION,Primary,,
17,2401,NZA PRIMARY SCHOOL OZUBULU,PUBLIC MISSION,Primary,,
17,2402,ORUMBA PRIMARY SCHOOL OZUBULU,PUBLIC MISSION,Primary,,
17,2403,UKUNU CENTRAL SCHOOL OZUBULU,PUBLIC MISSION,Primary,,
17,2404,UKUNU COM. SCH. OZUBULU,PUBLIC MISSION,Primary,,
17,2405,UNITY PRIMARY SCHOOL OZUBULU,PUBLIC MISSION,Primary,,
17,2406,URUEZI COM. PRIMARY SCHOOL OZUBULU,PUBLIC MISSION,Primary,,
17,2407,URUOKWE CENTRAL SCHOOL OZUBULU,PUBLIC MISSION,Primary,,
17,2408,ZIXTON PRIMARY SCHOOL OZUBULU,PUBLIC MISSION,Primary,,
17,2409,AWOR COM. PRIMARY SCHOOL ORAIFITE,PUBLIC MISSION,Primary,,
17,2410,COM. PRIMARY SCHOOL IFITE ORAIFITE,PUBLIC MISSION,Primary,,
17,2411,COM. PRIMARY SCHOOL IBOLO ORAIFITE,PUBLIC MISSION,Primary,,
17,2412,ORAIFITE CENTRAL SCHOOL ORAIFITE,PUBLIC MISSION,Primary,,
17,2413,EZUMERI COM. PRIMARY SCHOOL ORAIFITE,PUBLIC MISSION,Primary,,
17,2414,IBOLO CENTRAL SCHOOL ORAIFITE,PUBLIC,Primary,,
17,2415,IBOLO PRIMARY SCHOOL ORAIFITE,PUBLIC MISSION,Primary,,
17,2416,IFITE CENTRAL SCHOOL ORAIFITE,PUBLIC MISSION,Primary,,
17,2417,IREFI CENTRAL SCHOOL ORAIFITE,PUBLIC,Primary,,
17,2418,UMUEZOPI COM. PRIMARY SCHOOL ORAIFITE,PUBLIC MISSION,Primary,,
17,2419,UNION PRIMARY SCHOOL IFITE ORAIFITE,PUBLIC MISSION,Primary,,
17,2420,UNITY PRIMARY SCHOOL ISINGWU ORAIFITE,PUBLIC MISSION,Primary,,
17,2421,ICHI CENTRAL SCHOOL ICHI,PUBLIC MISSION,Primary,,
17,2422,ICHI COM. PRIMARY SCHOOL ICHI,PUBLIC MISSION,Primary,,
17,2423,UNITY PRIMARY SCHOOL ICHI,PUBLIC MISSION,Primary,,
17,2424,IHEMBOSI CENTRAL SCHOOL IHEMBOSI,PUBLIC MISSION,Primary,,
17,2425,UBAHU COM. PRIMARY SCHOOL IHEMBOSI,PUBLIC MISSION,Primary,,
17,2426,UMUNAKWA COM. PRIMARY SCHOOL IHEMBOSI,PUBLIC MISSION,Primary,,
17,2427,UMUABU COM. PRIMARY SCHOOL IHEMBOSI,PUBLIC MISSION,Primary,,
17,2428,UHUALOR COM. PRIMARY SCHOOL IHEMBOSI,PUBLIC MISSION,Primary,,
17,2429,CHIEKENTA COM. PRIMARY SCHOOL IHEMBOSI,PUBLIC,Primary,,
17,2430,CHIEKENTA M.F PRIMARY SCHOOL IHEMBOSI,PUBLIC MISSION,Primary,,
17,2431,UMUODUM COMMUNITY PRIMARY SCHOOL ISINGWU ORAIFITE,PUBLIC MISSION,Primary,,
8,2432,CENTRAL SCHOOL ABACHA,PUBLIC,Primary,,
8,2433,PRIMARY SCHOOL ABACHA,PUBLIC MISSION,Primary,,
8,2434,COMM.UNITY  PRIMARY SCHOOL  ABETETE,PUBLIC,Primary,,
8,2435,OGBU PRIMARY SCHOOL. ABATETE,PUBLIC MISSION,Primary,,
8,2436,OGBU CENTRAL SCHOOL. ABATETE,PUBLIC,Primary,,
8,2437,ANEKWE MEMORIAL . PRIMARY ABATETE,PUBLIC,Primary,,
8,2438,NSUKWU PRIMARY SCHOOLABATETE,PUBLIC MISSION,Primary,,
8,2439,ODIDA PRIM.ARY SCH OOL. ABATETE,PUBLIC MISSION,Primary,,
8,2440,CENTRAL . PRIMARY SCHOOL ABATETE,PUBLIC MISSION,Primary,,
8,2441,CHUKWURA PRIMARY SCHOOL ABATETE,PUBLIC MISSION,Primary,,
8,2442,UZODIMA MEMORIAL PRIMARY SCHOOL ABATETE,PUBLIC MISSION,Primary,,
8,2443,UZUBI CENTRAL  SCHOOL EZIOWELLE,PUBLIC MISSION,Primary,,
8,2444,UNION. PRIMARY SCHOOL EZIOWELLE,PUBLIC MISSION,Primary,,
8,2445,COMMUNITY  CENTRAL SCHOOL EZIOWELLE,PUBLIC MISSION,Primary,,
8,2446,UDOKA PRIMARY SCHOOL E ZIOWELLE,PUBLIC,Primary,,
8,2447,CENTRAL SCHOOL  IDEANI,PUBLIC MISSION,Primary,,
8,2448,PRIMARY SCHOOL IDEANI,PUBLIC MISSION,Primary,,
8,2449,CENTRAL  SCHOOL NPOR-UNO,PUBLIC MISSION,Primary,,
8,2450,COMM UNITY PRIMARY SCHOOL NKPOR-UNO,PUBLIC MISSION,Primary,,
8,2451,IFITE PRIMARY SCHOOL NKPOR-UNO,PUBLIC MISSION,Primary,,
8,2452,CENTRAL SCH.OOL  1 NKPOR-AGU,PUBLIC MISSION,Primary,,
8,2453,CENTRAL SCH.OOL  11 NKPOR-AGU,PUBLIC MISSION,Primary,,
8,2454,PRIMARY SCHOOL. 1  NKPOR-AGU,PUBLIC MISSION,Primary,,
8,2455,PRIMARY SCHOOL  11 NKPOR-AGU,PUBLIC MISSION,Primary,,
8,2456,UNITED PRIMARY 1 NKPOR AGU,PUBLIC MISSION,Primary,,
8,2457,UNITED PRIMARY SCHOOL 11 NKPOR-AGU,PUBLIC MISSION,Primary,,
8,2458,CENTRAL SCHOOL OBOSI,PUBLIC MISSION,Primary,,
8,2459,UMUOTA PRIMARY OBOSI,PUBLIC MISSION,Primary,,
8,2460,CHUKE MEMORIAL . PRIMARY  OBOSI,PUBLIC MISSION,Primary,,
8,2461,OKPUNO UMUOTA PRIMARY SXCHOOLOBOSI,PUBLIC,Primary,,
8,2462,GBUGHOBI MEMORIAL . CENTRAL . SCHOOL. OBOSI,PUBLIC,Primary,,
8,2463,COMMUNITY PRIMARY UGAMUMA OBOS,PUBLIC MISSION,Primary,,
8,2464,IRE CENTRAL  SCHOOL OBOSI,PUBLIC MISSION,Primary,,
8,2465,URUOWULU CENTRAL . SCHOOL. OBOSI,PUBLIC MISSION,Primary,,
8,2466,AWADA PRIMARY OBOSI,PUBLIC MISSION,Primary,,
8,2467,AWADA PRIMARY SCHOOL 11 OBOSI,PUBLIC MISSION,Primary,,
8,2468,PREMIER SCH.OOL  1 OBOSI,PUBLIC MISSION,Primary,,
8,2469,PREMIER SCHOOL. 11 OBOSI,PUBLIC MISSION,Primary,,
8,2470,AKPAKOGWE CENTRAL . SCHOOL OGIDI,PUBLIC MISSION,Primary,,
8,2471,COMM.CENT. SCH 1 IYIENU OGIDI,PUBLIC,Primary,,
8,2472,COMM. CENT. SCH. 11 IYIENU OGIDI,PUBLIC,Primary,,
8,2473,CENTRAL SCHOOL OGIDI,PUBLIC,Primary,,
8,2474,ILO-NGWODO PRIMARY SCHOOL OGIDI,PUBLIC,Primary,,
8,2475,OGIDI-ANI CENT RAL PRIMARY SCHOOLOGIDI,PUBLIC MISSION,Primary,,
8,2476,EZI OGIDI PRIMARY SCHOOL  OGIDI,PUBLIC MISSION,Primary,,
8,2477,URU N-AKANANO CENTRAL . SCHOOL OGIDI,PUBLIC MISSION,Primary,,
8,2478,OGBOR PRIMARY SCHOOL. OGIDI,PUBLIC MISSION,Primary,,
8,2479,ADAZI CENTRAL SCH.OOL OGIDI,PUBLIC MISSION,Primary,,
8,2480,OYE OGIDI CENTRAL  SCHOOL  OGIDI .,PUBLIC MISSION,Primary,,
8,2481,CENTRAL SCHOOL ORAUKWU,PUBLIC MISSION,Primary,,
8,2482,COMMUNITY SCHOOL ORAUKWU,PUBLIC MISSION,Primary,,
8,2483,PRIMARY SCHOOL. ORAUKWU,PUBLIC MISSION,Primary,,
8,2484,OKAA OMEE MEMO RIAL PRIMARY  SCHOOL UKE,PUBLIC MISSION,Primary,,
8,2485,COMMUNITY PRIMARY SCHOOL UKE,PUBLIC MISSION,Primary,,
8,2486,MBANEME MEMORIAL  PRIMARY SCHOOL  UKE,PUBLIC MISSION,Primary,,
8,2487,CENTRAL SCHOOL UKE,PUBLIC MISSION,Primary,,
8,2488,COMMUNITY . PRIMARY  SCHOOL MGBAGO UMUOJI,PUBLIC MISSION,Primary,,
8,2489,IFITEORA PRIMARY SCHOOL MGBAGO UMUOJI,PUBLIC MISSION,Primary,,
8,2490,NKEME MEMORIAL  PRIMARY SCHOOL  UMUOJI,PUBLIC MISSION,Primary,,
8,2491,DIMECHEM PRIMARY UMUOJI,PUBLIC MISSION,Primary,,
8,2492,DIMECHEM COMMUNITY. PRIMARY SCHOOL UMUOJI,PUBLIC MISSION,Primary,,
8,2493,CENTRAL SCHOOL . UMUOJI,PUBLIC MISSION,Primary,,
8,2494,PRIMARY SCOOL UMUOJI,PUBLIC MISSION,Primary,,
8,2495,URU ANEKE PRIMARY SCHOOL UMUOJI,PUBLIC MISSION,Primary,,
8,2496,UGWUMBA MEMO RIAL PRIMARY SCHOOL  UMUOJI,PUBLIC MISSION,Primary,,
8,2497,AWADA PRIMARY SCHOOL 111    OBOSI,PUBLIC MISSION,Primary,,
8,2498,NOMADIC EDUCATION NKPOR,PUBLIC MISSION,Primary,,
8,2499,NEW AUTO PARTS OPEN MARKET SCHOOL NKPOR,PUBLIC MISSION,Primary,,
8,2500,ENUAGU CENTRAL SCHOOL. ORAUKWU,PUBLIC MISSION,Primary,,
8,2501,NDIAGU COMMUNITY . PRIMARY SCHOOL OGIDI,PUBLIC MISSION,Primary,,
8,2502,AKPAKOGWE CENTRAL SCHOOL. 11 OGIDI,PUBLIC,Primary,,
8,2503,UNITY PRIMARY SCHOOL UGWUAGBA OBOSI,PUBLIC,Primary,,
8,2504,"AWADA PRIMARY SCHOOL VI, OBOSI",PUBLIC,Primary,,
8,2505,UNITED PRIMARY  III NKPOR-AGU,PUBLIC,Primary,,
8,2506,CENTRAL SCH.OOL  III NKPOR AGU,PUBLIC MISSION,Primary,,
8,2507,CENTRAL SCHOOL. IV NKPOR-AGU,PUBLIC,Primary,,
8,2508,AWADA PRIMARY SCHOOL IV OBOSI,PUBLIC,Primary,,
8,2509,AWADA PRIMARY SCHOOL  V OBOSI,PUBLIC,Primary,,
3,2510,CENTRAL SCHOOL SCHOOL,PUBLIC,Primary,,
3,2511,UNITED SCHOOL ALOR,PUBLIC MISSION,Primary,,
3,2512,OKWU MEMORIAL PRIMARY SCHOOL ALOR,PUBLIC MISSION,Primary,,
3,2513,UMUOKWU PRIMARY SCHOOL ALOR,PUBLIC,Primary,,
3,2514,PRIMARY CENTRAL SCHOOL ALOR,PUBLIC,Primary,,
3,2515,UMUOSHI PRIMARY SCHOOL ALOR,PUBLIC MISSION,Primary,,
3,2516,URUEZEANI PRIMARY SCHOOL ALOR,PUBLIC MISSION,Primary,,
3,2517,CENTRAL SCHOOL AWKA-ETITI,PUBLIC MISSION,Primary,,
3,2518,COMMUNITY PRIMARY SCHOOL AWKA-ETITI,PUBLIC MISSION,Primary,,
3,2519,NKOLOFIA PRIMARY SCHOOL AWKA-ETITI,PUBLIC MISSION,Primary,,
3,2520,UNION PRIMARY SCHOOOL AWKA-ETITI,PUBLIC MISSION,Primary,,
3,2521,UMUNOCHA PRIMARY SCHOOL AWKA-ETITI,PUBLIC MISSION,Primary,,
3,2522,OGWUGWU IDEANI PRIMARY SCHOOL AWKA-ETITI,PUBLIC MISSION,Primary,,
3,2523,OGUNZELU PRIMARY SCHOOL AWKA-ETITI,PUBLIC MISSION,Primary,,
3,2524,COMMUNITY PRIMARY SCHOOL AKWA UKWU,PUBLIC MISSION,Primary,,
3,2525,CENTRAL SCHOOL NNOBI,PUBLIC MISSION,Primary,,
3,2526,AGBOM PRIMARY SCHOOL NNOBI,PUBLIC MISSION,Primary,,
3,2527,EBENESI PRIMARY SCHOOL NNOBI,PUBLIC MISSION,Primary,,
3,2528,COMMUNITY CENTRAL SCHOOL NNOBI,PUBLIC MISSION,Primary,,
3,2529,UNITED PRIMARY SCHOOL NGO NNOBI,PUBLIC MISSION,Primary,,
3,2530,OBI MEMORIAL PRIMARY SCHOOL NNOBI,PUBLIC MISSION,Primary,,
3,2531,EZEIKE CENTRAL SCHOOL NNOBI,PUBLIC MISSION,Primary,,
3,2532,OBODOAKPA PRIMARY SCHOOL NNOBI,PUBLIC MISSION,Primary,,
3,2533,CENTRAL SCHOOL NNOKWA,PUBLIC MISSION,Primary,,
3,2534,COMMUNITY PRIMARY SCHOOL NNOKWA,PUBLIC MISSION,Primary,,
3,2535,UKPAKA PRIMARY SCHOOL NNOKWA,PUBLIC MISSION,Primary,,
3,2536,IDEMILI PRIMARY SCHOOL NNOKWA,PUBLIC MISSION,Primary,,
3,2537,COMMUNITY PRIMARY SCHOOL UMUOGALI OBA,PUBLIC MISSION,Primary,,
3,2538,UMUOGALI UNITED SCHOOL OBA,PUBLIC MISSION,Primary,,
3,2539,BRIGHT PRIMARY SCHOOL OBA,PUBLIC MISSION,Primary,,
3,2540,CENTRAL PRIMARY SCHOOL OBA,PUBLIC MISSION,Primary,,
3,2541,UGWUBE PRIMARY SCHOOL OBA,PUBLIC MISSION,Primary,,
3,2542,ISU PRIMARY SCHOOL OBA,PUBLIC MISSION,Primary,,
3,2543,UNITED PRIMARY SCHOOL OKUZU OBA,PUBLIC MISSION,Primary,,
3,2544,UMUEZEGBOGU PRIMARY SCHOOL OBA,PUBLIC MISSION,Primary,,
3,2545,UMUMPAMA PRIMARY SCHOOL OBA,PUBLIC MISSION,Primary,,
3,2546,UMUEZE PRIMARY SCHOOL OBA,PUBLIC,Primary,,
3,2547,UNITED PRIMARY SCHOOL OJOTO,PUBLIC MISSION,Primary,,
3,2548,CENTRAL SCHOOL ENUOGWUGWU OJOTO,PUBLIC MISSION,Primary,,
3,2549,OGANIRU PRIMARY SCHOOL OJOTO,PUBLIC MISSION,Primary,,
3,2550,CENTRAL SCHOOL OJOTO-UNO,PUBLIC MISSION,Primary,,
3,2551,COMMUNITY PRIMARY SCHOOL OJOTO-UNO,PUBLIC MISSION,Primary,,
3,2552,URUONE PRIMARY SCHOOL OJOTO-UNO,PUBLIC MISSION,Primary,,
3,2553,MIGRANT FARMERS SCHOOL NNOBI,PUBLIC MISSION,Primary,,
3,2554,COMMUNITY MODEL PRIMARY SCHOOL AKABOR-OJOTO,PUBLIC MISSION,Primary,,
16,2555,MBARAKPARA PRIMARY SCHOOL IHIALA,PUBLIC MISSION,Primary,,
16,2556,"URBAN PRIMARY SCHOOL, IHIALA",PUBLIC MISSION,Primary,,
16,2557,ODOATA CENTRAL SCH. IHIALA,PUBLIC MISSION,Primary,,
16,2558,OBODOAWA COMM. SCH. IHIALA,PUBLIC,Primary,,
16,2559,"NDIEZIKE PRIMARY SCHOOL, IHIALA",PUBLIC,Primary,,
16,2560,EZIANA COMM. SCH. 1 IHIALA,PUBLIC,Primary,,
16,2561,UMUNNAMEHI COMM. SCH. IHIALA,PUBLIC,Primary,,
16,2562,"UMUDIMOGO PRIMARY SCHOOL, IHIALA",PUBLIC,Primary,,
16,2563,UZOAKWA CENTRAL SCH. IHIALA,PUBLIC,Primary,,
16,2564,UZOAKWA  COMM. SCH. IHIALA,PUBLIC MISSION,Primary,,
16,2565,UZOAKWA PRIMARY SCHOOL IHIALA,PUBLIC MISSION,Primary,,
16,2566,OKOHIA COMM. SCH. IHIALA,PUBLIC MISSION,Primary,,
16,2567,UMUABANIKE PRIMARY SCHOOL. IHILA,PUBLIC MISSION,Primary,,
16,2568,IHITE CENTRAL SCH.,PUBLIC MISSION,Primary,,
16,2569,UMUDALA COMM.PRI SCH. IHIALA,PUBLIC MISSION,Primary,,
16,2570,IHITE COMM. PRIMARY SCHOOL IHIALA,PUBLIC MISSION,Primary,,
16,2571,UMUEZE COMM. PRIMARY SCHOOL IHIALA,PUBLIC MISSION,Primary,,
16,2572,UBAHUEKWEM CENT. SCH. IHIALA,PUBLIC MISSION,Primary,,
16,2573,UBAHUEKWEM COMM. SCH.  IHIALA,PUBLIC MISSION,Primary,,
16,2574,UBAHUEKWEM PRIMARY SCHOOL IHIALA,PUBLIC MISSION,Primary,,
16,2575,AFORIGWE PRIMARY SCHOOL IHIALA,PUBLIC MISSION,Primary,,
16,2576,AKWA COMM. CSH. IHIALA,PUBLIC MISSION,Primary,,
16,2577,UMUEZEAWALA C/C IHIALA,PUBLIC MISSION,Primary,,
16,2578,IHUDIM PRIMARY SCHOOL IHIALA,PUBLIC MISSION,Primary,,
16,2579,OGBOLO PRIM. SCH. IHIALA,PUBLIC MISSION,Primary,,
16,2580,OKIJA CENTRAL SCH. OKIJA,PUBLIC MISSION,Primary,,
16,2581,COMM. PILOT SCH. OKIJA,PUBLIC MISSION,Primary,,
16,2582,ETITI-UBANU PRIMARY SCHOOLCH. OKIJA,PUBLIC MISSION,Primary,,
16,2583,UMUAKPOROM COMM. PRIMARY SCHOOL OKIJA,PUBLIC MISSION,Primary,,
16,2584,OGBENABO CENT. SCH. OKIJA,PUBLIC MISSION,Primary,,
16,2585,IGWUGWUABO COMM. SCH. OKIJA,PUBLIC MISSION,Primary,,
16,2586,OGHALEGBU PRIMARY SCHOOL OKIJA,PUBLIC,Primary,,
16,2587,URUOBO COMM. SCH. OKIJA,PUBLIC MISSION,Primary,,
16,2588,UMUATUGWU PRIMARY SCHOOL OKIJA,PUBLIC,Primary,,
16,2589,UBAHUMONUM COMM. PRIMARY SCHOOL OKIJA,PUBLIC MISSION,Primary,,
16,2590,UBAHUMONUM PRIMARY SCHOOL OKIJA,PUBLIC MISSION,Primary,,
16,2591,IHITE CENTRAL SCH. OKIJA,PUBLIC MISSION,Primary,,
16,2592,ISIEKE PRIMARY SCHOOL OKIJA,PUBLIC MISSION,Primary,,
16,2593,UBAHUDARA CENTRAL SCH,PUBLIC MISSION,Primary,,
16,2594,UMUOHI CENTRAL SCH. OKIJA,PUBLIC MISSION,Primary,,
16,2595,,PUBLIC,Primary,,
16,2596,EZIEKE PRIMARY SCHOOL OKIJA,PUBLIC MISSION,Primary,,
16,2597,CENTRAL SCH. UHAHU. OKIJA,PUBLIC MISSION,Primary,,
16,2598,ULI CENTRAL SCH. ULI,PUBLIC MISSION,Primary,,
16,2599,ULI COMM. SCH. ULI,PUBLIC,Primary,,
16,2600,UMUAKU COMM. SCH. ULI,PUBLIC MISSION,Primary,,
16,2601,COMM. SCH. UMUANORO ULI,PUBLIC,Primary,,
16,2602,NDIEGUNGWU COMM. SCH. ULI,PUBLIC MISSION,Primary,,
16,2603,COMM. SCH. UMUOMA ULI,PUBLIC MISSION,Primary,,
16,2604,ALUORA COMM. SCH. ULI,PUBLIC MISSION,Primary,,
16,2605,UBAHUDARA COMM. SCH. ULI,PUBLIC MISSION,Primary,,
16,2606,AMAPUTU COMM. SCH. ULI,PUBLIC MISSION,Primary,,
16,2607,EZIAMA COMM. SCH. ULI,PUBLIC MISSION,Primary,,
16,2608,UMUAGUCHI PRIMARY SCHOOL ULI,PUBLIC MISSION,Primary,,
16,2609,NDIAKBA COMM. SCH. ULI,PUBLIC MISSION,Primary,,
16,2610,COM. PRIMARY SCHOOL AMORKA,PUBLIC MISSION,Primary,,
16,2611,AMORKA TOWN SCH. AMORKA,PUBLIC MISSION,Primary,,
16,2612,"IHITE PRIMARY SCHOOL UMUBAZU, ULI",PUBLIC MISSION,Primary,,
16,2613,NWANEDO/IHE COMM. PRIMARY SCHOOL ULI,PUBLIC MISSION,Primary,,
16,2614,UMUCHIMA PRIMARY SCHOOL ULI,PUBLIC MISSION,Primary,,
16,2615,NDIUMERAKU PRIMARY SCHOOL ULI,PUBLIC MISSION,Primary,,
16,2616,UMUANURUGWO PRIMARY SCHOOL ULI,PUBLIC MISSION,Primary,,
16,2617,OKWUOHIA PRIMARY SCHOOL SCH. AMAMPUTU,PUBLIC MISSION,Primary,,
16,2618,OBILAKABA PIONEER SCH.ULI,PUBLIC MISSION,Primary,,
16,2619,UMUEZIKE PROG. PRIMARY SCHOOL ULI,PUBLIC MISSION,Primary,,
16,2620,UNITY PRI. SCH. NDIAKABA,PUBLIC MISSION,Primary,,
16,2621,OBOM COMM. SCH. AZIA,PUBLIC MISSION,Primary,,
16,2622,AZIA CENTRAL SCH. AZIA,PUBLIC MISSION,Primary,,
16,2623,AZIA PRI. AZIA,PUBLIC MISSION,Primary,,
16,2624,AZIZ COMM. PRI. SCH. AZIA,PUBLIC MISSION,Primary,,
16,2625,MBOSI CENT. SCH.MBOSI,PUBLIC MISSION,Primary,,
16,2626,MBOSI COMM. SCH. MBOSI,PUBLIC MISSION,Primary,,
16,2627,MBOSI PRI. MBOSI,PUBLIC,Primary,,
16,2628,ISSEKE CENT. SCH. ISSEKE,PUBLIC,Primary,,
16,2629,AMUDO/UMUEZE PRIMARY SCHOOL ISSEKE,PUBLIC MISSION,Primary,,
16,2630,COMM. SCH. ISSEKE,PUBLIC MISSION,Primary,,
16,2631,IHITE PRI. SCH. ISSEKE,PUBLIC MISSION,Primary,,
16,2632,COMM. SCH. ORSUMOGHU,PUBLIC MISSION,Primary,,
16,2633,COMM. CENT. ORSUMOGHU,PUBLIC MISSION,Primary,,
16,2634,COMM. PRI. ORSUMOGHU,PUBLIC MISSION,Primary,,
16,2635,ORSUMOGHU PRI.SCH. ORSUMOGHU,PUBLIC,Primary,,
16,2636,LILU CENT. SCH. LILU,PUBLIC,Primary,,
16,2637,LILU PRIMARY SCHOOL LILU,PUBLIC MISSION,Primary,,
16,2638,UKWUNGWU COMM. SCH. LILU,PUBLIC MISSION,Primary,,
16,2639,COMM. SCH. LILU,PUBLIC MISSION,Primary,,
16,2640,"COMM. PRIMARY SCHOOL, UBULUISIUZOR",PUBLIC MISSION,Primary,,
16,2641,AZIZ TOWN SCH. AZIA,PUBLIC,Primary,,
16,2642,OGWUMABIRI PRIMARY SCHOOL LILU,PUBLIC,Primary,,
16,2643,AKWA PRIMARY SCHOOL IHIALA,PUBLIC MISSION,Primary,,
16,2644,UNITY PRIMARY SCHOOL AMAOKA,PUBLIC MISSION,Primary,,
16,2645,UBAHA COMM. PRIMARY SCHOOL Isseke,PUBLIC MISSION,Primary,,
16,2646,EZIANI COMM. SCH II IHIALA,PUBLIC MISSION,Primary,,
16,2647,EDEKE PRIMARY SCHOOL ISEKE,PUBLIC MISSION,Primary,,
16,2648,ADOGBE MFS OKIJA,PUBLIC MISSION,Primary,,
16,2649,OBIOKPU PRIMARY SCHOOL AMAOKA,PUBLIC MISSION,Primary,,
11,2650,AKPU ABAGANA PRIMARY SCHOOL ABAGANA,PUBLIC MISSION,Primary,,
11,2651,CENTRAL SCHOOL ABAGANA,PUBLIC MISSION,Primary,,
11,2652,COMMUNITY  OFENOCHI ABAGANA,PUBLIC,Primary,,
11,2653,EPUPE PRIMARY SCHOOL  ABAGANA,PUBLIC,Primary,,
11,2654,HILL - TOP PRIMARY SCHOOL   ABAGANA,PUBLIC MISSION,Primary,,
11,2655,IGWEBUIKE PRIMARY  SCHOOL ABAGANA,PUBLIC,Primary,,
11,2656,OZALLA PRIMARY  SCHOOL  ABAGANA,PUBLIC MISSION,Primary,,
11,2657,UDOEKE PRIMARY SCHOOL   ABAGANA,PUBLIC,Primary,,
11,2658,CENTARL SCHOOL  ABBA,PUBLIC,Primary,,
11,2659,CHIBUZOR PRIMARY SCHOOL  ABBA,PUBLIC MISSION,Primary,,
11,2660,COMMUNITY PRIMARY  SCHOOL  ABBA,PUBLIC MISSION,Primary,,
11,2661,UNIVERSAL PRIMARY  EDUCATION  SCHOOL ABBA,PUBLIC MISSION,Primary,,
11,2662,ANADIMMA PRIMARY SCHOOL   ENUGWU-AGIDI,PUBLIC MISSION,Primary,,
11,2663,COMMUNITY PRIMARY  SCHOOL  ENUGWU- AGIDI,PUBLIC MISSION,Primary,,
11,2664,OBIOMA PRIMARY SCHOOL  ENUGWU-AGIDI,PUBLIC MISSION,Primary,,
11,2665,OGANIRU PRIMARY SCHOOL  ENUGWU-AGIDI,PUBLIC,Primary,,
11,2666,UDOKA PRIMARY  SCHOOL  ENUGWU AGIDI,PUBLIC MISSION,Primary,,
11,2667,ABOMIMI PRIMARY SCHOOL  ENUGWU- UKWU,PUBLIC MISSION,Primary,,
11,2668,ARINZE PRIMARY SCHOOL ENUGWU- UKWU,PUBLIC,Primary,,
11,2669,COMMUNITY PRIMARY SCHOOL ENUGWU-UKWU,PUBLIC MISSION,Primary,,
11,2670,EBETETE PRIMARY SCHOOL  ENUGWU-UKWU,PUBLIC,Primary,,
11,2671,ORABUIKE CENTRAL SCHOOL  ENUGWU-UKWU,PUBLIC,Primary,,
11,2672,OSILI COMMUNITY SCHOOL ENUGWU-UKWU,PUBLIC MISSION,Primary,,
11,2673,URUEKWO PRIMARY SCHOOL   ENUGWU-UKWU,PUBLIC MISSION,Primary,,
11,2674,URUNNEBO PRIMARY SCHOOL ENUGWU-UKWU,PUBLIC MISSION,Primary,,
11,2675,OJOKO MEMORIAL SCHOOL   NAWFIA,PUBLIC,Primary,,
11,2676,OKAGBUE MEMORIAL SCHOOL NAWFIA,PUBLIC MISSION,Primary,,
11,2677,URUOJI PRIMARY SCHOOL  NIMO,PUBLIC MISSION,Primary,,
11,2678,AWATOR PRIMARY SCHOOL   NIMO,PUBLIC MISSION,Primary,,
11,2679,CENTRAL SCHOOL  NIMO,PUBLIC,Primary,,
11,2680,EGBENGWU PRIMARY SCHOOL  NIMO,PUBLIC MISSION,Primary,,
11,2681,EZIRA PRIMARY SCHOOL   NIMO,PUBLIC MISSION,Primary,,
11,2682,IFITE-ANI  PRIMARY SCHOOL    NIMO,PUBLIC,Primary,,
11,2683,IFITE- ENU PRIMARY SCHOOL    NIMO,PUBLIC MISSION,Primary,,
11,2684,UGWUOYE  PRIMARY SCHOOL   NIMO,PUBLIC MISSION,Primary,,
11,2685,URUEGBE PRIMARY SCHOOL   NIMO,PUBLIC MISSION,Primary,,
11,2686,NOMADIC SCHOOL,PUBLIC MISSION,Primary,,
11,2687,MIGRANT FARMERS SCHOOL  ENUGWU AGIDI,PUBLIC MISSION,Primary,,
10,2688,ABUBO CENTRAL SCHOOLCH NNEWICHI,PUBLIC MISSION,Primary,,
10,2689,NNEWICHI CENTRAL SCHOOLCH NNEWICHI,PUBLIC MISSION,Primary,,
10,2690,OBIOFIA CENTRAL SCHOOLCH NNEWICHI,PUBLIC,Primary,,
10,2691,OBIOFIA COMM/SCH NNEWICHI,PUBLIC MISSION,Primary,,
10,2692,ODIDA CENTRAL SCHOOLCH NNEWICHI,PUBLIC MISSION,Primary,,
10,2693,OKWUANI CENTRAL SCHOOLCH NNEWICHI,PUBLIC MISSION,Primary,,
10,2694,AKWUDO CENTRAL SCHOOLCH NNEWICHI,PUBLIC MISSION,Primary,,
10,2695,AKWUUNWEKE DIGBO CENTRAL SCHOOLCH OTOLO,PUBLIC,Primary,,
10,2696,EBONATO NSUNANA CENTRAL SCHOOLCH OTOLO,PUBLIC,Primary,,
10,2697,EBONATO  CENTRAL SCHOOLCH OTOLO,PUBLIC MISSION,Primary,,
10,2698,ENEM COM SCH OTOLO,PUBLIC MISSION,Primary,,
10,2699,EZEKWUBO CENTRAL SCHOOLCH OTOLO,PUBLIC MISSION,Primary,,
10,2700,OBIOFIA UMUENEM CENTRAL SCHOOLCH OTOLO,PUBLIC MISSION,Primary,,
10,2701,NDIAKWU COMM PRI SCH OTOLO,PUBLIC MISSION,Primary,,
10,2702,MODEL PRI SCH NNEWI,PUBLIC MISSION,Primary,,
10,2703,OGBE CENTRAL SCHOOLCH OTOLO,PUBLIC MISSION,Primary,,
10,2704,OKOFIA CENTRAL SCHOOLCH OTOLO,PUBLIC MISSION,Primary,,
10,2705,OKOFIA COMM/PRI SCH OTOLO,PUBLIC MISSION,Primary,,
10,2706,URBAN PRI SCH OKWUANI,PUBLIC MISSION,Primary,,
10,2707,UZOEGBO/OBIUNO PRI SCH OTOLO,PUBLIC MISSION,Primary,,
10,2708,AKAMILI CENTRAL SCHOOLCH HILL UMUDIM,PUBLIC,Primary,,
10,2709,AKAMILI CENTRAL SCHOOLCH AGBO UMUDIM,PUBLIC MISSION,Primary,,
10,2710,INYABA CENTRAL SCHOOLCH UMUDIM,PUBLIC MISSION,Primary,,
10,2711,INYABA COMM/SCH UMUDIM,PUBLIC MISSION,Primary,,
10,2712,OLIE URU CENTRAL SCHOOLCH UMUDIM,PUBLIC MISSION,Primary,,
10,2713,TOWNSHIP SCH URU UMUDIM,PUBLIC MISSION,Primary,,
10,2714,UMUDIM CENTRAL SCHOOL,PUBLIC MISSION,Primary,,
10,2715,UMUDINKW COMM/PRI SCH UMUDIM,PUBLIC,Primary,,
10,2716,"UMUEZEAGU COMMUNITY SCHOOL, URUAGU",PUBLIC,Primary,,
10,2717,UMUNNEALAM PRI SCH UMUDIM,PUBLIC MISSION,Primary,,
10,2718,URBAN PRI SCH UMUDIM,PUBLIC MISSION,Primary,,
10,2719,AKABOUKWU PRI SCH URUAGU,PUBLIC MISSION,Primary,,
10,2720,AKABOEZEM COM/PRI SCH URUAGU,PUBLIC MISSION,Primary,,
10,2721,AKWUEGBO CENTRAL SCHOOLCH URUAGU,PUBLIC MISSION,Primary,,
10,2722,COMMUNITY SCHOOL URUAGU,PUBLIC MISSION,Primary,,
10,2723,EDOJI CENTRAL SCHOOLCHOOL URUAGU,PUBLIC MISSION,Primary,,
10,2724,EDOJI PRI SCHOOL URUAGU,PUBLIC MISSION,Primary,,
10,2725,NWAFOR URUAGU CENTRAL SCHOOLCH URUAGU,PUBLIC MISSION,Primary,,
10,2726,OKPUNOEZE CENTRAL SCHOOLCH URUAGU,PUBLIC MISSION,Primary,,
10,2727,UMUEZENA CENTRAL SCHOOL UMUDIM,PUBLIC,Primary,,
10,2728,URUAGU CENTRAL  SCH URUAGU,PUBLIC MISSION,Primary,,
10,2729,URBAN PRIMARY SCHOOL URUAGU,PUBLIC MISSION,Primary,,
10,2730,AGBOEDO MRKT SCHOOL NNEWI,PUBLIC MISSION,Primary,,
10,2731,MIGRANT FARMERS SCH AKAMILI UMUDIM,PUBLIC MISSION,Primary,,
10,2732,MIGRANT FARMERS SCH EDOJI URUAGU,PUBLIC MISSION,Primary,,
10,2733,MIGRANT FARMERS SCH OBIOFIA UMUENEM OTOLO,PUBLIC MISSION,Primary,,
10,2734,EBELE-OGO COM/PRI SCH UMUDIM,PUBLIC MISSION,Primary,,
10,2735,ST SIMON PRI UMUDIMKWA UMUDIM NNEWI,PUBLIC MISSION,Primary,,
4,2736,AKWAIHEDI CENT SCH AWKAIHEDI,PUBLIC,Primary,,
4,2737,COMMUNITY PRIMARY SCHOOL  AKWUIHEDI,PUBLIC MISSION,Primary,,
4,2738,AFUBE CENTRAL  SCHOOL AMICHI,PUBLIC,Primary,,
4,2739,AMICHI CENTRAL SCHOOL AMICHI,PUBLIC,Primary,,
4,2740,AMICHI COMMUNITY CENTRAL  AMICHI,PUBLIC,Primary,,
4,2741,EZIAMA CENTRAL SCHOOL AMICHI,PUBLIC,Primary,,
4,2742,EZIAMA COMMUNITY CENTRAL  AMICHI,PUBLIC,Primary,,
4,2743,ISEKE NDIDA CENTRAL SCHOOL  AMICHI,PUBLIC,Primary,,
4,2744,UNITY PRIMARY SCHOOL AMICHI,PUBLIC MISSION,Primary,,
4,2745,URUAGU AMICHI CENTRAL SCHOOL  AMICHI,PUBLIC,Primary,,
4,2746,AZIGBO CENTRAL SCHOOL AZIGBO,PUBLIC MISSION,Primary,,
4,2747,COMM PRI/SCH AZIGBO,PUBLIC MISSION,Primary,,
4,2748,EBENATOR CEN/ SCH EBENATOR,PUBLIC MISSION,Primary,,
4,2749,COMM PRIMARY SCHOOL EBENATOR,PUBLIC,Primary,,
4,2750,EKWULUMILI CENTRAL SCHOOL  EKULUMILI,PUBLIC MISSION,Primary,,
4,2751,EKWULUMILI /UNUBI CENTRAL SCHOOL,PUBLIC MISSION,Primary,,
4,2752,EKWUMILI COMMUNITY  SCHOOL  EKWULUMILI,PUBLIC MISSION,Primary,,
4,2753,ISIENYI COMM  PRI/ SCH  EKWULUMILI,PUBLIC MISSION,Primary,,
4,2754,UNITY PRIMARY SCHOOL   EKWUMILI,PUBLIC,Primary,,
4,2755,OWELLENGWU PRIMARY SCHOOL  EZINIFITE,PUBLIC MISSION,Primary,,
4,2756,AWOR PRIMARY SCHOOL EZINIFITE,PUBLIC MISSION,Primary,,
4,2757,COMM. PRIMARY SCHOOL. EZINIFITE,PUBLIC MISSION,Primary,,
4,2758,OYEAKPU PRIMARY SCHOOL. EZINIFITE,PUBLIC,Primary,,
4,2759,OGBODI CENTRAL  PRIMARY SCH  AMICHI,PUBLIC MISSION,Primary,,
4,2760,EZINIFITE CENTRAL SCHOOL EZINIFITE,PUBLIC MISSION,Primary,,
4,2761,OMAIGWE CENTRAL SCHOOL  OSUMENYI,PUBLIC,Primary,,
4,2762,OSUMENYI CENTRAL SCHOOL  OSUMUMENYI,PUBLIC MISSION,Primary,,
4,2763,OMAIGWE COMMUNITY  SCHOOL OSUMENYI,PUBLIC,Primary,,
4,2764,OSUMENYI  COMMUNITY SCHOOL OSUMENYI,PUBLIC,Primary,,
4,2765,AKWUEBE PRIMARY SCHOOL. UKPOR,PUBLIC MISSION,Primary,,
4,2766,AMAKOM CENTRAL SCHOOL . UKPOR,PUBLIC MISSION,Primary,,
4,2767,AMIHE CENTRAL SCHOOL UKPOR,PUBLIC MISSION,Primary,,
4,2768,UMUDARA COMMMUNITY PRIMARY UKPOR,PUBLIC,Primary,,
4,2769,EBE COMMUNITY PRIMARY .UKPOR,PUBLIC,Primary,,
4,2770,EZENGWU/DIJI COMMUNITY PRIMARY SCHOOL UKPOR,PUBLIC MISSION,Primary,,
4,2771,MPUTU CENTRAL SCHOOL UKPOR,PUBLIC,Primary,,
4,2772,COMMUNITY  CENTRAL SCH NDEDE UKPOR,PUBLIC,Primary,,
4,2773,OHINELEKE CENTRAL SCHOOL  UKPOR,PUBLIC MISSION,Primary,,
4,2774,UBOMA COMMUNITY  PRIMARY SCHOOL  UKPOR,PUBLIC MISSION,Primary,,
4,2775,"UMUARABA CENTRAL SCHOOL, UKPOR",PUBLIC MISSION,Primary,,
4,2776,"UMUARABA COMMUNITY PRIMARY SCHOOL, UKPOR",PUBLIC MISSION,Primary,,
4,2777,UMUDIKE COMMUNITY PRIMARY SCHOOL. UKPOR,PUBLIC MISSION,Primary,,
4,2778,UMUOHAMA COMMUNITY PRIMARY SCHOOL UKPOR,PUBLIC,Primary,,
4,2779,UMUNUKO CENTRAL . PRIMARY SCHOOL UKPOR,PUBLIC,Primary,,
4,2780,"UMUHU COMMUNITY PRIMARY SCHOOL, UKPOR",PUBLIC MISSION,Primary,,
4,2781,UMUNUKO COMMUNITY PRIMARY SCHOOL UKPOR,PUBLIC MISSION,Primary,,
4,2782,UMUIKE COMMUNITY PRIMARY SCH UKPOR,PUBLIC MISSION,Primary,,
4,2783,UNITY PRIMARY SCHOOL UKPOR,PUBLIC MISSION,Primary,,
4,2784,CENTRAL SCHOOL  UKPOR,PUBLIC,Primary,,
4,2785,"UNITY PRIMARY SCHOOL, UNUBI",PUBLIC,Primary,,
4,2786,CENTRAL SCHOOL. UNUBI,PUBLIC,Primary,,
4,2787,UNUBI COMMUNITY  PRIMARY SCHOOL UNUBI,PUBLIC MISSION,Primary,,
4,2788,EZIOJUKWU CENTRAL PRIMARY SCHOOL UTUH,PUBLIC MISSION,Primary,,
4,2789,OMAEBO CENTRAL PRIMARY SCHOOL. UTUH,PUBLIC MISSION,Primary,,
4,2790,UTUH CENTRAL PRIMARY SCHOOL UTUH,PUBLIC MISSION,Primary,,
4,2791,OSIGBU COMMUNNITY PRIMARY SCHOOL  UKPOR,PUBLIC,Primary,,
4,2792,"AKALA COMMUNITY PRIMARY SCHOOL, EZINIFITE",PUBLIC MISSION,Primary,,
4,2793,UMUDIALA COMMUNITY PRIMARY SCHOOL.EZINIFITE,PUBLIC MISSION,Primary,,
4,2794,"UMUDIJI COMMUNITY PRIMARYSCHOOL , UKPOR",PUBLIC MISSION,Primary,,
4,2795,"UMEJIAKU MIGRANT FARMERS SCHOOL, UKPOR",PUBLIC MISSION,Primary,,
4,2796,"UMUHU MIGRANT FARMERS SCHOOL, UKPOR",PUBLIC MISSION,Primary,,
4,2797,"UGWUOCHI MIGRANT FARMERS SCHOOL, AMICHI",PUBLIC MISSION,Primary,,
4,2798,"UNITY PRIMARY SCHOOL, UMUHU UKPOR",PUBLIC MISSION,Primary,,
19,2799,COMMUNITY PRIMARY SCHOOL 1 IYIOWA,PUBLIC MISSION,Primary,,
19,2800,CENTRRAL SCHOOL ODEKPE,PUBLIC MISSION,Primary,,
19,2801,COMMUNITY PRIMARY SCHOOL OHITA,PUBLIC,Primary,,
19,2802,CENTRAL SCHOOL ATANI,PUBLIC,Primary,,
19,2803,URBAN SCHOOL ATANI,PUBLIC MISSION,Primary,,
19,2804,CENTRAL SCHOOL AKILI-OZIZOR,PUBLIC,Primary,,
19,2805,CENTRAL SCHOOL OCHUCHE UMUODU,PUBLIC,Primary,,
19,2806,COMMUNITY PRIMART SCHOOL OGBAKUBA,PUBLIC,Primary,,
19,2807,COMMUNITY PRIMARY SCHOOL UMUNANKWO,PUBLIC MISSION,Primary,,
19,2808,OSSOMALA PRIMARY SCHOOL OSSOMALA,PUBLIC MISSION,Primary,,
19,2809,PRIMARY SCHOOL OBEAGWE I,PUBLIC MISSION,Primary,,
19,2810,COMMUNITY PRIMARY SCHOOL AKILI-OGIDI,PUBLIC MISSION,Primary,,
19,2811,KING SCHOOL OGWU-IKPELE,PUBLIC MISSION,Primary,,
19,2812,COMMUNITY PRIMARY SCHOOL AMIYI,PUBLIC MISSION,Primary,,
19,2813,COMMUNITY PRIMARY SCHOOL UMUZU,PUBLIC MISSION,Primary,,
19,2814,COMMUNITY PRIMARY SCHOOL OBENE,PUBLIC MISSION,Primary,,
19,2815,COMMUNITY PRIMARY SCHOOL MPUTU,PUBLIC MISSION,Primary,,
19,2816,COMMUNITY PRIMARY SCHOOL OGWU-ANIOCHA,PUBLIC MISSION,Primary,,
19,2817,COMMUNITY PRIMARY SCHOOL OKPOLODUM,PUBLIC MISSION,Primary,,
19,2818,LAKE CITY PRIMARY SCHOOL OGWU-USHAM,PUBLIC MISSION,Primary,,
19,2819,ISLAND PRIMARY SCHOOL OBANWAGU,PUBLIC MISSION,Primary,,
19,2820,COMMUNITY PRIMARY SCHOOL ABO ATANI,PUBLIC MISSION,Primary,,
19,2821,COMMUNITY PRIMARY SCHOOL AKPANAM,PUBLIC MISSION,Primary,,
19,2822,COMMUNITY PRIMARY SCHOOL OBEAGWE-UMUEZE,PUBLIC MISSION,Primary,,
19,2823,NIGER PRIMARY SCHOOL OBIKERE,PUBLIC MISSION,Primary,,
19,2824,COMMUNITY PRIMARY SCHOOL UTU-OWOM,PUBLIC MISSION,Primary,,
19,2825,INYALA PRIMARY SCHOOL AGWE-OLEKE,PUBLIC MISSION,Primary,,
19,2826,COMMUNITY PRIMARY SCHOOL II  IYIOWA,PUBLIC MISSION,Primary,,
19,2827,OKPOKO COMMUNITY PRIMARY SCHOOL I,PUBLIC MISSION,Primary,,
19,2828,OKPOKO COMMUNITY PRIMARY SCHOOL II,PUBLIC,Primary,,
19,2829,OKPOKO COMMUNITY PRIMARY SCHOL III,PUBLIC MISSION,Primary,,
19,2830,OKPOKO COMMUNITY PRIMARY SCHOOL IV,PUBLIC MISSION,Primary,,
19,2831,OKPOKO COMMUNTY PRIMARY SCHOOL V,PUBLIC,Primary,,
19,2832,OKPOKO COMMUNITY PRIMARY SCHOOL VI,PUBLIC,Primary,,
19,2833,OTUMOYE PRIMARY SCHOOL I,PUBLIC,Primary,,
19,2834,OKPOKO COMMUNITY PRIMARY SCHOOL VII,PUBLIC,Primary,,
19,2835,OKPOKO COMMUNITY PRIMARY SCHOOL VIII,PUBLIC MISSION,Primary,,
19,2836,OKPOKO COMMUNITY PRIMARY SCHOOL IX,PUBLIC,Primary,,
19,2837,OKPOKO COMMUNITY PRIMARY SCHOOL X,PUBLIC,Primary,,
19,2838,ODO-RUBBER PRIMARY SCHOOL IYIOWA ODEKPE,PUBLIC,Primary,,
19,2839,UNITY PRIMARY SCHOOL UGWU-ANIOCHA,PUBLIC,Primary,,
19,2840,OKPOKO COMMUNITY PRIMARY SCHOOL XI,PUBLIC,Primary,,
19,2841,OKPOKO COMMUNITY PRIMARY SCHOOL XII,PUBLIC,Primary,,
19,2842,OKPOKO COMMUNITY PRIMARY SCHOOL XIII,PUBLIC,Primary,,
19,2843,OKPOKO COMMUNITY PRIMARY SCHOOL XIV,PUBLIC,Primary,,
19,2844,OTUMOYE PRIMARY SCHOOL III,PUBLIC,Primary,,
19,2845,COMMUNITY PRIMARY SCHOOL III IYIOWA,PUBLIC,Primary,,
19,2846,MIGRANT FISHERMEN SCHOOL OSE-OGWUGWU,PUBLIC,Primary,,
19,2847,MIGRANT FISHERMEN SCHOOL ONOLOFULU,PUBLIC,Primary,,
19,2848,MIGRANT FISHERMEN SCHOOL ONYUU,PUBLIC,Primary,,
19,2849,MIGRANT FISHERMEN SCHOOL OBIKWERE,PUBLIC,Primary,,
19,2850,MIGRANT FISHERMEN SCHOOL OBANWAGU,PUBLIC,Primary,,
19,2851,MIGRANT FISHERMEN SCHOOL OKPOLODUM,PUBLIC,Primary,,
19,2852,MIGRANT FISHERMEN SCHOOL UTU-OWOM,PUBLIC,Primary,,
19,2853,MIGRANT FISHERMEN SCHOOL AGWE-EFI,PUBLIC,Primary,,
19,2854,MIGRANT FISHERMEN SCHOOL AGWE-OLEKE,PUBLIC MISSION,Primary,,
19,2855,MIGRANT FISHERMEN SCHOOL IGWAGWA,PUBLIC,Primary,,
19,2856,MIGRANT FISHERMEN SCHOOL ANIEZE-AKILI,PUBLIC,Primary,,
19,2857,NOMADIC PRIMARY SCHOOL KARA CAMP,PUBLIC,Primary,,
19,2858,IDEKE COMMUNITY PRIMARY SCHOOL ODEKPE,PUBLIC,Primary,,
19,2859,UTUAKANTA MIGRANT FISHERMEN SCHOOL OGWU-ANIOCHA,PUBLIC,Primary,,
14,2860,NEW BETHEL PRIMARY SCHOOL,PUBLIC,Primary,,
14,2861,OREZE PRIMARY SCHOOL ONITSHA,PUBLIC,Primary,,
14,2862,IMMACULATA PRIMARY SCHOOL ONITSHA,PUBLIC,Primary,,
14,2863,SANCTA MARIA PRIMARY SCHOOL ONITSHA,PUBLIC,Primary,,
14,2864,HOLY TRINITY PRIMARY SCHOOL ONITSHA,PUBLIC,Primary,,
14,2865,CROWTHER MEM. PRIMARY SCHOOL ONITSHA,PUBLIC,Primary,,
14,2866,ALL SAINTS PRIMARY SCHOOL ONITSHA,PUBLIC,Primary,,
14,2867,EZECHIMA PRIMARY SCHOOL ONITSHA,PUBLIC,Primary,,
14,2868,OGBOLI PRIMARY SCHOOL ONITSHA,PUBLIC,Primary,,
14,2869,ARMY CHILDREN PRIMARY SCHOOL ONITSHA,PUBLIC,Primary,,
14,2870,ANYAEGBUNAM MEM. PRIMARY SCHOOL,PUBLIC MISSION,Primary,,
14,2871,OBI OKOSI PRIMARY SCHOOL ONITSHA,PUBLIC MISSION,Primary,,
14,2872,NWORA UMUNNA MEM PRIMARY SCHOOL,PUBLIC MISSION,Primary,,
14,2873,OREZE PRIMARY SCHOOL 2,PUBLIC MISSION,Primary,,
14,2874,WOLIWO PRIMARY SCHOOL I,PUBLIC MISSION,Primary,,
14,2875,WOLIWO PRIMARY SCHOOL 2,PUBLIC,Primary,,
14,2876,IMMACULATA PRIMARY SCHOOL II ONITSHA,PUBLIC MISSION,Primary,,
14,2877,OMUNWAEGBOKA PRIMARY SCHOOL,PUBLIC MISSION,Primary,,
14,2878,ARMY CHILDREN PRIMARY SCHOOL 2,PUBLIC MISSION,Primary,,
14,2879,OMAGBA PRIMARY SCHOOL 1,PUBLIC,Primary,,
14,2880,OMAGBA PRIMARY SCHOOL 2,PUBLIC MISSION,Primary,,
14,2881,AKPAKA COMMUNITY PRIMARY SCHOOL,PUBLIC MISSION,Primary,,
14,2882,ST. MARY'S PRIMARY SCHOOL,PUBLIC MISSION,Primary,,
14,2883,UNICEF EXP. SCHOOL. MAIN MKT,PUBLIC MISSION,Primary,,
14,2884,UNICEF EXP. SCHOOL. OSE,PUBLIC,Primary,,
14,2885,MIGRANT FISHERMEN PRIMARY SCHOOL,PUBLIC,Primary,,
1,2886,AGAI PRIMARY SCHOOL 1. FEGGE,PUBLIC,Primary,,
1,2887,AGAI PRIMARY SCHOOL 2. FEGGE,PUBLIC,Primary,,
1,2888,ANYOGU PRIMARY SCHOOL 1. FEGGE,PUBLIC,Primary,,
1,2889,ANYOGU PRIMARY SCHOOL 2. FEGGE,PUBLIC,Primary,,
1,2890,CENTRAL PRIMARY SCHOOL. ODOAKPU,PUBLIC,Primary,,
1,2891,COMMUNITY PRIMARY SCHOOL 1. ODOAKPU,PUBLIC,Primary,,
1,2892,COMMUNITY PRIMARY SCHOOL 2.ODOAKPU,PUBLIC MISSION,Primary,,
1,2893,FEGGE COMMUNITY PRIMARY SCHOOL. FEGGE,PUBLIC,Primary,,
1,2894,LAFIAJI PRIMARY SCHOOL  1. FEGGE,PUBLIC,Primary,,
1,2895,LAFIAJI PRIMARY SCHOOL 2. FEGGE,PUBLIC,Primary,,
1,2896,MODEBE PRIMARY SCHOOL. ODOAKPU,PUBLIC,Primary,,
1,2897,NEW MARKET ROAD PRIMARY SCHOOL 1. FEGGE,PUBLIC,Primary,,
1,2898,NEW MARKET ROAD PRIMARY SCHOOL 2. FEGGE,PUBLIC MISSION,Primary,,
1,2899,NIGER PRIMARY SCHOOL . FEGGE,PUBLIC MISSION,Primary,,
1,2900,NIGER CITY PRIMARY SCHOOL 1. FEGGE,PUBLIC MISSION,Primary,,
1,2901,NIGER CITY PRIMARY SCHOOL 2. FEGGE,PUBLIC MISSION,Primary,,
1,2902,NUPE SQUARE PRIMARY SCHOOL. FEGGE,PUBLIC MISSION,Primary,,
1,2903,NWEJE PRIMARY SCHOOL 1. ODOAKPU,PUBLIC MISSION,Primary,,
1,2904,NWEJE PRIMARY SCHOOL 2. ODOAKPU,PUBLIC,Primary,,
1,2905,O'CONNOR PRIMARY SCHOOL 1.ODOAKPU,PUBLIC,Primary,,
1,2906,O'CONNOR PRIMARY SCHOOL 2.ODOAKPU,PUBLIC MISSION,Primary,,
1,2907,ONYEABOR PRIMARY SCHOOL. ODOAKPU,PUBLIC MISSION,Primary,,
1,2908,HOLY ROSARY PRIMARY SCHOOL 1. FEGGEOTUMOYE),PUBLIC MISSION,Primary,,
1,2909,OTUMONYE PRIMARY SCHOOL 2. FEGGE,PUBLIC MISSION,Primary,,
1,2910,PATRICK OKOLO PRIMARY SCHOOL. ODOAKPU,PUBLIC MISSION,Primary,,
1,2911,PIONEER PRIMARY SCHOOL 1. ODOAKPU,PUBLIC MISSION,Primary,,
1,2912,PIONEER PRIMARY SCHOOL 2.ODOAKPU,PUBLIC MISSION,Primary,,
1,2913,SHANAHAM PRIMARY SCHOOL .ODOAKPU,PUBLIC,Primary,,
1,2914,TOWNSHIP PRIMARY SCHOOL. FEGGE,PUBLIC,Primary,,
1,2915,UGBORIMILI PRIMARY SCHOOL 1.FEGGE,PUBLIC MISSION,Primary,,
1,2916,UGBORIMILI PRIMARY SCHOOL 2.FEGGE,PUBLIC MISSION,Primary,,
1,2917,UGBORIMILI PRIMARY SCHOOL 3. FEGGE,PUBLIC MISSION,Primary,,
1,2918,URBAN PRIMARY SCHOOL. FEGGE,PUBLIC MISSION,Primary,,
1,2919,ZIKS AVENUE PRIMARY SCHOOL 1. FEGGE,PUBLIC MISSION,Primary,,
1,2920,ZIKS AVENUE PRIMARY SCHOOL 2. FEGGE,PUBLIC MISSION,Primary,,
1,2921,SPECIAL EDUCATION FOR THE DEAF. ODOAKPU,PUBLIC MISSION,Primary,,
1,2922,ANWAI NOMADIC PRIMARY SCHOOL. FEGGE,PUBLIC MISSION,Primary,,
1,2923,BASDEN NOMADIC PRIMARY SCHOOL. FEGGE,PUBLIC MISSION,Primary,,
1,2924,NON- FORMAL EDUCATION. OCHANJA MARKET ONITSHA,PUBLIC MISSION,Primary,,
1,2925,NON- FORMAL EDUCATION. BRIDGE HEAD 1,PUBLIC,Primary,,
1,2926,NON- FORMAL EDUCATION. BRIDGE HEAD 2,PUBLIC,Primary,,
7,2927,NATIONAL SCHOOL AJALLI,PUBLIC,Primary,,
7,2928,PRIMARY SCHOOL AJALLI,PUBLIC MISSION,Primary,,
7,2929,CENTRAL SCHOOL AMAETITI,PUBLIC,Primary,,
7,2930,COMMUNITY SCHOOL AWA,PUBLIC,Primary,,
7,2931,PRIMARY SCHOOL AWA,PUBLIC MISSION,Primary,,
7,2932,AMUGO SCHOOL AWGBU,PUBLIC,Primary,,
7,2933,CENTRAL SCHOOL AWGBU,PUBLIC,Primary,,
7,2934,COMMUNITY SCHOOL AWGBU,PUBLIC,Primary,,
7,2935,OSIKWU PRIMARY SCHOOL AWGBU,PUBLIC,Primary,,
7,2936,OKPOKORO PRIMARY SCHOOL AWGBU,PUBLIC,Primary,,
7,2937,PRIMARY SCHOOL AWGBU,PUBLIC MISSION,Primary,,
7,2938,UNION SCHOOL AWGBU,PUBLIC,Primary,,
7,2939,COMMUNITY SCHOOL MBATO,PUBLIC MISSION,Primary,,
7,2940,CENTRAL SCHOOL IFITE NANKA,PUBLIC MISSION,Primary,,
7,2941,COMMUNITY SCHOOL AGBILIGBA NANKA,PUBLIC MISSION,Primary,,
7,2942,COMMUNITY SCHOOL AMAKO NANKA,PUBLIC MISSION,Primary,,
7,2943,ISIGWUNWAGU CENTRAL SCHOOL NANKA,PUBLIC MISSION,Primary,,
7,2944,OKPOLONAMBIA COMM. SCHOOL NANKA,PUBLIC MISSION,Primary,,
7,2945,PRIMARY SCHOOL AGBILIGBA NANKA,PUBLIC MISSION,Primary,,
7,2946,PRIMARY SCHOOL ENUGWU NANKA,PUBLIC MISSION,Primary,,
7,2947,PRIMARY SCHOOL NKWOAGU NANKA,PUBLIC MISSION,Primary,,
7,2948,CENTRAL SCHOOL NDIKELIONWU,PUBLIC MISSION,Primary,,
7,2949,COMMUNITY SCHOOL NDIKELIONWU,PUBLIC MISSION,Primary,,
7,2950,PRIMARY SCHOOL NDIKELIONWU,PUBLIC MISSION,Primary,,
7,2951,TOWN SCHOOL ARONOTA NDIKELIONWU,PUBLIC MISSION,Primary,,
7,2952,COMMUNITY SCHOOL NDIOKPLALAEZE CAMPUS2,PUBLIC,Primary,,
7,2953,CENTRAL SCHOOL NDIOKPALAEKE,PUBLIC MISSION,Primary,,
7,2954,CENTRAL SCHOOL NDIOWU,PUBLIC MISSION,Primary,,
7,2955,EASTERN PRIMARY SCHOOL NDIOWU,PUBLIC MISSION,Primary,,
7,2956,CENTRAL SCHOOL OZZU NDIUKWUENU,PUBLIC MISSION,Primary,,
7,2957,COMMUNITY SCHOOL MAMU NDIUKWUENU,PUBLIC MISSION,Primary,,
7,2958,COMMUNITY SCHOOL MKPOGHO/UBANI,PUBLIC MISSION,Primary,,
7,2959,CENTRAL SCHOOL OKO,PUBLIC MISSION,Primary,,
7,2960,COLLEGE PRIMARY OKO,PUBLIC MISSION,Primary,,
7,2961,EZENE SCHOOL OKO,PUBLIC,Primary,,
7,2962,OKOKO PRIMARY SCHOOL OKO,PUBLIC MISSION,Primary,,
7,2963,OKWUTE PRIMARY SCHOOL OKO,PUBLIC MISSION,Primary,,
7,2964,PRIMARY SCHOOL OKO,PUBLIC MISSION,Primary,,
7,2965,CENTRAL SCHOOL OKPEZE,PUBLIC MISSION,Primary,,
7,2966,COMMUNITY SCHOOL OMOGHO,PUBLIC,Primary,,
7,2967,COMMUNITY SCHOOL UFUMA,PUBLIC,Primary,,
7,2968,COMMUNITY SCHOOL  IKENAGU UFUMA,PUBLIC,Primary,,
7,2969,COMMUNITY SCHOOL UMUEJI UFUMA,PUBLIC MISSION,Primary,,
7,2970,COMMUNITY SCHOOL UMUOGEM UFUMA,PUBLIC MISSION,Primary,,
7,2971,COMMUNITY SCHOOL UMUONYIUKA UFUMA,PUBLIC MISSION,Primary,,
7,2972,COMMUNITY SCHOOL UMUONYIBA UFUMA,PUBLIC MISSION,Primary,,
7,2973,PRIMARY SCHOOL UFUMA,PUBLIC MISSION,Primary,,
7,2974,PRIMARY SCHOOL ENUGWUABO UFUMA,PUBLIC,Primary,,
7,2975,PRIMARY SCHOOL UMUAGUOSIBE UFUMA,PUBLIC MISSION,Primary,,
7,2976,PRIMARY SCHOOL UMUONYIUKA UFUMA,PUBLIC MISSION,Primary,,
7,2977,PRIMARY SCHOOL AMAOKPALA,PUBLIC MISSION,Primary,,
7,2978,IGWEBUIKE MIGRANT PRIMARY SCHOOL NDIOKOLO,PUBLIC MISSION,Primary,,
7,2979,COMMUNITY SCHOOL NDIOKPALAEZE CAMPUS 2,PUBLIC,Primary,,
21,2980,Central shool Agbudu,PUBLIC MISSION,Primary,,
21,2981,Comm. School Akpu,PUBLIC MISSION,Primary,,
21,2982,Primary School Akpu,PUBLIC,Primary,,
21,2983,COMMUNITY SCHOOL ENUGU UMUONYIA,PUBLIC MISSION,Primary,,
21,2984,Central Schol Eziagu,PUBLIC MISSION,Primary,,
21,2985,Central Schol Ezira,PUBLIC MISSION,Primary,,
21,2986,Community School Ezira,PUBLIC MISSION,Primary,,
21,2987,Primary School Ezira,PUBLIC,Primary,,
21,2988,Community School Ihite,PUBLIC,Primary,,
21,2989,Primary School Ihite,PUBLIC MISSION,Primary,,
21,2990,Central School Isulo,PUBLIC,Primary,,
21,2991,Primary School Isulo,PUBLIC MISSION,Primary,,
21,2992,Central School Nawfija,PUBLIC,Primary,,
21,2993,Community School Nawfija,PUBLIC MISSION,Primary,,
21,2994,Community School Umuchukwu,PUBLIC MISSION,Primary,,
21,2995,Central School Ogboji,PUBLIC,Primary,,
21,2996,Primary School Ogboji,PUBLIC MISSION,Primary,,
21,2997,Comm. School Ogbunka,PUBLIC,Primary,,
21,2998,Ikpaegbu Central Sch. Ogbunka,PUBLIC MISSION,Primary,,
21,2999,Primary School Umunobe Ogbunka,PUBLIC MISSION,Primary,,
21,3000,Primary School Onneh,PUBLIC MISSION,Primary,,
21,3001,Egbeagu Primary Schocl O/Ezukala,PUBLIC MISSION,Primary,,
21,3002,Ihie Primary sch. Ow/Ezukala,PUBLIC MISSION,Primary,,
21,3003,Okegbe Primary Sch. Ow/Ezukala,PUBLIC MISSION,Primary,,
21,3004,Aladinma Primary Sch. Umunze,PUBLIC,Primary,,
21,3005,Central School Umunze,PUBLIC MISSION,Primary,,
21,3006,Community School Umunze,PUBLIC MISSION,Primary,,
21,3007,Igwebuike Central School Umunze,PUBLIC MISSION,Primary,,
21,3008,lshingwu Primary School Umunze,PUBLIC MISSION,Primary,,
21,3009,Nsogwu School Umunze,PUBLIC MISSION,Primary,,
21,3010,Nwikpa E/S Umunze,PUBLIC,Primary,,
21,3011,Oganiru Primary Sch. Umunze,PUBLIC MISSION,Primary,,
21,3012,Ozara Primary Sch. Umunze,PUBLIC MISSION,Primary,,
21,3013,Primary School Umunze,PUBLIC MISSION,Primary,,
21,3014,Ugwunano Primary Sch. Umunze,PUBLIC MISSION,Primary,,
21,3015,Uragu Primary School Umunze,PUBLIC MISSION,Primary,,
21,3016,central school umuomaku,PUBLIC,Primary,,
21,3017,Community School Umuomaku,PUBLIC MISSION,Primary,,
21,3018,Okwute Primary Sch. Umuomaku,PUBLIC MISSION,Primary,,
21,3019,Basden Memo. Sp. Edu. Centre Isulo,PUBLIC MISSION,Primary,,
21,3020,"MFS UMUOMA/UMUEZEOGBU, NAWFIJA",PUBLIC MISSION,Primary,,
21,3021,MFs Umuawahia Nawfija,PUBLIC MISSION,Primary,,
21,3022,Okpu Primary school Ow/ezukala,PUBLIC MISSION,Primary,,
5,3023,BRIGHT  PRIMARY SCHOOL AWKUZU,PUBLIC MISSION,Primary,,
5,3024,CENTRAL SCHOOL AWKUZU,PUBLIC MISSION,Primary,,
5,3025,CHIRA  MEM. PRIMARY SCHOOL  AWKUZU,PUBLIC MISSION,Primary,,
5,3026,ST. RAPHAEL'S  PRIMARY SCHOOL  AWKUZU,PUBLIC MISSION,Primary,,
5,3027,COMM. PRIMARY SCHOOL UMUDIOKA  AWKUZU,PUBLIC MISSION,Primary,,
5,3028,DEVELOPMENT. PRIMARY SCHOOL AWKUZU,PUBLIC,Primary,,
5,3029,EZEANI MEM. PRIMARY SCHOOL AWKUZU,PUBLIC,Primary,,
5,3030,EZI  PRIMARY SCHOOL  AWKUZU,PUBLIC,Primary,,
5,3031,IGUEDO  PRIMARY SCHOOL AWKUZU,PUBLIC,Primary,,
5,3032,OBINETITI  PRIMARY SCHOOL AWKUZU,PUBLIC MISSION,Primary,,
5,3033,PROGRESS  PRIMARY SCHOOL AWKUZU,PUBLIC MISSION,Primary,,
5,3034,SUCCESS  PRIMARY SCHOOL AWKUZU,PUBLIC MISSION,Primary,,
5,3035,UDOKA  PRIMARY SCHOOL AWKUZU,PUBLIC MISSION,Primary,,
5,3036,COMM. DEVELOPMENT PRIMARY SCHOOL NKWELLE/EZUNAKA,PUBLIC MISSION,Primary,,
5,3037,EZUNAKA  PRIMARY SCHOOL NKWELLE/EZUNAKA,PUBLIC MISSION,Primary,,
5,3038,HILL-TOP  PRIMARY SCHOOL NKWELLE/EZUNAKA,PUBLIC MISSION,Primary,,
5,3039,OGBUNDO  PRIMARY SCHOOL NKWELLE/EZUNAKA,PUBLIC MISSION,Primary,,
5,3040,OYOLU-OZE  PRIMARY SCHOOL  NKWELLE/EZUNAKA,PUBLIC MISSION,Primary,,
5,3041,OZE   PRIMARY SCHOOL  NKWELLE/EZUNAKA,PUBLIC MISSION,Primary,,
5,3042,ACHALLA - AGU  PRIMARY SCHOOL NTEJE,PUBLIC MISSION,Primary,,
5,3043,ACHALLA - UNO   PRIMARY SCHOOL  NTEJE,PUBLIC MISSION,Primary,,
5,3044,CENTRAL   SCHOOL  NTEJE,PUBLIC MISSION,Primary,,
5,3045,COMM. CENTRAL SCHOOL NTEJE,PUBLIC,Primary,,
5,3046,IFITE  PRIMARY SCHOOL NTEJE,PUBLIC MISSION,Primary,,
5,3047,IKENGA  PRIMARY SCHOOL NTEJE,PUBLIC MISSION,Primary,,
5,3048,NATIONAL PRIMARY SCHOOL NTEJE,PUBLIC MISSION,Primary,,
5,3049,STATE PRIMARY SCHOOL NTEJE,PUBLIC,Primary,,
5,3050,UGWUNADAGBE  PRIMARY SCHOOL NTEJE,PUBLIC MISSION,Primary,,
5,3051,UMUNEBO  PRIMARY SCHOOL NTEJE,PUBLIC MISSION,Primary,,
5,3052,COMM. PRIMARY SCHOOL OGBUNIKE,PUBLIC MISSION,Primary,,
5,3053,EKEOLISA   PRIMARY SCHOOL OGBUNIKE,PUBLIC MISSION,Primary,,
5,3054,NKWO  CENTRAL SCHOOL  OGBUNIKE,PUBLIC MISSION,Primary,,
5,3055,OGBAMGBA  CENTRAL SCHOOL OGBUNIKE,PUBLIC MISSION,Primary,,
5,3056,OKOLOMESIKE CENTRAL SCHOOL OGBUNIKE,PUBLIC MISSION,Primary,,
5,3057,OWELLE-UKWU  CENTRAL SCHOOL OGBUNIKE,PUBLIC,Primary,,
5,3058,PRACTISING  SCHOOL OGBUNIKE,PUBLIC MISSION,Primary,,
5,3059,UDO  PRIMARY SCHOOL OGBUNIKE,PUBLIC MISSION,Primary,,
5,3060,AGUOCHA  PRIMARY SCHOOL UMUNYA,PUBLIC MISSION,Primary,,
5,3061,AKANANO  PRIMARY SCHOOL UMUNYA,PUBLIC MISSION,Primary,,
5,3062,UMUNYA  CENTRAL SCHOOL  UMUNYA,PUBLIC MISSION,Primary,,
5,3063,ODUMODU  PRIMARY SCHOOL  UMUNYA,PUBLIC MISSION,Primary,,
5,3064,PROGRESS  PRIMARY SCHOOL. UMUNYA,PUBLIC MISSION,Primary,,
5,3065,AKPAKWU  AMANSI  MIGRANT FARMS  NTEJE,PUBLIC,Primary,,
5,3066,MIGRANT FARMERS SCHOOL UMUNYA,PUBLIC MISSION,Primary,,
5,3067,UMUANUNWA  MIGRANT FARMS  NTEJE,PUBLIC MISSION,Primary,,
5,3068,IFITE   PRIMARY SCHOOL  II   NTEJE,PUBLIC MISSION,Primary,,
